Token indices sequence length is longer than the specified maximum sequence length for this model (2518423 > 131072). Running this sequence through the model will result in indexing errors
Loading model 'Qwen/Qwen3-0.6B-Base'...
Qwen3ForCausalLM(
  (model): Qwen3Model(
    (embed_tokens): Embedding(151936, 1024)
    (layers): ModuleList(
      (0-27): 28 x Qwen3DecoderLayer(
        (self_attn): Qwen3Attention(
          (q_proj): Linear(in_features=1024, out_features=2048, bias=False)
          (k_proj): Linear(in_features=1024, out_features=1024, bias=False)
          (v_proj): Linear(in_features=1024, out_features=1024, bias=False)
          (o_proj): Linear(in_features=2048, out_features=1024, bias=False)
          (q_norm): Qwen3RMSNorm((128,), eps=1e-06)
          (k_norm): Qwen3RMSNorm((128,), eps=1e-06)
        )
        (mlp): Qwen3MLP(
          (gate_proj): Linear(in_features=1024, out_features=3072, bias=False)
          (up_proj): Linear(in_features=1024, out_features=3072, bias=False)
          (down_proj): Linear(in_features=3072, out_features=1024, bias=False)
          (act_fn): SiLUActivation()
        )
        (input_layernorm): Qwen3RMSNorm((1024,), eps=1e-06)
        (post_attention_layernorm): Qwen3RMSNorm((1024,), eps=1e-06)
      )
    )
    (norm): Qwen3RMSNorm((1024,), eps=1e-06)
    (rotary_emb): Qwen3RotaryEmbedding()
  )
  (lm_head): Linear(in_features=1024, out_features=151936, bias=False)
)
Rank calculation: Bits = (1.00), Scales: 2
factorized bpw = 0.9729
Loading model 'Qwen/Qwen3-0.6B-Base'...
Qwen3ForCausalLM(
  (model): Qwen3Model(
    (embed_tokens): Embedding(151936, 1024)
    (layers): ModuleList(
      (0-27): 28 x Qwen3DecoderLayer(
        (self_attn): Qwen3Attention(
          (q_proj): Linear(in_features=1024, out_features=2048, bias=False)
          (k_proj): Linear(in_features=1024, out_features=1024, bias=False)
          (v_proj): Linear(in_features=1024, out_features=1024, bias=False)
          (o_proj): Linear(in_features=2048, out_features=1024, bias=False)
          (q_norm): Qwen3RMSNorm((128,), eps=1e-06)
          (k_norm): Qwen3RMSNorm((128,), eps=1e-06)
        )
        (mlp): Qwen3MLP(
          (gate_proj): Linear(in_features=1024, out_features=3072, bias=False)
          (up_proj): Linear(in_features=1024, out_features=3072, bias=False)
          (down_proj): Linear(in_features=3072, out_features=1024, bias=False)
          (act_fn): SiLUActivation()
        )
        (input_layernorm): Qwen3RMSNorm((1024,), eps=1e-06)
        (post_attention_layernorm): Qwen3RMSNorm((1024,), eps=1e-06)
      )
    )
    (norm): Qwen3RMSNorm((1024,), eps=1e-06)
    (rotary_emb): Qwen3RotaryEmbedding()
  )
  (lm_head): Linear(in_features=1024, out_features=151936, bias=False)
)

Processing dataset: Salesforce/wikitext (config: wikitext-2-raw-v1)
Attempting to generate 128 samples...
Applying special handling for wikitext: concatenating all documents.
Slicing concatenated wikitext:   0%|                                                                                                        | 0/128 [00:00<?, ?it/s]Slicing concatenated wikitext:  37%|██████████████████████████████████▌                                                           | 47/128 [00:00<00:00, 467.86it/s]Slicing concatenated wikitext: 100%|████████████████████████████████████████████████████████████████████████████████████████████| 128/128 [00:00<00:00, 1123.68it/s]

Shuffling the final combined dataset (128 samples)...

Creating Hugging Face Dataset...
Calibration dataloader created with shape: torch.Size([128, 2048])
Loading cached calibration statistics from stats_q06.pt
Applying covariance shrinkage (strength: 0.4)...
Attaching statistics to 196 layers...
Registered i_norm and o_norm buffers to 196 layers
Rank calculation: Bits = (1.00), Scales: 2
Caching initial inputs & kwargs using Catcher...
Capturing inputs...
Initial input caching finished.
Compressing Layers:   0%|                                                                                                                    | 0/28 [00:00<?, ?it/s]Token indices sequence length is longer than the specified maximum sequence length for this model (299078 > 131072). Running this sequence through the model will result in indexing errors
Compressing Layers:   4%|███▊                                                                                                     | 1/28 [03:03<1:22:34, 183.50s/it]	(1/3) Block 1/28, self_attn.q_proj | Tuning Non-Factorized Weights...
		(Epoch 01/08) Block Loss: 0.0000e+00
		(Epoch 02/08) Block Loss: 0.0000e+00
		(Epoch 03/08) Block Loss: 0.0000e+00
		(Epoch 04/08) Block Loss: 0.0000e+00
		(Epoch 05/08) Block Loss: 0.0000e+00
		(Epoch 06/08) Block Loss: 0.0000e+00
		(Epoch 07/08) Block Loss: 0.0000e+00
		(Epoch 08/08) Block Loss: 0.0000e+00
	(2/3) Block 1/28, self_attn.q_proj | Initialization via ADMM...
		ADMM weight recon error: raw=713.6555, norm=0.3379, per_el=3.4030e-04, out_err=0.0322, ADMM time=6.67s
	(3/3) Block 1/28, self_attn.q_proj | Tuning Factorized Weights...
		(Epoch 01/08) Block Loss: 3.0047e-06
		(Epoch 02/08) Block Loss: 2.2416e-06
		(Epoch 03/08) Block Loss: 1.8603e-06
		(Epoch 04/08) Block Loss: 1.6392e-06
		(Epoch 05/08) Block Loss: 1.4979e-06
		(Epoch 06/08) Block Loss: 1.4086e-06
		(Epoch 07/08) Block Loss: 1.3488e-06
		(Epoch 08/08) Block Loss: 1.3108e-06
	(1/3) Block 1/28, self_attn.v_proj | Tuning Non-Factorized Weights...
		(Epoch 01/08) Block Loss: 1.7556e-06
		(Epoch 02/08) Block Loss: 1.2567e-06
		(Epoch 03/08) Block Loss: 9.6398e-07
		(Epoch 04/08) Block Loss: 8.1155e-07
		(Epoch 05/08) Block Loss: 7.3854e-07
		(Epoch 06/08) Block Loss: 6.5488e-07
		(Epoch 07/08) Block Loss: 6.1464e-07
		(Epoch 08/08) Block Loss: 6.0156e-07
	(2/3) Block 1/28, self_attn.v_proj | Initialization via ADMM...
		ADMM weight recon error: raw=304.1127, norm=0.3981, per_el=2.9002e-04, out_err=0.1716, ADMM time=18.21s
	(3/3) Block 1/28, self_attn.v_proj | Tuning Factorized Weights...
		(Epoch 01/08) Block Loss: 6.3264e-05
		(Epoch 02/08) Block Loss: 6.1084e-05
		(Epoch 03/08) Block Loss: 6.0896e-05
		(Epoch 04/08) Block Loss: 6.1643e-05
		(Epoch 05/08) Block Loss: 6.2788e-05
		(Epoch 06/08) Block Loss: 6.3320e-05
		(Epoch 07/08) Block Loss: 6.3438e-05
		(Epoch 08/08) Block Loss: 6.2187e-05
	(1/3) Block 1/28, self_attn.o_proj | Tuning Non-Factorized Weights...
		(Epoch 01/08) Block Loss: 4.6756e-05
		(Epoch 02/08) Block Loss: 3.4686e-05
		(Epoch 03/08) Block Loss: 2.9460e-05
		(Epoch 04/08) Block Loss: 2.6612e-05
		(Epoch 05/08) Block Loss: 2.4880e-05
		(Epoch 06/08) Block Loss: 2.3910e-05
		(Epoch 07/08) Block Loss: 2.3423e-05
		(Epoch 08/08) Block Loss: 2.3259e-05
	(2/3) Block 1/28, self_attn.o_proj | Initialization via ADMM...
		ADMM weight recon error: raw=621.1199, norm=0.4313, per_el=2.9617e-04, out_err=0.0872, ADMM time=6.97s
	(3/3) Block 1/28, self_attn.o_proj | Tuning Factorized Weights...
		(Epoch 01/08) Block Loss: 6.5499e-05
		(Epoch 02/08) Block Loss: 6.2235e-05
		(Epoch 03/08) Block Loss: 6.1105e-05
		(Epoch 04/08) Block Loss: 6.1145e-05
		(Epoch 05/08) Block Loss: 6.1533e-05
		(Epoch 06/08) Block Loss: 6.1568e-05
		(Epoch 07/08) Block Loss: 6.1580e-05
		(Epoch 08/08) Block Loss: 6.0620e-05
	(1/3) Block 1/28, self_attn.k_proj | Tuning Non-Factorized Weights...
		(Epoch 01/08) Block Loss: 5.0293e-05
		(Epoch 02/08) Block Loss: 4.1890e-05
		(Epoch 03/08) Block Loss: 3.7852e-05
		(Epoch 04/08) Block Loss: 3.5504e-05
		(Epoch 05/08) Block Loss: 3.4026e-05
		(Epoch 06/08) Block Loss: 3.3176e-05
		(Epoch 07/08) Block Loss: 3.2748e-05
		(Epoch 08/08) Block Loss: 3.2604e-05
	(2/3) Block 1/28, self_attn.k_proj | Initialization via ADMM...
		ADMM weight recon error: raw=326.0056, norm=0.3221, per_el=3.1090e-04, out_err=0.0241, ADMM time=15.43s
	(3/3) Block 1/28, self_attn.k_proj | Tuning Factorized Weights...
		(Epoch 01/08) Block Loss: 3.4813e-05
		(Epoch 02/08) Block Loss: 3.4445e-05
		(Epoch 03/08) Block Loss: 3.4230e-05
		(Epoch 04/08) Block Loss: 3.4087e-05
		(Epoch 05/08) Block Loss: 3.3983e-05
		(Epoch 06/08) Block Loss: 3.3923e-05
		(Epoch 07/08) Block Loss: 3.3888e-05
		(Epoch 08/08) Block Loss: 3.3867e-05
	(1/3) Block 1/28, mlp.gate_proj | Tuning Non-Factorized Weights...
		(Epoch 01/08) Block Loss: 3.3312e-05
		(Epoch 02/08) Block Loss: 3.1261e-05
		(Epoch 03/08) Block Loss: 2.9898e-05
		(Epoch 04/08) Block Loss: 2.8982e-05
		(Epoch 05/08) Block Loss: 2.8324e-05
		(Epoch 06/08) Block Loss: 2.7922e-05
		(Epoch 07/08) Block Loss: 2.7705e-05
		(Epoch 08/08) Block Loss: 2.7624e-05
	(2/3) Block 1/28, mlp.gate_proj | Initialization via ADMM...
		ADMM weight recon error: raw=1533.9745, norm=0.3474, per_el=4.8764e-04, out_err=0.0380, ADMM time=6.53s
	(3/3) Block 1/28, mlp.gate_proj | Tuning Factorized Weights...
		(Epoch 01/08) Block Loss: 3.8983e-05
		(Epoch 02/08) Block Loss: 3.6695e-05
		(Epoch 03/08) Block Loss: 3.6174e-05
		(Epoch 04/08) Block Loss: 3.6028e-05
		(Epoch 05/08) Block Loss: 3.5985e-05
		(Epoch 06/08) Block Loss: 3.5911e-05
		(Epoch 07/08) Block Loss: 3.5796e-05
		(Epoch 08/08) Block Loss: 3.5411e-05
	(1/3) Block 1/28, mlp.up_proj | Tuning Non-Factorized Weights...
		(Epoch 01/08) Block Loss: 3.3348e-05
		(Epoch 02/08) Block Loss: 3.1664e-05
		(Epoch 03/08) Block Loss: 3.0761e-05
		(Epoch 04/08) Block Loss: 3.0187e-05
		(Epoch 05/08) Block Loss: 2.9766e-05
		(Epoch 06/08) Block Loss: 2.9507e-05
		(Epoch 07/08) Block Loss: 2.9363e-05
		(Epoch 08/08) Block Loss: 2.9307e-05
	(2/3) Block 1/28, mlp.up_proj | Initialization via ADMM...
		ADMM weight recon error: raw=859.3074, norm=0.3704, per_el=2.7317e-04, out_err=0.1461, ADMM time=6.36s
	(3/3) Block 1/28, mlp.up_proj | Tuning Factorized Weights...
		(Epoch 01/08) Block Loss: 4.9129e-05
		(Epoch 02/08) Block Loss: 4.6183e-05
		(Epoch 03/08) Block Loss: 4.5393e-05
		(Epoch 04/08) Block Loss: 4.5266e-05
		(Epoch 05/08) Block Loss: 4.5248e-05
		(Epoch 06/08) Block Loss: 4.5116e-05
		(Epoch 07/08) Block Loss: 4.5079e-05
		(Epoch 08/08) Block Loss: 4.4084e-05
	(1/3) Block 1/28, mlp.down_proj | Tuning Non-Factorized Weights...
		(Epoch 01/08) Block Loss: 4.0415e-05
		(Epoch 02/08) Block Loss: 3.8373e-05
		(Epoch 03/08) Block Loss: 3.7379e-05
		(Epoch 04/08) Block Loss: 3.6799e-05
		(Epoch 05/08) Block Loss: 3.6417e-05
		(Epoch 06/08) Block Loss: 3.6197e-05
		(Epoch 07/08) Block Loss: 3.6081e-05
		(Epoch 08/08) Block Loss: 3.6040e-05
	(2/3) Block 1/28, mlp.down_proj | Initialization via ADMM...
		ADMM weight recon error: raw=929.5748, norm=0.3822, per_el=2.9550e-04, out_err=0.1481, ADMM time=6.07s
	(3/3) Block 1/28, mlp.down_proj | Tuning Factorized Weights...
		(Epoch 01/08) Block Loss: 6.7009e-05
		(Epoch 02/08) Block Loss: 6.6142e-05
		(Epoch 03/08) Block Loss: 6.6903e-05
		(Epoch 04/08) Block Loss: 6.7565e-05
		(Epoch 05/08) Block Loss: 6.8699e-05
		(Epoch 06/08) Block Loss: 6.7517e-05
		(Epoch 07/08) Block Loss: 6.8730e-05
		(Epoch 08/08) Block Loss: 6.7036e-05
		Block 0: relative block output error = 0.1075
Using sequence length: 2048 (model max: 2048)
		Block 0: Test Data PPL        = 16.906
	(1/3) Block 2/28, self_attn.q_proj | Tuning Non-Factorized Weights...
		(Epoch 01/08) Block Loss: 2.7612e-05
		(Epoch 02/08) Block Loss: 2.3859e-05
		(Epoch 03/08) Block Loss: 2.2121e-05
		(Epoch 04/08) Block Loss: 2.1101e-05
		(Epoch 05/08) Block Loss: 2.0460e-05
		(Epoch 06/08) Block Loss: 2.0042e-05
		(Epoch 07/08) Block Loss: 1.9829e-05
		(Epoch 08/08) Block Loss: 1.9750e-05
	(2/3) Block 2/28, self_attn.q_proj | Initialization via ADMM...
		ADMM weight recon error: raw=605.2064, norm=0.2978, per_el=2.8858e-04, out_err=0.0462, ADMM time=5.67s
	(3/3) Block 2/28, self_attn.q_proj | Tuning Factorized Weights...
		(Epoch 01/08) Block Loss: 2.0244e-05
		(Epoch 02/08) Block Loss: 2.0114e-05
		(Epoch 03/08) Block Loss: 2.0055e-05
		(Epoch 04/08) Block Loss: 2.0017e-05
		(Epoch 05/08) Block Loss: 1.9988e-05
		(Epoch 06/08) Block Loss: 1.9969e-05
		(Epoch 07/08) Block Loss: 1.9954e-05
		(Epoch 08/08) Block Loss: 1.9940e-05
	(1/3) Block 2/28, self_attn.v_proj | Tuning Non-Factorized Weights...
		(Epoch 01/08) Block Loss: 1.9885e-05
		(Epoch 02/08) Block Loss: 1.8946e-05
		(Epoch 03/08) Block Loss: 1.8368e-05
		(Epoch 04/08) Block Loss: 1.7890e-05
		(Epoch 05/08) Block Loss: 1.7567e-05
		(Epoch 06/08) Block Loss: 1.7355e-05
		(Epoch 07/08) Block Loss: 1.7240e-05
		(Epoch 08/08) Block Loss: 1.7196e-05
	(2/3) Block 2/28, self_attn.v_proj | Initialization via ADMM...
		ADMM weight recon error: raw=328.2103, norm=0.3747, per_el=3.1301e-04, out_err=0.1440, ADMM time=10.45s
	(3/3) Block 2/28, self_attn.v_proj | Tuning Factorized Weights...
Compressing Layers:   7%|███████▌                                                                                                 | 2/28 [05:35<1:11:27, 164.90s/it]		(Epoch 01/08) Block Loss: 1.9032e-05
		(Epoch 02/08) Block Loss: 1.8870e-05
		(Epoch 03/08) Block Loss: 1.8825e-05
		(Epoch 04/08) Block Loss: 1.8840e-05
		(Epoch 05/08) Block Loss: 1.8849e-05
		(Epoch 06/08) Block Loss: 1.8853e-05
		(Epoch 07/08) Block Loss: 1.8853e-05
		(Epoch 08/08) Block Loss: 1.8744e-05
	(1/3) Block 2/28, self_attn.o_proj | Tuning Non-Factorized Weights...
		(Epoch 01/08) Block Loss: 1.8446e-05
		(Epoch 02/08) Block Loss: 1.7741e-05
		(Epoch 03/08) Block Loss: 1.7326e-05
		(Epoch 04/08) Block Loss: 1.7036e-05
		(Epoch 05/08) Block Loss: 1.6819e-05
		(Epoch 06/08) Block Loss: 1.6660e-05
		(Epoch 07/08) Block Loss: 1.6574e-05
		(Epoch 08/08) Block Loss: 1.6539e-05
	(2/3) Block 2/28, self_attn.o_proj | Initialization via ADMM...
		ADMM weight recon error: raw=515.2227, norm=0.3303, per_el=2.4568e-04, out_err=0.0722, ADMM time=6.32s
	(3/3) Block 2/28, self_attn.o_proj | Tuning Factorized Weights...
		(Epoch 01/08) Block Loss: 1.8406e-05
		(Epoch 02/08) Block Loss: 1.8317e-05
		(Epoch 03/08) Block Loss: 1.8343e-05
		(Epoch 04/08) Block Loss: 1.8396e-05
		(Epoch 05/08) Block Loss: 1.8407e-05
		(Epoch 06/08) Block Loss: 1.8429e-05
		(Epoch 07/08) Block Loss: 1.8409e-05
		(Epoch 08/08) Block Loss: 1.8350e-05
	(1/3) Block 2/28, self_attn.k_proj | Tuning Non-Factorized Weights...
		(Epoch 01/08) Block Loss: 1.7926e-05
		(Epoch 02/08) Block Loss: 1.7337e-05
		(Epoch 03/08) Block Loss: 1.7019e-05
		(Epoch 04/08) Block Loss: 1.6808e-05
		(Epoch 05/08) Block Loss: 1.6638e-05
		(Epoch 06/08) Block Loss: 1.6528e-05
		(Epoch 07/08) Block Loss: 1.6462e-05
		(Epoch 08/08) Block Loss: 1.6434e-05
	(2/3) Block 2/28, self_attn.k_proj | Initialization via ADMM...
		ADMM weight recon error: raw=291.3083, norm=0.3208, per_el=2.7781e-04, out_err=0.0380, ADMM time=12.93s
	(3/3) Block 2/28, self_attn.k_proj | Tuning Factorized Weights...
		(Epoch 01/08) Block Loss: 1.6878e-05
		(Epoch 02/08) Block Loss: 1.6795e-05
		(Epoch 03/08) Block Loss: 1.6756e-05
		(Epoch 04/08) Block Loss: 1.6736e-05
		(Epoch 05/08) Block Loss: 1.6723e-05
		(Epoch 06/08) Block Loss: 1.6714e-05
		(Epoch 07/08) Block Loss: 1.6706e-05
		(Epoch 08/08) Block Loss: 1.6697e-05
	(1/3) Block 2/28, mlp.gate_proj | Tuning Non-Factorized Weights...
		(Epoch 01/08) Block Loss: 1.6834e-05
		(Epoch 02/08) Block Loss: 1.6532e-05
		(Epoch 03/08) Block Loss: 1.6328e-05
		(Epoch 04/08) Block Loss: 1.6186e-05
		(Epoch 05/08) Block Loss: 1.6063e-05
		(Epoch 06/08) Block Loss: 1.5980e-05
		(Epoch 07/08) Block Loss: 1.5928e-05
		(Epoch 08/08) Block Loss: 1.5904e-05
	(2/3) Block 2/28, mlp.gate_proj | Initialization via ADMM...
		ADMM weight recon error: raw=2206.0466, norm=0.3572, per_el=7.0128e-04, out_err=0.0179, ADMM time=6.89s
	(3/3) Block 2/28, mlp.gate_proj | Tuning Factorized Weights...
		(Epoch 01/08) Block Loss: 2.2503e-05
		(Epoch 02/08) Block Loss: 2.1203e-05
		(Epoch 03/08) Block Loss: 2.0820e-05
		(Epoch 04/08) Block Loss: 2.0666e-05
		(Epoch 05/08) Block Loss: 2.0587e-05
		(Epoch 06/08) Block Loss: 2.0533e-05
		(Epoch 07/08) Block Loss: 2.0481e-05
		(Epoch 08/08) Block Loss: 2.0332e-05
	(1/3) Block 2/28, mlp.up_proj | Tuning Non-Factorized Weights...
		(Epoch 01/08) Block Loss: 1.9552e-05
		(Epoch 02/08) Block Loss: 1.8869e-05
		(Epoch 03/08) Block Loss: 1.8551e-05
		(Epoch 04/08) Block Loss: 1.8364e-05
		(Epoch 05/08) Block Loss: 1.8221e-05
		(Epoch 06/08) Block Loss: 1.8131e-05
		(Epoch 07/08) Block Loss: 1.8077e-05
		(Epoch 08/08) Block Loss: 1.8054e-05
	(2/3) Block 2/28, mlp.up_proj | Initialization via ADMM...
		ADMM weight recon error: raw=679.0623, norm=0.3597, per_el=2.1587e-04, out_err=0.1587, ADMM time=6.58s
	(3/3) Block 2/28, mlp.up_proj | Tuning Factorized Weights...
		(Epoch 01/08) Block Loss: 2.7421e-05
		(Epoch 02/08) Block Loss: 2.6199e-05
		(Epoch 03/08) Block Loss: 2.5832e-05
		(Epoch 04/08) Block Loss: 2.5697e-05
		(Epoch 05/08) Block Loss: 2.5643e-05
		(Epoch 06/08) Block Loss: 2.5568e-05
		(Epoch 07/08) Block Loss: 2.5461e-05
		(Epoch 08/08) Block Loss: 2.5168e-05
	(1/3) Block 2/28, mlp.down_proj | Tuning Non-Factorized Weights...
		(Epoch 01/08) Block Loss: 2.3713e-05
		(Epoch 02/08) Block Loss: 2.2844e-05
		(Epoch 03/08) Block Loss: 2.2435e-05
		(Epoch 04/08) Block Loss: 2.2204e-05
		(Epoch 05/08) Block Loss: 2.2052e-05
		(Epoch 06/08) Block Loss: 2.1963e-05
		(Epoch 07/08) Block Loss: 2.1916e-05
		(Epoch 08/08) Block Loss: 2.1898e-05
	(2/3) Block 2/28, mlp.down_proj | Initialization via ADMM...
		ADMM weight recon error: raw=688.0244, norm=0.3756, per_el=2.1872e-04, out_err=0.1391, ADMM time=6.94s
	(3/3) Block 2/28, mlp.down_proj | Tuning Factorized Weights...
		(Epoch 01/08) Block Loss: 3.3128e-05
		(Epoch 02/08) Block Loss: 3.3075e-05
		(Epoch 03/08) Block Loss: 3.3498e-05
		(Epoch 04/08) Block Loss: 3.4291e-05
		(Epoch 05/08) Block Loss: 3.4233e-05
		(Epoch 06/08) Block Loss: 3.4137e-05
		(Epoch 07/08) Block Loss: 3.4050e-05
		(Epoch 08/08) Block Loss: 3.3631e-05
		Block 1: relative block output error = 0.0859
Using sequence length: 2048 (model max: 2048)
		Block 1: Test Data PPL        = 14.394
	(1/3) Block 3/28, self_attn.q_proj | Tuning Non-Factorized Weights...
		(Epoch 01/08) Block Loss: 5.3287e-05
		(Epoch 02/08) Block Loss: 3.3123e-05
		(Epoch 03/08) Block Loss: 2.5246e-05
		(Epoch 04/08) Block Loss: 2.2947e-05
		(Epoch 05/08) Block Loss: 2.1990e-05
		(Epoch 06/08) Block Loss: 2.1524e-05
		(Epoch 07/08) Block Loss: 2.1288e-05
		(Epoch 08/08) Block Loss: 2.1142e-05
	(2/3) Block 3/28, self_attn.q_proj | Initialization via ADMM...
		ADMM weight recon error: raw=555.6996, norm=0.2859, per_el=2.6498e-04, out_err=0.0474, ADMM time=5.67s
	(3/3) Block 3/28, self_attn.q_proj | Tuning Factorized Weights...
		(Epoch 01/08) Block Loss: 2.2849e-05
		(Epoch 02/08) Block Loss: 2.1757e-05
		(Epoch 03/08) Block Loss: 2.1612e-05
		(Epoch 04/08) Block Loss: 2.1574e-05
		(Epoch 05/08) Block Loss: 2.1549e-05
		(Epoch 06/08) Block Loss: 2.1532e-05
		(Epoch 07/08) Block Loss: 2.1519e-05
		(Epoch 08/08) Block Loss: 2.1508e-05
	(1/3) Block 3/28, self_attn.v_proj | Tuning Non-Factorized Weights...
		(Epoch 01/08) Block Loss: 2.6035e-05
		(Epoch 02/08) Block Loss: 3.1277e-05
		(Epoch 03/08) Block Loss: 2.3931e-05
		(Epoch 04/08) Block Loss: 2.0620e-05
		(Epoch 05/08) Block Loss: 1.9807e-05
		(Epoch 06/08) Block Loss: 1.9338e-05
		(Epoch 07/08) Block Loss: 1.9130e-05
		(Epoch 08/08) Block Loss: 1.9051e-05
	(2/3) Block 3/28, self_attn.v_proj | Initialization via ADMM...
		ADMM weight recon error: raw=300.9343, norm=0.3617, per_el=2.8699e-04, out_err=0.1434, ADMM time=12.68s
	(3/3) Block 3/28, self_attn.v_proj | Tuning Factorized Weights...
		(Epoch 01/08) Block Loss: 4.2080e-04
		(Epoch 02/08) Block Loss: 3.8630e-05
		(Epoch 03/08) Block Loss: 2.8665e-05
		(Epoch 04/08) Block Loss: 2.4761e-05
		(Epoch 05/08) Block Loss: 2.3302e-05
		(Epoch 06/08) Block Loss: 2.2609e-05
		(Epoch 07/08) Block Loss: 2.2336e-05
		(Epoch 08/08) Block Loss: 2.2163e-05
	(1/3) Block 3/28, self_attn.o_proj | Tuning Non-Factorized Weights...
		(Epoch 01/08) Block Loss: 2.5725e-05
		(Epoch 02/08) Block Loss: 2.4539e-05
		(Epoch 03/08) Block Loss: 2.1156e-05
		(Epoch 04/08) Block Loss: 1.9849e-05
		(Epoch 05/08) Block Loss: 1.9331e-05
		(Epoch 06/08) Block Loss: 1.8960e-05
		(Epoch 07/08) Block Loss: 1.8784e-05
		(Epoch 08/08) Block Loss: 1.8693e-05
	(2/3) Block 3/28, self_attn.o_proj | Initialization via ADMM...
		ADMM weight recon error: raw=467.1097, norm=0.3299, per_el=2.2274e-04, out_err=0.0767, ADMM time=4.83s
	(3/3) Block 3/28, self_attn.o_proj | Tuning Factorized Weights...
		(Epoch 01/08) Block Loss: 2.2279e-05
		(Epoch 02/08) Block Loss: 2.1185e-05
		(Epoch 03/08) Block Loss: 2.0949e-05
		(Epoch 04/08) Block Loss: 2.0710e-05
		(Epoch 05/08) Block Loss: 2.0633e-05
		(Epoch 06/08) Block Loss: 2.0531e-05
		(Epoch 07/08) Block Loss: 2.0446e-05
		(Epoch 08/08) Block Loss: 2.0401e-05
	(1/3) Block 3/28, self_attn.k_proj | Tuning Non-Factorized Weights...
		(Epoch 01/08) Block Loss: 2.0437e-05
		(Epoch 02/08) Block Loss: 1.9602e-05
		(Epoch 03/08) Block Loss: 1.9185e-05
		(Epoch 04/08) Block Loss: 1.8880e-05
		(Epoch 05/08) Block Loss: 1.8685e-05
		(Epoch 06/08) Block Loss: 1.8557e-05
Compressing Layers:  11%|███████████▎                                                                                             | 3/28 [07:59<1:04:45, 155.40s/it]		(Epoch 07/08) Block Loss: 1.8473e-05
		(Epoch 08/08) Block Loss: 1.8431e-05
	(2/3) Block 3/28, self_attn.k_proj | Initialization via ADMM...
		ADMM weight recon error: raw=268.0030, norm=0.3131, per_el=2.5559e-04, out_err=0.0371, ADMM time=13.28s
	(3/3) Block 3/28, self_attn.k_proj | Tuning Factorized Weights...
		(Epoch 01/08) Block Loss: 1.8904e-05
		(Epoch 02/08) Block Loss: 1.8821e-05
		(Epoch 03/08) Block Loss: 1.8783e-05
		(Epoch 04/08) Block Loss: 1.8758e-05
		(Epoch 05/08) Block Loss: 1.8744e-05
		(Epoch 06/08) Block Loss: 1.8735e-05
		(Epoch 07/08) Block Loss: 1.8728e-05
		(Epoch 08/08) Block Loss: 1.8723e-05
	(1/3) Block 3/28, mlp.gate_proj | Tuning Non-Factorized Weights...
		(Epoch 01/08) Block Loss: 1.9118e-05
		(Epoch 02/08) Block Loss: 1.8790e-05
		(Epoch 03/08) Block Loss: 1.8490e-05
		(Epoch 04/08) Block Loss: 1.8280e-05
		(Epoch 05/08) Block Loss: 1.8134e-05
		(Epoch 06/08) Block Loss: 1.8020e-05
		(Epoch 07/08) Block Loss: 1.7973e-05
		(Epoch 08/08) Block Loss: 1.7924e-05
	(2/3) Block 3/28, mlp.gate_proj | Initialization via ADMM...
		ADMM weight recon error: raw=1746.5215, norm=0.3411, per_el=5.5520e-04, out_err=0.0261, ADMM time=6.13s
	(3/3) Block 3/28, mlp.gate_proj | Tuning Factorized Weights...
		(Epoch 01/08) Block Loss: 6.6006e-05
		(Epoch 02/08) Block Loss: 2.4643e-05
		(Epoch 03/08) Block Loss: 2.3945e-05
		(Epoch 04/08) Block Loss: 2.3647e-05
		(Epoch 05/08) Block Loss: 2.3443e-05
		(Epoch 06/08) Block Loss: 2.3381e-05
		(Epoch 07/08) Block Loss: 2.3306e-05
		(Epoch 08/08) Block Loss: 2.3205e-05
	(1/3) Block 3/28, mlp.up_proj | Tuning Non-Factorized Weights...
		(Epoch 01/08) Block Loss: 2.2732e-05
		(Epoch 02/08) Block Loss: 2.1854e-05
		(Epoch 03/08) Block Loss: 2.1437e-05
		(Epoch 04/08) Block Loss: 2.1124e-05
		(Epoch 05/08) Block Loss: 2.0958e-05
		(Epoch 06/08) Block Loss: 2.0848e-05
		(Epoch 07/08) Block Loss: 2.0754e-05
		(Epoch 08/08) Block Loss: 2.0705e-05
	(2/3) Block 3/28, mlp.up_proj | Initialization via ADMM...
		ADMM weight recon error: raw=680.6736, norm=0.3560, per_el=2.1638e-04, out_err=0.1679, ADMM time=5.20s
	(3/3) Block 3/28, mlp.up_proj | Tuning Factorized Weights...
		(Epoch 01/08) Block Loss: 3.9471e-05
		(Epoch 02/08) Block Loss: 2.9657e-05
		(Epoch 03/08) Block Loss: 2.9226e-05
		(Epoch 04/08) Block Loss: 2.9038e-05
		(Epoch 05/08) Block Loss: 2.8908e-05
		(Epoch 06/08) Block Loss: 2.8775e-05
		(Epoch 07/08) Block Loss: 2.8651e-05
		(Epoch 08/08) Block Loss: 2.8410e-05
	(1/3) Block 3/28, mlp.down_proj | Tuning Non-Factorized Weights...
		(Epoch 01/08) Block Loss: 2.7331e-05
		(Epoch 02/08) Block Loss: 2.6316e-05
		(Epoch 03/08) Block Loss: 2.5881e-05
		(Epoch 04/08) Block Loss: 2.5612e-05
		(Epoch 05/08) Block Loss: 2.5433e-05
		(Epoch 06/08) Block Loss: 2.5330e-05
		(Epoch 07/08) Block Loss: 2.5269e-05
		(Epoch 08/08) Block Loss: 2.5242e-05
	(2/3) Block 3/28, mlp.down_proj | Initialization via ADMM...
		ADMM weight recon error: raw=738.4875, norm=0.3737, per_el=2.3476e-04, out_err=0.1675, ADMM time=6.42s
	(3/3) Block 3/28, mlp.down_proj | Tuning Factorized Weights...
		(Epoch 01/08) Block Loss: 4.9872e-04
		(Epoch 02/08) Block Loss: 4.3227e-04
		(Epoch 03/08) Block Loss: 3.8196e-04
		(Epoch 04/08) Block Loss: 3.4574e-04
		(Epoch 05/08) Block Loss: 3.2229e-04
		(Epoch 06/08) Block Loss: 3.0719e-04
		(Epoch 07/08) Block Loss: 3.0102e-04
		(Epoch 08/08) Block Loss: 2.9952e-04
		Block 2: relative block output error = 0.0059
Using sequence length: 2048 (model max: 2048)
		Block 2: Test Data PPL        = 16.174
	(1/3) Block 4/28, self_attn.q_proj | Tuning Non-Factorized Weights...
		(Epoch 01/08) Block Loss: 2.0316e-04
		(Epoch 02/08) Block Loss: 1.9779e-04
		(Epoch 03/08) Block Loss: 1.9107e-04
		(Epoch 04/08) Block Loss: 1.7831e-04
		(Epoch 05/08) Block Loss: 1.6266e-04
		(Epoch 06/08) Block Loss: 1.5048e-04
		(Epoch 07/08) Block Loss: 1.4447e-04
		(Epoch 08/08) Block Loss: 1.4269e-04
	(2/3) Block 4/28, self_attn.q_proj | Initialization via ADMM...
		ADMM weight recon error: raw=581.2197, norm=0.2965, per_el=2.7715e-04, out_err=0.0389, ADMM time=4.95s
	(3/3) Block 4/28, self_attn.q_proj | Tuning Factorized Weights...
		(Epoch 01/08) Block Loss: 1.4353e-04
		(Epoch 02/08) Block Loss: 1.4321e-04
		(Epoch 03/08) Block Loss: 1.4304e-04
		(Epoch 04/08) Block Loss: 1.4294e-04
		(Epoch 05/08) Block Loss: 1.4286e-04
		(Epoch 06/08) Block Loss: 1.4280e-04
		(Epoch 07/08) Block Loss: 1.4277e-04
		(Epoch 08/08) Block Loss: 1.4276e-04
	(1/3) Block 4/28, self_attn.v_proj | Tuning Non-Factorized Weights...
		(Epoch 01/08) Block Loss: 1.3051e-04
		(Epoch 02/08) Block Loss: 1.0943e-04
		(Epoch 03/08) Block Loss: 9.4540e-05
		(Epoch 04/08) Block Loss: 8.5370e-05
		(Epoch 05/08) Block Loss: 7.8709e-05
		(Epoch 06/08) Block Loss: 7.4336e-05
		(Epoch 07/08) Block Loss: 7.2088e-05
		(Epoch 08/08) Block Loss: 7.1329e-05
	(2/3) Block 4/28, self_attn.v_proj | Initialization via ADMM...
		ADMM weight recon error: raw=354.1168, norm=0.3379, per_el=3.3771e-04, out_err=0.1513, ADMM time=10.77s
	(3/3) Block 4/28, self_attn.v_proj | Tuning Factorized Weights...
		(Epoch 01/08) Block Loss: 7.4603e-05
		(Epoch 02/08) Block Loss: 6.2875e-05
		(Epoch 03/08) Block Loss: 5.6298e-05
		(Epoch 04/08) Block Loss: 5.4870e-05
		(Epoch 05/08) Block Loss: 5.2404e-05
		(Epoch 06/08) Block Loss: 5.1584e-05
		(Epoch 07/08) Block Loss: 5.1221e-05
		(Epoch 08/08) Block Loss: 5.0911e-05
	(1/3) Block 4/28, self_attn.o_proj | Tuning Non-Factorized Weights...
		(Epoch 01/08) Block Loss: 5.0216e-05
		(Epoch 02/08) Block Loss: 4.6355e-05
		(Epoch 03/08) Block Loss: 4.2162e-05
		(Epoch 04/08) Block Loss: 3.9743e-05
		(Epoch 05/08) Block Loss: 3.8100e-05
		(Epoch 06/08) Block Loss: 3.7055e-05
		(Epoch 07/08) Block Loss: 3.6520e-05
		(Epoch 08/08) Block Loss: 3.6305e-05
	(2/3) Block 4/28, self_attn.o_proj | Initialization via ADMM...
		ADMM weight recon error: raw=559.0911, norm=0.3012, per_el=2.6660e-04, out_err=0.0757, ADMM time=4.87s
	(3/3) Block 4/28, self_attn.o_proj | Tuning Factorized Weights...
		(Epoch 01/08) Block Loss: 5.1894e-05
		(Epoch 02/08) Block Loss: 3.7570e-05
		(Epoch 03/08) Block Loss: 3.4670e-05
		(Epoch 04/08) Block Loss: 3.3975e-05
		(Epoch 05/08) Block Loss: 3.3493e-05
		(Epoch 06/08) Block Loss: 3.3351e-05
		(Epoch 07/08) Block Loss: 3.3153e-05
		(Epoch 08/08) Block Loss: 3.2887e-05
	(1/3) Block 4/28, self_attn.k_proj | Tuning Non-Factorized Weights...
		(Epoch 01/08) Block Loss: 3.5651e-05
		(Epoch 02/08) Block Loss: 3.1499e-05
		(Epoch 03/08) Block Loss: 3.0184e-05
		(Epoch 04/08) Block Loss: 2.9550e-05
		(Epoch 05/08) Block Loss: 2.9110e-05
		(Epoch 06/08) Block Loss: 2.8849e-05
		(Epoch 07/08) Block Loss: 2.8702e-05
		(Epoch 08/08) Block Loss: 2.8631e-05
	(2/3) Block 4/28, self_attn.k_proj | Initialization via ADMM...
		ADMM weight recon error: raw=278.8918, norm=0.3127, per_el=2.6597e-04, out_err=0.0593, ADMM time=11.56s
	(3/3) Block 4/28, self_attn.k_proj | Tuning Factorized Weights...
		(Epoch 01/08) Block Loss: 2.2876e-01
		(Epoch 02/08) Block Loss: 1.4363e-03
		(Epoch 03/08) Block Loss: 4.3414e-04
		(Epoch 04/08) Block Loss: 1.9943e-04
		(Epoch 05/08) Block Loss: 1.0646e-04
		(Epoch 06/08) Block Loss: 6.7492e-05
		(Epoch 07/08) Block Loss: 5.6755e-05
		(Epoch 08/08) Block Loss: 5.3492e-05
	(1/3) Block 4/28, mlp.gate_proj | Tuning Non-Factorized Weights...
		(Epoch 01/08) Block Loss: 4.1786e-05
		(Epoch 02/08) Block Loss: 3.6002e-05
		(Epoch 03/08) Block Loss: 3.4773e-05
		(Epoch 04/08) Block Loss: 3.4203e-05
		(Epoch 05/08) Block Loss: 3.3784e-05
		(Epoch 06/08) Block Loss: 3.3534e-05
		(Epoch 07/08) Block Loss: 3.3383e-05
		(Epoch 08/08) Block Loss: 3.3320e-05
	(2/3) Block 4/28, mlp.gate_proj | Initialization via ADMM...
		ADMM weight recon error: raw=1920.7908, norm=0.3531, per_el=6.1060e-04, out_err=0.0286, ADMM time=6.08s
	(3/3) Block 4/28, mlp.gate_proj | Tuning Factorized Weights...
		(Epoch 01/08) Block Loss: 5.5960e-05
		(Epoch 02/08) Block Loss: 4.0854e-05
		(Epoch 03/08) Block Loss: 3.8246e-05
		(Epoch 04/08) Block Loss: 3.7287e-05
		(Epoch 05/08) Block Loss: 3.6886e-05
		(Epoch 06/08) Block Loss: 3.6704e-05
		(Epoch 07/08) Block Loss: 3.6584e-05
		(Epoch 08/08) Block Loss: 3.6467e-05
Compressing Layers:  14%|███████████████▎                                                                                           | 4/28 [10:16<59:14, 148.10s/it]	(1/3) Block 4/28, mlp.up_proj | Tuning Non-Factorized Weights...
		(Epoch 01/08) Block Loss: 3.6466e-05
		(Epoch 02/08) Block Loss: 3.5544e-05
		(Epoch 03/08) Block Loss: 3.5123e-05
		(Epoch 04/08) Block Loss: 3.4847e-05
		(Epoch 05/08) Block Loss: 3.4607e-05
		(Epoch 06/08) Block Loss: 3.4457e-05
		(Epoch 07/08) Block Loss: 3.4363e-05
		(Epoch 08/08) Block Loss: 3.4323e-05
	(2/3) Block 4/28, mlp.up_proj | Initialization via ADMM...
		ADMM weight recon error: raw=770.0596, norm=0.3565, per_el=2.4480e-04, out_err=0.1249, ADMM time=6.05s
	(3/3) Block 4/28, mlp.up_proj | Tuning Factorized Weights...
		(Epoch 01/08) Block Loss: 5.3027e-05
		(Epoch 02/08) Block Loss: 4.2604e-05
		(Epoch 03/08) Block Loss: 4.1860e-05
		(Epoch 04/08) Block Loss: 4.1643e-05
		(Epoch 05/08) Block Loss: 4.1506e-05
		(Epoch 06/08) Block Loss: 4.1406e-05
		(Epoch 07/08) Block Loss: 4.1264e-05
		(Epoch 08/08) Block Loss: 4.0980e-05
	(1/3) Block 4/28, mlp.down_proj | Tuning Non-Factorized Weights...
		(Epoch 01/08) Block Loss: 3.9990e-05
		(Epoch 02/08) Block Loss: 3.9181e-05
		(Epoch 03/08) Block Loss: 3.8726e-05
		(Epoch 04/08) Block Loss: 3.8444e-05
		(Epoch 05/08) Block Loss: 3.8250e-05
		(Epoch 06/08) Block Loss: 3.8128e-05
		(Epoch 07/08) Block Loss: 3.8065e-05
		(Epoch 08/08) Block Loss: 3.8040e-05
	(2/3) Block 4/28, mlp.down_proj | Initialization via ADMM...
		ADMM weight recon error: raw=819.1483, norm=0.3555, per_el=2.6040e-04, out_err=0.1506, ADMM time=6.81s
	(3/3) Block 4/28, mlp.down_proj | Tuning Factorized Weights...
		(Epoch 01/08) Block Loss: 5.4833e-05
		(Epoch 02/08) Block Loss: 4.9673e-05
		(Epoch 03/08) Block Loss: 4.8679e-05
		(Epoch 04/08) Block Loss: 4.9018e-05
		(Epoch 05/08) Block Loss: 4.9059e-05
		(Epoch 06/08) Block Loss: 4.9151e-05
		(Epoch 07/08) Block Loss: 4.9010e-05
		(Epoch 08/08) Block Loss: 4.8644e-05
		Block 3: relative block output error = 0.0014
Using sequence length: 2048 (model max: 2048)
		Block 3: Test Data PPL        = 19.244
	(1/3) Block 5/28, self_attn.q_proj | Tuning Non-Factorized Weights...
		(Epoch 01/08) Block Loss: 3.7093e-05
		(Epoch 02/08) Block Loss: 3.3642e-05
		(Epoch 03/08) Block Loss: 3.1661e-05
		(Epoch 04/08) Block Loss: 3.0488e-05
		(Epoch 05/08) Block Loss: 2.9706e-05
		(Epoch 06/08) Block Loss: 2.9238e-05
		(Epoch 07/08) Block Loss: 2.8988e-05
		(Epoch 08/08) Block Loss: 2.8895e-05
	(2/3) Block 5/28, self_attn.q_proj | Initialization via ADMM...
		ADMM weight recon error: raw=598.0763, norm=0.3222, per_el=2.8519e-04, out_err=0.0458, ADMM time=4.58s
	(3/3) Block 5/28, self_attn.q_proj | Tuning Factorized Weights...
		(Epoch 01/08) Block Loss: 2.9850e-05
		(Epoch 02/08) Block Loss: 2.9599e-05
		(Epoch 03/08) Block Loss: 2.9495e-05
		(Epoch 04/08) Block Loss: 2.9432e-05
		(Epoch 05/08) Block Loss: 2.9389e-05
		(Epoch 06/08) Block Loss: 2.9357e-05
		(Epoch 07/08) Block Loss: 2.9337e-05
		(Epoch 08/08) Block Loss: 2.9324e-05
	(1/3) Block 5/28, self_attn.v_proj | Tuning Non-Factorized Weights...
		(Epoch 01/08) Block Loss: 2.9420e-05
		(Epoch 02/08) Block Loss: 2.8389e-05
		(Epoch 03/08) Block Loss: 2.7545e-05
		(Epoch 04/08) Block Loss: 2.7003e-05
		(Epoch 05/08) Block Loss: 2.6597e-05
		(Epoch 06/08) Block Loss: 2.6334e-05
		(Epoch 07/08) Block Loss: 2.6190e-05
		(Epoch 08/08) Block Loss: 2.6131e-05
	(2/3) Block 5/28, self_attn.v_proj | Initialization via ADMM...
		ADMM weight recon error: raw=357.0007, norm=0.3798, per_el=3.4046e-04, out_err=0.1860, ADMM time=11.47s
	(3/3) Block 5/28, self_attn.v_proj | Tuning Factorized Weights...
		(Epoch 01/08) Block Loss: 3.0909e-05
		(Epoch 02/08) Block Loss: 2.9822e-05
		(Epoch 03/08) Block Loss: 2.9551e-05
		(Epoch 04/08) Block Loss: 2.9424e-05
		(Epoch 05/08) Block Loss: 2.9365e-05
		(Epoch 06/08) Block Loss: 2.9330e-05
		(Epoch 07/08) Block Loss: 2.9302e-05
		(Epoch 08/08) Block Loss: 2.9267e-05
	(1/3) Block 5/28, self_attn.o_proj | Tuning Non-Factorized Weights...
		(Epoch 01/08) Block Loss: 2.8672e-05
		(Epoch 02/08) Block Loss: 2.7600e-05
		(Epoch 03/08) Block Loss: 2.6968e-05
		(Epoch 04/08) Block Loss: 2.6556e-05
		(Epoch 05/08) Block Loss: 2.6252e-05
		(Epoch 06/08) Block Loss: 2.6053e-05
		(Epoch 07/08) Block Loss: 2.5939e-05
		(Epoch 08/08) Block Loss: 2.5891e-05
	(2/3) Block 5/28, self_attn.o_proj | Initialization via ADMM...
		ADMM weight recon error: raw=556.7189, norm=0.3515, per_el=2.6546e-04, out_err=0.1450, ADMM time=4.52s
	(3/3) Block 5/28, self_attn.o_proj | Tuning Factorized Weights...
		(Epoch 01/08) Block Loss: 2.8905e-05
		(Epoch 02/08) Block Loss: 2.8685e-05
		(Epoch 03/08) Block Loss: 2.8625e-05
		(Epoch 04/08) Block Loss: 2.8659e-05
		(Epoch 05/08) Block Loss: 2.8701e-05
		(Epoch 06/08) Block Loss: 2.8622e-05
		(Epoch 07/08) Block Loss: 2.8636e-05
		(Epoch 08/08) Block Loss: 2.8477e-05
	(1/3) Block 5/28, self_attn.k_proj | Tuning Non-Factorized Weights...
		(Epoch 01/08) Block Loss: 2.8030e-05
		(Epoch 02/08) Block Loss: 2.7216e-05
		(Epoch 03/08) Block Loss: 2.6782e-05
		(Epoch 04/08) Block Loss: 2.6496e-05
		(Epoch 05/08) Block Loss: 2.6272e-05
		(Epoch 06/08) Block Loss: 2.6126e-05
		(Epoch 07/08) Block Loss: 2.6039e-05
		(Epoch 08/08) Block Loss: 2.6002e-05
	(2/3) Block 5/28, self_attn.k_proj | Initialization via ADMM...
		ADMM weight recon error: raw=277.4733, norm=0.3211, per_el=2.6462e-04, out_err=0.0434, ADMM time=11.86s
	(3/3) Block 5/28, self_attn.k_proj | Tuning Factorized Weights...
		(Epoch 01/08) Block Loss: 2.9904e-05
		(Epoch 02/08) Block Loss: 2.7508e-05
		(Epoch 03/08) Block Loss: 2.6870e-05
		(Epoch 04/08) Block Loss: 2.6690e-05
		(Epoch 05/08) Block Loss: 2.6609e-05
		(Epoch 06/08) Block Loss: 2.6578e-05
		(Epoch 07/08) Block Loss: 2.6559e-05
		(Epoch 08/08) Block Loss: 2.6546e-05
	(1/3) Block 5/28, mlp.gate_proj | Tuning Non-Factorized Weights...
		(Epoch 01/08) Block Loss: 2.6688e-05
		(Epoch 02/08) Block Loss: 2.6264e-05
		(Epoch 03/08) Block Loss: 2.6001e-05
		(Epoch 04/08) Block Loss: 2.5817e-05
		(Epoch 05/08) Block Loss: 2.5659e-05
		(Epoch 06/08) Block Loss: 2.5553e-05
		(Epoch 07/08) Block Loss: 2.5486e-05
		(Epoch 08/08) Block Loss: 2.5457e-05
	(2/3) Block 5/28, mlp.gate_proj | Initialization via ADMM...
		ADMM weight recon error: raw=1640.8347, norm=0.3561, per_el=5.2161e-04, out_err=0.0347, ADMM time=6.01s
	(3/3) Block 5/28, mlp.gate_proj | Tuning Factorized Weights...
		(Epoch 01/08) Block Loss: 3.1559e-05
		(Epoch 02/08) Block Loss: 3.0289e-05
		(Epoch 03/08) Block Loss: 2.9942e-05
		(Epoch 04/08) Block Loss: 2.9794e-05
		(Epoch 05/08) Block Loss: 2.9727e-05
		(Epoch 06/08) Block Loss: 2.9668e-05
		(Epoch 07/08) Block Loss: 2.9608e-05
		(Epoch 08/08) Block Loss: 2.9487e-05
	(1/3) Block 5/28, mlp.up_proj | Tuning Non-Factorized Weights...
		(Epoch 01/08) Block Loss: 2.8964e-05
		(Epoch 02/08) Block Loss: 2.8362e-05
		(Epoch 03/08) Block Loss: 2.8058e-05
		(Epoch 04/08) Block Loss: 2.7872e-05
		(Epoch 05/08) Block Loss: 2.7725e-05
		(Epoch 06/08) Block Loss: 2.7630e-05
		(Epoch 07/08) Block Loss: 2.7572e-05
		(Epoch 08/08) Block Loss: 2.7547e-05
	(2/3) Block 5/28, mlp.up_proj | Initialization via ADMM...
		ADMM weight recon error: raw=771.4141, norm=0.3680, per_el=2.4523e-04, out_err=0.1643, ADMM time=6.02s
	(3/3) Block 5/28, mlp.up_proj | Tuning Factorized Weights...
		(Epoch 01/08) Block Loss: 3.7102e-05
		(Epoch 02/08) Block Loss: 3.6139e-05
		(Epoch 03/08) Block Loss: 3.5909e-05
		(Epoch 04/08) Block Loss: 3.5809e-05
		(Epoch 05/08) Block Loss: 3.5829e-05
		(Epoch 06/08) Block Loss: 3.5712e-05
		(Epoch 07/08) Block Loss: 3.5656e-05
		(Epoch 08/08) Block Loss: 3.5297e-05
	(1/3) Block 5/28, mlp.down_proj | Tuning Non-Factorized Weights...
		(Epoch 01/08) Block Loss: 3.3962e-05
		(Epoch 02/08) Block Loss: 3.3094e-05
		(Epoch 03/08) Block Loss: 3.2670e-05
		(Epoch 04/08) Block Loss: 3.2426e-05
		(Epoch 05/08) Block Loss: 3.2266e-05
		(Epoch 06/08) Block Loss: 3.2171e-05
		(Epoch 07/08) Block Loss: 3.2120e-05
		(Epoch 08/08) Block Loss: 3.2101e-05
	(2/3) Block 5/28, mlp.down_proj | Initialization via ADMM...
		ADMM weight recon error: raw=746.9001, norm=0.3705, per_el=2.3743e-04, out_err=0.1739, ADMM time=5.93s
	(3/3) Block 5/28, mlp.down_proj | Tuning Factorized Weights...
Compressing Layers:  18%|███████████████████                                                                                        | 5/28 [12:33<55:18, 144.30s/it]Compressing Layers:  21%|██████████████████████▉                                                                                    | 6/28 [14:47<51:37, 140.79s/it]		(Epoch 01/08) Block Loss: 4.4984e-05
		(Epoch 02/08) Block Loss: 4.5001e-05
		(Epoch 03/08) Block Loss: 4.5440e-05
		(Epoch 04/08) Block Loss: 4.5895e-05
		(Epoch 05/08) Block Loss: 4.6095e-05
		(Epoch 06/08) Block Loss: 4.6178e-05
		(Epoch 07/08) Block Loss: 4.6194e-05
		(Epoch 08/08) Block Loss: 4.5679e-05
		Block 4: relative block output error = 0.0016
Using sequence length: 2048 (model max: 2048)
		Block 4: Test Data PPL        = 18.877
	(1/3) Block 6/28, self_attn.q_proj | Tuning Non-Factorized Weights...
		(Epoch 01/08) Block Loss: 3.5632e-05
		(Epoch 02/08) Block Loss: 3.2531e-05
		(Epoch 03/08) Block Loss: 3.0994e-05
		(Epoch 04/08) Block Loss: 3.0059e-05
		(Epoch 05/08) Block Loss: 2.9413e-05
		(Epoch 06/08) Block Loss: 2.9030e-05
		(Epoch 07/08) Block Loss: 2.8826e-05
		(Epoch 08/08) Block Loss: 2.8751e-05
	(2/3) Block 6/28, self_attn.q_proj | Initialization via ADMM...
		ADMM weight recon error: raw=612.5966, norm=0.3063, per_el=2.9211e-04, out_err=0.0468, ADMM time=5.09s
	(3/3) Block 6/28, self_attn.q_proj | Tuning Factorized Weights...
		(Epoch 01/08) Block Loss: 2.9608e-05
		(Epoch 02/08) Block Loss: 2.9377e-05
		(Epoch 03/08) Block Loss: 2.9283e-05
		(Epoch 04/08) Block Loss: 2.9227e-05
		(Epoch 05/08) Block Loss: 2.9190e-05
		(Epoch 06/08) Block Loss: 2.9163e-05
		(Epoch 07/08) Block Loss: 2.9143e-05
		(Epoch 08/08) Block Loss: 2.9127e-05
	(1/3) Block 6/28, self_attn.v_proj | Tuning Non-Factorized Weights...
		(Epoch 01/08) Block Loss: 2.9107e-05
		(Epoch 02/08) Block Loss: 2.8156e-05
		(Epoch 03/08) Block Loss: 2.7533e-05
		(Epoch 04/08) Block Loss: 2.7107e-05
		(Epoch 05/08) Block Loss: 2.6774e-05
		(Epoch 06/08) Block Loss: 2.6561e-05
		(Epoch 07/08) Block Loss: 2.6441e-05
		(Epoch 08/08) Block Loss: 2.6393e-05
	(2/3) Block 6/28, self_attn.v_proj | Initialization via ADMM...
		ADMM weight recon error: raw=320.8385, norm=0.3748, per_el=3.0598e-04, out_err=0.1707, ADMM time=10.30s
	(3/3) Block 6/28, self_attn.v_proj | Tuning Factorized Weights...
		(Epoch 01/08) Block Loss: 3.0895e-05
		(Epoch 02/08) Block Loss: 2.9634e-05
		(Epoch 03/08) Block Loss: 2.9356e-05
		(Epoch 04/08) Block Loss: 2.9234e-05
		(Epoch 05/08) Block Loss: 2.9173e-05
		(Epoch 06/08) Block Loss: 2.9143e-05
		(Epoch 07/08) Block Loss: 2.9121e-05
		(Epoch 08/08) Block Loss: 2.9089e-05
	(1/3) Block 6/28, self_attn.o_proj | Tuning Non-Factorized Weights...
		(Epoch 01/08) Block Loss: 2.8534e-05
		(Epoch 02/08) Block Loss: 2.7629e-05
		(Epoch 03/08) Block Loss: 2.7142e-05
		(Epoch 04/08) Block Loss: 2.6819e-05
		(Epoch 05/08) Block Loss: 2.6567e-05
		(Epoch 06/08) Block Loss: 2.6406e-05
		(Epoch 07/08) Block Loss: 2.6311e-05
		(Epoch 08/08) Block Loss: 2.6272e-05
	(2/3) Block 6/28, self_attn.o_proj | Initialization via ADMM...
		ADMM weight recon error: raw=584.8784, norm=0.3730, per_el=2.7889e-04, out_err=0.1330, ADMM time=5.26s
	(3/3) Block 6/28, self_attn.o_proj | Tuning Factorized Weights...
		(Epoch 01/08) Block Loss: 2.9629e-05
		(Epoch 02/08) Block Loss: 2.9510e-05
		(Epoch 03/08) Block Loss: 2.9562e-05
		(Epoch 04/08) Block Loss: 2.9692e-05
		(Epoch 05/08) Block Loss: 2.9679e-05
		(Epoch 06/08) Block Loss: 2.9732e-05
		(Epoch 07/08) Block Loss: 2.9745e-05
		(Epoch 08/08) Block Loss: 2.9564e-05
	(1/3) Block 6/28, self_attn.k_proj | Tuning Non-Factorized Weights...
		(Epoch 01/08) Block Loss: 2.8822e-05
		(Epoch 02/08) Block Loss: 2.8013e-05
		(Epoch 03/08) Block Loss: 2.7603e-05
		(Epoch 04/08) Block Loss: 2.7341e-05
		(Epoch 05/08) Block Loss: 2.7138e-05
		(Epoch 06/08) Block Loss: 2.7009e-05
		(Epoch 07/08) Block Loss: 2.6932e-05
		(Epoch 08/08) Block Loss: 2.6900e-05
	(2/3) Block 6/28, self_attn.k_proj | Initialization via ADMM...
		ADMM weight recon error: raw=275.0540, norm=0.3244, per_el=2.6231e-04, out_err=0.0499, ADMM time=10.42s
	(3/3) Block 6/28, self_attn.k_proj | Tuning Factorized Weights...
		(Epoch 01/08) Block Loss: 2.9975e-05
		(Epoch 02/08) Block Loss: 2.7992e-05
		(Epoch 03/08) Block Loss: 2.7583e-05
		(Epoch 04/08) Block Loss: 2.7456e-05
		(Epoch 05/08) Block Loss: 2.7410e-05
		(Epoch 06/08) Block Loss: 2.7389e-05
		(Epoch 07/08) Block Loss: 2.7374e-05
		(Epoch 08/08) Block Loss: 2.7363e-05
	(1/3) Block 6/28, mlp.gate_proj | Tuning Non-Factorized Weights...
		(Epoch 01/08) Block Loss: 2.7487e-05
		(Epoch 02/08) Block Loss: 2.7129e-05
		(Epoch 03/08) Block Loss: 2.6901e-05
		(Epoch 04/08) Block Loss: 2.6743e-05
		(Epoch 05/08) Block Loss: 2.6607e-05
		(Epoch 06/08) Block Loss: 2.6516e-05
		(Epoch 07/08) Block Loss: 2.6458e-05
		(Epoch 08/08) Block Loss: 2.6432e-05
	(2/3) Block 6/28, mlp.gate_proj | Initialization via ADMM...
		ADMM weight recon error: raw=1320.7310, norm=0.3513, per_el=4.1985e-04, out_err=0.0510, ADMM time=6.29s
	(3/3) Block 6/28, mlp.gate_proj | Tuning Factorized Weights...
		(Epoch 01/08) Block Loss: 3.1503e-05
		(Epoch 02/08) Block Loss: 3.0916e-05
		(Epoch 03/08) Block Loss: 3.0793e-05
		(Epoch 04/08) Block Loss: 3.0761e-05
		(Epoch 05/08) Block Loss: 3.0754e-05
		(Epoch 06/08) Block Loss: 3.0732e-05
		(Epoch 07/08) Block Loss: 3.0699e-05
		(Epoch 08/08) Block Loss: 3.0542e-05
	(1/3) Block 6/28, mlp.up_proj | Tuning Non-Factorized Weights...
		(Epoch 01/08) Block Loss: 2.9905e-05
		(Epoch 02/08) Block Loss: 2.9346e-05
		(Epoch 03/08) Block Loss: 2.9062e-05
		(Epoch 04/08) Block Loss: 2.8888e-05
		(Epoch 05/08) Block Loss: 2.8753e-05
		(Epoch 06/08) Block Loss: 2.8667e-05
		(Epoch 07/08) Block Loss: 2.8615e-05
		(Epoch 08/08) Block Loss: 2.8593e-05
	(2/3) Block 6/28, mlp.up_proj | Initialization via ADMM...
		ADMM weight recon error: raw=866.5015, norm=0.3659, per_el=2.7545e-04, out_err=0.1656, ADMM time=6.09s
	(3/3) Block 6/28, mlp.up_proj | Tuning Factorized Weights...
		(Epoch 01/08) Block Loss: 3.6941e-05
		(Epoch 02/08) Block Loss: 3.6316e-05
		(Epoch 03/08) Block Loss: 3.6225e-05
		(Epoch 04/08) Block Loss: 3.6243e-05
		(Epoch 05/08) Block Loss: 3.6268e-05
		(Epoch 06/08) Block Loss: 3.6217e-05
		(Epoch 07/08) Block Loss: 3.6167e-05
		(Epoch 08/08) Block Loss: 3.5838e-05
	(1/3) Block 6/28, mlp.down_proj | Tuning Non-Factorized Weights...
		(Epoch 01/08) Block Loss: 3.4570e-05
		(Epoch 02/08) Block Loss: 3.3797e-05
		(Epoch 03/08) Block Loss: 3.3409e-05
		(Epoch 04/08) Block Loss: 3.3181e-05
		(Epoch 05/08) Block Loss: 3.3030e-05
		(Epoch 06/08) Block Loss: 3.2941e-05
		(Epoch 07/08) Block Loss: 3.2893e-05
		(Epoch 08/08) Block Loss: 3.2876e-05
	(2/3) Block 6/28, mlp.down_proj | Initialization via ADMM...
		ADMM weight recon error: raw=848.9067, norm=0.3710, per_el=2.6986e-04, out_err=0.1900, ADMM time=4.80s
	(3/3) Block 6/28, mlp.down_proj | Tuning Factorized Weights...
		(Epoch 01/08) Block Loss: 4.3353e-05
		(Epoch 02/08) Block Loss: 4.3291e-05
		(Epoch 03/08) Block Loss: 4.3574e-05
		(Epoch 04/08) Block Loss: 4.3868e-05
		(Epoch 05/08) Block Loss: 4.4045e-05
		(Epoch 06/08) Block Loss: 4.4075e-05
		(Epoch 07/08) Block Loss: 4.4197e-05
		(Epoch 08/08) Block Loss: 4.3698e-05
		Block 5: relative block output error = 0.0021
Using sequence length: 2048 (model max: 2048)
		Block 5: Test Data PPL        = 19.289
	(1/3) Block 7/28, self_attn.q_proj | Tuning Non-Factorized Weights...
		(Epoch 01/08) Block Loss: 2.9479e-05
		(Epoch 02/08) Block Loss: 2.7319e-05
		(Epoch 03/08) Block Loss: 2.6199e-05
		(Epoch 04/08) Block Loss: 2.5524e-05
		(Epoch 05/08) Block Loss: 2.4990e-05
		(Epoch 06/08) Block Loss: 2.4696e-05
		(Epoch 07/08) Block Loss: 2.4542e-05
		(Epoch 08/08) Block Loss: 2.4485e-05
	(2/3) Block 7/28, self_attn.q_proj | Initialization via ADMM...
		ADMM weight recon error: raw=493.3257, norm=0.2517, per_el=2.3524e-04, out_err=0.0347, ADMM time=5.05s
	(3/3) Block 7/28, self_attn.q_proj | Tuning Factorized Weights...
		(Epoch 01/08) Block Loss: 2.5019e-05
		(Epoch 02/08) Block Loss: 2.4913e-05
		(Epoch 03/08) Block Loss: 2.4869e-05
		(Epoch 04/08) Block Loss: 2.4839e-05
		(Epoch 05/08) Block Loss: 2.4816e-05
		(Epoch 06/08) Block Loss: 2.4801e-05
		(Epoch 07/08) Block Loss: 2.4789e-05
		(Epoch 08/08) Block Loss: 2.4776e-05
	(1/3) Block 7/28, self_attn.v_proj | Tuning Non-Factorized Weights...
		(Epoch 01/08) Block Loss: 2.4821e-05
		(Epoch 02/08) Block Loss: 2.4291e-05
Compressing Layers:  25%|██████████████████████████▊                                                                                | 7/28 [17:01<48:27, 138.46s/it]		(Epoch 03/08) Block Loss: 2.3872e-05
		(Epoch 04/08) Block Loss: 2.3402e-05
		(Epoch 05/08) Block Loss: 2.3117e-05
		(Epoch 06/08) Block Loss: 2.2954e-05
		(Epoch 07/08) Block Loss: 2.2864e-05
		(Epoch 08/08) Block Loss: 2.2828e-05
	(2/3) Block 7/28, self_attn.v_proj | Initialization via ADMM...
		ADMM weight recon error: raw=315.0762, norm=0.3681, per_el=3.0048e-04, out_err=0.1919, ADMM time=9.23s
	(3/3) Block 7/28, self_attn.v_proj | Tuning Factorized Weights...
		(Epoch 01/08) Block Loss: 2.5543e-05
		(Epoch 02/08) Block Loss: 2.4866e-05
		(Epoch 03/08) Block Loss: 2.4739e-05
		(Epoch 04/08) Block Loss: 2.4663e-05
		(Epoch 05/08) Block Loss: 2.4629e-05
		(Epoch 06/08) Block Loss: 2.4609e-05
		(Epoch 07/08) Block Loss: 2.4587e-05
		(Epoch 08/08) Block Loss: 2.4561e-05
	(1/3) Block 7/28, self_attn.o_proj | Tuning Non-Factorized Weights...
		(Epoch 01/08) Block Loss: 2.4279e-05
		(Epoch 02/08) Block Loss: 2.3647e-05
		(Epoch 03/08) Block Loss: 2.3353e-05
		(Epoch 04/08) Block Loss: 2.3025e-05
		(Epoch 05/08) Block Loss: 2.2823e-05
		(Epoch 06/08) Block Loss: 2.2698e-05
		(Epoch 07/08) Block Loss: 2.2625e-05
		(Epoch 08/08) Block Loss: 2.2594e-05
	(2/3) Block 7/28, self_attn.o_proj | Initialization via ADMM...
		ADMM weight recon error: raw=467.2272, norm=0.3435, per_el=2.2279e-04, out_err=0.0974, ADMM time=5.05s
	(3/3) Block 7/28, self_attn.o_proj | Tuning Factorized Weights...
		(Epoch 01/08) Block Loss: 2.4204e-05
		(Epoch 02/08) Block Loss: 2.4120e-05
		(Epoch 03/08) Block Loss: 2.4138e-05
		(Epoch 04/08) Block Loss: 2.4154e-05
		(Epoch 05/08) Block Loss: 2.4192e-05
		(Epoch 06/08) Block Loss: 2.4132e-05
		(Epoch 07/08) Block Loss: 2.4145e-05
		(Epoch 08/08) Block Loss: 2.4057e-05
	(1/3) Block 7/28, self_attn.k_proj | Tuning Non-Factorized Weights...
		(Epoch 01/08) Block Loss: 2.3853e-05
		(Epoch 02/08) Block Loss: 2.3382e-05
		(Epoch 03/08) Block Loss: 2.3122e-05
		(Epoch 04/08) Block Loss: 2.2939e-05
		(Epoch 05/08) Block Loss: 2.2796e-05
		(Epoch 06/08) Block Loss: 2.2703e-05
		(Epoch 07/08) Block Loss: 2.2646e-05
		(Epoch 08/08) Block Loss: 2.2621e-05
	(2/3) Block 7/28, self_attn.k_proj | Initialization via ADMM...
		ADMM weight recon error: raw=234.7791, norm=0.2822, per_el=2.2390e-04, out_err=0.0518, ADMM time=11.32s
	(3/3) Block 7/28, self_attn.k_proj | Tuning Factorized Weights...
		(Epoch 01/08) Block Loss: 2.5277e-05
		(Epoch 02/08) Block Loss: 2.3422e-05
		(Epoch 03/08) Block Loss: 2.3140e-05
		(Epoch 04/08) Block Loss: 2.3044e-05
		(Epoch 05/08) Block Loss: 2.3006e-05
		(Epoch 06/08) Block Loss: 2.2983e-05
		(Epoch 07/08) Block Loss: 2.2972e-05
		(Epoch 08/08) Block Loss: 2.2963e-05
	(1/3) Block 7/28, mlp.gate_proj | Tuning Non-Factorized Weights...
		(Epoch 01/08) Block Loss: 2.3088e-05
		(Epoch 02/08) Block Loss: 2.2828e-05
		(Epoch 03/08) Block Loss: 2.2663e-05
		(Epoch 04/08) Block Loss: 2.2546e-05
		(Epoch 05/08) Block Loss: 2.2443e-05
		(Epoch 06/08) Block Loss: 2.2374e-05
		(Epoch 07/08) Block Loss: 2.2329e-05
		(Epoch 08/08) Block Loss: 2.2309e-05
	(2/3) Block 7/28, mlp.gate_proj | Initialization via ADMM...
		ADMM weight recon error: raw=1270.3713, norm=0.3576, per_el=4.0384e-04, out_err=0.0462, ADMM time=5.38s
	(3/3) Block 7/28, mlp.gate_proj | Tuning Factorized Weights...
		(Epoch 01/08) Block Loss: 2.6043e-05
		(Epoch 02/08) Block Loss: 2.5668e-05
		(Epoch 03/08) Block Loss: 2.5586e-05
		(Epoch 04/08) Block Loss: 2.5580e-05
		(Epoch 05/08) Block Loss: 2.5585e-05
		(Epoch 06/08) Block Loss: 2.5561e-05
		(Epoch 07/08) Block Loss: 2.5528e-05
		(Epoch 08/08) Block Loss: 2.5407e-05
	(1/3) Block 7/28, mlp.up_proj | Tuning Non-Factorized Weights...
		(Epoch 01/08) Block Loss: 2.4964e-05
		(Epoch 02/08) Block Loss: 2.4551e-05
		(Epoch 03/08) Block Loss: 2.4343e-05
		(Epoch 04/08) Block Loss: 2.4214e-05
		(Epoch 05/08) Block Loss: 2.4114e-05
		(Epoch 06/08) Block Loss: 2.4049e-05
		(Epoch 07/08) Block Loss: 2.4009e-05
		(Epoch 08/08) Block Loss: 2.3992e-05
	(2/3) Block 7/28, mlp.up_proj | Initialization via ADMM...
		ADMM weight recon error: raw=871.4781, norm=0.3705, per_el=2.7704e-04, out_err=0.1719, ADMM time=6.08s
	(3/3) Block 7/28, mlp.up_proj | Tuning Factorized Weights...
		(Epoch 01/08) Block Loss: 3.0395e-05
		(Epoch 02/08) Block Loss: 2.9952e-05
		(Epoch 03/08) Block Loss: 2.9903e-05
		(Epoch 04/08) Block Loss: 2.9978e-05
		(Epoch 05/08) Block Loss: 3.0012e-05
		(Epoch 06/08) Block Loss: 2.9913e-05
		(Epoch 07/08) Block Loss: 2.9901e-05
		(Epoch 08/08) Block Loss: 2.9593e-05
	(1/3) Block 7/28, mlp.down_proj | Tuning Non-Factorized Weights...
		(Epoch 01/08) Block Loss: 2.8639e-05
		(Epoch 02/08) Block Loss: 2.8073e-05
		(Epoch 03/08) Block Loss: 2.7787e-05
		(Epoch 04/08) Block Loss: 2.7618e-05
		(Epoch 05/08) Block Loss: 2.7504e-05
		(Epoch 06/08) Block Loss: 2.7438e-05
		(Epoch 07/08) Block Loss: 2.7402e-05
		(Epoch 08/08) Block Loss: 2.7389e-05
	(2/3) Block 7/28, mlp.down_proj | Initialization via ADMM...
		ADMM weight recon error: raw=790.3171, norm=0.3554, per_el=2.5124e-04, out_err=0.1840, ADMM time=5.04s
	(3/3) Block 7/28, mlp.down_proj | Tuning Factorized Weights...
		(Epoch 01/08) Block Loss: 3.4837e-05
		(Epoch 02/08) Block Loss: 3.4823e-05
		(Epoch 03/08) Block Loss: 3.5040e-05
		(Epoch 04/08) Block Loss: 3.5242e-05
		(Epoch 05/08) Block Loss: 3.5395e-05
		(Epoch 06/08) Block Loss: 3.5441e-05
		(Epoch 07/08) Block Loss: 3.5478e-05
		(Epoch 08/08) Block Loss: 3.5103e-05
		Block 6: relative block output error = 0.0026
Using sequence length: 2048 (model max: 2048)
		Block 6: Test Data PPL        = 19.339
	(1/3) Block 8/28, self_attn.q_proj | Tuning Non-Factorized Weights...
		(Epoch 01/08) Block Loss: 3.7760e-05
		(Epoch 02/08) Block Loss: 3.5351e-05
		(Epoch 03/08) Block Loss: 3.4129e-05
		(Epoch 04/08) Block Loss: 3.3153e-05
		(Epoch 05/08) Block Loss: 3.2538e-05
		(Epoch 06/08) Block Loss: 3.2171e-05
		(Epoch 07/08) Block Loss: 3.1976e-05
		(Epoch 08/08) Block Loss: 3.1904e-05
	(2/3) Block 8/28, self_attn.q_proj | Initialization via ADMM...
		ADMM weight recon error: raw=545.4727, norm=0.3071, per_el=2.6010e-04, out_err=0.0467, ADMM time=5.51s
	(3/3) Block 8/28, self_attn.q_proj | Tuning Factorized Weights...
		(Epoch 01/08) Block Loss: 3.2714e-05
		(Epoch 02/08) Block Loss: 3.2488e-05
		(Epoch 03/08) Block Loss: 3.2402e-05
		(Epoch 04/08) Block Loss: 3.2344e-05
		(Epoch 05/08) Block Loss: 3.2304e-05
		(Epoch 06/08) Block Loss: 3.2270e-05
		(Epoch 07/08) Block Loss: 3.2244e-05
		(Epoch 08/08) Block Loss: 3.2225e-05
	(1/3) Block 8/28, self_attn.v_proj | Tuning Non-Factorized Weights...
		(Epoch 01/08) Block Loss: 3.2293e-05
		(Epoch 02/08) Block Loss: 3.1409e-05
		(Epoch 03/08) Block Loss: 3.0882e-05
		(Epoch 04/08) Block Loss: 3.0411e-05
		(Epoch 05/08) Block Loss: 3.0097e-05
		(Epoch 06/08) Block Loss: 2.9878e-05
		(Epoch 07/08) Block Loss: 2.9759e-05
		(Epoch 08/08) Block Loss: 2.9712e-05
	(2/3) Block 8/28, self_attn.v_proj | Initialization via ADMM...
		ADMM weight recon error: raw=301.6604, norm=0.3661, per_el=2.8769e-04, out_err=0.1934, ADMM time=8.01s
	(3/3) Block 8/28, self_attn.v_proj | Tuning Factorized Weights...
		(Epoch 01/08) Block Loss: 3.3588e-05
		(Epoch 02/08) Block Loss: 3.2910e-05
		(Epoch 03/08) Block Loss: 3.2786e-05
		(Epoch 04/08) Block Loss: 3.2722e-05
		(Epoch 05/08) Block Loss: 3.2681e-05
		(Epoch 06/08) Block Loss: 3.2656e-05
		(Epoch 07/08) Block Loss: 3.2656e-05
		(Epoch 08/08) Block Loss: 3.2586e-05
	(1/3) Block 8/28, self_attn.o_proj | Tuning Non-Factorized Weights...
		(Epoch 01/08) Block Loss: 3.2083e-05
		(Epoch 02/08) Block Loss: 3.1144e-05
		(Epoch 03/08) Block Loss: 3.0662e-05
		(Epoch 04/08) Block Loss: 3.0330e-05
		(Epoch 05/08) Block Loss: 3.0076e-05
		(Epoch 06/08) Block Loss: 2.9911e-05
		(Epoch 07/08) Block Loss: 2.9814e-05
		(Epoch 08/08) Block Loss: 2.9774e-05
	(2/3) Block 8/28, self_attn.o_proj | Initialization via ADMM...
		ADMM weight recon error: raw=470.5829, norm=0.3400, per_el=2.2439e-04, out_err=0.1472, ADMM time=5.97s
	(3/3) Block 8/28, self_attn.o_proj | Tuning Factorized Weights...
		(Epoch 01/08) Block Loss: 3.2568e-05
		(Epoch 02/08) Block Loss: 3.2466e-05
		(Epoch 03/08) Block Loss: 3.2540e-05
		(Epoch 04/08) Block Loss: 3.2593e-05
Compressing Layers:  29%|██████████████████████████████▌                                                                            | 8/28 [19:17<45:53, 137.67s/it]		(Epoch 05/08) Block Loss: 3.2554e-05
		(Epoch 06/08) Block Loss: 3.2509e-05
		(Epoch 07/08) Block Loss: 3.2554e-05
		(Epoch 08/08) Block Loss: 3.2376e-05
	(1/3) Block 8/28, self_attn.k_proj | Tuning Non-Factorized Weights...
		(Epoch 01/08) Block Loss: 3.1946e-05
		(Epoch 02/08) Block Loss: 3.1238e-05
		(Epoch 03/08) Block Loss: 3.0881e-05
		(Epoch 04/08) Block Loss: 3.0632e-05
		(Epoch 05/08) Block Loss: 3.0446e-05
		(Epoch 06/08) Block Loss: 3.0325e-05
		(Epoch 07/08) Block Loss: 3.0252e-05
		(Epoch 08/08) Block Loss: 3.0221e-05
	(2/3) Block 8/28, self_attn.k_proj | Initialization via ADMM...
		ADMM weight recon error: raw=240.7306, norm=0.3201, per_el=2.2958e-04, out_err=0.0529, ADMM time=11.76s
	(3/3) Block 8/28, self_attn.k_proj | Tuning Factorized Weights...
		(Epoch 01/08) Block Loss: 3.3590e-05
		(Epoch 02/08) Block Loss: 3.1346e-05
		(Epoch 03/08) Block Loss: 3.0932e-05
		(Epoch 04/08) Block Loss: 3.0799e-05
		(Epoch 05/08) Block Loss: 3.0737e-05
		(Epoch 06/08) Block Loss: 3.0710e-05
		(Epoch 07/08) Block Loss: 3.0694e-05
		(Epoch 08/08) Block Loss: 3.0680e-05
	(1/3) Block 8/28, mlp.gate_proj | Tuning Non-Factorized Weights...
		(Epoch 01/08) Block Loss: 3.0824e-05
		(Epoch 02/08) Block Loss: 3.0488e-05
		(Epoch 03/08) Block Loss: 3.0283e-05
		(Epoch 04/08) Block Loss: 3.0130e-05
		(Epoch 05/08) Block Loss: 3.0003e-05
		(Epoch 06/08) Block Loss: 2.9916e-05
		(Epoch 07/08) Block Loss: 2.9861e-05
		(Epoch 08/08) Block Loss: 2.9837e-05
	(2/3) Block 8/28, mlp.gate_proj | Initialization via ADMM...
		ADMM weight recon error: raw=1216.8403, norm=0.3441, per_el=3.8682e-04, out_err=0.0465, ADMM time=5.99s
	(3/3) Block 8/28, mlp.gate_proj | Tuning Factorized Weights...
		(Epoch 01/08) Block Loss: 3.4090e-05
		(Epoch 02/08) Block Loss: 3.3660e-05
		(Epoch 03/08) Block Loss: 3.3586e-05
		(Epoch 04/08) Block Loss: 3.3576e-05
		(Epoch 05/08) Block Loss: 3.3592e-05
		(Epoch 06/08) Block Loss: 3.3554e-05
		(Epoch 07/08) Block Loss: 3.3516e-05
		(Epoch 08/08) Block Loss: 3.3354e-05
	(1/3) Block 8/28, mlp.up_proj | Tuning Non-Factorized Weights...
		(Epoch 01/08) Block Loss: 3.2876e-05
		(Epoch 02/08) Block Loss: 3.2407e-05
		(Epoch 03/08) Block Loss: 3.2166e-05
		(Epoch 04/08) Block Loss: 3.2014e-05
		(Epoch 05/08) Block Loss: 3.1895e-05
		(Epoch 06/08) Block Loss: 3.1818e-05
		(Epoch 07/08) Block Loss: 3.1770e-05
		(Epoch 08/08) Block Loss: 3.1750e-05
	(2/3) Block 8/28, mlp.up_proj | Initialization via ADMM...
		ADMM weight recon error: raw=852.2896, norm=0.3648, per_el=2.7094e-04, out_err=0.1653, ADMM time=6.07s
	(3/3) Block 8/28, mlp.up_proj | Tuning Factorized Weights...
		(Epoch 01/08) Block Loss: 3.9344e-05
		(Epoch 02/08) Block Loss: 3.8837e-05
		(Epoch 03/08) Block Loss: 3.8802e-05
		(Epoch 04/08) Block Loss: 3.8922e-05
		(Epoch 05/08) Block Loss: 3.9063e-05
		(Epoch 06/08) Block Loss: 3.8783e-05
		(Epoch 07/08) Block Loss: 3.8762e-05
		(Epoch 08/08) Block Loss: 3.8391e-05
	(1/3) Block 8/28, mlp.down_proj | Tuning Non-Factorized Weights...
		(Epoch 01/08) Block Loss: 3.7329e-05
		(Epoch 02/08) Block Loss: 3.6675e-05
		(Epoch 03/08) Block Loss: 3.6335e-05
		(Epoch 04/08) Block Loss: 3.6133e-05
		(Epoch 05/08) Block Loss: 3.5997e-05
		(Epoch 06/08) Block Loss: 3.5917e-05
		(Epoch 07/08) Block Loss: 3.5874e-05
		(Epoch 08/08) Block Loss: 3.5858e-05
	(2/3) Block 8/28, mlp.down_proj | Initialization via ADMM...
		ADMM weight recon error: raw=763.7682, norm=0.3536, per_el=2.4280e-04, out_err=0.1833, ADMM time=5.38s
	(3/3) Block 8/28, mlp.down_proj | Tuning Factorized Weights...
		(Epoch 01/08) Block Loss: 4.4486e-05
		(Epoch 02/08) Block Loss: 4.4445e-05
		(Epoch 03/08) Block Loss: 4.4860e-05
		(Epoch 04/08) Block Loss: 4.5202e-05
		(Epoch 05/08) Block Loss: 4.5474e-05
		(Epoch 06/08) Block Loss: 4.5168e-05
		(Epoch 07/08) Block Loss: 4.5222e-05
		(Epoch 08/08) Block Loss: 4.4886e-05
		Block 7: relative block output error = 0.0029
Using sequence length: 2048 (model max: 2048)
		Block 7: Test Data PPL        = 19.478
	(1/3) Block 9/28, self_attn.q_proj | Tuning Non-Factorized Weights...
		(Epoch 01/08) Block Loss: 2.4680e-05
		(Epoch 02/08) Block Loss: 2.3137e-05
		(Epoch 03/08) Block Loss: 2.2338e-05
		(Epoch 04/08) Block Loss: 2.1814e-05
		(Epoch 05/08) Block Loss: 2.1455e-05
		(Epoch 06/08) Block Loss: 2.1239e-05
		(Epoch 07/08) Block Loss: 2.1122e-05
		(Epoch 08/08) Block Loss: 2.1078e-05
	(2/3) Block 9/28, self_attn.q_proj | Initialization via ADMM...
		ADMM weight recon error: raw=539.2616, norm=0.2785, per_el=2.5714e-04, out_err=0.0511, ADMM time=5.50s
	(3/3) Block 9/28, self_attn.q_proj | Tuning Factorized Weights...
		(Epoch 01/08) Block Loss: 2.1524e-05
		(Epoch 02/08) Block Loss: 2.1431e-05
		(Epoch 03/08) Block Loss: 2.1395e-05
		(Epoch 04/08) Block Loss: 2.1371e-05
		(Epoch 05/08) Block Loss: 2.1356e-05
		(Epoch 06/08) Block Loss: 2.1344e-05
		(Epoch 07/08) Block Loss: 2.1333e-05
		(Epoch 08/08) Block Loss: 2.1321e-05
	(1/3) Block 9/28, self_attn.v_proj | Tuning Non-Factorized Weights...
		(Epoch 01/08) Block Loss: 2.1353e-05
		(Epoch 02/08) Block Loss: 2.0823e-05
		(Epoch 03/08) Block Loss: 2.0483e-05
		(Epoch 04/08) Block Loss: 2.0219e-05
		(Epoch 05/08) Block Loss: 2.0022e-05
		(Epoch 06/08) Block Loss: 1.9897e-05
		(Epoch 07/08) Block Loss: 1.9826e-05
		(Epoch 08/08) Block Loss: 1.9797e-05
	(2/3) Block 9/28, self_attn.v_proj | Initialization via ADMM...
		ADMM weight recon error: raw=300.2794, norm=0.3662, per_el=2.8637e-04, out_err=0.1561, ADMM time=8.24s
	(3/3) Block 9/28, self_attn.v_proj | Tuning Factorized Weights...
		(Epoch 01/08) Block Loss: 2.1692e-05
		(Epoch 02/08) Block Loss: 2.1311e-05
		(Epoch 03/08) Block Loss: 2.1218e-05
		(Epoch 04/08) Block Loss: 2.1169e-05
		(Epoch 05/08) Block Loss: 2.1139e-05
		(Epoch 06/08) Block Loss: 2.1123e-05
		(Epoch 07/08) Block Loss: 2.1111e-05
		(Epoch 08/08) Block Loss: 2.1096e-05
	(1/3) Block 9/28, self_attn.o_proj | Tuning Non-Factorized Weights...
		(Epoch 01/08) Block Loss: 2.0906e-05
		(Epoch 02/08) Block Loss: 2.0416e-05
		(Epoch 03/08) Block Loss: 2.0140e-05
		(Epoch 04/08) Block Loss: 1.9950e-05
		(Epoch 05/08) Block Loss: 1.9803e-05
		(Epoch 06/08) Block Loss: 1.9708e-05
		(Epoch 07/08) Block Loss: 1.9650e-05
		(Epoch 08/08) Block Loss: 1.9626e-05
	(2/3) Block 9/28, self_attn.o_proj | Initialization via ADMM...
		ADMM weight recon error: raw=435.1027, norm=0.3276, per_el=2.0747e-04, out_err=0.1104, ADMM time=5.92s
	(3/3) Block 9/28, self_attn.o_proj | Tuning Factorized Weights...
		(Epoch 01/08) Block Loss: 2.0925e-05
		(Epoch 02/08) Block Loss: 2.0881e-05
		(Epoch 03/08) Block Loss: 2.0893e-05
		(Epoch 04/08) Block Loss: 2.0931e-05
		(Epoch 05/08) Block Loss: 2.0965e-05
		(Epoch 06/08) Block Loss: 2.0930e-05
		(Epoch 07/08) Block Loss: 2.0928e-05
		(Epoch 08/08) Block Loss: 2.0861e-05
	(1/3) Block 9/28, self_attn.k_proj | Tuning Non-Factorized Weights...
		(Epoch 01/08) Block Loss: 2.0675e-05
		(Epoch 02/08) Block Loss: 2.0313e-05
		(Epoch 03/08) Block Loss: 2.0115e-05
		(Epoch 04/08) Block Loss: 1.9978e-05
		(Epoch 05/08) Block Loss: 1.9869e-05
		(Epoch 06/08) Block Loss: 1.9799e-05
		(Epoch 07/08) Block Loss: 1.9755e-05
		(Epoch 08/08) Block Loss: 1.9736e-05
	(2/3) Block 9/28, self_attn.k_proj | Initialization via ADMM...
		ADMM weight recon error: raw=226.5970, norm=0.2861, per_el=2.1610e-04, out_err=0.0568, ADMM time=11.42s
	(3/3) Block 9/28, self_attn.k_proj | Tuning Factorized Weights...
		(Epoch 01/08) Block Loss: 2.1511e-05
		(Epoch 02/08) Block Loss: 2.0213e-05
		(Epoch 03/08) Block Loss: 2.0074e-05
		(Epoch 04/08) Block Loss: 2.0022e-05
		(Epoch 05/08) Block Loss: 1.9999e-05
		(Epoch 06/08) Block Loss: 1.9988e-05
		(Epoch 07/08) Block Loss: 1.9982e-05
		(Epoch 08/08) Block Loss: 1.9975e-05
	(1/3) Block 9/28, mlp.gate_proj | Tuning Non-Factorized Weights...
		(Epoch 01/08) Block Loss: 2.0079e-05
		(Epoch 02/08) Block Loss: 1.9883e-05
		(Epoch 03/08) Block Loss: 1.9760e-05
		(Epoch 04/08) Block Loss: 1.9670e-05
		(Epoch 05/08) Block Loss: 1.9592e-05
		(Epoch 06/08) Block Loss: 1.9539e-05
		(Epoch 07/08) Block Loss: 1.9505e-05
		(Epoch 08/08) Block Loss: 1.9490e-05
	(2/3) Block 9/28, mlp.gate_proj | Initialization via ADMM...
Compressing Layers:  32%|██████████████████████████████████▍                                                                        | 9/28 [21:33<43:23, 137.04s/it]		ADMM weight recon error: raw=1177.8757, norm=0.3440, per_el=3.7444e-04, out_err=0.0464, ADMM time=6.01s
	(3/3) Block 9/28, mlp.gate_proj | Tuning Factorized Weights...
		(Epoch 01/08) Block Loss: 2.2044e-05
		(Epoch 02/08) Block Loss: 2.1810e-05
		(Epoch 03/08) Block Loss: 2.1783e-05
		(Epoch 04/08) Block Loss: 2.1788e-05
		(Epoch 05/08) Block Loss: 2.1795e-05
		(Epoch 06/08) Block Loss: 2.1778e-05
		(Epoch 07/08) Block Loss: 2.1758e-05
		(Epoch 08/08) Block Loss: 2.1640e-05
	(1/3) Block 9/28, mlp.up_proj | Tuning Non-Factorized Weights...
		(Epoch 01/08) Block Loss: 2.1352e-05
		(Epoch 02/08) Block Loss: 2.1067e-05
		(Epoch 03/08) Block Loss: 2.0919e-05
		(Epoch 04/08) Block Loss: 2.0826e-05
		(Epoch 05/08) Block Loss: 2.0752e-05
		(Epoch 06/08) Block Loss: 2.0704e-05
		(Epoch 07/08) Block Loss: 2.0675e-05
		(Epoch 08/08) Block Loss: 2.0662e-05
	(2/3) Block 9/28, mlp.up_proj | Initialization via ADMM...
		ADMM weight recon error: raw=847.5206, norm=0.3653, per_el=2.6942e-04, out_err=0.1586, ADMM time=6.19s
	(3/3) Block 9/28, mlp.up_proj | Tuning Factorized Weights...
		(Epoch 01/08) Block Loss: 2.4987e-05
		(Epoch 02/08) Block Loss: 2.4709e-05
		(Epoch 03/08) Block Loss: 2.4704e-05
		(Epoch 04/08) Block Loss: 2.4791e-05
		(Epoch 05/08) Block Loss: 2.4811e-05
		(Epoch 06/08) Block Loss: 2.4668e-05
		(Epoch 07/08) Block Loss: 2.4702e-05
		(Epoch 08/08) Block Loss: 2.4439e-05
	(1/3) Block 9/28, mlp.down_proj | Tuning Non-Factorized Weights...
		(Epoch 01/08) Block Loss: 2.3879e-05
		(Epoch 02/08) Block Loss: 2.3518e-05
		(Epoch 03/08) Block Loss: 2.3329e-05
		(Epoch 04/08) Block Loss: 2.3216e-05
		(Epoch 05/08) Block Loss: 2.3138e-05
		(Epoch 06/08) Block Loss: 2.3092e-05
		(Epoch 07/08) Block Loss: 2.3067e-05
		(Epoch 08/08) Block Loss: 2.3057e-05
	(2/3) Block 9/28, mlp.down_proj | Initialization via ADMM...
		ADMM weight recon error: raw=754.6651, norm=0.3443, per_el=2.3990e-04, out_err=0.1852, ADMM time=6.22s
	(3/3) Block 9/28, mlp.down_proj | Tuning Factorized Weights...
		(Epoch 01/08) Block Loss: 2.7962e-05
		(Epoch 02/08) Block Loss: 2.8004e-05
		(Epoch 03/08) Block Loss: 2.8253e-05
		(Epoch 04/08) Block Loss: 2.8361e-05
		(Epoch 05/08) Block Loss: 2.8462e-05
		(Epoch 06/08) Block Loss: 2.8560e-05
		(Epoch 07/08) Block Loss: 2.8479e-05
		(Epoch 08/08) Block Loss: 2.8171e-05
		Block 8: relative block output error = 0.0034
Using sequence length: 2048 (model max: 2048)
		Block 8: Test Data PPL        = 19.589
	(1/3) Block 10/28, self_attn.q_proj | Tuning Non-Factorized Weights...
		(Epoch 01/08) Block Loss: 2.1610e-05
		(Epoch 02/08) Block Loss: 2.0464e-05
		(Epoch 03/08) Block Loss: 1.9871e-05
		(Epoch 04/08) Block Loss: 1.9394e-05
		(Epoch 05/08) Block Loss: 1.9106e-05
		(Epoch 06/08) Block Loss: 1.8927e-05
		(Epoch 07/08) Block Loss: 1.8826e-05
		(Epoch 08/08) Block Loss: 1.8789e-05
	(2/3) Block 10/28, self_attn.q_proj | Initialization via ADMM...
		ADMM weight recon error: raw=545.4879, norm=0.2829, per_el=2.6011e-04, out_err=0.0410, ADMM time=5.07s
	(3/3) Block 10/28, self_attn.q_proj | Tuning Factorized Weights...
		(Epoch 01/08) Block Loss: 1.9236e-05
		(Epoch 02/08) Block Loss: 1.9129e-05
		(Epoch 03/08) Block Loss: 1.9090e-05
		(Epoch 04/08) Block Loss: 1.9064e-05
		(Epoch 05/08) Block Loss: 1.9046e-05
		(Epoch 06/08) Block Loss: 1.9031e-05
		(Epoch 07/08) Block Loss: 1.9022e-05
		(Epoch 08/08) Block Loss: 1.9009e-05
	(1/3) Block 10/28, self_attn.v_proj | Tuning Non-Factorized Weights...
		(Epoch 01/08) Block Loss: 1.9137e-05
		(Epoch 02/08) Block Loss: 1.8807e-05
		(Epoch 03/08) Block Loss: 1.8455e-05
		(Epoch 04/08) Block Loss: 1.8214e-05
		(Epoch 05/08) Block Loss: 1.8047e-05
		(Epoch 06/08) Block Loss: 1.7939e-05
		(Epoch 07/08) Block Loss: 1.7876e-05
		(Epoch 08/08) Block Loss: 1.7850e-05
	(2/3) Block 10/28, self_attn.v_proj | Initialization via ADMM...
		ADMM weight recon error: raw=292.0555, norm=0.3725, per_el=2.7853e-04, out_err=0.2015, ADMM time=7.82s
	(3/3) Block 10/28, self_attn.v_proj | Tuning Factorized Weights...
		(Epoch 01/08) Block Loss: 2.0591e-05
		(Epoch 02/08) Block Loss: 2.0092e-05
		(Epoch 03/08) Block Loss: 1.9956e-05
		(Epoch 04/08) Block Loss: 1.9887e-05
		(Epoch 05/08) Block Loss: 1.9854e-05
		(Epoch 06/08) Block Loss: 1.9831e-05
		(Epoch 07/08) Block Loss: 1.9819e-05
		(Epoch 08/08) Block Loss: 1.9790e-05
	(1/3) Block 10/28, self_attn.o_proj | Tuning Non-Factorized Weights...
		(Epoch 01/08) Block Loss: 1.9398e-05
		(Epoch 02/08) Block Loss: 1.8849e-05
		(Epoch 03/08) Block Loss: 1.8580e-05
		(Epoch 04/08) Block Loss: 1.8384e-05
		(Epoch 05/08) Block Loss: 1.8231e-05
		(Epoch 06/08) Block Loss: 1.8132e-05
		(Epoch 07/08) Block Loss: 1.8078e-05
		(Epoch 08/08) Block Loss: 1.8056e-05
	(2/3) Block 10/28, self_attn.o_proj | Initialization via ADMM...
		ADMM weight recon error: raw=448.8408, norm=0.3300, per_el=2.1402e-04, out_err=0.1200, ADMM time=5.81s
	(3/3) Block 10/28, self_attn.o_proj | Tuning Factorized Weights...
		(Epoch 01/08) Block Loss: 1.9770e-05
		(Epoch 02/08) Block Loss: 1.9695e-05
		(Epoch 03/08) Block Loss: 1.9719e-05
		(Epoch 04/08) Block Loss: 1.9797e-05
		(Epoch 05/08) Block Loss: 1.9802e-05
		(Epoch 06/08) Block Loss: 1.9744e-05
		(Epoch 07/08) Block Loss: 1.9760e-05
		(Epoch 08/08) Block Loss: 1.9647e-05
	(1/3) Block 10/28, self_attn.k_proj | Tuning Non-Factorized Weights...
		(Epoch 01/08) Block Loss: 1.9344e-05
		(Epoch 02/08) Block Loss: 1.8929e-05
		(Epoch 03/08) Block Loss: 1.8724e-05
		(Epoch 04/08) Block Loss: 1.8574e-05
		(Epoch 05/08) Block Loss: 1.8463e-05
		(Epoch 06/08) Block Loss: 1.8391e-05
		(Epoch 07/08) Block Loss: 1.8348e-05
		(Epoch 08/08) Block Loss: 1.8330e-05
	(2/3) Block 10/28, self_attn.k_proj | Initialization via ADMM...
		ADMM weight recon error: raw=232.7650, norm=0.3000, per_el=2.2198e-04, out_err=0.0583, ADMM time=12.13s
	(3/3) Block 10/28, self_attn.k_proj | Tuning Factorized Weights...
		(Epoch 01/08) Block Loss: 1.9602e-05
		(Epoch 02/08) Block Loss: 1.8762e-05
		(Epoch 03/08) Block Loss: 1.8609e-05
		(Epoch 04/08) Block Loss: 1.8567e-05
		(Epoch 05/08) Block Loss: 1.8551e-05
		(Epoch 06/08) Block Loss: 1.8541e-05
		(Epoch 07/08) Block Loss: 1.8533e-05
		(Epoch 08/08) Block Loss: 1.8527e-05
	(1/3) Block 10/28, mlp.gate_proj | Tuning Non-Factorized Weights...
		(Epoch 01/08) Block Loss: 1.8614e-05
		(Epoch 02/08) Block Loss: 1.8425e-05
		(Epoch 03/08) Block Loss: 1.8303e-05
		(Epoch 04/08) Block Loss: 1.8214e-05
		(Epoch 05/08) Block Loss: 1.8139e-05
		(Epoch 06/08) Block Loss: 1.8088e-05
		(Epoch 07/08) Block Loss: 1.8056e-05
		(Epoch 08/08) Block Loss: 1.8041e-05
	(2/3) Block 10/28, mlp.gate_proj | Initialization via ADMM...
		ADMM weight recon error: raw=1197.3359, norm=0.3297, per_el=3.8062e-04, out_err=0.0430, ADMM time=6.35s
	(3/3) Block 10/28, mlp.gate_proj | Tuning Factorized Weights...
		(Epoch 01/08) Block Loss: 2.0107e-05
		(Epoch 02/08) Block Loss: 1.9941e-05
		(Epoch 03/08) Block Loss: 1.9927e-05
		(Epoch 04/08) Block Loss: 1.9948e-05
		(Epoch 05/08) Block Loss: 1.9960e-05
		(Epoch 06/08) Block Loss: 1.9924e-05
		(Epoch 07/08) Block Loss: 1.9915e-05
		(Epoch 08/08) Block Loss: 1.9806e-05
	(1/3) Block 10/28, mlp.up_proj | Tuning Non-Factorized Weights...
		(Epoch 01/08) Block Loss: 1.9555e-05
		(Epoch 02/08) Block Loss: 1.9300e-05
		(Epoch 03/08) Block Loss: 1.9168e-05
		(Epoch 04/08) Block Loss: 1.9083e-05
		(Epoch 05/08) Block Loss: 1.9016e-05
		(Epoch 06/08) Block Loss: 1.8971e-05
		(Epoch 07/08) Block Loss: 1.8944e-05
		(Epoch 08/08) Block Loss: 1.8932e-05
	(2/3) Block 10/28, mlp.up_proj | Initialization via ADMM...
		ADMM weight recon error: raw=864.7564, norm=0.3603, per_el=2.7490e-04, out_err=0.1376, ADMM time=5.72s
	(3/3) Block 10/28, mlp.up_proj | Tuning Factorized Weights...
		(Epoch 01/08) Block Loss: 2.2763e-05
		(Epoch 02/08) Block Loss: 2.2531e-05
		(Epoch 03/08) Block Loss: 2.2515e-05
		(Epoch 04/08) Block Loss: 2.2591e-05
		(Epoch 05/08) Block Loss: 2.2623e-05
		(Epoch 06/08) Block Loss: 2.2511e-05
		(Epoch 07/08) Block Loss: 2.2502e-05
		(Epoch 08/08) Block Loss: 2.2327e-05
	(1/3) Block 10/28, mlp.down_proj | Tuning Non-Factorized Weights...
		(Epoch 01/08) Block Loss: 2.1785e-05
		(Epoch 02/08) Block Loss: 2.1447e-05
Compressing Layers:  36%|█████████████████████████████████████▊                                                                    | 10/28 [23:49<41:04, 136.89s/it]Compressing Layers:  39%|█████████████████████████████████████████▋                                                                | 11/28 [26:04<38:35, 136.19s/it]		(Epoch 03/08) Block Loss: 2.1272e-05
		(Epoch 04/08) Block Loss: 2.1168e-05
		(Epoch 05/08) Block Loss: 2.1096e-05
		(Epoch 06/08) Block Loss: 2.1053e-05
		(Epoch 07/08) Block Loss: 2.1029e-05
		(Epoch 08/08) Block Loss: 2.1020e-05
	(2/3) Block 10/28, mlp.down_proj | Initialization via ADMM...
		ADMM weight recon error: raw=716.2791, norm=0.3444, per_el=2.2770e-04, out_err=0.1733, ADMM time=5.89s
	(3/3) Block 10/28, mlp.down_proj | Tuning Factorized Weights...
		(Epoch 01/08) Block Loss: 2.5381e-05
		(Epoch 02/08) Block Loss: 2.5404e-05
		(Epoch 03/08) Block Loss: 2.5582e-05
		(Epoch 04/08) Block Loss: 2.5791e-05
		(Epoch 05/08) Block Loss: 2.5846e-05
		(Epoch 06/08) Block Loss: 2.5891e-05
		(Epoch 07/08) Block Loss: 2.5864e-05
		(Epoch 08/08) Block Loss: 2.5499e-05
		Block 9: relative block output error = 0.0039
Using sequence length: 2048 (model max: 2048)
		Block 9: Test Data PPL        = 19.838
	(1/3) Block 11/28, self_attn.q_proj | Tuning Non-Factorized Weights...
		(Epoch 01/08) Block Loss: 2.2003e-05
		(Epoch 02/08) Block Loss: 2.0828e-05
		(Epoch 03/08) Block Loss: 2.0235e-05
		(Epoch 04/08) Block Loss: 1.9793e-05
		(Epoch 05/08) Block Loss: 1.9508e-05
		(Epoch 06/08) Block Loss: 1.9331e-05
		(Epoch 07/08) Block Loss: 1.9232e-05
		(Epoch 08/08) Block Loss: 1.9194e-05
	(2/3) Block 11/28, self_attn.q_proj | Initialization via ADMM...
		ADMM weight recon error: raw=533.8034, norm=0.2966, per_el=2.5454e-04, out_err=0.0412, ADMM time=5.08s
	(3/3) Block 11/28, self_attn.q_proj | Tuning Factorized Weights...
		(Epoch 01/08) Block Loss: 1.9644e-05
		(Epoch 02/08) Block Loss: 1.9541e-05
		(Epoch 03/08) Block Loss: 1.9501e-05
		(Epoch 04/08) Block Loss: 1.9476e-05
		(Epoch 05/08) Block Loss: 1.9460e-05
		(Epoch 06/08) Block Loss: 1.9445e-05
		(Epoch 07/08) Block Loss: 1.9432e-05
		(Epoch 08/08) Block Loss: 1.9420e-05
	(1/3) Block 11/28, self_attn.v_proj | Tuning Non-Factorized Weights...
		(Epoch 01/08) Block Loss: 1.9527e-05
		(Epoch 02/08) Block Loss: 1.9110e-05
		(Epoch 03/08) Block Loss: 1.8844e-05
		(Epoch 04/08) Block Loss: 1.8606e-05
		(Epoch 05/08) Block Loss: 1.8438e-05
		(Epoch 06/08) Block Loss: 1.8332e-05
		(Epoch 07/08) Block Loss: 1.8268e-05
		(Epoch 08/08) Block Loss: 1.8241e-05
	(2/3) Block 11/28, self_attn.v_proj | Initialization via ADMM...
		ADMM weight recon error: raw=278.0860, norm=0.3547, per_el=2.6520e-04, out_err=0.1678, ADMM time=10.25s
	(3/3) Block 11/28, self_attn.v_proj | Tuning Factorized Weights...
		(Epoch 01/08) Block Loss: 2.0519e-05
		(Epoch 02/08) Block Loss: 2.0175e-05
		(Epoch 03/08) Block Loss: 2.0071e-05
		(Epoch 04/08) Block Loss: 2.0015e-05
		(Epoch 05/08) Block Loss: 1.9991e-05
		(Epoch 06/08) Block Loss: 1.9969e-05
		(Epoch 07/08) Block Loss: 1.9952e-05
		(Epoch 08/08) Block Loss: 1.9919e-05
	(1/3) Block 11/28, self_attn.o_proj | Tuning Non-Factorized Weights...
		(Epoch 01/08) Block Loss: 1.9624e-05
		(Epoch 02/08) Block Loss: 1.9122e-05
		(Epoch 03/08) Block Loss: 1.8863e-05
		(Epoch 04/08) Block Loss: 1.8681e-05
		(Epoch 05/08) Block Loss: 1.8544e-05
		(Epoch 06/08) Block Loss: 1.8455e-05
		(Epoch 07/08) Block Loss: 1.8400e-05
		(Epoch 08/08) Block Loss: 1.8377e-05
	(2/3) Block 11/28, self_attn.o_proj | Initialization via ADMM...
		ADMM weight recon error: raw=439.9465, norm=0.3374, per_el=2.0978e-04, out_err=0.1160, ADMM time=5.01s
	(3/3) Block 11/28, self_attn.o_proj | Tuning Factorized Weights...
		(Epoch 01/08) Block Loss: 2.0146e-05
		(Epoch 02/08) Block Loss: 2.0083e-05
		(Epoch 03/08) Block Loss: 2.0103e-05
		(Epoch 04/08) Block Loss: 2.0147e-05
		(Epoch 05/08) Block Loss: 2.0154e-05
		(Epoch 06/08) Block Loss: 2.0148e-05
		(Epoch 07/08) Block Loss: 2.0130e-05
		(Epoch 08/08) Block Loss: 2.0038e-05
	(1/3) Block 11/28, self_attn.k_proj | Tuning Non-Factorized Weights...
		(Epoch 01/08) Block Loss: 1.9748e-05
		(Epoch 02/08) Block Loss: 1.9351e-05
		(Epoch 03/08) Block Loss: 1.9147e-05
		(Epoch 04/08) Block Loss: 1.9009e-05
		(Epoch 05/08) Block Loss: 1.8902e-05
		(Epoch 06/08) Block Loss: 1.8831e-05
		(Epoch 07/08) Block Loss: 1.8788e-05
		(Epoch 08/08) Block Loss: 1.8770e-05
	(2/3) Block 11/28, self_attn.k_proj | Initialization via ADMM...
		ADMM weight recon error: raw=243.2784, norm=0.3056, per_el=2.3201e-04, out_err=0.0553, ADMM time=10.64s
	(3/3) Block 11/28, self_attn.k_proj | Tuning Factorized Weights...
		(Epoch 01/08) Block Loss: 1.9833e-05
		(Epoch 02/08) Block Loss: 1.9199e-05
		(Epoch 03/08) Block Loss: 1.9077e-05
		(Epoch 04/08) Block Loss: 1.9041e-05
		(Epoch 05/08) Block Loss: 1.9022e-05
		(Epoch 06/08) Block Loss: 1.9014e-05
		(Epoch 07/08) Block Loss: 1.9006e-05
		(Epoch 08/08) Block Loss: 1.9000e-05
	(1/3) Block 11/28, mlp.gate_proj | Tuning Non-Factorized Weights...
		(Epoch 01/08) Block Loss: 1.9102e-05
		(Epoch 02/08) Block Loss: 1.8917e-05
		(Epoch 03/08) Block Loss: 1.8800e-05
		(Epoch 04/08) Block Loss: 1.8713e-05
		(Epoch 05/08) Block Loss: 1.8641e-05
		(Epoch 06/08) Block Loss: 1.8590e-05
		(Epoch 07/08) Block Loss: 1.8557e-05
		(Epoch 08/08) Block Loss: 1.8542e-05
	(2/3) Block 11/28, mlp.gate_proj | Initialization via ADMM...
		ADMM weight recon error: raw=1180.0934, norm=0.3249, per_el=3.7514e-04, out_err=0.0444, ADMM time=6.06s
	(3/3) Block 11/28, mlp.gate_proj | Tuning Factorized Weights...
		(Epoch 01/08) Block Loss: 2.0652e-05
		(Epoch 02/08) Block Loss: 2.0532e-05
		(Epoch 03/08) Block Loss: 2.0548e-05
		(Epoch 04/08) Block Loss: 2.0593e-05
		(Epoch 05/08) Block Loss: 2.0635e-05
		(Epoch 06/08) Block Loss: 2.0574e-05
		(Epoch 07/08) Block Loss: 2.0580e-05
		(Epoch 08/08) Block Loss: 2.0441e-05
	(1/3) Block 11/28, mlp.up_proj | Tuning Non-Factorized Weights...
		(Epoch 01/08) Block Loss: 2.0164e-05
		(Epoch 02/08) Block Loss: 1.9895e-05
		(Epoch 03/08) Block Loss: 1.9757e-05
		(Epoch 04/08) Block Loss: 1.9668e-05
		(Epoch 05/08) Block Loss: 1.9599e-05
		(Epoch 06/08) Block Loss: 1.9553e-05
		(Epoch 07/08) Block Loss: 1.9525e-05
		(Epoch 08/08) Block Loss: 1.9512e-05
	(2/3) Block 11/28, mlp.up_proj | Initialization via ADMM...
		ADMM weight recon error: raw=846.8136, norm=0.3625, per_el=2.6919e-04, out_err=0.1084, ADMM time=5.20s
	(3/3) Block 11/28, mlp.up_proj | Tuning Factorized Weights...
		(Epoch 01/08) Block Loss: 2.3175e-05
		(Epoch 02/08) Block Loss: 2.2889e-05
		(Epoch 03/08) Block Loss: 2.2926e-05
		(Epoch 04/08) Block Loss: 2.3019e-05
		(Epoch 05/08) Block Loss: 2.3059e-05
		(Epoch 06/08) Block Loss: 2.2903e-05
		(Epoch 07/08) Block Loss: 2.2970e-05
		(Epoch 08/08) Block Loss: 2.2704e-05
	(1/3) Block 11/28, mlp.down_proj | Tuning Non-Factorized Weights...
		(Epoch 01/08) Block Loss: 2.2201e-05
		(Epoch 02/08) Block Loss: 2.1881e-05
		(Epoch 03/08) Block Loss: 2.1718e-05
		(Epoch 04/08) Block Loss: 2.1620e-05
		(Epoch 05/08) Block Loss: 2.1551e-05
		(Epoch 06/08) Block Loss: 2.1510e-05
		(Epoch 07/08) Block Loss: 2.1486e-05
		(Epoch 08/08) Block Loss: 2.1477e-05
	(2/3) Block 11/28, mlp.down_proj | Initialization via ADMM...
		ADMM weight recon error: raw=677.3820, norm=0.3513, per_el=2.1533e-04, out_err=0.1476, ADMM time=6.10s
	(3/3) Block 11/28, mlp.down_proj | Tuning Factorized Weights...
		(Epoch 01/08) Block Loss: 2.5769e-05
		(Epoch 02/08) Block Loss: 2.5787e-05
		(Epoch 03/08) Block Loss: 2.6204e-05
		(Epoch 04/08) Block Loss: 2.6634e-05
		(Epoch 05/08) Block Loss: 2.6509e-05
		(Epoch 06/08) Block Loss: 2.6260e-05
		(Epoch 07/08) Block Loss: 2.6315e-05
		(Epoch 08/08) Block Loss: 2.5932e-05
		Block 10: relative block output error = 0.0049
Using sequence length: 2048 (model max: 2048)
		Block 10: Test Data PPL        = 20.211
	(1/3) Block 12/28, self_attn.q_proj | Tuning Non-Factorized Weights...
		(Epoch 01/08) Block Loss: 2.4420e-05
		(Epoch 02/08) Block Loss: 2.3163e-05
		(Epoch 03/08) Block Loss: 2.2532e-05
		(Epoch 04/08) Block Loss: 2.2093e-05
		(Epoch 05/08) Block Loss: 2.1804e-05
		(Epoch 06/08) Block Loss: 2.1624e-05
		(Epoch 07/08) Block Loss: 2.1523e-05
		(Epoch 08/08) Block Loss: 2.1484e-05
	(2/3) Block 12/28, self_attn.q_proj | Initialization via ADMM...
		ADMM weight recon error: raw=497.9346, norm=0.2358, per_el=2.3743e-04, out_err=0.0278, ADMM time=4.23s
	(3/3) Block 12/28, self_attn.q_proj | Tuning Factorized Weights...
Compressing Layers:  43%|█████████████████████████████████████████████▍                                                            | 12/28 [28:20<36:17, 136.09s/it]		(Epoch 01/08) Block Loss: 2.1990e-05
		(Epoch 02/08) Block Loss: 2.1888e-05
		(Epoch 03/08) Block Loss: 2.1853e-05
		(Epoch 04/08) Block Loss: 2.1833e-05
		(Epoch 05/08) Block Loss: 2.1821e-05
		(Epoch 06/08) Block Loss: 2.1809e-05
		(Epoch 07/08) Block Loss: 2.1795e-05
		(Epoch 08/08) Block Loss: 2.1780e-05
	(1/3) Block 12/28, self_attn.v_proj | Tuning Non-Factorized Weights...
		(Epoch 01/08) Block Loss: 2.1877e-05
		(Epoch 02/08) Block Loss: 2.1443e-05
		(Epoch 03/08) Block Loss: 2.1164e-05
		(Epoch 04/08) Block Loss: 2.0928e-05
		(Epoch 05/08) Block Loss: 2.0760e-05
		(Epoch 06/08) Block Loss: 2.0653e-05
		(Epoch 07/08) Block Loss: 2.0587e-05
		(Epoch 08/08) Block Loss: 2.0559e-05
	(2/3) Block 12/28, self_attn.v_proj | Initialization via ADMM...
		ADMM weight recon error: raw=258.7062, norm=0.3654, per_el=2.4672e-04, out_err=0.1645, ADMM time=11.92s
	(3/3) Block 12/28, self_attn.v_proj | Tuning Factorized Weights...
		(Epoch 01/08) Block Loss: 2.3288e-05
		(Epoch 02/08) Block Loss: 2.3021e-05
		(Epoch 03/08) Block Loss: 2.2933e-05
		(Epoch 04/08) Block Loss: 2.2889e-05
		(Epoch 05/08) Block Loss: 2.2873e-05
		(Epoch 06/08) Block Loss: 2.2858e-05
		(Epoch 07/08) Block Loss: 2.2847e-05
		(Epoch 08/08) Block Loss: 2.2812e-05
	(1/3) Block 12/28, self_attn.o_proj | Tuning Non-Factorized Weights...
		(Epoch 01/08) Block Loss: 2.2314e-05
		(Epoch 02/08) Block Loss: 2.1675e-05
		(Epoch 03/08) Block Loss: 2.1371e-05
		(Epoch 04/08) Block Loss: 2.1174e-05
		(Epoch 05/08) Block Loss: 2.1024e-05
		(Epoch 06/08) Block Loss: 2.0925e-05
		(Epoch 07/08) Block Loss: 2.0867e-05
		(Epoch 08/08) Block Loss: 2.0842e-05
	(2/3) Block 12/28, self_attn.o_proj | Initialization via ADMM...
		ADMM weight recon error: raw=384.7225, norm=0.3271, per_el=1.8345e-04, out_err=0.0900, ADMM time=5.43s
	(3/3) Block 12/28, self_attn.o_proj | Tuning Factorized Weights...
		(Epoch 01/08) Block Loss: 2.3140e-05
		(Epoch 02/08) Block Loss: 2.3069e-05
		(Epoch 03/08) Block Loss: 2.3127e-05
		(Epoch 04/08) Block Loss: 2.3214e-05
		(Epoch 05/08) Block Loss: 2.3252e-05
		(Epoch 06/08) Block Loss: 2.3250e-05
		(Epoch 07/08) Block Loss: 2.3259e-05
		(Epoch 08/08) Block Loss: 2.3136e-05
	(1/3) Block 12/28, self_attn.k_proj | Tuning Non-Factorized Weights...
		(Epoch 01/08) Block Loss: 2.2609e-05
		(Epoch 02/08) Block Loss: 2.2122e-05
		(Epoch 03/08) Block Loss: 2.1889e-05
		(Epoch 04/08) Block Loss: 2.1713e-05
		(Epoch 05/08) Block Loss: 2.1591e-05
		(Epoch 06/08) Block Loss: 2.1514e-05
		(Epoch 07/08) Block Loss: 2.1468e-05
		(Epoch 08/08) Block Loss: 2.1448e-05
	(2/3) Block 12/28, self_attn.k_proj | Initialization via ADMM...
		ADMM weight recon error: raw=219.7659, norm=0.2832, per_el=2.0959e-04, out_err=0.0475, ADMM time=10.22s
	(3/3) Block 12/28, self_attn.k_proj | Tuning Factorized Weights...
		(Epoch 01/08) Block Loss: 2.2596e-05
		(Epoch 02/08) Block Loss: 2.1882e-05
		(Epoch 03/08) Block Loss: 2.1767e-05
		(Epoch 04/08) Block Loss: 2.1731e-05
		(Epoch 05/08) Block Loss: 2.1719e-05
		(Epoch 06/08) Block Loss: 2.1707e-05
		(Epoch 07/08) Block Loss: 2.1703e-05
		(Epoch 08/08) Block Loss: 2.1696e-05
	(1/3) Block 12/28, mlp.gate_proj | Tuning Non-Factorized Weights...
		(Epoch 01/08) Block Loss: 2.1779e-05
		(Epoch 02/08) Block Loss: 2.1580e-05
		(Epoch 03/08) Block Loss: 2.1464e-05
		(Epoch 04/08) Block Loss: 2.1358e-05
		(Epoch 05/08) Block Loss: 2.1277e-05
		(Epoch 06/08) Block Loss: 2.1223e-05
		(Epoch 07/08) Block Loss: 2.1189e-05
		(Epoch 08/08) Block Loss: 2.1174e-05
	(2/3) Block 12/28, mlp.gate_proj | Initialization via ADMM...
		ADMM weight recon error: raw=1039.2252, norm=0.3314, per_el=3.3036e-04, out_err=0.0460, ADMM time=6.28s
	(3/3) Block 12/28, mlp.gate_proj | Tuning Factorized Weights...
		(Epoch 01/08) Block Loss: 2.2934e-05
		(Epoch 02/08) Block Loss: 2.2858e-05
		(Epoch 03/08) Block Loss: 2.2877e-05
		(Epoch 04/08) Block Loss: 2.2958e-05
		(Epoch 05/08) Block Loss: 2.2974e-05
		(Epoch 06/08) Block Loss: 2.2901e-05
		(Epoch 07/08) Block Loss: 2.2897e-05
		(Epoch 08/08) Block Loss: 2.2822e-05
	(1/3) Block 12/28, mlp.up_proj | Tuning Non-Factorized Weights...
		(Epoch 01/08) Block Loss: 2.2570e-05
		(Epoch 02/08) Block Loss: 2.2323e-05
		(Epoch 03/08) Block Loss: 2.2193e-05
		(Epoch 04/08) Block Loss: 2.2107e-05
		(Epoch 05/08) Block Loss: 2.2039e-05
		(Epoch 06/08) Block Loss: 2.1993e-05
		(Epoch 07/08) Block Loss: 2.1965e-05
		(Epoch 08/08) Block Loss: 2.1953e-05
	(2/3) Block 12/28, mlp.up_proj | Initialization via ADMM...
		ADMM weight recon error: raw=903.5767, norm=0.3643, per_el=2.8724e-04, out_err=0.1249, ADMM time=5.15s
	(3/3) Block 12/28, mlp.up_proj | Tuning Factorized Weights...
		(Epoch 01/08) Block Loss: 2.5694e-05
		(Epoch 02/08) Block Loss: 2.5524e-05
		(Epoch 03/08) Block Loss: 2.5590e-05
		(Epoch 04/08) Block Loss: 2.5779e-05
		(Epoch 05/08) Block Loss: 2.5602e-05
		(Epoch 06/08) Block Loss: 2.5570e-05
		(Epoch 07/08) Block Loss: 2.5689e-05
		(Epoch 08/08) Block Loss: 2.5343e-05
	(1/3) Block 12/28, mlp.down_proj | Tuning Non-Factorized Weights...
		(Epoch 01/08) Block Loss: 2.4801e-05
		(Epoch 02/08) Block Loss: 2.4450e-05
		(Epoch 03/08) Block Loss: 2.4271e-05
		(Epoch 04/08) Block Loss: 2.4164e-05
		(Epoch 05/08) Block Loss: 2.4089e-05
		(Epoch 06/08) Block Loss: 2.4044e-05
		(Epoch 07/08) Block Loss: 2.4019e-05
		(Epoch 08/08) Block Loss: 2.4010e-05
	(2/3) Block 12/28, mlp.down_proj | Initialization via ADMM...
		ADMM weight recon error: raw=745.6778, norm=0.3402, per_el=2.3704e-04, out_err=0.1733, ADMM time=6.17s
	(3/3) Block 12/28, mlp.down_proj | Tuning Factorized Weights...
		(Epoch 01/08) Block Loss: 2.8256e-05
		(Epoch 02/08) Block Loss: 2.8263e-05
		(Epoch 03/08) Block Loss: 2.8588e-05
		(Epoch 04/08) Block Loss: 2.8854e-05
		(Epoch 05/08) Block Loss: 2.8875e-05
		(Epoch 06/08) Block Loss: 2.8585e-05
		(Epoch 07/08) Block Loss: 2.8628e-05
		(Epoch 08/08) Block Loss: 2.8316e-05
		Block 11: relative block output error = 0.0062
Using sequence length: 2048 (model max: 2048)
		Block 11: Test Data PPL        = 20.542
	(1/3) Block 13/28, self_attn.q_proj | Tuning Non-Factorized Weights...
		(Epoch 01/08) Block Loss: 2.6149e-05
		(Epoch 02/08) Block Loss: 2.4900e-05
		(Epoch 03/08) Block Loss: 2.4251e-05
		(Epoch 04/08) Block Loss: 2.3822e-05
		(Epoch 05/08) Block Loss: 2.3525e-05
		(Epoch 06/08) Block Loss: 2.3341e-05
		(Epoch 07/08) Block Loss: 2.3238e-05
		(Epoch 08/08) Block Loss: 2.3198e-05
	(2/3) Block 13/28, self_attn.q_proj | Initialization via ADMM...
		ADMM weight recon error: raw=537.1582, norm=0.2718, per_el=2.5614e-04, out_err=0.0399, ADMM time=4.00s
	(3/3) Block 13/28, self_attn.q_proj | Tuning Factorized Weights...
		(Epoch 01/08) Block Loss: 2.3700e-05
		(Epoch 02/08) Block Loss: 2.3620e-05
		(Epoch 03/08) Block Loss: 2.3588e-05
		(Epoch 04/08) Block Loss: 2.3567e-05
		(Epoch 05/08) Block Loss: 2.3553e-05
		(Epoch 06/08) Block Loss: 2.3539e-05
		(Epoch 07/08) Block Loss: 2.3527e-05
		(Epoch 08/08) Block Loss: 2.3510e-05
	(1/3) Block 13/28, self_attn.v_proj | Tuning Non-Factorized Weights...
		(Epoch 01/08) Block Loss: 2.3590e-05
		(Epoch 02/08) Block Loss: 2.3130e-05
		(Epoch 03/08) Block Loss: 2.2834e-05
		(Epoch 04/08) Block Loss: 2.2607e-05
		(Epoch 05/08) Block Loss: 2.2438e-05
		(Epoch 06/08) Block Loss: 2.2325e-05
		(Epoch 07/08) Block Loss: 2.2259e-05
		(Epoch 08/08) Block Loss: 2.2231e-05
	(2/3) Block 13/28, self_attn.v_proj | Initialization via ADMM...
		ADMM weight recon error: raw=227.1006, norm=0.3036, per_el=2.1658e-04, out_err=0.0944, ADMM time=11.76s
	(3/3) Block 13/28, self_attn.v_proj | Tuning Factorized Weights...
		(Epoch 01/08) Block Loss: 2.3591e-05
		(Epoch 02/08) Block Loss: 2.3444e-05
		(Epoch 03/08) Block Loss: 2.3393e-05
		(Epoch 04/08) Block Loss: 2.3359e-05
		(Epoch 05/08) Block Loss: 2.3340e-05
		(Epoch 06/08) Block Loss: 2.3324e-05
		(Epoch 07/08) Block Loss: 2.3315e-05
		(Epoch 08/08) Block Loss: 2.3297e-05
	(1/3) Block 13/28, self_attn.o_proj | Tuning Non-Factorized Weights...
		(Epoch 01/08) Block Loss: 2.3169e-05
		(Epoch 02/08) Block Loss: 2.2746e-05
		(Epoch 03/08) Block Loss: 2.2517e-05
		(Epoch 04/08) Block Loss: 2.2345e-05
		(Epoch 05/08) Block Loss: 2.2216e-05
Compressing Layers:  46%|█████████████████████████████████████████████████▏                                                        | 13/28 [30:36<34:03, 136.23s/it]		(Epoch 06/08) Block Loss: 2.2129e-05
		(Epoch 07/08) Block Loss: 2.2076e-05
		(Epoch 08/08) Block Loss: 2.2053e-05
	(2/3) Block 13/28, self_attn.o_proj | Initialization via ADMM...
		ADMM weight recon error: raw=358.1499, norm=0.3045, per_el=1.7078e-04, out_err=0.0977, ADMM time=5.19s
	(3/3) Block 13/28, self_attn.o_proj | Tuning Factorized Weights...
		(Epoch 01/08) Block Loss: 2.3387e-05
		(Epoch 02/08) Block Loss: 2.3346e-05
		(Epoch 03/08) Block Loss: 2.3356e-05
		(Epoch 04/08) Block Loss: 2.3373e-05
		(Epoch 05/08) Block Loss: 2.3384e-05
		(Epoch 06/08) Block Loss: 2.3370e-05
		(Epoch 07/08) Block Loss: 2.3353e-05
		(Epoch 08/08) Block Loss: 2.3296e-05
	(1/3) Block 13/28, self_attn.k_proj | Tuning Non-Factorized Weights...
		(Epoch 01/08) Block Loss: 2.3129e-05
		(Epoch 02/08) Block Loss: 2.2803e-05
		(Epoch 03/08) Block Loss: 2.2625e-05
		(Epoch 04/08) Block Loss: 2.2503e-05
		(Epoch 05/08) Block Loss: 2.2405e-05
		(Epoch 06/08) Block Loss: 2.2339e-05
		(Epoch 07/08) Block Loss: 2.2299e-05
		(Epoch 08/08) Block Loss: 2.2281e-05
	(2/3) Block 13/28, self_attn.k_proj | Initialization via ADMM...
		ADMM weight recon error: raw=203.4899, norm=0.2811, per_el=1.9406e-04, out_err=0.0410, ADMM time=11.04s
	(3/3) Block 13/28, self_attn.k_proj | Tuning Factorized Weights...
		(Epoch 01/08) Block Loss: 2.3019e-05
		(Epoch 02/08) Block Loss: 2.2672e-05
		(Epoch 03/08) Block Loss: 2.2595e-05
		(Epoch 04/08) Block Loss: 2.2575e-05
		(Epoch 05/08) Block Loss: 2.2563e-05
		(Epoch 06/08) Block Loss: 2.2552e-05
		(Epoch 07/08) Block Loss: 2.2546e-05
		(Epoch 08/08) Block Loss: 2.2539e-05
	(1/3) Block 13/28, mlp.gate_proj | Tuning Non-Factorized Weights...
		(Epoch 01/08) Block Loss: 2.2634e-05
		(Epoch 02/08) Block Loss: 2.2455e-05
		(Epoch 03/08) Block Loss: 2.2343e-05
		(Epoch 04/08) Block Loss: 2.2262e-05
		(Epoch 05/08) Block Loss: 2.2191e-05
		(Epoch 06/08) Block Loss: 2.2142e-05
		(Epoch 07/08) Block Loss: 2.2110e-05
		(Epoch 08/08) Block Loss: 2.2095e-05
	(2/3) Block 13/28, mlp.gate_proj | Initialization via ADMM...
		ADMM weight recon error: raw=941.3981, norm=0.3269, per_el=2.9926e-04, out_err=0.0454, ADMM time=6.16s
	(3/3) Block 13/28, mlp.gate_proj | Tuning Factorized Weights...
		(Epoch 01/08) Block Loss: 2.3775e-05
		(Epoch 02/08) Block Loss: 2.3703e-05
		(Epoch 03/08) Block Loss: 2.3745e-05
		(Epoch 04/08) Block Loss: 2.3779e-05
		(Epoch 05/08) Block Loss: 2.3827e-05
		(Epoch 06/08) Block Loss: 2.3804e-05
		(Epoch 07/08) Block Loss: 2.3779e-05
		(Epoch 08/08) Block Loss: 2.3712e-05
	(1/3) Block 13/28, mlp.up_proj | Tuning Non-Factorized Weights...
		(Epoch 01/08) Block Loss: 2.3460e-05
		(Epoch 02/08) Block Loss: 2.3228e-05
		(Epoch 03/08) Block Loss: 2.3110e-05
		(Epoch 04/08) Block Loss: 2.3032e-05
		(Epoch 05/08) Block Loss: 2.2969e-05
		(Epoch 06/08) Block Loss: 2.2927e-05
		(Epoch 07/08) Block Loss: 2.2901e-05
		(Epoch 08/08) Block Loss: 2.2888e-05
	(2/3) Block 13/28, mlp.up_proj | Initialization via ADMM...
		ADMM weight recon error: raw=888.2800, norm=0.3652, per_el=2.8238e-04, out_err=0.1387, ADMM time=4.99s
	(3/3) Block 13/28, mlp.up_proj | Tuning Factorized Weights...
		(Epoch 01/08) Block Loss: 2.6937e-05
		(Epoch 02/08) Block Loss: 2.6807e-05
		(Epoch 03/08) Block Loss: 2.6911e-05
		(Epoch 04/08) Block Loss: 2.7300e-05
		(Epoch 05/08) Block Loss: 2.7131e-05
		(Epoch 06/08) Block Loss: 2.6992e-05
		(Epoch 07/08) Block Loss: 2.6989e-05
		(Epoch 08/08) Block Loss: 2.6744e-05
	(1/3) Block 13/28, mlp.down_proj | Tuning Non-Factorized Weights...
		(Epoch 01/08) Block Loss: 2.6023e-05
		(Epoch 02/08) Block Loss: 2.5642e-05
		(Epoch 03/08) Block Loss: 2.5449e-05
		(Epoch 04/08) Block Loss: 2.5333e-05
		(Epoch 05/08) Block Loss: 2.5254e-05
		(Epoch 06/08) Block Loss: 2.5207e-05
		(Epoch 07/08) Block Loss: 2.5181e-05
		(Epoch 08/08) Block Loss: 2.5171e-05
	(2/3) Block 13/28, mlp.down_proj | Initialization via ADMM...
		ADMM weight recon error: raw=735.8920, norm=0.3382, per_el=2.3393e-04, out_err=0.1646, ADMM time=6.01s
	(3/3) Block 13/28, mlp.down_proj | Tuning Factorized Weights...
		(Epoch 01/08) Block Loss: 2.9298e-05
		(Epoch 02/08) Block Loss: 2.9288e-05
		(Epoch 03/08) Block Loss: 2.9700e-05
		(Epoch 04/08) Block Loss: 2.9744e-05
		(Epoch 05/08) Block Loss: 2.9744e-05
		(Epoch 06/08) Block Loss: 2.9896e-05
		(Epoch 07/08) Block Loss: 2.9946e-05
		(Epoch 08/08) Block Loss: 2.9331e-05
		Block 12: relative block output error = 0.0067
Using sequence length: 2048 (model max: 2048)
		Block 12: Test Data PPL        = 20.790
	(1/3) Block 14/28, self_attn.q_proj | Tuning Non-Factorized Weights...
		(Epoch 01/08) Block Loss: 2.4367e-05
		(Epoch 02/08) Block Loss: 2.3235e-05
		(Epoch 03/08) Block Loss: 2.2638e-05
		(Epoch 04/08) Block Loss: 2.2252e-05
		(Epoch 05/08) Block Loss: 2.1980e-05
		(Epoch 06/08) Block Loss: 2.1812e-05
		(Epoch 07/08) Block Loss: 2.1717e-05
		(Epoch 08/08) Block Loss: 2.1680e-05
	(2/3) Block 14/28, self_attn.q_proj | Initialization via ADMM...
		ADMM weight recon error: raw=432.7749, norm=0.2352, per_el=2.0636e-04, out_err=0.0342, ADMM time=4.54s
	(3/3) Block 14/28, self_attn.q_proj | Tuning Factorized Weights...
		(Epoch 01/08) Block Loss: 2.2161e-05
		(Epoch 02/08) Block Loss: 2.2086e-05
		(Epoch 03/08) Block Loss: 2.2063e-05
		(Epoch 04/08) Block Loss: 2.2050e-05
		(Epoch 05/08) Block Loss: 2.2037e-05
		(Epoch 06/08) Block Loss: 2.2024e-05
		(Epoch 07/08) Block Loss: 2.2013e-05
		(Epoch 08/08) Block Loss: 2.1991e-05
	(1/3) Block 14/28, self_attn.v_proj | Tuning Non-Factorized Weights...
		(Epoch 01/08) Block Loss: 2.2066e-05
		(Epoch 02/08) Block Loss: 2.1646e-05
		(Epoch 03/08) Block Loss: 2.1373e-05
		(Epoch 04/08) Block Loss: 2.1173e-05
		(Epoch 05/08) Block Loss: 2.1019e-05
		(Epoch 06/08) Block Loss: 2.0917e-05
		(Epoch 07/08) Block Loss: 2.0855e-05
		(Epoch 08/08) Block Loss: 2.0829e-05
	(2/3) Block 14/28, self_attn.v_proj | Initialization via ADMM...
		ADMM weight recon error: raw=231.9187, norm=0.3134, per_el=2.2117e-04, out_err=0.1071, ADMM time=12.06s
	(3/3) Block 14/28, self_attn.v_proj | Tuning Factorized Weights...
		(Epoch 01/08) Block Loss: 2.2245e-05
		(Epoch 02/08) Block Loss: 2.2110e-05
		(Epoch 03/08) Block Loss: 2.2056e-05
		(Epoch 04/08) Block Loss: 2.2029e-05
		(Epoch 05/08) Block Loss: 2.2014e-05
		(Epoch 06/08) Block Loss: 2.2000e-05
		(Epoch 07/08) Block Loss: 2.1990e-05
		(Epoch 08/08) Block Loss: 2.1964e-05
	(1/3) Block 14/28, self_attn.o_proj | Tuning Non-Factorized Weights...
		(Epoch 01/08) Block Loss: 2.1810e-05
		(Epoch 02/08) Block Loss: 2.1403e-05
		(Epoch 03/08) Block Loss: 2.1184e-05
		(Epoch 04/08) Block Loss: 2.1029e-05
		(Epoch 05/08) Block Loss: 2.0908e-05
		(Epoch 06/08) Block Loss: 2.0828e-05
		(Epoch 07/08) Block Loss: 2.0778e-05
		(Epoch 08/08) Block Loss: 2.0756e-05
	(2/3) Block 14/28, self_attn.o_proj | Initialization via ADMM...
		ADMM weight recon error: raw=328.8477, norm=0.3000, per_el=1.5681e-04, out_err=0.1064, ADMM time=5.78s
	(3/3) Block 14/28, self_attn.o_proj | Tuning Factorized Weights...
		(Epoch 01/08) Block Loss: 2.2198e-05
		(Epoch 02/08) Block Loss: 2.2149e-05
		(Epoch 03/08) Block Loss: 2.2158e-05
		(Epoch 04/08) Block Loss: 2.2175e-05
		(Epoch 05/08) Block Loss: 2.2181e-05
		(Epoch 06/08) Block Loss: 2.2173e-05
		(Epoch 07/08) Block Loss: 2.2157e-05
		(Epoch 08/08) Block Loss: 2.2097e-05
	(1/3) Block 14/28, self_attn.k_proj | Tuning Non-Factorized Weights...
		(Epoch 01/08) Block Loss: 2.1877e-05
		(Epoch 02/08) Block Loss: 2.1548e-05
		(Epoch 03/08) Block Loss: 2.1372e-05
		(Epoch 04/08) Block Loss: 2.1255e-05
		(Epoch 05/08) Block Loss: 2.1162e-05
		(Epoch 06/08) Block Loss: 2.1101e-05
		(Epoch 07/08) Block Loss: 2.1062e-05
		(Epoch 08/08) Block Loss: 2.1046e-05
	(2/3) Block 14/28, self_attn.k_proj | Initialization via ADMM...
		ADMM weight recon error: raw=175.9652, norm=0.2699, per_el=1.6781e-04, out_err=0.0394, ADMM time=11.38s
	(3/3) Block 14/28, self_attn.k_proj | Tuning Factorized Weights...
		(Epoch 01/08) Block Loss: 2.1662e-05
		(Epoch 02/08) Block Loss: 2.1385e-05
		(Epoch 03/08) Block Loss: 2.1326e-05
		(Epoch 04/08) Block Loss: 2.1305e-05
		(Epoch 05/08) Block Loss: 2.1297e-05
		(Epoch 06/08) Block Loss: 2.1291e-05
Compressing Layers:  50%|█████████████████████████████████████████████████████                                                     | 14/28 [32:54<31:52, 136.61s/it]		(Epoch 07/08) Block Loss: 2.1287e-05
		(Epoch 08/08) Block Loss: 2.1280e-05
	(1/3) Block 14/28, mlp.gate_proj | Tuning Non-Factorized Weights...
		(Epoch 01/08) Block Loss: 2.1372e-05
		(Epoch 02/08) Block Loss: 2.1206e-05
		(Epoch 03/08) Block Loss: 2.1102e-05
		(Epoch 04/08) Block Loss: 2.1028e-05
		(Epoch 05/08) Block Loss: 2.0963e-05
		(Epoch 06/08) Block Loss: 2.0918e-05
		(Epoch 07/08) Block Loss: 2.0888e-05
		(Epoch 08/08) Block Loss: 2.0875e-05
	(2/3) Block 14/28, mlp.gate_proj | Initialization via ADMM...
		ADMM weight recon error: raw=846.5516, norm=0.3187, per_el=2.6911e-04, out_err=0.0492, ADMM time=6.41s
	(3/3) Block 14/28, mlp.gate_proj | Tuning Factorized Weights...
		(Epoch 01/08) Block Loss: 2.2399e-05
		(Epoch 02/08) Block Loss: 2.2351e-05
		(Epoch 03/08) Block Loss: 2.2391e-05
		(Epoch 04/08) Block Loss: 2.2430e-05
		(Epoch 05/08) Block Loss: 2.2451e-05
		(Epoch 06/08) Block Loss: 2.2445e-05
		(Epoch 07/08) Block Loss: 2.2435e-05
		(Epoch 08/08) Block Loss: 2.2345e-05
	(1/3) Block 14/28, mlp.up_proj | Tuning Non-Factorized Weights...
		(Epoch 01/08) Block Loss: 2.2138e-05
		(Epoch 02/08) Block Loss: 2.1930e-05
		(Epoch 03/08) Block Loss: 2.1822e-05
		(Epoch 04/08) Block Loss: 2.1752e-05
		(Epoch 05/08) Block Loss: 2.1695e-05
		(Epoch 06/08) Block Loss: 2.1657e-05
		(Epoch 07/08) Block Loss: 2.1632e-05
		(Epoch 08/08) Block Loss: 2.1621e-05
	(2/3) Block 14/28, mlp.up_proj | Initialization via ADMM...
		ADMM weight recon error: raw=805.6859, norm=0.3597, per_el=2.5612e-04, out_err=0.1364, ADMM time=4.92s
	(3/3) Block 14/28, mlp.up_proj | Tuning Factorized Weights...
		(Epoch 01/08) Block Loss: 2.4853e-05
		(Epoch 02/08) Block Loss: 2.4777e-05
		(Epoch 03/08) Block Loss: 2.4887e-05
		(Epoch 04/08) Block Loss: 2.4884e-05
		(Epoch 05/08) Block Loss: 2.4953e-05
		(Epoch 06/08) Block Loss: 2.4953e-05
		(Epoch 07/08) Block Loss: 2.4974e-05
		(Epoch 08/08) Block Loss: 2.4697e-05
	(1/3) Block 14/28, mlp.down_proj | Tuning Non-Factorized Weights...
		(Epoch 01/08) Block Loss: 2.4158e-05
		(Epoch 02/08) Block Loss: 2.3867e-05
		(Epoch 03/08) Block Loss: 2.3719e-05
		(Epoch 04/08) Block Loss: 2.3631e-05
		(Epoch 05/08) Block Loss: 2.3570e-05
		(Epoch 06/08) Block Loss: 2.3532e-05
		(Epoch 07/08) Block Loss: 2.3511e-05
		(Epoch 08/08) Block Loss: 2.3503e-05
	(2/3) Block 14/28, mlp.down_proj | Initialization via ADMM...
		ADMM weight recon error: raw=665.7482, norm=0.3302, per_el=2.1164e-04, out_err=0.1834, ADMM time=6.28s
	(3/3) Block 14/28, mlp.down_proj | Tuning Factorized Weights...
		(Epoch 01/08) Block Loss: 2.6967e-05
		(Epoch 02/08) Block Loss: 2.6997e-05
		(Epoch 03/08) Block Loss: 2.7248e-05
		(Epoch 04/08) Block Loss: 2.7385e-05
		(Epoch 05/08) Block Loss: 2.7534e-05
		(Epoch 06/08) Block Loss: 2.7250e-05
		(Epoch 07/08) Block Loss: 2.7504e-05
		(Epoch 08/08) Block Loss: 2.7093e-05
		Block 13: relative block output error = 0.0076
Using sequence length: 2048 (model max: 2048)
		Block 13: Test Data PPL        = 21.016
	(1/3) Block 15/28, self_attn.q_proj | Tuning Non-Factorized Weights...
		(Epoch 01/08) Block Loss: 2.1679e-05
		(Epoch 02/08) Block Loss: 2.0697e-05
		(Epoch 03/08) Block Loss: 2.0176e-05
		(Epoch 04/08) Block Loss: 1.9840e-05
		(Epoch 05/08) Block Loss: 1.9603e-05
		(Epoch 06/08) Block Loss: 1.9457e-05
		(Epoch 07/08) Block Loss: 1.9374e-05
		(Epoch 08/08) Block Loss: 1.9343e-05
	(2/3) Block 15/28, self_attn.q_proj | Initialization via ADMM...
		ADMM weight recon error: raw=451.9132, norm=0.2556, per_el=2.1549e-04, out_err=0.0407, ADMM time=4.38s
	(3/3) Block 15/28, self_attn.q_proj | Tuning Factorized Weights...
		(Epoch 01/08) Block Loss: 1.9678e-05
		(Epoch 02/08) Block Loss: 1.9627e-05
		(Epoch 03/08) Block Loss: 1.9607e-05
		(Epoch 04/08) Block Loss: 1.9595e-05
		(Epoch 05/08) Block Loss: 1.9585e-05
		(Epoch 06/08) Block Loss: 1.9577e-05
		(Epoch 07/08) Block Loss: 1.9565e-05
		(Epoch 08/08) Block Loss: 1.9551e-05
	(1/3) Block 15/28, self_attn.v_proj | Tuning Non-Factorized Weights...
		(Epoch 01/08) Block Loss: 1.9610e-05
		(Epoch 02/08) Block Loss: 1.9247e-05
		(Epoch 03/08) Block Loss: 1.9008e-05
		(Epoch 04/08) Block Loss: 1.8836e-05
		(Epoch 05/08) Block Loss: 1.8701e-05
		(Epoch 06/08) Block Loss: 1.8612e-05
		(Epoch 07/08) Block Loss: 1.8558e-05
		(Epoch 08/08) Block Loss: 1.8536e-05
	(2/3) Block 15/28, self_attn.v_proj | Initialization via ADMM...
		ADMM weight recon error: raw=228.2124, norm=0.3437, per_el=2.1764e-04, out_err=0.1334, ADMM time=11.68s
	(3/3) Block 15/28, self_attn.v_proj | Tuning Factorized Weights...
		(Epoch 01/08) Block Loss: 1.9999e-05
		(Epoch 02/08) Block Loss: 1.9867e-05
		(Epoch 03/08) Block Loss: 1.9813e-05
		(Epoch 04/08) Block Loss: 1.9783e-05
		(Epoch 05/08) Block Loss: 1.9768e-05
		(Epoch 06/08) Block Loss: 1.9755e-05
		(Epoch 07/08) Block Loss: 1.9749e-05
		(Epoch 08/08) Block Loss: 1.9731e-05
	(1/3) Block 15/28, self_attn.o_proj | Tuning Non-Factorized Weights...
		(Epoch 01/08) Block Loss: 1.9536e-05
		(Epoch 02/08) Block Loss: 1.9145e-05
		(Epoch 03/08) Block Loss: 1.8936e-05
		(Epoch 04/08) Block Loss: 1.8797e-05
		(Epoch 05/08) Block Loss: 1.8688e-05
		(Epoch 06/08) Block Loss: 1.8615e-05
		(Epoch 07/08) Block Loss: 1.8571e-05
		(Epoch 08/08) Block Loss: 1.8552e-05
	(2/3) Block 15/28, self_attn.o_proj | Initialization via ADMM...
		ADMM weight recon error: raw=332.3517, norm=0.3171, per_el=1.5848e-04, out_err=0.1132, ADMM time=5.93s
	(3/3) Block 15/28, self_attn.o_proj | Tuning Factorized Weights...
		(Epoch 01/08) Block Loss: 1.9738e-05
		(Epoch 02/08) Block Loss: 1.9714e-05
		(Epoch 03/08) Block Loss: 1.9741e-05
		(Epoch 04/08) Block Loss: 1.9776e-05
		(Epoch 05/08) Block Loss: 1.9792e-05
		(Epoch 06/08) Block Loss: 1.9796e-05
		(Epoch 07/08) Block Loss: 1.9779e-05
		(Epoch 08/08) Block Loss: 1.9722e-05
	(1/3) Block 15/28, self_attn.k_proj | Tuning Non-Factorized Weights...
		(Epoch 01/08) Block Loss: 1.9520e-05
		(Epoch 02/08) Block Loss: 1.9235e-05
		(Epoch 03/08) Block Loss: 1.9081e-05
		(Epoch 04/08) Block Loss: 1.8980e-05
		(Epoch 05/08) Block Loss: 1.8898e-05
		(Epoch 06/08) Block Loss: 1.8844e-05
		(Epoch 07/08) Block Loss: 1.8810e-05
		(Epoch 08/08) Block Loss: 1.8796e-05
	(2/3) Block 15/28, self_attn.k_proj | Initialization via ADMM...
		ADMM weight recon error: raw=177.0808, norm=0.2733, per_el=1.6888e-04, out_err=0.0415, ADMM time=11.75s
	(3/3) Block 15/28, self_attn.k_proj | Tuning Factorized Weights...
		(Epoch 01/08) Block Loss: 1.9458e-05
		(Epoch 02/08) Block Loss: 1.9110e-05
		(Epoch 03/08) Block Loss: 1.9035e-05
		(Epoch 04/08) Block Loss: 1.9015e-05
		(Epoch 05/08) Block Loss: 1.9005e-05
		(Epoch 06/08) Block Loss: 1.8999e-05
		(Epoch 07/08) Block Loss: 1.8993e-05
		(Epoch 08/08) Block Loss: 1.8989e-05
	(1/3) Block 15/28, mlp.gate_proj | Tuning Non-Factorized Weights...
		(Epoch 01/08) Block Loss: 1.9075e-05
		(Epoch 02/08) Block Loss: 1.8927e-05
		(Epoch 03/08) Block Loss: 1.8834e-05
		(Epoch 04/08) Block Loss: 1.8770e-05
		(Epoch 05/08) Block Loss: 1.8712e-05
		(Epoch 06/08) Block Loss: 1.8672e-05
		(Epoch 07/08) Block Loss: 1.8645e-05
		(Epoch 08/08) Block Loss: 1.8633e-05
	(2/3) Block 15/28, mlp.gate_proj | Initialization via ADMM...
		ADMM weight recon error: raw=775.1624, norm=0.3167, per_el=2.4642e-04, out_err=0.0514, ADMM time=5.71s
	(3/3) Block 15/28, mlp.gate_proj | Tuning Factorized Weights...
		(Epoch 01/08) Block Loss: 2.0038e-05
		(Epoch 02/08) Block Loss: 2.0011e-05
		(Epoch 03/08) Block Loss: 2.0054e-05
		(Epoch 04/08) Block Loss: 2.0098e-05
		(Epoch 05/08) Block Loss: 2.0123e-05
		(Epoch 06/08) Block Loss: 2.0118e-05
		(Epoch 07/08) Block Loss: 2.0097e-05
		(Epoch 08/08) Block Loss: 2.0025e-05
	(1/3) Block 15/28, mlp.up_proj | Tuning Non-Factorized Weights...
		(Epoch 01/08) Block Loss: 1.9811e-05
		(Epoch 02/08) Block Loss: 1.9623e-05
		(Epoch 03/08) Block Loss: 1.9526e-05
		(Epoch 04/08) Block Loss: 1.9463e-05
		(Epoch 05/08) Block Loss: 1.9412e-05
		(Epoch 06/08) Block Loss: 1.9378e-05
		(Epoch 07/08) Block Loss: 1.9356e-05
		(Epoch 08/08) Block Loss: 1.9346e-05
	(2/3) Block 15/28, mlp.up_proj | Initialization via ADMM...
Compressing Layers:  54%|████████████████████████████████████████████████████████▊                                                 | 15/28 [35:10<29:35, 136.60s/it]		ADMM weight recon error: raw=747.1440, norm=0.3565, per_el=2.3751e-04, out_err=0.1258, ADMM time=5.90s
	(3/3) Block 15/28, mlp.up_proj | Tuning Factorized Weights...
		(Epoch 01/08) Block Loss: 2.2180e-05
		(Epoch 02/08) Block Loss: 2.2104e-05
		(Epoch 03/08) Block Loss: 2.2189e-05
		(Epoch 04/08) Block Loss: 2.2279e-05
		(Epoch 05/08) Block Loss: 2.2290e-05
		(Epoch 06/08) Block Loss: 2.2291e-05
		(Epoch 07/08) Block Loss: 2.2288e-05
		(Epoch 08/08) Block Loss: 2.2064e-05
	(1/3) Block 15/28, mlp.down_proj | Tuning Non-Factorized Weights...
		(Epoch 01/08) Block Loss: 2.1574e-05
		(Epoch 02/08) Block Loss: 2.1319e-05
		(Epoch 03/08) Block Loss: 2.1194e-05
		(Epoch 04/08) Block Loss: 2.1119e-05
		(Epoch 05/08) Block Loss: 2.1067e-05
		(Epoch 06/08) Block Loss: 2.1035e-05
		(Epoch 07/08) Block Loss: 2.1017e-05
		(Epoch 08/08) Block Loss: 2.1010e-05
	(2/3) Block 15/28, mlp.down_proj | Initialization via ADMM...
		ADMM weight recon error: raw=642.8557, norm=0.3307, per_el=2.0436e-04, out_err=0.1773, ADMM time=5.96s
	(3/3) Block 15/28, mlp.down_proj | Tuning Factorized Weights...
		(Epoch 01/08) Block Loss: 2.4168e-05
		(Epoch 02/08) Block Loss: 2.4217e-05
		(Epoch 03/08) Block Loss: 2.4404e-05
		(Epoch 04/08) Block Loss: 2.4591e-05
		(Epoch 05/08) Block Loss: 2.4578e-05
		(Epoch 06/08) Block Loss: 2.4592e-05
		(Epoch 07/08) Block Loss: 2.4639e-05
		(Epoch 08/08) Block Loss: 2.4372e-05
		Block 14: relative block output error = 0.0082
Using sequence length: 2048 (model max: 2048)
		Block 14: Test Data PPL        = 21.267
	(1/3) Block 16/28, self_attn.q_proj | Tuning Non-Factorized Weights...
		(Epoch 01/08) Block Loss: 2.8910e-05
		(Epoch 02/08) Block Loss: 2.7611e-05
		(Epoch 03/08) Block Loss: 2.6935e-05
		(Epoch 04/08) Block Loss: 2.6495e-05
		(Epoch 05/08) Block Loss: 2.6187e-05
		(Epoch 06/08) Block Loss: 2.5996e-05
		(Epoch 07/08) Block Loss: 2.5887e-05
		(Epoch 08/08) Block Loss: 2.5844e-05
	(2/3) Block 16/28, self_attn.q_proj | Initialization via ADMM...
		ADMM weight recon error: raw=436.9012, norm=0.2385, per_el=2.0833e-04, out_err=0.0376, ADMM time=5.00s
	(3/3) Block 16/28, self_attn.q_proj | Tuning Factorized Weights...
		(Epoch 01/08) Block Loss: 2.6294e-05
		(Epoch 02/08) Block Loss: 2.6226e-05
		(Epoch 03/08) Block Loss: 2.6201e-05
		(Epoch 04/08) Block Loss: 2.6183e-05
		(Epoch 05/08) Block Loss: 2.6169e-05
		(Epoch 06/08) Block Loss: 2.6157e-05
		(Epoch 07/08) Block Loss: 2.6140e-05
		(Epoch 08/08) Block Loss: 2.6123e-05
	(1/3) Block 16/28, self_attn.v_proj | Tuning Non-Factorized Weights...
		(Epoch 01/08) Block Loss: 2.6240e-05
		(Epoch 02/08) Block Loss: 2.5762e-05
		(Epoch 03/08) Block Loss: 2.5453e-05
		(Epoch 04/08) Block Loss: 2.5226e-05
		(Epoch 05/08) Block Loss: 2.5049e-05
		(Epoch 06/08) Block Loss: 2.4932e-05
		(Epoch 07/08) Block Loss: 2.4860e-05
		(Epoch 08/08) Block Loss: 2.4829e-05
	(2/3) Block 16/28, self_attn.v_proj | Initialization via ADMM...
		ADMM weight recon error: raw=240.7227, norm=0.3343, per_el=2.2957e-04, out_err=0.1891, ADMM time=10.41s
	(3/3) Block 16/28, self_attn.v_proj | Tuning Factorized Weights...
		(Epoch 01/08) Block Loss: 2.7194e-05
		(Epoch 02/08) Block Loss: 2.6905e-05
		(Epoch 03/08) Block Loss: 2.6811e-05
		(Epoch 04/08) Block Loss: 2.6749e-05
		(Epoch 05/08) Block Loss: 2.6719e-05
		(Epoch 06/08) Block Loss: 2.6697e-05
		(Epoch 07/08) Block Loss: 2.6682e-05
		(Epoch 08/08) Block Loss: 2.6648e-05
	(1/3) Block 16/28, self_attn.o_proj | Tuning Non-Factorized Weights...
		(Epoch 01/08) Block Loss: 2.6362e-05
		(Epoch 02/08) Block Loss: 2.5835e-05
		(Epoch 03/08) Block Loss: 2.5560e-05
		(Epoch 04/08) Block Loss: 2.5374e-05
		(Epoch 05/08) Block Loss: 2.5230e-05
		(Epoch 06/08) Block Loss: 2.5133e-05
		(Epoch 07/08) Block Loss: 2.5072e-05
		(Epoch 08/08) Block Loss: 2.5046e-05
	(2/3) Block 16/28, self_attn.o_proj | Initialization via ADMM...
		ADMM weight recon error: raw=346.9670, norm=0.3033, per_el=1.6545e-04, out_err=0.0884, ADMM time=4.52s
	(3/3) Block 16/28, self_attn.o_proj | Tuning Factorized Weights...
		(Epoch 01/08) Block Loss: 2.6743e-05
		(Epoch 02/08) Block Loss: 2.6706e-05
		(Epoch 03/08) Block Loss: 2.6740e-05
		(Epoch 04/08) Block Loss: 2.6776e-05
		(Epoch 05/08) Block Loss: 2.6796e-05
		(Epoch 06/08) Block Loss: 2.6785e-05
		(Epoch 07/08) Block Loss: 2.6768e-05
		(Epoch 08/08) Block Loss: 2.6694e-05
	(1/3) Block 16/28, self_attn.k_proj | Tuning Non-Factorized Weights...
		(Epoch 01/08) Block Loss: 2.6408e-05
		(Epoch 02/08) Block Loss: 2.6024e-05
		(Epoch 03/08) Block Loss: 2.5819e-05
		(Epoch 04/08) Block Loss: 2.5685e-05
		(Epoch 05/08) Block Loss: 2.5577e-05
		(Epoch 06/08) Block Loss: 2.5504e-05
		(Epoch 07/08) Block Loss: 2.5458e-05
		(Epoch 08/08) Block Loss: 2.5438e-05
	(2/3) Block 16/28, self_attn.k_proj | Initialization via ADMM...
		ADMM weight recon error: raw=165.4213, norm=0.2872, per_el=1.5776e-04, out_err=0.0553, ADMM time=11.62s
	(3/3) Block 16/28, self_attn.k_proj | Tuning Factorized Weights...
		(Epoch 01/08) Block Loss: 2.6579e-05
		(Epoch 02/08) Block Loss: 2.5907e-05
		(Epoch 03/08) Block Loss: 2.5778e-05
		(Epoch 04/08) Block Loss: 2.5745e-05
		(Epoch 05/08) Block Loss: 2.5733e-05
		(Epoch 06/08) Block Loss: 2.5726e-05
		(Epoch 07/08) Block Loss: 2.5720e-05
		(Epoch 08/08) Block Loss: 2.5709e-05
	(1/3) Block 16/28, mlp.gate_proj | Tuning Non-Factorized Weights...
		(Epoch 01/08) Block Loss: 2.5831e-05
		(Epoch 02/08) Block Loss: 2.5637e-05
		(Epoch 03/08) Block Loss: 2.5515e-05
		(Epoch 04/08) Block Loss: 2.5431e-05
		(Epoch 05/08) Block Loss: 2.5355e-05
		(Epoch 06/08) Block Loss: 2.5302e-05
		(Epoch 07/08) Block Loss: 2.5266e-05
		(Epoch 08/08) Block Loss: 2.5248e-05
	(2/3) Block 16/28, mlp.gate_proj | Initialization via ADMM...
		ADMM weight recon error: raw=792.1127, norm=0.3174, per_el=2.5181e-04, out_err=0.0471, ADMM time=4.79s
	(3/3) Block 16/28, mlp.gate_proj | Tuning Factorized Weights...
		(Epoch 01/08) Block Loss: 2.7260e-05
		(Epoch 02/08) Block Loss: 2.7198e-05
		(Epoch 03/08) Block Loss: 2.7251e-05
		(Epoch 04/08) Block Loss: 2.7310e-05
		(Epoch 05/08) Block Loss: 2.7340e-05
		(Epoch 06/08) Block Loss: 2.7349e-05
		(Epoch 07/08) Block Loss: 2.7305e-05
		(Epoch 08/08) Block Loss: 2.7209e-05
	(1/3) Block 16/28, mlp.up_proj | Tuning Non-Factorized Weights...
		(Epoch 01/08) Block Loss: 2.6904e-05
		(Epoch 02/08) Block Loss: 2.6648e-05
		(Epoch 03/08) Block Loss: 2.6516e-05
		(Epoch 04/08) Block Loss: 2.6433e-05
		(Epoch 05/08) Block Loss: 2.6364e-05
		(Epoch 06/08) Block Loss: 2.6318e-05
		(Epoch 07/08) Block Loss: 2.6288e-05
		(Epoch 08/08) Block Loss: 2.6275e-05
	(2/3) Block 16/28, mlp.up_proj | Initialization via ADMM...
		ADMM weight recon error: raw=780.3762, norm=0.3613, per_el=2.4807e-04, out_err=0.1154, ADMM time=6.53s
	(3/3) Block 16/28, mlp.up_proj | Tuning Factorized Weights...
		(Epoch 01/08) Block Loss: 3.0278e-05
		(Epoch 02/08) Block Loss: 3.0134e-05
		(Epoch 03/08) Block Loss: 3.0236e-05
		(Epoch 04/08) Block Loss: 3.0364e-05
		(Epoch 05/08) Block Loss: 3.0311e-05
		(Epoch 06/08) Block Loss: 3.0308e-05
		(Epoch 07/08) Block Loss: 3.0315e-05
		(Epoch 08/08) Block Loss: 3.0066e-05
	(1/3) Block 16/28, mlp.down_proj | Tuning Non-Factorized Weights...
		(Epoch 01/08) Block Loss: 2.9369e-05
		(Epoch 02/08) Block Loss: 2.9012e-05
		(Epoch 03/08) Block Loss: 2.8838e-05
		(Epoch 04/08) Block Loss: 2.8734e-05
		(Epoch 05/08) Block Loss: 2.8662e-05
		(Epoch 06/08) Block Loss: 2.8619e-05
		(Epoch 07/08) Block Loss: 2.8593e-05
		(Epoch 08/08) Block Loss: 2.8583e-05
	(2/3) Block 16/28, mlp.down_proj | Initialization via ADMM...
		ADMM weight recon error: raw=630.6194, norm=0.3271, per_el=2.0047e-04, out_err=0.1619, ADMM time=5.24s
	(3/3) Block 16/28, mlp.down_proj | Tuning Factorized Weights...
		(Epoch 01/08) Block Loss: 3.2880e-05
		(Epoch 02/08) Block Loss: 3.2930e-05
		(Epoch 03/08) Block Loss: 3.3133e-05
		(Epoch 04/08) Block Loss: 3.3560e-05
		(Epoch 05/08) Block Loss: 3.3706e-05
		(Epoch 06/08) Block Loss: 3.3343e-05
		(Epoch 07/08) Block Loss: 3.3527e-05
		(Epoch 08/08) Block Loss: 3.3154e-05
		Block 15: relative block output error = 0.0103
Using sequence length: 2048 (model max: 2048)
Compressing Layers:  57%|████████████████████████████████████████████████████████████▌                                             | 16/28 [37:24<27:10, 135.85s/it]Compressing Layers:  61%|████████████████████████████████████████████████████████████████▎                                         | 17/28 [39:46<25:11, 137.43s/it]		Block 15: Test Data PPL        = 21.567
	(1/3) Block 17/28, self_attn.q_proj | Tuning Non-Factorized Weights...
		(Epoch 01/08) Block Loss: 2.0281e-05
		(Epoch 02/08) Block Loss: 1.9288e-05
		(Epoch 03/08) Block Loss: 1.8788e-05
		(Epoch 04/08) Block Loss: 1.8474e-05
		(Epoch 05/08) Block Loss: 1.8252e-05
		(Epoch 06/08) Block Loss: 1.8114e-05
		(Epoch 07/08) Block Loss: 1.8032e-05
		(Epoch 08/08) Block Loss: 1.7999e-05
	(2/3) Block 17/28, self_attn.q_proj | Initialization via ADMM...
		ADMM weight recon error: raw=458.5944, norm=0.2123, per_el=2.1867e-04, out_err=0.0345, ADMM time=5.38s
	(3/3) Block 17/28, self_attn.q_proj | Tuning Factorized Weights...
		(Epoch 01/08) Block Loss: 1.8390e-05
		(Epoch 02/08) Block Loss: 1.8326e-05
		(Epoch 03/08) Block Loss: 1.8304e-05
		(Epoch 04/08) Block Loss: 1.8293e-05
		(Epoch 05/08) Block Loss: 1.8283e-05
		(Epoch 06/08) Block Loss: 1.8280e-05
		(Epoch 07/08) Block Loss: 1.8268e-05
		(Epoch 08/08) Block Loss: 1.8255e-05
	(1/3) Block 17/28, self_attn.v_proj | Tuning Non-Factorized Weights...
		(Epoch 01/08) Block Loss: 1.8347e-05
		(Epoch 02/08) Block Loss: 1.7996e-05
		(Epoch 03/08) Block Loss: 1.7767e-05
		(Epoch 04/08) Block Loss: 1.7606e-05
		(Epoch 05/08) Block Loss: 1.7478e-05
		(Epoch 06/08) Block Loss: 1.7394e-05
		(Epoch 07/08) Block Loss: 1.7339e-05
		(Epoch 08/08) Block Loss: 1.7315e-05
	(2/3) Block 17/28, self_attn.v_proj | Initialization via ADMM...
		ADMM weight recon error: raw=233.4270, norm=0.3316, per_el=2.2261e-04, out_err=0.1730, ADMM time=11.74s
	(3/3) Block 17/28, self_attn.v_proj | Tuning Factorized Weights...
		(Epoch 01/08) Block Loss: 1.8963e-05
		(Epoch 02/08) Block Loss: 1.8708e-05
		(Epoch 03/08) Block Loss: 1.8627e-05
		(Epoch 04/08) Block Loss: 1.8580e-05
		(Epoch 05/08) Block Loss: 1.8554e-05
		(Epoch 06/08) Block Loss: 1.8536e-05
		(Epoch 07/08) Block Loss: 1.8523e-05
		(Epoch 08/08) Block Loss: 1.8500e-05
	(1/3) Block 17/28, self_attn.o_proj | Tuning Non-Factorized Weights...
		(Epoch 01/08) Block Loss: 1.8326e-05
		(Epoch 02/08) Block Loss: 1.7962e-05
		(Epoch 03/08) Block Loss: 1.7771e-05
		(Epoch 04/08) Block Loss: 1.7645e-05
		(Epoch 05/08) Block Loss: 1.7543e-05
		(Epoch 06/08) Block Loss: 1.7474e-05
		(Epoch 07/08) Block Loss: 1.7429e-05
		(Epoch 08/08) Block Loss: 1.7409e-05
	(2/3) Block 17/28, self_attn.o_proj | Initialization via ADMM...
		ADMM weight recon error: raw=346.5830, norm=0.3073, per_el=1.6526e-04, out_err=0.0805, ADMM time=4.80s
	(3/3) Block 17/28, self_attn.o_proj | Tuning Factorized Weights...
		(Epoch 01/08) Block Loss: 1.8623e-05
		(Epoch 02/08) Block Loss: 1.8579e-05
		(Epoch 03/08) Block Loss: 1.8589e-05
		(Epoch 04/08) Block Loss: 1.8608e-05
		(Epoch 05/08) Block Loss: 1.8620e-05
		(Epoch 06/08) Block Loss: 1.8610e-05
		(Epoch 07/08) Block Loss: 1.8594e-05
		(Epoch 08/08) Block Loss: 1.8542e-05
	(1/3) Block 17/28, self_attn.k_proj | Tuning Non-Factorized Weights...
		(Epoch 01/08) Block Loss: 1.8378e-05
		(Epoch 02/08) Block Loss: 1.8104e-05
		(Epoch 03/08) Block Loss: 1.7959e-05
		(Epoch 04/08) Block Loss: 1.7865e-05
		(Epoch 05/08) Block Loss: 1.7787e-05
		(Epoch 06/08) Block Loss: 1.7735e-05
		(Epoch 07/08) Block Loss: 1.7700e-05
		(Epoch 08/08) Block Loss: 1.7684e-05
	(2/3) Block 17/28, self_attn.k_proj | Initialization via ADMM...
		ADMM weight recon error: raw=166.9326, norm=0.2675, per_el=1.5920e-04, out_err=0.0511, ADMM time=10.47s
	(3/3) Block 17/28, self_attn.k_proj | Tuning Factorized Weights...
		(Epoch 01/08) Block Loss: 1.9240e-05
		(Epoch 02/08) Block Loss: 1.8082e-05
		(Epoch 03/08) Block Loss: 1.7958e-05
		(Epoch 04/08) Block Loss: 1.7922e-05
		(Epoch 05/08) Block Loss: 1.7907e-05
		(Epoch 06/08) Block Loss: 1.7900e-05
		(Epoch 07/08) Block Loss: 1.7892e-05
		(Epoch 08/08) Block Loss: 1.7885e-05
	(1/3) Block 17/28, mlp.gate_proj | Tuning Non-Factorized Weights...
		(Epoch 01/08) Block Loss: 1.7991e-05
		(Epoch 02/08) Block Loss: 1.7851e-05
		(Epoch 03/08) Block Loss: 1.7764e-05
		(Epoch 04/08) Block Loss: 1.7704e-05
		(Epoch 05/08) Block Loss: 1.7649e-05
		(Epoch 06/08) Block Loss: 1.7610e-05
		(Epoch 07/08) Block Loss: 1.7582e-05
		(Epoch 08/08) Block Loss: 1.7569e-05
	(2/3) Block 17/28, mlp.gate_proj | Initialization via ADMM...
		ADMM weight recon error: raw=785.1640, norm=0.3187, per_el=2.4960e-04, out_err=0.0408, ADMM time=4.97s
	(3/3) Block 17/28, mlp.gate_proj | Tuning Factorized Weights...
		(Epoch 01/08) Block Loss: 1.9186e-05
		(Epoch 02/08) Block Loss: 1.9108e-05
		(Epoch 03/08) Block Loss: 1.9145e-05
		(Epoch 04/08) Block Loss: 1.9187e-05
		(Epoch 05/08) Block Loss: 1.9206e-05
		(Epoch 06/08) Block Loss: 1.9214e-05
		(Epoch 07/08) Block Loss: 1.9193e-05
		(Epoch 08/08) Block Loss: 1.9112e-05
	(1/3) Block 17/28, mlp.up_proj | Tuning Non-Factorized Weights...
		(Epoch 01/08) Block Loss: 1.8865e-05
		(Epoch 02/08) Block Loss: 1.8666e-05
		(Epoch 03/08) Block Loss: 1.8568e-05
		(Epoch 04/08) Block Loss: 1.8508e-05
		(Epoch 05/08) Block Loss: 1.8457e-05
		(Epoch 06/08) Block Loss: 1.8422e-05
		(Epoch 07/08) Block Loss: 1.8399e-05
		(Epoch 08/08) Block Loss: 1.8388e-05
	(2/3) Block 17/28, mlp.up_proj | Initialization via ADMM...
		ADMM weight recon error: raw=854.1416, norm=0.3759, per_el=2.7152e-04, out_err=0.0999, ADMM time=6.26s
	(3/3) Block 17/28, mlp.up_proj | Tuning Factorized Weights...
		(Epoch 01/08) Block Loss: 2.2300e-05
		(Epoch 02/08) Block Loss: 2.2149e-05
		(Epoch 03/08) Block Loss: 2.2237e-05
		(Epoch 04/08) Block Loss: 2.2354e-05
		(Epoch 05/08) Block Loss: 2.2361e-05
		(Epoch 06/08) Block Loss: 2.2398e-05
		(Epoch 07/08) Block Loss: 2.2349e-05
		(Epoch 08/08) Block Loss: 2.2187e-05
	(1/3) Block 17/28, mlp.down_proj | Tuning Non-Factorized Weights...
		(Epoch 01/08) Block Loss: 2.1322e-05
		(Epoch 02/08) Block Loss: 2.0901e-05
		(Epoch 03/08) Block Loss: 2.0715e-05
		(Epoch 04/08) Block Loss: 2.0610e-05
		(Epoch 05/08) Block Loss: 2.0540e-05
		(Epoch 06/08) Block Loss: 2.0499e-05
		(Epoch 07/08) Block Loss: 2.0476e-05
		(Epoch 08/08) Block Loss: 2.0467e-05
	(2/3) Block 17/28, mlp.down_proj | Initialization via ADMM...
		ADMM weight recon error: raw=700.6835, norm=0.3590, per_el=2.2274e-04, out_err=0.1294, ADMM time=5.22s
	(3/3) Block 17/28, mlp.down_proj | Tuning Factorized Weights...
		(Epoch 01/08) Block Loss: 2.5067e-05
		(Epoch 02/08) Block Loss: 2.5172e-05
		(Epoch 03/08) Block Loss: 2.5454e-05
		(Epoch 04/08) Block Loss: 2.5684e-05
		(Epoch 05/08) Block Loss: 2.5807e-05
		(Epoch 06/08) Block Loss: 2.5854e-05
		(Epoch 07/08) Block Loss: 2.5857e-05
		(Epoch 08/08) Block Loss: 2.5645e-05
		Block 16: relative block output error = 0.0163
Using sequence length: 2048 (model max: 2048)
		Block 16: Test Data PPL        = 22.079
	(1/3) Block 18/28, self_attn.q_proj | Tuning Non-Factorized Weights...
		(Epoch 01/08) Block Loss: 2.0607e-05
		(Epoch 02/08) Block Loss: 1.9357e-05
		(Epoch 03/08) Block Loss: 1.8747e-05
		(Epoch 04/08) Block Loss: 1.8364e-05
		(Epoch 05/08) Block Loss: 1.8104e-05
		(Epoch 06/08) Block Loss: 1.7943e-05
		(Epoch 07/08) Block Loss: 1.7850e-05
		(Epoch 08/08) Block Loss: 1.7814e-05
	(2/3) Block 18/28, self_attn.q_proj | Initialization via ADMM...
		ADMM weight recon error: raw=433.6695, norm=0.2259, per_el=2.0679e-04, out_err=0.0376, ADMM time=5.37s
	(3/3) Block 18/28, self_attn.q_proj | Tuning Factorized Weights...
		(Epoch 01/08) Block Loss: 1.8296e-05
		(Epoch 02/08) Block Loss: 1.8221e-05
		(Epoch 03/08) Block Loss: 1.8189e-05
		(Epoch 04/08) Block Loss: 1.8173e-05
		(Epoch 05/08) Block Loss: 1.8157e-05
		(Epoch 06/08) Block Loss: 1.8145e-05
		(Epoch 07/08) Block Loss: 1.8132e-05
		(Epoch 08/08) Block Loss: 1.8116e-05
	(1/3) Block 18/28, self_attn.v_proj | Tuning Non-Factorized Weights...
		(Epoch 01/08) Block Loss: 1.8201e-05
		(Epoch 02/08) Block Loss: 1.7811e-05
		(Epoch 03/08) Block Loss: 1.7560e-05
		(Epoch 04/08) Block Loss: 1.7372e-05
		(Epoch 05/08) Block Loss: 1.7231e-05
		(Epoch 06/08) Block Loss: 1.7139e-05
		(Epoch 07/08) Block Loss: 1.7080e-05
		(Epoch 08/08) Block Loss: 1.7055e-05
	(2/3) Block 18/28, self_attn.v_proj | Initialization via ADMM...
		ADMM weight recon error: raw=243.7782, norm=0.3242, per_el=2.3249e-04, out_err=0.1962, ADMM time=11.82s
Compressing Layers:  64%|████████████████████████████████████████████████████████████████████▏                                     | 18/28 [42:08<23:07, 138.80s/it]	(3/3) Block 18/28, self_attn.v_proj | Tuning Factorized Weights...
		(Epoch 01/08) Block Loss: 1.9457e-05
		(Epoch 02/08) Block Loss: 1.9057e-05
		(Epoch 03/08) Block Loss: 1.8940e-05
		(Epoch 04/08) Block Loss: 1.8873e-05
		(Epoch 05/08) Block Loss: 1.8829e-05
		(Epoch 06/08) Block Loss: 1.8803e-05
		(Epoch 07/08) Block Loss: 1.8785e-05
		(Epoch 08/08) Block Loss: 1.8754e-05
	(1/3) Block 18/28, self_attn.o_proj | Tuning Non-Factorized Weights...
		(Epoch 01/08) Block Loss: 1.8447e-05
		(Epoch 02/08) Block Loss: 1.7989e-05
		(Epoch 03/08) Block Loss: 1.7759e-05
		(Epoch 04/08) Block Loss: 1.7605e-05
		(Epoch 05/08) Block Loss: 1.7489e-05
		(Epoch 06/08) Block Loss: 1.7412e-05
		(Epoch 07/08) Block Loss: 1.7362e-05
		(Epoch 08/08) Block Loss: 1.7340e-05
	(2/3) Block 18/28, self_attn.o_proj | Initialization via ADMM...
		ADMM weight recon error: raw=336.8605, norm=0.2986, per_el=1.6063e-04, out_err=0.1034, ADMM time=5.49s
	(3/3) Block 18/28, self_attn.o_proj | Tuning Factorized Weights...
		(Epoch 01/08) Block Loss: 1.8971e-05
		(Epoch 02/08) Block Loss: 1.8907e-05
		(Epoch 03/08) Block Loss: 1.8916e-05
		(Epoch 04/08) Block Loss: 1.8965e-05
		(Epoch 05/08) Block Loss: 1.8970e-05
		(Epoch 06/08) Block Loss: 1.8942e-05
		(Epoch 07/08) Block Loss: 1.8930e-05
		(Epoch 08/08) Block Loss: 1.8860e-05
	(1/3) Block 18/28, self_attn.k_proj | Tuning Non-Factorized Weights...
		(Epoch 01/08) Block Loss: 1.8604e-05
		(Epoch 02/08) Block Loss: 1.8268e-05
		(Epoch 03/08) Block Loss: 1.8093e-05
		(Epoch 04/08) Block Loss: 1.7978e-05
		(Epoch 05/08) Block Loss: 1.7889e-05
		(Epoch 06/08) Block Loss: 1.7829e-05
		(Epoch 07/08) Block Loss: 1.7792e-05
		(Epoch 08/08) Block Loss: 1.7775e-05
	(2/3) Block 18/28, self_attn.k_proj | Initialization via ADMM...
		ADMM weight recon error: raw=170.1275, norm=0.2817, per_el=1.6225e-04, out_err=0.0429, ADMM time=9.81s
	(3/3) Block 18/28, self_attn.k_proj | Tuning Factorized Weights...
		(Epoch 01/08) Block Loss: 1.8645e-05
		(Epoch 02/08) Block Loss: 1.8135e-05
		(Epoch 03/08) Block Loss: 1.8042e-05
		(Epoch 04/08) Block Loss: 1.8016e-05
		(Epoch 05/08) Block Loss: 1.8004e-05
		(Epoch 06/08) Block Loss: 1.7998e-05
		(Epoch 07/08) Block Loss: 1.7992e-05
		(Epoch 08/08) Block Loss: 1.7987e-05
	(1/3) Block 18/28, mlp.gate_proj | Tuning Non-Factorized Weights...
		(Epoch 01/08) Block Loss: 1.8084e-05
		(Epoch 02/08) Block Loss: 1.7930e-05
		(Epoch 03/08) Block Loss: 1.7832e-05
		(Epoch 04/08) Block Loss: 1.7763e-05
		(Epoch 05/08) Block Loss: 1.7703e-05
		(Epoch 06/08) Block Loss: 1.7661e-05
		(Epoch 07/08) Block Loss: 1.7632e-05
		(Epoch 08/08) Block Loss: 1.7619e-05
	(2/3) Block 18/28, mlp.gate_proj | Initialization via ADMM...
		ADMM weight recon error: raw=805.2555, norm=0.3268, per_el=2.5598e-04, out_err=0.0456, ADMM time=5.84s
	(3/3) Block 18/28, mlp.gate_proj | Tuning Factorized Weights...
		(Epoch 01/08) Block Loss: 1.9505e-05
		(Epoch 02/08) Block Loss: 1.9356e-05
		(Epoch 03/08) Block Loss: 1.9382e-05
		(Epoch 04/08) Block Loss: 1.9418e-05
		(Epoch 05/08) Block Loss: 1.9437e-05
		(Epoch 06/08) Block Loss: 1.9451e-05
		(Epoch 07/08) Block Loss: 1.9412e-05
		(Epoch 08/08) Block Loss: 1.9316e-05
	(1/3) Block 18/28, mlp.up_proj | Tuning Non-Factorized Weights...
		(Epoch 01/08) Block Loss: 1.9015e-05
		(Epoch 02/08) Block Loss: 1.8793e-05
		(Epoch 03/08) Block Loss: 1.8681e-05
		(Epoch 04/08) Block Loss: 1.8610e-05
		(Epoch 05/08) Block Loss: 1.8555e-05
		(Epoch 06/08) Block Loss: 1.8517e-05
		(Epoch 07/08) Block Loss: 1.8493e-05
		(Epoch 08/08) Block Loss: 1.8482e-05
	(2/3) Block 18/28, mlp.up_proj | Initialization via ADMM...
		ADMM weight recon error: raw=885.6594, norm=0.3594, per_el=2.8154e-04, out_err=0.0835, ADMM time=5.64s
	(3/3) Block 18/28, mlp.up_proj | Tuning Factorized Weights...
		(Epoch 01/08) Block Loss: 2.1503e-05
		(Epoch 02/08) Block Loss: 2.1282e-05
		(Epoch 03/08) Block Loss: 2.1309e-05
		(Epoch 04/08) Block Loss: 2.1362e-05
		(Epoch 05/08) Block Loss: 2.1369e-05
		(Epoch 06/08) Block Loss: 2.1347e-05
		(Epoch 07/08) Block Loss: 2.1325e-05
		(Epoch 08/08) Block Loss: 2.1174e-05
	(1/3) Block 18/28, mlp.down_proj | Tuning Non-Factorized Weights...
		(Epoch 01/08) Block Loss: 2.0637e-05
		(Epoch 02/08) Block Loss: 2.0374e-05
		(Epoch 03/08) Block Loss: 2.0250e-05
		(Epoch 04/08) Block Loss: 2.0179e-05
		(Epoch 05/08) Block Loss: 2.0128e-05
		(Epoch 06/08) Block Loss: 2.0096e-05
		(Epoch 07/08) Block Loss: 2.0078e-05
		(Epoch 08/08) Block Loss: 2.0070e-05
	(2/3) Block 18/28, mlp.down_proj | Initialization via ADMM...
		ADMM weight recon error: raw=697.3231, norm=0.3515, per_el=2.2167e-04, out_err=0.1509, ADMM time=6.10s
	(3/3) Block 18/28, mlp.down_proj | Tuning Factorized Weights...
		(Epoch 01/08) Block Loss: 2.4609e-05
		(Epoch 02/08) Block Loss: 2.4748e-05
		(Epoch 03/08) Block Loss: 2.5025e-05
		(Epoch 04/08) Block Loss: 2.5248e-05
		(Epoch 05/08) Block Loss: 2.5335e-05
		(Epoch 06/08) Block Loss: 2.5384e-05
		(Epoch 07/08) Block Loss: 2.5385e-05
		(Epoch 08/08) Block Loss: 2.5166e-05
		Block 17: relative block output error = 0.0221
Using sequence length: 2048 (model max: 2048)
		Block 17: Test Data PPL        = 22.571
	(1/3) Block 19/28, self_attn.q_proj | Tuning Non-Factorized Weights...
		(Epoch 01/08) Block Loss: 2.1795e-05
		(Epoch 02/08) Block Loss: 2.0516e-05
		(Epoch 03/08) Block Loss: 1.9886e-05
		(Epoch 04/08) Block Loss: 1.9493e-05
		(Epoch 05/08) Block Loss: 1.9228e-05
		(Epoch 06/08) Block Loss: 1.9065e-05
		(Epoch 07/08) Block Loss: 1.8970e-05
		(Epoch 08/08) Block Loss: 1.8934e-05
	(2/3) Block 19/28, self_attn.q_proj | Initialization via ADMM...
		ADMM weight recon error: raw=452.7502, norm=0.2273, per_el=2.1589e-04, out_err=0.0344, ADMM time=5.42s
	(3/3) Block 19/28, self_attn.q_proj | Tuning Factorized Weights...
		(Epoch 01/08) Block Loss: 1.9328e-05
		(Epoch 02/08) Block Loss: 1.9254e-05
		(Epoch 03/08) Block Loss: 1.9228e-05
		(Epoch 04/08) Block Loss: 1.9213e-05
		(Epoch 05/08) Block Loss: 1.9200e-05
		(Epoch 06/08) Block Loss: 1.9194e-05
		(Epoch 07/08) Block Loss: 1.9181e-05
		(Epoch 08/08) Block Loss: 1.9166e-05
	(1/3) Block 19/28, self_attn.v_proj | Tuning Non-Factorized Weights...
		(Epoch 01/08) Block Loss: 1.9258e-05
		(Epoch 02/08) Block Loss: 1.8857e-05
		(Epoch 03/08) Block Loss: 1.8594e-05
		(Epoch 04/08) Block Loss: 1.8403e-05
		(Epoch 05/08) Block Loss: 1.8258e-05
		(Epoch 06/08) Block Loss: 1.8163e-05
		(Epoch 07/08) Block Loss: 1.8103e-05
		(Epoch 08/08) Block Loss: 1.8077e-05
	(2/3) Block 19/28, self_attn.v_proj | Initialization via ADMM...
		ADMM weight recon error: raw=243.3324, norm=0.3496, per_el=2.3206e-04, out_err=0.1930, ADMM time=10.60s
	(3/3) Block 19/28, self_attn.v_proj | Tuning Factorized Weights...
		(Epoch 01/08) Block Loss: 2.0430e-05
		(Epoch 02/08) Block Loss: 1.9942e-05
		(Epoch 03/08) Block Loss: 1.9802e-05
		(Epoch 04/08) Block Loss: 1.9713e-05
		(Epoch 05/08) Block Loss: 1.9661e-05
		(Epoch 06/08) Block Loss: 1.9627e-05
		(Epoch 07/08) Block Loss: 1.9603e-05
		(Epoch 08/08) Block Loss: 1.9578e-05
	(1/3) Block 19/28, self_attn.o_proj | Tuning Non-Factorized Weights...
		(Epoch 01/08) Block Loss: 1.9309e-05
		(Epoch 02/08) Block Loss: 1.8854e-05
		(Epoch 03/08) Block Loss: 1.8624e-05
		(Epoch 04/08) Block Loss: 1.8472e-05
		(Epoch 05/08) Block Loss: 1.8355e-05
		(Epoch 06/08) Block Loss: 1.8276e-05
		(Epoch 07/08) Block Loss: 1.8227e-05
		(Epoch 08/08) Block Loss: 1.8205e-05
	(2/3) Block 19/28, self_attn.o_proj | Initialization via ADMM...
		ADMM weight recon error: raw=337.4167, norm=0.3220, per_el=1.6089e-04, out_err=0.0698, ADMM time=5.76s
	(3/3) Block 19/28, self_attn.o_proj | Tuning Factorized Weights...
		(Epoch 01/08) Block Loss: 1.9372e-05
		(Epoch 02/08) Block Loss: 1.9329e-05
		(Epoch 03/08) Block Loss: 1.9347e-05
		(Epoch 04/08) Block Loss: 1.9372e-05
		(Epoch 05/08) Block Loss: 1.9397e-05
		(Epoch 06/08) Block Loss: 1.9370e-05
		(Epoch 07/08) Block Loss: 1.9360e-05
		(Epoch 08/08) Block Loss: 1.9301e-05
	(1/3) Block 19/28, self_attn.k_proj | Tuning Non-Factorized Weights...
		(Epoch 01/08) Block Loss: 1.9147e-05
		(Epoch 02/08) Block Loss: 1.8855e-05
		(Epoch 03/08) Block Loss: 1.8696e-05
		(Epoch 04/08) Block Loss: 1.8593e-05Compressing Layers:  68%|███████████████████████████████████████████████████████████████████████▉                                  | 19/28 [44:23<20:41, 137.93s/it]
		(Epoch 05/08) Block Loss: 1.8509e-05
		(Epoch 06/08) Block Loss: 1.8451e-05
		(Epoch 07/08) Block Loss: 1.8414e-05
		(Epoch 08/08) Block Loss: 1.8397e-05
	(2/3) Block 19/28, self_attn.k_proj | Initialization via ADMM...
		ADMM weight recon error: raw=165.6247, norm=0.2916, per_el=1.5795e-04, out_err=0.0545, ADMM time=8.12s
	(3/3) Block 19/28, self_attn.k_proj | Tuning Factorized Weights...
		(Epoch 01/08) Block Loss: 1.9757e-05
		(Epoch 02/08) Block Loss: 1.8823e-05
		(Epoch 03/08) Block Loss: 1.8676e-05
		(Epoch 04/08) Block Loss: 1.8643e-05
		(Epoch 05/08) Block Loss: 1.8628e-05
		(Epoch 06/08) Block Loss: 1.8616e-05
		(Epoch 07/08) Block Loss: 1.8612e-05
		(Epoch 08/08) Block Loss: 1.8605e-05
	(1/3) Block 19/28, mlp.gate_proj | Tuning Non-Factorized Weights...
		(Epoch 01/08) Block Loss: 1.8710e-05
		(Epoch 02/08) Block Loss: 1.8555e-05
		(Epoch 03/08) Block Loss: 1.8458e-05
		(Epoch 04/08) Block Loss: 1.8390e-05
		(Epoch 05/08) Block Loss: 1.8330e-05
		(Epoch 06/08) Block Loss: 1.8287e-05
		(Epoch 07/08) Block Loss: 1.8257e-05
		(Epoch 08/08) Block Loss: 1.8243e-05
	(2/3) Block 19/28, mlp.gate_proj | Initialization via ADMM...
		ADMM weight recon error: raw=821.5135, norm=0.3334, per_el=2.6115e-04, out_err=0.0436, ADMM time=6.49s
	(3/3) Block 19/28, mlp.gate_proj | Tuning Factorized Weights...
		(Epoch 01/08) Block Loss: 2.0398e-05
		(Epoch 02/08) Block Loss: 2.0219e-05
		(Epoch 03/08) Block Loss: 2.0244e-05
		(Epoch 04/08) Block Loss: 2.0285e-05
		(Epoch 05/08) Block Loss: 2.0300e-05
		(Epoch 06/08) Block Loss: 2.0299e-05
		(Epoch 07/08) Block Loss: 2.0280e-05
		(Epoch 08/08) Block Loss: 2.0170e-05
	(1/3) Block 19/28, mlp.up_proj | Tuning Non-Factorized Weights...
		(Epoch 01/08) Block Loss: 1.9833e-05
		(Epoch 02/08) Block Loss: 1.9596e-05
		(Epoch 03/08) Block Loss: 1.9478e-05
		(Epoch 04/08) Block Loss: 1.9405e-05
		(Epoch 05/08) Block Loss: 1.9346e-05
		(Epoch 06/08) Block Loss: 1.9307e-05
		(Epoch 07/08) Block Loss: 1.9282e-05
		(Epoch 08/08) Block Loss: 1.9270e-05
	(2/3) Block 19/28, mlp.up_proj | Initialization via ADMM...
		ADMM weight recon error: raw=919.5334, norm=0.3684, per_el=2.9231e-04, out_err=0.0736, ADMM time=5.01s
	(3/3) Block 19/28, mlp.up_proj | Tuning Factorized Weights...
		(Epoch 01/08) Block Loss: 2.2651e-05
		(Epoch 02/08) Block Loss: 2.2372e-05
		(Epoch 03/08) Block Loss: 2.2402e-05
		(Epoch 04/08) Block Loss: 2.2456e-05
		(Epoch 05/08) Block Loss: 2.2466e-05
		(Epoch 06/08) Block Loss: 2.2465e-05
		(Epoch 07/08) Block Loss: 2.2432e-05
		(Epoch 08/08) Block Loss: 2.2267e-05
	(1/3) Block 19/28, mlp.down_proj | Tuning Non-Factorized Weights...
		(Epoch 01/08) Block Loss: 2.1654e-05
		(Epoch 02/08) Block Loss: 2.1355e-05
		(Epoch 03/08) Block Loss: 2.1218e-05
		(Epoch 04/08) Block Loss: 2.1139e-05
		(Epoch 05/08) Block Loss: 2.1084e-05
		(Epoch 06/08) Block Loss: 2.1050e-05
		(Epoch 07/08) Block Loss: 2.1031e-05
		(Epoch 08/08) Block Loss: 2.1023e-05
	(2/3) Block 19/28, mlp.down_proj | Initialization via ADMM...
		ADMM weight recon error: raw=758.4633, norm=0.3538, per_el=2.4111e-04, out_err=0.1562, ADMM time=6.00s
	(3/3) Block 19/28, mlp.down_proj | Tuning Factorized Weights...
		(Epoch 01/08) Block Loss: 2.6109e-05
		(Epoch 02/08) Block Loss: 2.6263e-05
		(Epoch 03/08) Block Loss: 2.6583e-05
		(Epoch 04/08) Block Loss: 2.6833e-05
		(Epoch 05/08) Block Loss: 2.6944e-05
		(Epoch 06/08) Block Loss: 2.6996e-05
		(Epoch 07/08) Block Loss: 2.6990e-05
		(Epoch 08/08) Block Loss: 2.6769e-05
		Block 18: relative block output error = 0.0281
Using sequence length: 2048 (model max: 2048)
		Block 18: Test Data PPL        = 23.126
	(1/3) Block 20/28, self_attn.q_proj | Tuning Non-Factorized Weights...
		(Epoch 01/08) Block Loss: 2.1226e-05
		(Epoch 02/08) Block Loss: 1.9915e-05
		(Epoch 03/08) Block Loss: 1.9267e-05
		(Epoch 04/08) Block Loss: 1.8866e-05
		(Epoch 05/08) Block Loss: 1.8594e-05
		(Epoch 06/08) Block Loss: 1.8426e-05
		(Epoch 07/08) Block Loss: 1.8329e-05
		(Epoch 08/08) Block Loss: 1.8292e-05
	(2/3) Block 20/28, self_attn.q_proj | Initialization via ADMM...
		ADMM weight recon error: raw=465.6213, norm=0.2140, per_el=2.2203e-04, out_err=0.0367, ADMM time=5.44s
	(3/3) Block 20/28, self_attn.q_proj | Tuning Factorized Weights...
		(Epoch 01/08) Block Loss: 1.8749e-05
		(Epoch 02/08) Block Loss: 1.8663e-05
		(Epoch 03/08) Block Loss: 1.8632e-05
		(Epoch 04/08) Block Loss: 1.8614e-05
		(Epoch 05/08) Block Loss: 1.8601e-05
		(Epoch 06/08) Block Loss: 1.8589e-05
		(Epoch 07/08) Block Loss: 1.8577e-05
		(Epoch 08/08) Block Loss: 1.8561e-05
	(1/3) Block 20/28, self_attn.v_proj | Tuning Non-Factorized Weights...
		(Epoch 01/08) Block Loss: 1.8650e-05
		(Epoch 02/08) Block Loss: 1.8232e-05
		(Epoch 03/08) Block Loss: 1.7966e-05
		(Epoch 04/08) Block Loss: 1.7775e-05
		(Epoch 05/08) Block Loss: 1.7627e-05
		(Epoch 06/08) Block Loss: 1.7529e-05
		(Epoch 07/08) Block Loss: 1.7468e-05
		(Epoch 08/08) Block Loss: 1.7442e-05
	(2/3) Block 20/28, self_attn.v_proj | Initialization via ADMM...
		ADMM weight recon error: raw=238.6983, norm=0.3334, per_el=2.2764e-04, out_err=0.1896, ADMM time=11.67s
	(3/3) Block 20/28, self_attn.v_proj | Tuning Factorized Weights...
		(Epoch 01/08) Block Loss: 1.9716e-05
		(Epoch 02/08) Block Loss: 1.9285e-05
		(Epoch 03/08) Block Loss: 1.9157e-05
		(Epoch 04/08) Block Loss: 1.9077e-05
		(Epoch 05/08) Block Loss: 1.9043e-05
		(Epoch 06/08) Block Loss: 1.9016e-05
		(Epoch 07/08) Block Loss: 1.8999e-05
		(Epoch 08/08) Block Loss: 1.8974e-05
	(1/3) Block 20/28, self_attn.o_proj | Tuning Non-Factorized Weights...
		(Epoch 01/08) Block Loss: 1.8728e-05
		(Epoch 02/08) Block Loss: 1.8280e-05
		(Epoch 03/08) Block Loss: 1.8049e-05
		(Epoch 04/08) Block Loss: 1.7896e-05
		(Epoch 05/08) Block Loss: 1.7777e-05
		(Epoch 06/08) Block Loss: 1.7697e-05
		(Epoch 07/08) Block Loss: 1.7646e-05
		(Epoch 08/08) Block Loss: 1.7624e-05
	(2/3) Block 20/28, self_attn.o_proj | Initialization via ADMM...
		ADMM weight recon error: raw=358.2054, norm=0.3067, per_el=1.7081e-04, out_err=0.0938, ADMM time=4.66s
	(3/3) Block 20/28, self_attn.o_proj | Tuning Factorized Weights...
		(Epoch 01/08) Block Loss: 1.9065e-05
		(Epoch 02/08) Block Loss: 1.9017e-05
		(Epoch 03/08) Block Loss: 1.9040e-05
		(Epoch 04/08) Block Loss: 1.9075e-05
		(Epoch 05/08) Block Loss: 1.9097e-05
		(Epoch 06/08) Block Loss: 1.9092e-05
		(Epoch 07/08) Block Loss: 1.9088e-05
		(Epoch 08/08) Block Loss: 1.9016e-05
	(1/3) Block 20/28, self_attn.k_proj | Tuning Non-Factorized Weights...
		(Epoch 01/08) Block Loss: 1.8779e-05
		(Epoch 02/08) Block Loss: 1.8448e-05
		(Epoch 03/08) Block Loss: 1.8277e-05
		(Epoch 04/08) Block Loss: 1.8164e-05
		(Epoch 05/08) Block Loss: 1.8075e-05
		(Epoch 06/08) Block Loss: 1.8014e-05
		(Epoch 07/08) Block Loss: 1.7975e-05
		(Epoch 08/08) Block Loss: 1.7958e-05
	(2/3) Block 20/28, self_attn.k_proj | Initialization via ADMM...
		ADMM weight recon error: raw=167.1809, norm=0.2882, per_el=1.5944e-04, out_err=0.0533, ADMM time=9.52s
	(3/3) Block 20/28, self_attn.k_proj | Tuning Factorized Weights...
		(Epoch 01/08) Block Loss: 1.9217e-05
		(Epoch 02/08) Block Loss: 1.8414e-05
		(Epoch 03/08) Block Loss: 1.8284e-05
		(Epoch 04/08) Block Loss: 1.8240e-05
		(Epoch 05/08) Block Loss: 1.8221e-05
		(Epoch 06/08) Block Loss: 1.8211e-05
		(Epoch 07/08) Block Loss: 1.8203e-05
		(Epoch 08/08) Block Loss: 1.8200e-05
	(1/3) Block 20/28, mlp.gate_proj | Tuning Non-Factorized Weights...
		(Epoch 01/08) Block Loss: 1.8315e-05
		(Epoch 02/08) Block Loss: 1.8153e-05
		(Epoch 03/08) Block Loss: 1.8054e-05
		(Epoch 04/08) Block Loss: 1.7984e-05
		(Epoch 05/08) Block Loss: 1.7921e-05
		(Epoch 06/08) Block Loss: 1.7877e-05
		(Epoch 07/08) Block Loss: 1.7846e-05
		(Epoch 08/08) Block Loss: 1.7831e-05
	(2/3) Block 20/28, mlp.gate_proj | Initialization via ADMM...
		ADMM weight recon error: raw=800.5715, norm=0.3336, per_el=2.5449e-04, out_err=0.0402, ADMM time=5.44s
	(3/3) Block 20/28, mlp.gate_proj | Tuning Factorized Weights...
		(Epoch 01/08) Block Loss: 2.0158e-05
		(Epoch 02/08) Block Loss: 1.9923e-05
		(Epoch 03/08) Block Loss: 1.9928e-05
		(Epoch 04/08) Block Loss: 1.9962e-05
		(Epoch 05/08) Block Loss: 1.9978e-05
Compressing Layers:  71%|███████████████████████████████████████████████████████████████████████████▋                              | 20/28 [46:43<18:28, 138.54s/it]		(Epoch 06/08) Block Loss: 1.9974e-05
		(Epoch 07/08) Block Loss: 1.9947e-05
		(Epoch 08/08) Block Loss: 1.9845e-05
	(1/3) Block 20/28, mlp.up_proj | Tuning Non-Factorized Weights...
		(Epoch 01/08) Block Loss: 1.9514e-05
		(Epoch 02/08) Block Loss: 1.9268e-05
		(Epoch 03/08) Block Loss: 1.9147e-05
		(Epoch 04/08) Block Loss: 1.9071e-05
		(Epoch 05/08) Block Loss: 1.9011e-05
		(Epoch 06/08) Block Loss: 1.8971e-05
		(Epoch 07/08) Block Loss: 1.8945e-05
		(Epoch 08/08) Block Loss: 1.8933e-05
	(2/3) Block 20/28, mlp.up_proj | Initialization via ADMM...
		ADMM weight recon error: raw=1010.9067, norm=0.3695, per_el=3.2136e-04, out_err=0.0711, ADMM time=6.01s
	(3/3) Block 20/28, mlp.up_proj | Tuning Factorized Weights...
		(Epoch 01/08) Block Loss: 2.3041e-05
		(Epoch 02/08) Block Loss: 2.2724e-05
		(Epoch 03/08) Block Loss: 2.2768e-05
		(Epoch 04/08) Block Loss: 2.2838e-05
		(Epoch 05/08) Block Loss: 2.2855e-05
		(Epoch 06/08) Block Loss: 2.2850e-05
		(Epoch 07/08) Block Loss: 2.2817e-05
		(Epoch 08/08) Block Loss: 2.2626e-05
	(1/3) Block 20/28, mlp.down_proj | Tuning Non-Factorized Weights...
		(Epoch 01/08) Block Loss: 2.1853e-05
		(Epoch 02/08) Block Loss: 2.1472e-05
		(Epoch 03/08) Block Loss: 2.1297e-05
		(Epoch 04/08) Block Loss: 2.1198e-05
		(Epoch 05/08) Block Loss: 2.1131e-05
		(Epoch 06/08) Block Loss: 2.1091e-05
		(Epoch 07/08) Block Loss: 2.1069e-05
		(Epoch 08/08) Block Loss: 2.1060e-05
	(2/3) Block 20/28, mlp.down_proj | Initialization via ADMM...
		ADMM weight recon error: raw=838.2787, norm=0.3493, per_el=2.6648e-04, out_err=0.1478, ADMM time=6.30s
	(3/3) Block 20/28, mlp.down_proj | Tuning Factorized Weights...
		(Epoch 01/08) Block Loss: 2.6984e-05
		(Epoch 02/08) Block Loss: 2.7123e-05
		(Epoch 03/08) Block Loss: 2.7463e-05
		(Epoch 04/08) Block Loss: 2.7760e-05
		(Epoch 05/08) Block Loss: 2.7884e-05
		(Epoch 06/08) Block Loss: 2.7948e-05
		(Epoch 07/08) Block Loss: 2.7967e-05
		(Epoch 08/08) Block Loss: 2.7717e-05
		Block 19: relative block output error = 0.0384
Using sequence length: 2048 (model max: 2048)
		Block 19: Test Data PPL        = 24.739
	(1/3) Block 21/28, self_attn.q_proj | Tuning Non-Factorized Weights...
		(Epoch 01/08) Block Loss: 2.7028e-05
		(Epoch 02/08) Block Loss: 2.5313e-05
		(Epoch 03/08) Block Loss: 2.4483e-05
		(Epoch 04/08) Block Loss: 2.3936e-05
		(Epoch 05/08) Block Loss: 2.3570e-05
		(Epoch 06/08) Block Loss: 2.3350e-05
		(Epoch 07/08) Block Loss: 2.3230e-05
		(Epoch 08/08) Block Loss: 2.3185e-05
	(2/3) Block 21/28, self_attn.q_proj | Initialization via ADMM...
		ADMM weight recon error: raw=510.8197, norm=0.2128, per_el=2.4358e-04, out_err=0.0420, ADMM time=4.97s
	(3/3) Block 21/28, self_attn.q_proj | Tuning Factorized Weights...
		(Epoch 01/08) Block Loss: 2.3846e-05
		(Epoch 02/08) Block Loss: 2.3689e-05
		(Epoch 03/08) Block Loss: 2.3642e-05
		(Epoch 04/08) Block Loss: 2.3617e-05
		(Epoch 05/08) Block Loss: 2.3597e-05
		(Epoch 06/08) Block Loss: 2.3582e-05
		(Epoch 07/08) Block Loss: 2.3569e-05
		(Epoch 08/08) Block Loss: 2.3553e-05
	(1/3) Block 21/28, self_attn.v_proj | Tuning Non-Factorized Weights...
		(Epoch 01/08) Block Loss: 2.3609e-05
		(Epoch 02/08) Block Loss: 2.3085e-05
		(Epoch 03/08) Block Loss: 2.2744e-05
		(Epoch 04/08) Block Loss: 2.2484e-05
		(Epoch 05/08) Block Loss: 2.2293e-05
		(Epoch 06/08) Block Loss: 2.2165e-05
		(Epoch 07/08) Block Loss: 2.2091e-05
		(Epoch 08/08) Block Loss: 2.2061e-05
	(2/3) Block 21/28, self_attn.v_proj | Initialization via ADMM...
		ADMM weight recon error: raw=255.5164, norm=0.3259, per_el=2.4368e-04, out_err=0.1905, ADMM time=9.25s
	(3/3) Block 21/28, self_attn.v_proj | Tuning Factorized Weights...
		(Epoch 01/08) Block Loss: 2.5008e-05
		(Epoch 02/08) Block Loss: 2.4225e-05
		(Epoch 03/08) Block Loss: 2.4024e-05
		(Epoch 04/08) Block Loss: 2.3898e-05
		(Epoch 05/08) Block Loss: 2.3828e-05
		(Epoch 06/08) Block Loss: 2.3786e-05
		(Epoch 07/08) Block Loss: 2.3760e-05
		(Epoch 08/08) Block Loss: 2.3723e-05
	(1/3) Block 21/28, self_attn.o_proj | Tuning Non-Factorized Weights...
		(Epoch 01/08) Block Loss: 2.3441e-05
		(Epoch 02/08) Block Loss: 2.2925e-05
		(Epoch 03/08) Block Loss: 2.2649e-05
		(Epoch 04/08) Block Loss: 2.2458e-05
		(Epoch 05/08) Block Loss: 2.2311e-05
		(Epoch 06/08) Block Loss: 2.2213e-05
		(Epoch 07/08) Block Loss: 2.2154e-05
		(Epoch 08/08) Block Loss: 2.2128e-05
	(2/3) Block 21/28, self_attn.o_proj | Initialization via ADMM...
		ADMM weight recon error: raw=443.6499, norm=0.3423, per_el=2.1155e-04, out_err=0.0740, ADMM time=5.38s
	(3/3) Block 21/28, self_attn.o_proj | Tuning Factorized Weights...
		(Epoch 01/08) Block Loss: 2.3619e-05
		(Epoch 02/08) Block Loss: 2.3563e-05
		(Epoch 03/08) Block Loss: 2.3580e-05
		(Epoch 04/08) Block Loss: 2.3612e-05
		(Epoch 05/08) Block Loss: 2.3672e-05
		(Epoch 06/08) Block Loss: 2.3563e-05
		(Epoch 07/08) Block Loss: 2.3600e-05
		(Epoch 08/08) Block Loss: 2.3492e-05
	(1/3) Block 21/28, self_attn.k_proj | Tuning Non-Factorized Weights...
		(Epoch 01/08) Block Loss: 2.3349e-05
		(Epoch 02/08) Block Loss: 2.2981e-05
		(Epoch 03/08) Block Loss: 2.2782e-05
		(Epoch 04/08) Block Loss: 2.2647e-05
		(Epoch 05/08) Block Loss: 2.2539e-05
		(Epoch 06/08) Block Loss: 2.2467e-05
		(Epoch 07/08) Block Loss: 2.2422e-05
		(Epoch 08/08) Block Loss: 2.2401e-05
	(2/3) Block 21/28, self_attn.k_proj | Initialization via ADMM...
		ADMM weight recon error: raw=203.5639, norm=0.3011, per_el=1.9413e-04, out_err=0.0708, ADMM time=8.74s
	(3/3) Block 21/28, self_attn.k_proj | Tuning Factorized Weights...
		(Epoch 01/08) Block Loss: 2.5120e-05
		(Epoch 02/08) Block Loss: 2.3129e-05
		(Epoch 03/08) Block Loss: 2.2807e-05
		(Epoch 04/08) Block Loss: 2.2721e-05
		(Epoch 05/08) Block Loss: 2.2694e-05
		(Epoch 06/08) Block Loss: 2.2684e-05
		(Epoch 07/08) Block Loss: 2.2672e-05
		(Epoch 08/08) Block Loss: 2.2662e-05
	(1/3) Block 21/28, mlp.gate_proj | Tuning Non-Factorized Weights...
		(Epoch 01/08) Block Loss: 2.2782e-05
		(Epoch 02/08) Block Loss: 2.2585e-05
		(Epoch 03/08) Block Loss: 2.2461e-05
		(Epoch 04/08) Block Loss: 2.2374e-05
		(Epoch 05/08) Block Loss: 2.2296e-05
		(Epoch 06/08) Block Loss: 2.2243e-05
		(Epoch 07/08) Block Loss: 2.2207e-05
		(Epoch 08/08) Block Loss: 2.2190e-05
	(2/3) Block 21/28, mlp.gate_proj | Initialization via ADMM...
		ADMM weight recon error: raw=854.9843, norm=0.3448, per_el=2.7179e-04, out_err=0.0479, ADMM time=6.16s
	(3/3) Block 21/28, mlp.gate_proj | Tuning Factorized Weights...
		(Epoch 01/08) Block Loss: 2.5148e-05
		(Epoch 02/08) Block Loss: 2.4799e-05
		(Epoch 03/08) Block Loss: 2.4769e-05
		(Epoch 04/08) Block Loss: 2.4786e-05
		(Epoch 05/08) Block Loss: 2.4798e-05
		(Epoch 06/08) Block Loss: 2.4781e-05
		(Epoch 07/08) Block Loss: 2.4752e-05
		(Epoch 08/08) Block Loss: 2.4630e-05
	(1/3) Block 21/28, mlp.up_proj | Tuning Non-Factorized Weights...
		(Epoch 01/08) Block Loss: 2.4272e-05
		(Epoch 02/08) Block Loss: 2.3973e-05
		(Epoch 03/08) Block Loss: 2.3822e-05
		(Epoch 04/08) Block Loss: 2.3727e-05
		(Epoch 05/08) Block Loss: 2.3652e-05
		(Epoch 06/08) Block Loss: 2.3603e-05
		(Epoch 07/08) Block Loss: 2.3573e-05
		(Epoch 08/08) Block Loss: 2.3559e-05
	(2/3) Block 21/28, mlp.up_proj | Initialization via ADMM...
		ADMM weight recon error: raw=1121.2047, norm=0.3669, per_el=3.5642e-04, out_err=0.0762, ADMM time=5.94s
	(3/3) Block 21/28, mlp.up_proj | Tuning Factorized Weights...
		(Epoch 01/08) Block Loss: 2.7736e-05
		(Epoch 02/08) Block Loss: 2.7339e-05
		(Epoch 03/08) Block Loss: 2.7313e-05
		(Epoch 04/08) Block Loss: 2.7350e-05
		(Epoch 05/08) Block Loss: 2.7365e-05
		(Epoch 06/08) Block Loss: 2.7339e-05
		(Epoch 07/08) Block Loss: 2.7346e-05
		(Epoch 08/08) Block Loss: 2.7146e-05
	(1/3) Block 21/28, mlp.down_proj | Tuning Non-Factorized Weights...
		(Epoch 01/08) Block Loss: 2.6501e-05
		(Epoch 02/08) Block Loss: 2.6144e-05
		(Epoch 03/08) Block Loss: 2.5974e-05
		(Epoch 04/08) Block Loss: 2.5876e-05
		(Epoch 05/08) Block Loss: 2.5807e-05
		(Epoch 06/08) Block Loss: 2.5766e-05
		(Epoch 07/08) Block Loss: 2.5743e-05
		(Epoch 08/08) Block Loss: 2.5733e-05
	(2/3) Block 21/28, mlp.down_proj | Initialization via ADMM...
Compressing Layers:  75%|███████████████████████████████████████████████████████████████████████████████▌                          | 21/28 [49:04<16:13, 139.05s/it]Compressing Layers:  79%|███████████████████████████████████████████████████████████████████████████████████▎                      | 22/28 [51:13<13:35, 136.00s/it]		ADMM weight recon error: raw=956.8386, norm=0.3539, per_el=3.0417e-04, out_err=0.1433, ADMM time=6.61s
	(3/3) Block 21/28, mlp.down_proj | Tuning Factorized Weights...
		(Epoch 01/08) Block Loss: 3.2632e-05
		(Epoch 02/08) Block Loss: 3.2787e-05
		(Epoch 03/08) Block Loss: 3.3168e-05
		(Epoch 04/08) Block Loss: 3.3495e-05
		(Epoch 05/08) Block Loss: 3.3800e-05
		(Epoch 06/08) Block Loss: 3.3651e-05
		(Epoch 07/08) Block Loss: 3.3725e-05
		(Epoch 08/08) Block Loss: 3.3357e-05
		Block 20: relative block output error = 0.0453
Using sequence length: 2048 (model max: 2048)
		Block 20: Test Data PPL        = 25.331
	(1/3) Block 22/28, self_attn.q_proj | Tuning Non-Factorized Weights...
		(Epoch 01/08) Block Loss: 2.8309e-05
		(Epoch 02/08) Block Loss: 2.6712e-05
		(Epoch 03/08) Block Loss: 2.5780e-05
		(Epoch 04/08) Block Loss: 2.5234e-05
		(Epoch 05/08) Block Loss: 2.4866e-05
		(Epoch 06/08) Block Loss: 2.4639e-05
		(Epoch 07/08) Block Loss: 2.4515e-05
		(Epoch 08/08) Block Loss: 2.4469e-05
	(2/3) Block 22/28, self_attn.q_proj | Initialization via ADMM...
		ADMM weight recon error: raw=586.6213, norm=0.2365, per_el=2.7972e-04, out_err=0.0574, ADMM time=5.78s
	(3/3) Block 22/28, self_attn.q_proj | Tuning Factorized Weights...
		(Epoch 01/08) Block Loss: 2.5097e-05
		(Epoch 02/08) Block Loss: 2.4949e-05
		(Epoch 03/08) Block Loss: 2.4899e-05
		(Epoch 04/08) Block Loss: 2.4869e-05
		(Epoch 05/08) Block Loss: 2.4849e-05
		(Epoch 06/08) Block Loss: 2.4831e-05
		(Epoch 07/08) Block Loss: 2.4815e-05
		(Epoch 08/08) Block Loss: 2.4797e-05
	(1/3) Block 22/28, self_attn.v_proj | Tuning Non-Factorized Weights...
		(Epoch 01/08) Block Loss: 2.4846e-05
		(Epoch 02/08) Block Loss: 2.4322e-05
		(Epoch 03/08) Block Loss: 2.3947e-05
		(Epoch 04/08) Block Loss: 2.3688e-05
		(Epoch 05/08) Block Loss: 2.3503e-05
		(Epoch 06/08) Block Loss: 2.3357e-05
		(Epoch 07/08) Block Loss: 2.3279e-05
		(Epoch 08/08) Block Loss: 2.3249e-05
	(2/3) Block 22/28, self_attn.v_proj | Initialization via ADMM...
		ADMM weight recon error: raw=269.6330, norm=0.3009, per_el=2.5714e-04, out_err=0.1798, ADMM time=6.16s
	(3/3) Block 22/28, self_attn.v_proj | Tuning Factorized Weights...
		(Epoch 01/08) Block Loss: 2.5699e-05
		(Epoch 02/08) Block Loss: 2.5142e-05
		(Epoch 03/08) Block Loss: 2.4975e-05
		(Epoch 04/08) Block Loss: 2.4884e-05
		(Epoch 05/08) Block Loss: 2.4830e-05
		(Epoch 06/08) Block Loss: 2.4799e-05
		(Epoch 07/08) Block Loss: 2.4769e-05
		(Epoch 08/08) Block Loss: 2.4740e-05
	(1/3) Block 22/28, self_attn.o_proj | Tuning Non-Factorized Weights...
		(Epoch 01/08) Block Loss: 2.4516e-05
		(Epoch 02/08) Block Loss: 2.4014e-05
		(Epoch 03/08) Block Loss: 2.3722e-05
		(Epoch 04/08) Block Loss: 2.3525e-05
		(Epoch 05/08) Block Loss: 2.3378e-05
		(Epoch 06/08) Block Loss: 2.3277e-05
		(Epoch 07/08) Block Loss: 2.3217e-05
		(Epoch 08/08) Block Loss: 2.3191e-05
	(2/3) Block 22/28, self_attn.o_proj | Initialization via ADMM...
		ADMM weight recon error: raw=440.6724, norm=0.3027, per_el=2.1013e-04, out_err=0.0908, ADMM time=4.87s
	(3/3) Block 22/28, self_attn.o_proj | Tuning Factorized Weights...
		(Epoch 01/08) Block Loss: 2.4765e-05
		(Epoch 02/08) Block Loss: 2.4722e-05
		(Epoch 03/08) Block Loss: 2.4747e-05
		(Epoch 04/08) Block Loss: 2.4838e-05
		(Epoch 05/08) Block Loss: 2.4825e-05
		(Epoch 06/08) Block Loss: 2.4778e-05
		(Epoch 07/08) Block Loss: 2.4781e-05
		(Epoch 08/08) Block Loss: 2.4718e-05
	(1/3) Block 22/28, self_attn.k_proj | Tuning Non-Factorized Weights...
		(Epoch 01/08) Block Loss: 2.4534e-05
		(Epoch 02/08) Block Loss: 2.4157e-05
		(Epoch 03/08) Block Loss: 2.3943e-05
		(Epoch 04/08) Block Loss: 2.3798e-05
		(Epoch 05/08) Block Loss: 2.3685e-05
		(Epoch 06/08) Block Loss: 2.3610e-05
		(Epoch 07/08) Block Loss: 2.3564e-05
		(Epoch 08/08) Block Loss: 2.3544e-05
	(2/3) Block 22/28, self_attn.k_proj | Initialization via ADMM...
		ADMM weight recon error: raw=198.7004, norm=0.2822, per_el=1.8950e-04, out_err=0.0798, ADMM time=6.53s
	(3/3) Block 22/28, self_attn.k_proj | Tuning Factorized Weights...
		(Epoch 01/08) Block Loss: 2.5638e-05
		(Epoch 02/08) Block Loss: 2.4098e-05
		(Epoch 03/08) Block Loss: 2.3951e-05
		(Epoch 04/08) Block Loss: 2.3876e-05
		(Epoch 05/08) Block Loss: 2.3844e-05
		(Epoch 06/08) Block Loss: 2.3828e-05
		(Epoch 07/08) Block Loss: 2.3819e-05
		(Epoch 08/08) Block Loss: 2.3813e-05
	(1/3) Block 22/28, mlp.gate_proj | Tuning Non-Factorized Weights...
		(Epoch 01/08) Block Loss: 2.3934e-05
		(Epoch 02/08) Block Loss: 2.3734e-05
		(Epoch 03/08) Block Loss: 2.3607e-05
		(Epoch 04/08) Block Loss: 2.3514e-05
		(Epoch 05/08) Block Loss: 2.3435e-05
		(Epoch 06/08) Block Loss: 2.3380e-05
		(Epoch 07/08) Block Loss: 2.3345e-05
		(Epoch 08/08) Block Loss: 2.3328e-05
	(2/3) Block 22/28, mlp.gate_proj | Initialization via ADMM...
		ADMM weight recon error: raw=894.5340, norm=0.3473, per_el=2.8436e-04, out_err=0.0506, ADMM time=6.23s
	(3/3) Block 22/28, mlp.gate_proj | Tuning Factorized Weights...
		(Epoch 01/08) Block Loss: 2.6388e-05
		(Epoch 02/08) Block Loss: 2.5995e-05
		(Epoch 03/08) Block Loss: 2.5938e-05
		(Epoch 04/08) Block Loss: 2.5944e-05
		(Epoch 05/08) Block Loss: 2.5955e-05
		(Epoch 06/08) Block Loss: 2.5932e-05
		(Epoch 07/08) Block Loss: 2.5897e-05
		(Epoch 08/08) Block Loss: 2.5772e-05
	(1/3) Block 22/28, mlp.up_proj | Tuning Non-Factorized Weights...
		(Epoch 01/08) Block Loss: 2.5435e-05
		(Epoch 02/08) Block Loss: 2.5142e-05
		(Epoch 03/08) Block Loss: 2.4987e-05
		(Epoch 04/08) Block Loss: 2.4888e-05
		(Epoch 05/08) Block Loss: 2.4812e-05
		(Epoch 06/08) Block Loss: 2.4762e-05
		(Epoch 07/08) Block Loss: 2.4732e-05
		(Epoch 08/08) Block Loss: 2.4718e-05
	(2/3) Block 22/28, mlp.up_proj | Initialization via ADMM...
		ADMM weight recon error: raw=1302.9926, norm=0.3719, per_el=4.1421e-04, out_err=0.0943, ADMM time=6.15s
	(3/3) Block 22/28, mlp.up_proj | Tuning Factorized Weights...
		(Epoch 01/08) Block Loss: 2.8562e-05
		(Epoch 02/08) Block Loss: 2.8230e-05
		(Epoch 03/08) Block Loss: 2.8202e-05
		(Epoch 04/08) Block Loss: 2.8242e-05
		(Epoch 05/08) Block Loss: 2.8284e-05
		(Epoch 06/08) Block Loss: 2.8211e-05
		(Epoch 07/08) Block Loss: 2.8195e-05
		(Epoch 08/08) Block Loss: 2.7994e-05
	(1/3) Block 22/28, mlp.down_proj | Tuning Non-Factorized Weights...
		(Epoch 01/08) Block Loss: 2.7469e-05
		(Epoch 02/08) Block Loss: 2.7157e-05
		(Epoch 03/08) Block Loss: 2.7001e-05
		(Epoch 04/08) Block Loss: 2.6909e-05
		(Epoch 05/08) Block Loss: 2.6844e-05
		(Epoch 06/08) Block Loss: 2.6804e-05
		(Epoch 07/08) Block Loss: 2.6781e-05
		(Epoch 08/08) Block Loss: 2.6772e-05
	(2/3) Block 22/28, mlp.down_proj | Initialization via ADMM...
		ADMM weight recon error: raw=1114.7418, norm=0.3555, per_el=3.5437e-04, out_err=0.1378, ADMM time=6.18s
	(3/3) Block 22/28, mlp.down_proj | Tuning Factorized Weights...
		(Epoch 01/08) Block Loss: 3.4044e-05
		(Epoch 02/08) Block Loss: 3.4202e-05
		(Epoch 03/08) Block Loss: 3.4585e-05
		(Epoch 04/08) Block Loss: 3.5032e-05
		(Epoch 05/08) Block Loss: 3.5234e-05
		(Epoch 06/08) Block Loss: 3.5129e-05
		(Epoch 07/08) Block Loss: 3.5178e-05
		(Epoch 08/08) Block Loss: 3.4720e-05
		Block 21: relative block output error = 0.0497
Using sequence length: 2048 (model max: 2048)
		Block 21: Test Data PPL        = 26.261
	(1/3) Block 23/28, self_attn.q_proj | Tuning Non-Factorized Weights...
		(Epoch 01/08) Block Loss: 3.1328e-05
		(Epoch 02/08) Block Loss: 2.9771e-05
		(Epoch 03/08) Block Loss: 2.8855e-05
		(Epoch 04/08) Block Loss: 2.8216e-05
		(Epoch 05/08) Block Loss: 2.7828e-05
		(Epoch 06/08) Block Loss: 2.7587e-05
		(Epoch 07/08) Block Loss: 2.7459e-05
		(Epoch 08/08) Block Loss: 2.7411e-05
	(2/3) Block 23/28, self_attn.q_proj | Initialization via ADMM...
		ADMM weight recon error: raw=619.9232, norm=0.2583, per_el=2.9560e-04, out_err=0.0586, ADMM time=5.17s
	(3/3) Block 23/28, self_attn.q_proj | Tuning Factorized Weights...
		(Epoch 01/08) Block Loss: 2.8068e-05
		(Epoch 02/08) Block Loss: 2.7883e-05
		(Epoch 03/08) Block Loss: 2.7822e-05
		(Epoch 04/08) Block Loss: 2.7788e-05
		(Epoch 05/08) Block Loss: 2.7768e-05
		(Epoch 06/08) Block Loss: 2.7748e-05
		(Epoch 07/08) Block Loss: 2.7734e-05
Compressing Layers:  82%|███████████████████████████████████████████████████████████████████████████████████████                   | 23/28 [53:25<11:14, 134.85s/it]		(Epoch 08/08) Block Loss: 2.7718e-05
	(1/3) Block 23/28, self_attn.v_proj | Tuning Non-Factorized Weights...
		(Epoch 01/08) Block Loss: 2.7739e-05
		(Epoch 02/08) Block Loss: 2.7130e-05
		(Epoch 03/08) Block Loss: 2.6741e-05
		(Epoch 04/08) Block Loss: 2.6449e-05
		(Epoch 05/08) Block Loss: 2.6231e-05
		(Epoch 06/08) Block Loss: 2.6087e-05
		(Epoch 07/08) Block Loss: 2.6006e-05
		(Epoch 08/08) Block Loss: 2.5974e-05
	(2/3) Block 23/28, self_attn.v_proj | Initialization via ADMM...
		ADMM weight recon error: raw=301.7466, norm=0.3368, per_el=2.8777e-04, out_err=0.1882, ADMM time=8.96s
	(3/3) Block 23/28, self_attn.v_proj | Tuning Factorized Weights...
		(Epoch 01/08) Block Loss: 2.7993e-05
		(Epoch 02/08) Block Loss: 2.7649e-05
		(Epoch 03/08) Block Loss: 2.7548e-05
		(Epoch 04/08) Block Loss: 2.7487e-05
		(Epoch 05/08) Block Loss: 2.7450e-05
		(Epoch 06/08) Block Loss: 2.7422e-05
		(Epoch 07/08) Block Loss: 2.7402e-05
		(Epoch 08/08) Block Loss: 2.7376e-05
	(1/3) Block 23/28, self_attn.o_proj | Tuning Non-Factorized Weights...
		(Epoch 01/08) Block Loss: 2.7175e-05
		(Epoch 02/08) Block Loss: 2.6659e-05
		(Epoch 03/08) Block Loss: 2.6368e-05
		(Epoch 04/08) Block Loss: 2.6153e-05
		(Epoch 05/08) Block Loss: 2.5993e-05
		(Epoch 06/08) Block Loss: 2.5886e-05
		(Epoch 07/08) Block Loss: 2.5823e-05
		(Epoch 08/08) Block Loss: 2.5797e-05
	(2/3) Block 23/28, self_attn.o_proj | Initialization via ADMM...
		ADMM weight recon error: raw=500.1223, norm=0.3416, per_el=2.3848e-04, out_err=0.0882, ADMM time=5.11s
	(3/3) Block 23/28, self_attn.o_proj | Tuning Factorized Weights...
		(Epoch 01/08) Block Loss: 2.7405e-05
		(Epoch 02/08) Block Loss: 2.7362e-05
		(Epoch 03/08) Block Loss: 2.7365e-05
		(Epoch 04/08) Block Loss: 2.7405e-05
		(Epoch 05/08) Block Loss: 2.7446e-05
		(Epoch 06/08) Block Loss: 2.7396e-05
		(Epoch 07/08) Block Loss: 2.7394e-05
		(Epoch 08/08) Block Loss: 2.7313e-05
	(1/3) Block 23/28, self_attn.k_proj | Tuning Non-Factorized Weights...
		(Epoch 01/08) Block Loss: 2.7134e-05
		(Epoch 02/08) Block Loss: 2.6742e-05
		(Epoch 03/08) Block Loss: 2.6522e-05
		(Epoch 04/08) Block Loss: 2.6369e-05
		(Epoch 05/08) Block Loss: 2.6253e-05
		(Epoch 06/08) Block Loss: 2.6173e-05
		(Epoch 07/08) Block Loss: 2.6126e-05
		(Epoch 08/08) Block Loss: 2.6106e-05
	(2/3) Block 23/28, self_attn.k_proj | Initialization via ADMM...
		ADMM weight recon error: raw=219.7802, norm=0.2986, per_el=2.0960e-04, out_err=0.0780, ADMM time=9.44s
	(3/3) Block 23/28, self_attn.k_proj | Tuning Factorized Weights...
		(Epoch 01/08) Block Loss: 2.8598e-05
		(Epoch 02/08) Block Loss: 2.6742e-05
		(Epoch 03/08) Block Loss: 2.6514e-05
		(Epoch 04/08) Block Loss: 2.6432e-05
		(Epoch 05/08) Block Loss: 2.6398e-05
		(Epoch 06/08) Block Loss: 2.6383e-05
		(Epoch 07/08) Block Loss: 2.6373e-05
		(Epoch 08/08) Block Loss: 2.6365e-05
	(1/3) Block 23/28, mlp.gate_proj | Tuning Non-Factorized Weights...
		(Epoch 01/08) Block Loss: 2.6472e-05
		(Epoch 02/08) Block Loss: 2.6257e-05
		(Epoch 03/08) Block Loss: 2.6119e-05
		(Epoch 04/08) Block Loss: 2.6018e-05
		(Epoch 05/08) Block Loss: 2.5933e-05
		(Epoch 06/08) Block Loss: 2.5875e-05
		(Epoch 07/08) Block Loss: 2.5839e-05
		(Epoch 08/08) Block Loss: 2.5822e-05
	(2/3) Block 23/28, mlp.gate_proj | Initialization via ADMM...
		ADMM weight recon error: raw=962.4808, norm=0.3539, per_el=3.0596e-04, out_err=0.0552, ADMM time=5.70s
	(3/3) Block 23/28, mlp.gate_proj | Tuning Factorized Weights...
		(Epoch 01/08) Block Loss: 2.9057e-05
		(Epoch 02/08) Block Loss: 2.8637e-05
		(Epoch 03/08) Block Loss: 2.8564e-05
		(Epoch 04/08) Block Loss: 2.8546e-05
		(Epoch 05/08) Block Loss: 2.8546e-05
		(Epoch 06/08) Block Loss: 2.8521e-05
		(Epoch 07/08) Block Loss: 2.8481e-05
		(Epoch 08/08) Block Loss: 2.8353e-05
	(1/3) Block 23/28, mlp.up_proj | Tuning Non-Factorized Weights...
		(Epoch 01/08) Block Loss: 2.8029e-05
		(Epoch 02/08) Block Loss: 2.7723e-05
		(Epoch 03/08) Block Loss: 2.7557e-05
		(Epoch 04/08) Block Loss: 2.7450e-05
		(Epoch 05/08) Block Loss: 2.7368e-05
		(Epoch 06/08) Block Loss: 2.7315e-05
		(Epoch 07/08) Block Loss: 2.7283e-05
		(Epoch 08/08) Block Loss: 2.7270e-05
	(2/3) Block 23/28, mlp.up_proj | Initialization via ADMM...
		ADMM weight recon error: raw=1408.4749, norm=0.3730, per_el=4.4774e-04, out_err=0.1080, ADMM time=5.67s
	(3/3) Block 23/28, mlp.up_proj | Tuning Factorized Weights...
		(Epoch 01/08) Block Loss: 3.0612e-05
		(Epoch 02/08) Block Loss: 3.0273e-05
		(Epoch 03/08) Block Loss: 3.0214e-05
		(Epoch 04/08) Block Loss: 3.0233e-05
		(Epoch 05/08) Block Loss: 3.0237e-05
		(Epoch 06/08) Block Loss: 3.0155e-05
		(Epoch 07/08) Block Loss: 3.0133e-05
		(Epoch 08/08) Block Loss: 2.9980e-05
	(1/3) Block 23/28, mlp.down_proj | Tuning Non-Factorized Weights...
		(Epoch 01/08) Block Loss: 2.9625e-05
		(Epoch 02/08) Block Loss: 2.9373e-05
		(Epoch 03/08) Block Loss: 2.9238e-05
		(Epoch 04/08) Block Loss: 2.9156e-05
		(Epoch 05/08) Block Loss: 2.9095e-05
		(Epoch 06/08) Block Loss: 2.9058e-05
		(Epoch 07/08) Block Loss: 2.9037e-05
		(Epoch 08/08) Block Loss: 2.9028e-05
	(2/3) Block 23/28, mlp.down_proj | Initialization via ADMM...
		ADMM weight recon error: raw=1206.7223, norm=0.3476, per_el=3.8361e-04, out_err=0.1304, ADMM time=5.46s
	(3/3) Block 23/28, mlp.down_proj | Tuning Factorized Weights...
		(Epoch 01/08) Block Loss: 3.5862e-05
		(Epoch 02/08) Block Loss: 3.5968e-05
		(Epoch 03/08) Block Loss: 3.6399e-05
		(Epoch 04/08) Block Loss: 3.6705e-05
		(Epoch 05/08) Block Loss: 3.6942e-05
		(Epoch 06/08) Block Loss: 3.6638e-05
		(Epoch 07/08) Block Loss: 3.6828e-05
		(Epoch 08/08) Block Loss: 3.6386e-05
		Block 22: relative block output error = 0.0486
Using sequence length: 2048 (model max: 2048)
		Block 22: Test Data PPL        = 26.884
	(1/3) Block 24/28, self_attn.q_proj | Tuning Non-Factorized Weights...
		(Epoch 01/08) Block Loss: 3.4452e-05
		(Epoch 02/08) Block Loss: 3.2831e-05
		(Epoch 03/08) Block Loss: 3.1938e-05
		(Epoch 04/08) Block Loss: 3.1337e-05
		(Epoch 05/08) Block Loss: 3.0939e-05
		(Epoch 06/08) Block Loss: 3.0693e-05
		(Epoch 07/08) Block Loss: 3.0561e-05
		(Epoch 08/08) Block Loss: 3.0513e-05
	(2/3) Block 24/28, self_attn.q_proj | Initialization via ADMM...
		ADMM weight recon error: raw=545.6839, norm=0.2750, per_el=2.6020e-04, out_err=0.0469, ADMM time=4.30s
	(3/3) Block 24/28, self_attn.q_proj | Tuning Factorized Weights...
		(Epoch 01/08) Block Loss: 3.0942e-05
		(Epoch 02/08) Block Loss: 3.0850e-05
		(Epoch 03/08) Block Loss: 3.0813e-05
		(Epoch 04/08) Block Loss: 3.0793e-05
		(Epoch 05/08) Block Loss: 3.0780e-05
		(Epoch 06/08) Block Loss: 3.0765e-05
		(Epoch 07/08) Block Loss: 3.0754e-05
		(Epoch 08/08) Block Loss: 3.0741e-05
	(1/3) Block 24/28, self_attn.v_proj | Tuning Non-Factorized Weights...
		(Epoch 01/08) Block Loss: 3.0750e-05
		(Epoch 02/08) Block Loss: 3.0132e-05
		(Epoch 03/08) Block Loss: 2.9713e-05
		(Epoch 04/08) Block Loss: 2.9410e-05
		(Epoch 05/08) Block Loss: 2.9185e-05
		(Epoch 06/08) Block Loss: 2.9040e-05
		(Epoch 07/08) Block Loss: 2.8957e-05
		(Epoch 08/08) Block Loss: 2.8924e-05
	(2/3) Block 24/28, self_attn.v_proj | Initialization via ADMM...
		ADMM weight recon error: raw=298.4902, norm=0.3503, per_el=2.8466e-04, out_err=0.2045, ADMM time=10.61s
	(3/3) Block 24/28, self_attn.v_proj | Tuning Factorized Weights...
		(Epoch 01/08) Block Loss: 3.1071e-05
		(Epoch 02/08) Block Loss: 3.0733e-05
		(Epoch 03/08) Block Loss: 3.0622e-05
		(Epoch 04/08) Block Loss: 3.0569e-05
		(Epoch 05/08) Block Loss: 3.0535e-05
		(Epoch 06/08) Block Loss: 3.0512e-05
		(Epoch 07/08) Block Loss: 3.0498e-05
		(Epoch 08/08) Block Loss: 3.0477e-05
	(1/3) Block 24/28, self_attn.o_proj | Tuning Non-Factorized Weights...
		(Epoch 01/08) Block Loss: 3.0254e-05
		(Epoch 02/08) Block Loss: 2.9698e-05
		(Epoch 03/08) Block Loss: 2.9377e-05
		(Epoch 04/08) Block Loss: 2.9151e-05
		(Epoch 05/08) Block Loss: 2.8981e-05
		(Epoch 06/08) Block Loss: 2.8870e-05
		(Epoch 07/08) Block Loss: 2.8805e-05
		(Epoch 08/08) Block Loss: 2.8778e-05
	(2/3) Block 24/28, self_attn.o_proj | Initialization via ADMM...
		ADMM weight recon error: raw=538.2305, norm=0.3617, per_el=2.5665e-04, out_err=0.1074, ADMM time=4.07s
Compressing Layers:  86%|██████████████████████████████████████████████████████████████████████████████████████████▊               | 24/28 [55:39<08:58, 134.54s/it]	(3/3) Block 24/28, self_attn.o_proj | Tuning Factorized Weights...
		(Epoch 01/08) Block Loss: 3.0211e-05
		(Epoch 02/08) Block Loss: 3.0173e-05
		(Epoch 03/08) Block Loss: 3.0179e-05
		(Epoch 04/08) Block Loss: 3.0207e-05
		(Epoch 05/08) Block Loss: 3.0273e-05
		(Epoch 06/08) Block Loss: 3.0181e-05
		(Epoch 07/08) Block Loss: 3.0221e-05
		(Epoch 08/08) Block Loss: 3.0112e-05
	(1/3) Block 24/28, self_attn.k_proj | Tuning Non-Factorized Weights...
		(Epoch 01/08) Block Loss: 2.9977e-05
		(Epoch 02/08) Block Loss: 2.9598e-05
		(Epoch 03/08) Block Loss: 2.9380e-05
		(Epoch 04/08) Block Loss: 2.9224e-05
		(Epoch 05/08) Block Loss: 2.9105e-05
		(Epoch 06/08) Block Loss: 2.9026e-05
		(Epoch 07/08) Block Loss: 2.8979e-05
		(Epoch 08/08) Block Loss: 2.8959e-05
	(2/3) Block 24/28, self_attn.k_proj | Initialization via ADMM...
		ADMM weight recon error: raw=221.9060, norm=0.3170, per_el=2.1163e-04, out_err=0.0697, ADMM time=10.64s
	(3/3) Block 24/28, self_attn.k_proj | Tuning Factorized Weights...
		(Epoch 01/08) Block Loss: 3.1917e-05
		(Epoch 02/08) Block Loss: 2.9619e-05
		(Epoch 03/08) Block Loss: 2.9336e-05
		(Epoch 04/08) Block Loss: 2.9249e-05
		(Epoch 05/08) Block Loss: 2.9209e-05
		(Epoch 06/08) Block Loss: 2.9192e-05
		(Epoch 07/08) Block Loss: 2.9183e-05
		(Epoch 08/08) Block Loss: 2.9178e-05
	(1/3) Block 24/28, mlp.gate_proj | Tuning Non-Factorized Weights...
		(Epoch 01/08) Block Loss: 2.9288e-05
		(Epoch 02/08) Block Loss: 2.9068e-05
		(Epoch 03/08) Block Loss: 2.8927e-05
		(Epoch 04/08) Block Loss: 2.8821e-05
		(Epoch 05/08) Block Loss: 2.8734e-05
		(Epoch 06/08) Block Loss: 2.8675e-05
		(Epoch 07/08) Block Loss: 2.8637e-05
		(Epoch 08/08) Block Loss: 2.8621e-05
	(2/3) Block 24/28, mlp.gate_proj | Initialization via ADMM...
		ADMM weight recon error: raw=1006.6433, norm=0.3535, per_el=3.2000e-04, out_err=0.0578, ADMM time=6.25s
	(3/3) Block 24/28, mlp.gate_proj | Tuning Factorized Weights...
		(Epoch 01/08) Block Loss: 3.2113e-05
		(Epoch 02/08) Block Loss: 3.1725e-05
		(Epoch 03/08) Block Loss: 3.1628e-05
		(Epoch 04/08) Block Loss: 3.1599e-05
		(Epoch 05/08) Block Loss: 3.1600e-05
		(Epoch 06/08) Block Loss: 3.1566e-05
		(Epoch 07/08) Block Loss: 3.1523e-05
		(Epoch 08/08) Block Loss: 3.1395e-05
	(1/3) Block 24/28, mlp.up_proj | Tuning Non-Factorized Weights...
		(Epoch 01/08) Block Loss: 3.1071e-05
		(Epoch 02/08) Block Loss: 3.0750e-05
		(Epoch 03/08) Block Loss: 3.0570e-05
		(Epoch 04/08) Block Loss: 3.0454e-05
		(Epoch 05/08) Block Loss: 3.0365e-05
		(Epoch 06/08) Block Loss: 3.0308e-05
		(Epoch 07/08) Block Loss: 3.0275e-05
		(Epoch 08/08) Block Loss: 3.0261e-05
	(2/3) Block 24/28, mlp.up_proj | Initialization via ADMM...
		ADMM weight recon error: raw=1442.9192, norm=0.3696, per_el=4.5869e-04, out_err=0.1145, ADMM time=6.31s
	(3/3) Block 24/28, mlp.up_proj | Tuning Factorized Weights...
		(Epoch 01/08) Block Loss: 3.3523e-05
		(Epoch 02/08) Block Loss: 3.3202e-05
		(Epoch 03/08) Block Loss: 3.3108e-05
		(Epoch 04/08) Block Loss: 3.3099e-05
		(Epoch 05/08) Block Loss: 3.3077e-05
		(Epoch 06/08) Block Loss: 3.3015e-05
		(Epoch 07/08) Block Loss: 3.3005e-05
		(Epoch 08/08) Block Loss: 3.2856e-05
	(1/3) Block 24/28, mlp.down_proj | Tuning Non-Factorized Weights...
		(Epoch 01/08) Block Loss: 3.2550e-05
		(Epoch 02/08) Block Loss: 3.2320e-05
		(Epoch 03/08) Block Loss: 3.2190e-05
		(Epoch 04/08) Block Loss: 3.2107e-05
		(Epoch 05/08) Block Loss: 3.2045e-05
		(Epoch 06/08) Block Loss: 3.2007e-05
		(Epoch 07/08) Block Loss: 3.1986e-05
		(Epoch 08/08) Block Loss: 3.1977e-05
	(2/3) Block 24/28, mlp.down_proj | Initialization via ADMM...
		ADMM weight recon error: raw=1240.6433, norm=0.3386, per_el=3.9439e-04, out_err=0.1389, ADMM time=5.96s
	(3/3) Block 24/28, mlp.down_proj | Tuning Factorized Weights...
		(Epoch 01/08) Block Loss: 3.7943e-05
		(Epoch 02/08) Block Loss: 3.8054e-05
		(Epoch 03/08) Block Loss: 3.8368e-05
		(Epoch 04/08) Block Loss: 3.8676e-05
		(Epoch 05/08) Block Loss: 3.8798e-05
		(Epoch 06/08) Block Loss: 3.8630e-05
		(Epoch 07/08) Block Loss: 3.8658e-05
		(Epoch 08/08) Block Loss: 3.8343e-05
		Block 23: relative block output error = 0.0489
Using sequence length: 2048 (model max: 2048)
		Block 23: Test Data PPL        = 27.583
	(1/3) Block 25/28, self_attn.q_proj | Tuning Non-Factorized Weights...
		(Epoch 01/08) Block Loss: 3.7758e-05
		(Epoch 02/08) Block Loss: 3.6132e-05
		(Epoch 03/08) Block Loss: 3.5229e-05
		(Epoch 04/08) Block Loss: 3.4632e-05
		(Epoch 05/08) Block Loss: 3.4227e-05
		(Epoch 06/08) Block Loss: 3.3976e-05
		(Epoch 07/08) Block Loss: 3.3842e-05
		(Epoch 08/08) Block Loss: 3.3792e-05
	(2/3) Block 25/28, self_attn.q_proj | Initialization via ADMM...
		ADMM weight recon error: raw=557.1351, norm=0.2418, per_el=2.6566e-04, out_err=0.0384, ADMM time=4.75s
	(3/3) Block 25/28, self_attn.q_proj | Tuning Factorized Weights...
		(Epoch 01/08) Block Loss: 3.4138e-05
		(Epoch 02/08) Block Loss: 3.4062e-05
		(Epoch 03/08) Block Loss: 3.4034e-05
		(Epoch 04/08) Block Loss: 3.4015e-05
		(Epoch 05/08) Block Loss: 3.4001e-05
		(Epoch 06/08) Block Loss: 3.3989e-05
		(Epoch 07/08) Block Loss: 3.3978e-05
		(Epoch 08/08) Block Loss: 3.3964e-05
	(1/3) Block 25/28, self_attn.v_proj | Tuning Non-Factorized Weights...
		(Epoch 01/08) Block Loss: 3.3990e-05
		(Epoch 02/08) Block Loss: 3.3355e-05
		(Epoch 03/08) Block Loss: 3.2924e-05
		(Epoch 04/08) Block Loss: 3.2602e-05
		(Epoch 05/08) Block Loss: 3.2368e-05
		(Epoch 06/08) Block Loss: 3.2217e-05
		(Epoch 07/08) Block Loss: 3.2131e-05
		(Epoch 08/08) Block Loss: 3.2097e-05
	(2/3) Block 25/28, self_attn.v_proj | Initialization via ADMM...
		ADMM weight recon error: raw=274.4772, norm=0.3283, per_el=2.6176e-04, out_err=0.1876, ADMM time=8.91s
	(3/3) Block 25/28, self_attn.v_proj | Tuning Factorized Weights...
		(Epoch 01/08) Block Loss: 3.4946e-05
		(Epoch 02/08) Block Loss: 3.4201e-05
		(Epoch 03/08) Block Loss: 3.4004e-05
		(Epoch 04/08) Block Loss: 3.3898e-05
		(Epoch 05/08) Block Loss: 3.3835e-05
		(Epoch 06/08) Block Loss: 3.3796e-05
		(Epoch 07/08) Block Loss: 3.3771e-05
		(Epoch 08/08) Block Loss: 3.3749e-05
	(1/3) Block 25/28, self_attn.o_proj | Tuning Non-Factorized Weights...
		(Epoch 01/08) Block Loss: 3.3491e-05
		(Epoch 02/08) Block Loss: 3.2883e-05
		(Epoch 03/08) Block Loss: 3.2532e-05
		(Epoch 04/08) Block Loss: 3.2288e-05
		(Epoch 05/08) Block Loss: 3.2106e-05
		(Epoch 06/08) Block Loss: 3.1988e-05
		(Epoch 07/08) Block Loss: 3.1918e-05
		(Epoch 08/08) Block Loss: 3.1890e-05
	(2/3) Block 25/28, self_attn.o_proj | Initialization via ADMM...
		ADMM weight recon error: raw=536.3122, norm=0.3566, per_el=2.5573e-04, out_err=0.0755, ADMM time=4.76s
	(3/3) Block 25/28, self_attn.o_proj | Tuning Factorized Weights...
		(Epoch 01/08) Block Loss: 3.3487e-05
		(Epoch 02/08) Block Loss: 3.3459e-05
		(Epoch 03/08) Block Loss: 3.3507e-05
		(Epoch 04/08) Block Loss: 3.3552e-05
		(Epoch 05/08) Block Loss: 3.3541e-05
		(Epoch 06/08) Block Loss: 3.3458e-05
		(Epoch 07/08) Block Loss: 3.3479e-05
		(Epoch 08/08) Block Loss: 3.3391e-05
	(1/3) Block 25/28, self_attn.k_proj | Tuning Non-Factorized Weights...
		(Epoch 01/08) Block Loss: 3.3286e-05
		(Epoch 02/08) Block Loss: 3.2897e-05
		(Epoch 03/08) Block Loss: 3.2669e-05
		(Epoch 04/08) Block Loss: 3.2507e-05
		(Epoch 05/08) Block Loss: 3.2380e-05
		(Epoch 06/08) Block Loss: 3.2296e-05
		(Epoch 07/08) Block Loss: 3.2246e-05
		(Epoch 08/08) Block Loss: 3.2225e-05
	(2/3) Block 25/28, self_attn.k_proj | Initialization via ADMM...
		ADMM weight recon error: raw=204.0612, norm=0.2899, per_el=1.9461e-04, out_err=0.0586, ADMM time=8.85s
	(3/3) Block 25/28, self_attn.k_proj | Tuning Factorized Weights...
		(Epoch 01/08) Block Loss: 3.4121e-05
		(Epoch 02/08) Block Loss: 3.2722e-05
		(Epoch 03/08) Block Loss: 3.2543e-05
		(Epoch 04/08) Block Loss: 3.2477e-05
		(Epoch 05/08) Block Loss: 3.2451e-05
		(Epoch 06/08) Block Loss: 3.2435e-05
		(Epoch 07/08) Block Loss: 3.2428e-05
		(Epoch 08/08) Block Loss: 3.2423e-05
	(1/3) Block 25/28, mlp.gate_proj | Tuning Non-Factorized Weights...
		(Epoch 01/08) Block Loss: 3.2544e-05
		(Epoch 02/08) Block Loss: 3.2308e-05
		(Epoch 03/08) Block Loss: 3.2155e-05
		(Epoch 04/08) Block Loss: 3.2043e-05Compressing Layers:  89%|██████████████████████████████████████████████████████████████████████████████████████████████▋           | 25/28 [57:49<06:40, 133.40s/it]
		(Epoch 05/08) Block Loss: 3.1948e-05
		(Epoch 06/08) Block Loss: 3.1884e-05
		(Epoch 07/08) Block Loss: 3.1844e-05
		(Epoch 08/08) Block Loss: 3.1826e-05
	(2/3) Block 25/28, mlp.gate_proj | Initialization via ADMM...
		ADMM weight recon error: raw=990.6394, norm=0.3558, per_el=3.1492e-04, out_err=0.0654, ADMM time=5.51s
	(3/3) Block 25/28, mlp.gate_proj | Tuning Factorized Weights...
		(Epoch 01/08) Block Loss: 3.5438e-05
		(Epoch 02/08) Block Loss: 3.5152e-05
		(Epoch 03/08) Block Loss: 3.5080e-05
		(Epoch 04/08) Block Loss: 3.5049e-05
		(Epoch 05/08) Block Loss: 3.5059e-05
		(Epoch 06/08) Block Loss: 3.5028e-05
		(Epoch 07/08) Block Loss: 3.4982e-05
		(Epoch 08/08) Block Loss: 3.4850e-05
	(1/3) Block 25/28, mlp.up_proj | Tuning Non-Factorized Weights...
		(Epoch 01/08) Block Loss: 3.4512e-05
		(Epoch 02/08) Block Loss: 3.4166e-05
		(Epoch 03/08) Block Loss: 3.3970e-05
		(Epoch 04/08) Block Loss: 3.3841e-05
		(Epoch 05/08) Block Loss: 3.3743e-05
		(Epoch 06/08) Block Loss: 3.3680e-05
		(Epoch 07/08) Block Loss: 3.3644e-05
		(Epoch 08/08) Block Loss: 3.3629e-05
	(2/3) Block 25/28, mlp.up_proj | Initialization via ADMM...
		ADMM weight recon error: raw=1465.3136, norm=0.3693, per_el=4.6581e-04, out_err=0.1290, ADMM time=5.69s
	(3/3) Block 25/28, mlp.up_proj | Tuning Factorized Weights...
		(Epoch 01/08) Block Loss: 3.7191e-05
		(Epoch 02/08) Block Loss: 3.6880e-05
		(Epoch 03/08) Block Loss: 3.6780e-05
		(Epoch 04/08) Block Loss: 3.6738e-05
		(Epoch 05/08) Block Loss: 3.6725e-05
		(Epoch 06/08) Block Loss: 3.6666e-05
		(Epoch 07/08) Block Loss: 3.6658e-05
		(Epoch 08/08) Block Loss: 3.6489e-05
	(1/3) Block 25/28, mlp.down_proj | Tuning Non-Factorized Weights...
		(Epoch 01/08) Block Loss: 3.6191e-05
		(Epoch 02/08) Block Loss: 3.5947e-05
		(Epoch 03/08) Block Loss: 3.5803e-05
		(Epoch 04/08) Block Loss: 3.5710e-05
		(Epoch 05/08) Block Loss: 3.5641e-05
		(Epoch 06/08) Block Loss: 3.5597e-05
		(Epoch 07/08) Block Loss: 3.5573e-05
		(Epoch 08/08) Block Loss: 3.5564e-05
	(2/3) Block 25/28, mlp.down_proj | Initialization via ADMM...
		ADMM weight recon error: raw=1259.8439, norm=0.3365, per_el=4.0049e-04, out_err=0.1286, ADMM time=6.24s
	(3/3) Block 25/28, mlp.down_proj | Tuning Factorized Weights...
		(Epoch 01/08) Block Loss: 4.1152e-05
		(Epoch 02/08) Block Loss: 4.1194e-05
		(Epoch 03/08) Block Loss: 4.1534e-05
		(Epoch 04/08) Block Loss: 4.1802e-05
		(Epoch 05/08) Block Loss: 4.1882e-05
		(Epoch 06/08) Block Loss: 4.1670e-05
		(Epoch 07/08) Block Loss: 4.1859e-05
		(Epoch 08/08) Block Loss: 4.1335e-05
		Block 24: relative block output error = 0.0444
Using sequence length: 2048 (model max: 2048)
		Block 24: Test Data PPL        = 28.286
	(1/3) Block 26/28, self_attn.q_proj | Tuning Non-Factorized Weights...
		(Epoch 01/08) Block Loss: 4.5772e-05
		(Epoch 02/08) Block Loss: 4.3875e-05
		(Epoch 03/08) Block Loss: 4.2811e-05
		(Epoch 04/08) Block Loss: 4.2084e-05
		(Epoch 05/08) Block Loss: 4.1594e-05
		(Epoch 06/08) Block Loss: 4.1291e-05
		(Epoch 07/08) Block Loss: 4.1126e-05
		(Epoch 08/08) Block Loss: 4.1065e-05
	(2/3) Block 26/28, self_attn.q_proj | Initialization via ADMM...
		ADMM weight recon error: raw=545.3477, norm=0.2303, per_el=2.6004e-04, out_err=0.0393, ADMM time=3.60s
	(3/3) Block 26/28, self_attn.q_proj | Tuning Factorized Weights...
		(Epoch 01/08) Block Loss: 4.1621e-05
		(Epoch 02/08) Block Loss: 4.1491e-05
		(Epoch 03/08) Block Loss: 4.1444e-05
		(Epoch 04/08) Block Loss: 4.1420e-05
		(Epoch 05/08) Block Loss: 4.1396e-05
		(Epoch 06/08) Block Loss: 4.1379e-05
		(Epoch 07/08) Block Loss: 4.1365e-05
		(Epoch 08/08) Block Loss: 4.1348e-05
	(1/3) Block 26/28, self_attn.v_proj | Tuning Non-Factorized Weights...
		(Epoch 01/08) Block Loss: 4.1395e-05
		(Epoch 02/08) Block Loss: 4.0610e-05
		(Epoch 03/08) Block Loss: 4.0068e-05
		(Epoch 04/08) Block Loss: 3.9674e-05
		(Epoch 05/08) Block Loss: 3.9378e-05
		(Epoch 06/08) Block Loss: 3.9189e-05
		(Epoch 07/08) Block Loss: 3.9080e-05
		(Epoch 08/08) Block Loss: 3.9038e-05
	(2/3) Block 26/28, self_attn.v_proj | Initialization via ADMM...
		ADMM weight recon error: raw=326.9001, norm=0.3218, per_el=3.1176e-04, out_err=0.1670, ADMM time=8.90s
	(3/3) Block 26/28, self_attn.v_proj | Tuning Factorized Weights...
		(Epoch 01/08) Block Loss: 4.3559e-05
		(Epoch 02/08) Block Loss: 4.2224e-05
		(Epoch 03/08) Block Loss: 4.1872e-05
		(Epoch 04/08) Block Loss: 4.1681e-05
		(Epoch 05/08) Block Loss: 4.1572e-05
		(Epoch 06/08) Block Loss: 4.1514e-05
		(Epoch 07/08) Block Loss: 4.1475e-05
		(Epoch 08/08) Block Loss: 4.1441e-05
	(1/3) Block 26/28, self_attn.o_proj | Tuning Non-Factorized Weights...
		(Epoch 01/08) Block Loss: 4.0976e-05
		(Epoch 02/08) Block Loss: 4.0154e-05
		(Epoch 03/08) Block Loss: 3.9699e-05
		(Epoch 04/08) Block Loss: 3.9385e-05
		(Epoch 05/08) Block Loss: 3.9152e-05
		(Epoch 06/08) Block Loss: 3.8999e-05
		(Epoch 07/08) Block Loss: 3.8911e-05
		(Epoch 08/08) Block Loss: 3.8876e-05
	(2/3) Block 26/28, self_attn.o_proj | Initialization via ADMM...
		ADMM weight recon error: raw=584.0366, norm=0.3510, per_el=2.7849e-04, out_err=0.0789, ADMM time=4.69s
	(3/3) Block 26/28, self_attn.o_proj | Tuning Factorized Weights...
		(Epoch 01/08) Block Loss: 4.0829e-05
		(Epoch 02/08) Block Loss: 4.0764e-05
		(Epoch 03/08) Block Loss: 4.0801e-05
		(Epoch 04/08) Block Loss: 4.0781e-05
		(Epoch 05/08) Block Loss: 4.0799e-05
		(Epoch 06/08) Block Loss: 4.0723e-05
		(Epoch 07/08) Block Loss: 4.0713e-05
		(Epoch 08/08) Block Loss: 4.0639e-05
	(1/3) Block 26/28, self_attn.k_proj | Tuning Non-Factorized Weights...
		(Epoch 01/08) Block Loss: 4.0531e-05
		(Epoch 02/08) Block Loss: 4.0044e-05
		(Epoch 03/08) Block Loss: 3.9751e-05
		(Epoch 04/08) Block Loss: 3.9540e-05
		(Epoch 05/08) Block Loss: 3.9379e-05
		(Epoch 06/08) Block Loss: 3.9272e-05
		(Epoch 07/08) Block Loss: 3.9208e-05
		(Epoch 08/08) Block Loss: 3.9182e-05
	(2/3) Block 26/28, self_attn.k_proj | Initialization via ADMM...
		ADMM weight recon error: raw=178.5215, norm=0.2879, per_el=1.7025e-04, out_err=0.0583, ADMM time=8.31s
	(3/3) Block 26/28, self_attn.k_proj | Tuning Factorized Weights...
		(Epoch 01/08) Block Loss: 4.1683e-05
		(Epoch 02/08) Block Loss: 3.9833e-05
		(Epoch 03/08) Block Loss: 3.9592e-05
		(Epoch 04/08) Block Loss: 3.9506e-05
		(Epoch 05/08) Block Loss: 3.9473e-05
		(Epoch 06/08) Block Loss: 3.9456e-05
		(Epoch 07/08) Block Loss: 3.9447e-05
		(Epoch 08/08) Block Loss: 3.9440e-05
	(1/3) Block 26/28, mlp.gate_proj | Tuning Non-Factorized Weights...
		(Epoch 01/08) Block Loss: 3.9582e-05
		(Epoch 02/08) Block Loss: 3.9280e-05
		(Epoch 03/08) Block Loss: 3.9084e-05
		(Epoch 04/08) Block Loss: 3.8937e-05
		(Epoch 05/08) Block Loss: 3.8817e-05
		(Epoch 06/08) Block Loss: 3.8735e-05
		(Epoch 07/08) Block Loss: 3.8684e-05
		(Epoch 08/08) Block Loss: 3.8662e-05
	(2/3) Block 26/28, mlp.gate_proj | Initialization via ADMM...
		ADMM weight recon error: raw=942.5629, norm=0.3528, per_el=2.9963e-04, out_err=0.0692, ADMM time=5.42s
	(3/3) Block 26/28, mlp.gate_proj | Tuning Factorized Weights...
		(Epoch 01/08) Block Loss: 4.2844e-05
		(Epoch 02/08) Block Loss: 4.2592e-05
		(Epoch 03/08) Block Loss: 4.2532e-05
		(Epoch 04/08) Block Loss: 4.2504e-05
		(Epoch 05/08) Block Loss: 4.2516e-05
		(Epoch 06/08) Block Loss: 4.2485e-05
		(Epoch 07/08) Block Loss: 4.2424e-05
		(Epoch 08/08) Block Loss: 4.2281e-05
	(1/3) Block 26/28, mlp.up_proj | Tuning Non-Factorized Weights...
		(Epoch 01/08) Block Loss: 4.1890e-05
		(Epoch 02/08) Block Loss: 4.1472e-05
		(Epoch 03/08) Block Loss: 4.1231e-05
		(Epoch 04/08) Block Loss: 4.1073e-05
		(Epoch 05/08) Block Loss: 4.0952e-05
		(Epoch 06/08) Block Loss: 4.0874e-05
		(Epoch 07/08) Block Loss: 4.0829e-05
		(Epoch 08/08) Block Loss: 4.0811e-05
	(2/3) Block 26/28, mlp.up_proj | Initialization via ADMM...
		ADMM weight recon error: raw=1469.2971, norm=0.3673, per_el=4.6708e-04, out_err=0.1224, ADMM time=4.11s
	(3/3) Block 26/28, mlp.up_proj | Tuning Factorized Weights...
		(Epoch 01/08) Block Loss: 4.5351e-05
		(Epoch 02/08) Block Loss: 4.4994e-05
		(Epoch 03/08) Block Loss: 4.4859e-05
		(Epoch 04/08) Block Loss: 4.4780e-05
		(Epoch 05/08) Block Loss: 4.4767e-05
Compressing Layers:  93%|██████████████████████████████████████████████████████████████████████████████████████████████████▍       | 26/28 [59:48<04:18, 129.05s/it]Compressing Layers:  96%|████████████████████████████████████████████████████████████████████████████████████████████████████▎   | 27/28 [1:01:45<02:05, 125.30s/it]		(Epoch 06/08) Block Loss: 4.4705e-05
		(Epoch 07/08) Block Loss: 4.4665e-05
		(Epoch 08/08) Block Loss: 4.4514e-05
	(1/3) Block 26/28, mlp.down_proj | Tuning Non-Factorized Weights...
		(Epoch 01/08) Block Loss: 4.4157e-05
		(Epoch 02/08) Block Loss: 4.3850e-05
		(Epoch 03/08) Block Loss: 4.3667e-05
		(Epoch 04/08) Block Loss: 4.3546e-05
		(Epoch 05/08) Block Loss: 4.3457e-05
		(Epoch 06/08) Block Loss: 4.3401e-05
		(Epoch 07/08) Block Loss: 4.3370e-05
		(Epoch 08/08) Block Loss: 4.3358e-05
	(2/3) Block 26/28, mlp.down_proj | Initialization via ADMM...
		ADMM weight recon error: raw=1267.7397, norm=0.3445, per_el=4.0300e-04, out_err=0.1448, ADMM time=5.40s
	(3/3) Block 26/28, mlp.down_proj | Tuning Factorized Weights...
		(Epoch 01/08) Block Loss: 4.9707e-05
		(Epoch 02/08) Block Loss: 4.9721e-05
		(Epoch 03/08) Block Loss: 5.0026e-05
		(Epoch 04/08) Block Loss: 5.0256e-05
		(Epoch 05/08) Block Loss: 5.0433e-05
		(Epoch 06/08) Block Loss: 5.0079e-05
		(Epoch 07/08) Block Loss: 5.0197e-05
		(Epoch 08/08) Block Loss: 4.9741e-05
		Block 25: relative block output error = 0.0444
Using sequence length: 2048 (model max: 2048)
		Block 25: Test Data PPL        = 29.309
	(1/3) Block 27/28, self_attn.q_proj | Tuning Non-Factorized Weights...
		(Epoch 01/08) Block Loss: 5.6820e-05
		(Epoch 02/08) Block Loss: 5.4311e-05
		(Epoch 03/08) Block Loss: 5.2990e-05
		(Epoch 04/08) Block Loss: 5.2046e-05
		(Epoch 05/08) Block Loss: 5.1429e-05
		(Epoch 06/08) Block Loss: 5.1018e-05
		(Epoch 07/08) Block Loss: 5.0800e-05
		(Epoch 08/08) Block Loss: 5.0719e-05
	(2/3) Block 27/28, self_attn.q_proj | Initialization via ADMM...
		ADMM weight recon error: raw=673.8801, norm=0.2435, per_el=3.2133e-04, out_err=0.0687, ADMM time=4.37s
	(3/3) Block 27/28, self_attn.q_proj | Tuning Factorized Weights...
		(Epoch 01/08) Block Loss: 5.2027e-05
		(Epoch 02/08) Block Loss: 5.1503e-05
		(Epoch 03/08) Block Loss: 5.1388e-05
		(Epoch 04/08) Block Loss: 5.1329e-05
		(Epoch 05/08) Block Loss: 5.1285e-05
		(Epoch 06/08) Block Loss: 5.1253e-05
		(Epoch 07/08) Block Loss: 5.1233e-05
		(Epoch 08/08) Block Loss: 5.1204e-05
	(1/3) Block 27/28, self_attn.v_proj | Tuning Non-Factorized Weights...
		(Epoch 01/08) Block Loss: 5.1376e-05
		(Epoch 02/08) Block Loss: 5.0355e-05
		(Epoch 03/08) Block Loss: 4.9662e-05
		(Epoch 04/08) Block Loss: 4.9132e-05
		(Epoch 05/08) Block Loss: 4.8747e-05
		(Epoch 06/08) Block Loss: 4.8496e-05
		(Epoch 07/08) Block Loss: 4.8351e-05
		(Epoch 08/08) Block Loss: 4.8294e-05
	(2/3) Block 27/28, self_attn.v_proj | Initialization via ADMM...
		ADMM weight recon error: raw=316.2299, norm=0.3364, per_el=3.0158e-04, out_err=0.1604, ADMM time=7.85s
	(3/3) Block 27/28, self_attn.v_proj | Tuning Factorized Weights...
		(Epoch 01/08) Block Loss: 5.2584e-05
		(Epoch 02/08) Block Loss: 5.1911e-05
		(Epoch 03/08) Block Loss: 5.1658e-05
		(Epoch 04/08) Block Loss: 5.1512e-05
		(Epoch 05/08) Block Loss: 5.1416e-05
		(Epoch 06/08) Block Loss: 5.1368e-05
		(Epoch 07/08) Block Loss: 5.1332e-05
		(Epoch 08/08) Block Loss: 5.1300e-05
	(1/3) Block 27/28, self_attn.o_proj | Tuning Non-Factorized Weights...
		(Epoch 01/08) Block Loss: 5.0832e-05
		(Epoch 02/08) Block Loss: 4.9679e-05
		(Epoch 03/08) Block Loss: 4.9049e-05
		(Epoch 04/08) Block Loss: 4.8618e-05
		(Epoch 05/08) Block Loss: 4.8304e-05
		(Epoch 06/08) Block Loss: 4.8093e-05
		(Epoch 07/08) Block Loss: 4.7972e-05
		(Epoch 08/08) Block Loss: 4.7922e-05
	(2/3) Block 27/28, self_attn.o_proj | Initialization via ADMM...
		ADMM weight recon error: raw=555.0580, norm=0.3401, per_el=2.6467e-04, out_err=0.0649, ADMM time=4.37s
	(3/3) Block 27/28, self_attn.o_proj | Tuning Factorized Weights...
		(Epoch 01/08) Block Loss: 5.1109e-05
		(Epoch 02/08) Block Loss: 5.1048e-05
		(Epoch 03/08) Block Loss: 5.1082e-05
		(Epoch 04/08) Block Loss: 5.1151e-05
		(Epoch 05/08) Block Loss: 5.1204e-05
		(Epoch 06/08) Block Loss: 5.1174e-05
		(Epoch 07/08) Block Loss: 5.1170e-05
		(Epoch 08/08) Block Loss: 5.1061e-05
	(1/3) Block 27/28, self_attn.k_proj | Tuning Non-Factorized Weights...
		(Epoch 01/08) Block Loss: 5.0741e-05
		(Epoch 02/08) Block Loss: 4.9990e-05
		(Epoch 03/08) Block Loss: 4.9555e-05
		(Epoch 04/08) Block Loss: 4.9246e-05
		(Epoch 05/08) Block Loss: 4.9012e-05
		(Epoch 06/08) Block Loss: 4.8855e-05
		(Epoch 07/08) Block Loss: 4.8762e-05
		(Epoch 08/08) Block Loss: 4.8723e-05
	(2/3) Block 27/28, self_attn.k_proj | Initialization via ADMM...
		ADMM weight recon error: raw=171.8820, norm=0.2884, per_el=1.6392e-04, out_err=0.0619, ADMM time=7.58s
	(3/3) Block 27/28, self_attn.k_proj | Tuning Factorized Weights...
		(Epoch 01/08) Block Loss: 5.1266e-05
		(Epoch 02/08) Block Loss: 4.9439e-05
		(Epoch 03/08) Block Loss: 4.9219e-05
		(Epoch 04/08) Block Loss: 4.9114e-05
		(Epoch 05/08) Block Loss: 4.9073e-05
		(Epoch 06/08) Block Loss: 4.9053e-05
		(Epoch 07/08) Block Loss: 4.9041e-05
		(Epoch 08/08) Block Loss: 4.9029e-05
	(1/3) Block 27/28, mlp.gate_proj | Tuning Non-Factorized Weights...
		(Epoch 01/08) Block Loss: 4.9241e-05
		(Epoch 02/08) Block Loss: 4.8812e-05
		(Epoch 03/08) Block Loss: 4.8525e-05
		(Epoch 04/08) Block Loss: 4.8312e-05
		(Epoch 05/08) Block Loss: 4.8141e-05
		(Epoch 06/08) Block Loss: 4.8022e-05
		(Epoch 07/08) Block Loss: 4.7948e-05
		(Epoch 08/08) Block Loss: 4.7916e-05
	(2/3) Block 27/28, mlp.gate_proj | Initialization via ADMM...
		ADMM weight recon error: raw=897.4734, norm=0.3462, per_el=2.8530e-04, out_err=0.0550, ADMM time=5.12s
	(3/3) Block 27/28, mlp.gate_proj | Tuning Factorized Weights...
		(Epoch 01/08) Block Loss: 5.3674e-05
		(Epoch 02/08) Block Loss: 5.3323e-05
		(Epoch 03/08) Block Loss: 5.3196e-05
		(Epoch 04/08) Block Loss: 5.3127e-05
		(Epoch 05/08) Block Loss: 5.3105e-05
		(Epoch 06/08) Block Loss: 5.3059e-05
		(Epoch 07/08) Block Loss: 5.2999e-05
		(Epoch 08/08) Block Loss: 5.2830e-05
	(1/3) Block 27/28, mlp.up_proj | Tuning Non-Factorized Weights...
		(Epoch 01/08) Block Loss: 5.2345e-05
		(Epoch 02/08) Block Loss: 5.1728e-05
		(Epoch 03/08) Block Loss: 5.1378e-05
		(Epoch 04/08) Block Loss: 5.1147e-05
		(Epoch 05/08) Block Loss: 5.0973e-05
		(Epoch 06/08) Block Loss: 5.0861e-05
		(Epoch 07/08) Block Loss: 5.0795e-05
		(Epoch 08/08) Block Loss: 5.0768e-05
	(2/3) Block 27/28, mlp.up_proj | Initialization via ADMM...
		ADMM weight recon error: raw=1423.8239, norm=0.3677, per_el=4.5262e-04, out_err=0.0855, ADMM time=4.11s
	(3/3) Block 27/28, mlp.up_proj | Tuning Factorized Weights...
		(Epoch 01/08) Block Loss: 5.7603e-05
		(Epoch 02/08) Block Loss: 5.7019e-05
		(Epoch 03/08) Block Loss: 5.6766e-05
		(Epoch 04/08) Block Loss: 5.6629e-05
		(Epoch 05/08) Block Loss: 5.6576e-05
		(Epoch 06/08) Block Loss: 5.6489e-05
		(Epoch 07/08) Block Loss: 5.6428e-05
		(Epoch 08/08) Block Loss: 5.6271e-05
	(1/3) Block 27/28, mlp.down_proj | Tuning Non-Factorized Weights...
		(Epoch 01/08) Block Loss: 5.5790e-05
		(Epoch 02/08) Block Loss: 5.5293e-05
		(Epoch 03/08) Block Loss: 5.4999e-05
		(Epoch 04/08) Block Loss: 5.4807e-05
		(Epoch 05/08) Block Loss: 5.4666e-05
		(Epoch 06/08) Block Loss: 5.4577e-05
		(Epoch 07/08) Block Loss: 5.4528e-05
		(Epoch 08/08) Block Loss: 5.4509e-05
	(2/3) Block 27/28, mlp.down_proj | Initialization via ADMM...
		ADMM weight recon error: raw=1198.2156, norm=0.3566, per_el=3.8090e-04, out_err=0.1278, ADMM time=5.36s
	(3/3) Block 27/28, mlp.down_proj | Tuning Factorized Weights...
		(Epoch 01/08) Block Loss: 6.3434e-05
		(Epoch 02/08) Block Loss: 6.3346e-05
		(Epoch 03/08) Block Loss: 6.3354e-05
		(Epoch 04/08) Block Loss: 6.3432e-05
		(Epoch 05/08) Block Loss: 6.3566e-05
		(Epoch 06/08) Block Loss: 6.3420e-05
		(Epoch 07/08) Block Loss: 6.3571e-05
		(Epoch 08/08) Block Loss: 6.3232e-05
		Block 26: relative block output error = 0.0423
Using sequence length: 2048 (model max: 2048)
		Block 26: Test Data PPL        = 30.976
	(1/3) Block 28/28, self_attn.q_proj | Tuning Non-Factorized Weights...
		(Epoch 01/08) Block Loss: 1.0233e-04
		(Epoch 02/08) Block Loss: 9.7760e-05
		(Epoch 03/08) Block Loss: 9.5346e-05
		(Epoch 04/08) Block Loss: 9.3587e-05
		(Epoch 05/08) Block Loss: 9.2443e-05
		(Epoch 06/08) Block Loss: 9.1706e-05
		(Epoch 07/08) Block Loss: 9.1298e-05
Compressing Layers:  96%|████████████████████████████████████████████████████████████████████████████████████████████████████▎   | 27/28 [1:03:40<02:21, 141.52s/it]
		(Epoch 08/08) Block Loss: 9.1147e-05
	(2/3) Block 28/28, self_attn.q_proj | Initialization via ADMM...
		ADMM weight recon error: raw=670.2648, norm=0.3299, per_el=3.1961e-04, out_err=0.0425, ADMM time=4.40s
	(3/3) Block 28/28, self_attn.q_proj | Tuning Factorized Weights...
		(Epoch 01/08) Block Loss: 9.2007e-05
		(Epoch 02/08) Block Loss: 9.1742e-05
		(Epoch 03/08) Block Loss: 9.1633e-05
		(Epoch 04/08) Block Loss: 9.1564e-05
		(Epoch 05/08) Block Loss: 9.1517e-05
		(Epoch 06/08) Block Loss: 9.1479e-05
		(Epoch 07/08) Block Loss: 9.1450e-05
		(Epoch 08/08) Block Loss: 9.1433e-05
	(1/3) Block 28/28, self_attn.v_proj | Tuning Non-Factorized Weights...
		(Epoch 01/08) Block Loss: 9.2318e-05
		(Epoch 02/08) Block Loss: 9.0358e-05
		(Epoch 03/08) Block Loss: 8.9080e-05
		(Epoch 04/08) Block Loss: 8.8052e-05
		(Epoch 05/08) Block Loss: 8.7291e-05
		(Epoch 06/08) Block Loss: 8.6815e-05
		(Epoch 07/08) Block Loss: 8.6544e-05
		(Epoch 08/08) Block Loss: 8.6431e-05
	(2/3) Block 28/28, self_attn.v_proj | Initialization via ADMM...
		ADMM weight recon error: raw=429.6771, norm=0.3836, per_el=4.0977e-04, out_err=0.2294, ADMM time=7.66s
	(3/3) Block 28/28, self_attn.v_proj | Tuning Factorized Weights...
		(Epoch 01/08) Block Loss: 9.4434e-05
		(Epoch 02/08) Block Loss: 9.2983e-05
		(Epoch 03/08) Block Loss: 9.2570e-05
		(Epoch 04/08) Block Loss: 9.2350e-05
		(Epoch 05/08) Block Loss: 9.2222e-05
		(Epoch 06/08) Block Loss: 9.2135e-05
		(Epoch 07/08) Block Loss: 9.2086e-05
		(Epoch 08/08) Block Loss: 9.2039e-05
	(1/3) Block 28/28, self_attn.o_proj | Tuning Non-Factorized Weights...
		(Epoch 01/08) Block Loss: 9.1695e-05
		(Epoch 02/08) Block Loss: 8.9941e-05
		(Epoch 03/08) Block Loss: 8.8813e-05
		(Epoch 04/08) Block Loss: 8.7951e-05
		(Epoch 05/08) Block Loss: 8.7295e-05
		(Epoch 06/08) Block Loss: 8.6890e-05
		(Epoch 07/08) Block Loss: 8.6662e-05
		(Epoch 08/08) Block Loss: 8.6567e-05
	(2/3) Block 28/28, self_attn.o_proj | Initialization via ADMM...
		ADMM weight recon error: raw=687.0863, norm=0.3767, per_el=3.2763e-04, out_err=0.1329, ADMM time=4.43s
	(3/3) Block 28/28, self_attn.o_proj | Tuning Factorized Weights...
		(Epoch 01/08) Block Loss: 9.0932e-05
		(Epoch 02/08) Block Loss: 9.0650e-05
		(Epoch 03/08) Block Loss: 9.0544e-05
		(Epoch 04/08) Block Loss: 9.0519e-05
		(Epoch 05/08) Block Loss: 9.0559e-05
		(Epoch 06/08) Block Loss: 9.0415e-05
		(Epoch 07/08) Block Loss: 9.0378e-05
		(Epoch 08/08) Block Loss: 9.0240e-05
	(1/3) Block 28/28, self_attn.k_proj | Tuning Non-Factorized Weights...
		(Epoch 01/08) Block Loss: 9.0081e-05
		(Epoch 02/08) Block Loss: 8.8767e-05
		(Epoch 03/08) Block Loss: 8.7987e-05
		(Epoch 04/08) Block Loss: 8.7329e-05
		(Epoch 05/08) Block Loss: 8.6864e-05
		(Epoch 06/08) Block Loss: 8.6556e-05
		(Epoch 07/08) Block Loss: 8.6376e-05
		(Epoch 08/08) Block Loss: 8.6297e-05
	(2/3) Block 28/28, self_attn.k_proj | Initialization via ADMM...
		ADMM weight recon error: raw=319.5659, norm=0.3599, per_el=3.0476e-04, out_err=0.0328, ADMM time=7.31s
	(3/3) Block 28/28, self_attn.k_proj | Tuning Factorized Weights...
		(Epoch 01/08) Block Loss: 8.8444e-05
		(Epoch 02/08) Block Loss: 8.7165e-05
		(Epoch 03/08) Block Loss: 8.6875e-05
		(Epoch 04/08) Block Loss: 8.6759e-05
		(Epoch 05/08) Block Loss: 8.6718e-05
		(Epoch 06/08) Block Loss: 8.6696e-05
		(Epoch 07/08) Block Loss: 8.6683e-05
		(Epoch 08/08) Block Loss: 8.6676e-05
	(1/3) Block 28/28, mlp.gate_proj | Tuning Non-Factorized Weights...
		(Epoch 01/08) Block Loss: 8.7079e-05
		(Epoch 02/08) Block Loss: 8.6232e-05
		(Epoch 03/08) Block Loss: 8.5665e-05
		(Epoch 04/08) Block Loss: 8.5204e-05
		(Epoch 05/08) Block Loss: 8.4847e-05
		(Epoch 06/08) Block Loss: 8.4602e-05
		(Epoch 07/08) Block Loss: 8.4452e-05
		(Epoch 08/08) Block Loss: 8.4385e-05
	(2/3) Block 28/28, mlp.gate_proj | Initialization via ADMM...
		ADMM weight recon error: raw=1032.3677, norm=0.3326, per_el=3.2818e-04, out_err=0.0195, ADMM time=5.09s
	(3/3) Block 28/28, mlp.gate_proj | Tuning Factorized Weights...
		(Epoch 01/08) Block Loss: 9.7062e-05
		(Epoch 02/08) Block Loss: 9.5460e-05
		(Epoch 03/08) Block Loss: 9.4772e-05
		(Epoch 04/08) Block Loss: 9.4316e-05
		(Epoch 05/08) Block Loss: 9.4060e-05
		(Epoch 06/08) Block Loss: 9.3903e-05
		(Epoch 07/08) Block Loss: 9.3784e-05
		(Epoch 08/08) Block Loss: 9.3672e-05
	(1/3) Block 28/28, mlp.up_proj | Tuning Non-Factorized Weights...
		(Epoch 01/08) Block Loss: 9.3039e-05
		(Epoch 02/08) Block Loss: 9.1685e-05
		(Epoch 03/08) Block Loss: 9.0937e-05
		(Epoch 04/08) Block Loss: 9.0431e-05
		(Epoch 05/08) Block Loss: 9.0065e-05
		(Epoch 06/08) Block Loss: 8.9825e-05
		(Epoch 07/08) Block Loss: 8.9690e-05
		(Epoch 08/08) Block Loss: 8.9631e-05
	(2/3) Block 28/28, mlp.up_proj | Initialization via ADMM...
		ADMM weight recon error: raw=1280.0359, norm=0.3540, per_el=4.0691e-04, out_err=0.0504, ADMM time=4.17s
	(3/3) Block 28/28, mlp.up_proj | Tuning Factorized Weights...
		(Epoch 01/08) Block Loss: 1.0281e-04
		(Epoch 02/08) Block Loss: 9.9381e-05
		(Epoch 03/08) Block Loss: 9.7706e-05
		(Epoch 04/08) Block Loss: 9.7464e-05
		(Epoch 05/08) Block Loss: 9.7486e-05
		(Epoch 06/08) Block Loss: 9.7448e-05
		(Epoch 07/08) Block Loss: 9.7357e-05
		(Epoch 08/08) Block Loss: 9.6975e-05
	(1/3) Block 28/28, mlp.down_proj | Tuning Non-Factorized Weights...
		(Epoch 01/08) Block Loss: 9.6159e-05
		(Epoch 02/08) Block Loss: 9.5228e-05
		(Epoch 03/08) Block Loss: 9.4735e-05
		(Epoch 04/08) Block Loss: 9.4402e-05
		(Epoch 05/08) Block Loss: 9.4160e-05
		(Epoch 06/08) Block Loss: 9.3998e-05
		(Epoch 07/08) Block Loss: 9.3912e-05
		(Epoch 08/08) Block Loss: 9.3872e-05
	(2/3) Block 28/28, mlp.down_proj | Initialization via ADMM...
		ADMM weight recon error: raw=816.7305, norm=0.3315, per_el=2.5963e-04, out_err=0.0186, ADMM time=5.40s
	(3/3) Block 28/28, mlp.down_proj | Tuning Factorized Weights...
		(Epoch 01/08) Block Loss: 1.0838e-04
		(Epoch 02/08) Block Loss: 1.0799e-04
		(Epoch 03/08) Block Loss: 1.0780e-04
		(Epoch 04/08) Block Loss: 1.0762e-04
		(Epoch 05/08) Block Loss: 1.0749e-04
		(Epoch 06/08) Block Loss: 1.0734e-04
		(Epoch 07/08) Block Loss: 1.0732e-04
		(Epoch 08/08) Block Loss: 1.0714e-04
		Block 27: relative block output error = 0.0618
Using sequence length: 2048 (model max: 2048)
		Block 27: Test Data PPL        = 36.130
Stopping after block 27 (block_indices=None)
mean weight err 0.3287 | mean out err 0.0977
Precomputing teacher logits (FP model):   0%|                                                                                               | 0/128 [00:00<?, ?it/s]Precomputing teacher logits (FP model):   1%|▋                                                                                      | 1/128 [00:00<00:52,  2.42it/s]Precomputing teacher logits (FP model):   2%|█▎                                                                                     | 2/128 [00:00<00:51,  2.46it/s]Precomputing teacher logits (FP model):   2%|██                                                                                     | 3/128 [00:01<00:50,  2.47it/s]Precomputing teacher logits (FP model):   3%|██▋                                                                                    | 4/128 [00:01<00:49,  2.49it/s]Precomputing teacher logits (FP model):   4%|███▍                                                                                   | 5/128 [00:02<00:49,  2.49it/s]Precomputing teacher logits (FP model):   5%|████                                                                                   | 6/128 [00:02<00:49,  2.48it/s]Precomputing teacher logits (FP model):   5%|████▊                                                                                  | 7/128 [00:02<00:48,  2.50it/s]Precomputing teacher logits (FP model):   6%|█████▍                                                                                 | 8/128 [00:03<00:47,  2.50it/s]Precomputing teacher logits (FP model):   7%|██████                                                                                 | 9/128 [00:03<00:47,  2.50it/s]Precomputing teacher logits (FP model):   8%|██████▋                                                                               | 10/128 [00:04<00:47,  2.48it/s]Precomputing teacher logits (FP model):   9%|███████▍                                                                              | 11/128 [00:04<00:46,  2.49it/s]Precomputing teacher logits (FP model):   9%|████████                                                                              | 12/128 [00:04<00:46,  2.50it/s]Precomputing teacher logits (FP model):  10%|████████▋                                                                             | 13/128 [00:05<00:45,  2.51it/s]Precomputing teacher logits (FP model):  11%|█████████▍                                                                            | 14/128 [00:05<00:45,  2.50it/s]Precomputing teacher logits (FP model):  12%|██████████                                                                            | 15/128 [00:06<00:45,  2.51it/s]Precomputing teacher logits (FP model):  12%|██████████▊                                                                           | 16/128 [00:06<00:44,  2.51it/s]Precomputing teacher logits (FP model):  13%|███████████▍                                                                          | 17/128 [00:06<00:44,  2.52it/s]Precomputing teacher logits (FP model):  14%|████████████                                                                          | 18/128 [00:07<00:43,  2.53it/s]Precomputing teacher logits (FP model):  15%|████████████▊                                                                         | 19/128 [00:07<00:43,  2.50it/s]Precomputing teacher logits (FP model):  16%|█████████████▍                                                                        | 20/128 [00:08<00:43,  2.49it/s]Precomputing teacher logits (FP model):  16%|██████████████                                                                        | 21/128 [00:08<00:42,  2.50it/s]Precomputing teacher logits (FP model):  17%|██████████████▊                                                                       | 22/128 [00:08<00:42,  2.50it/s]Precomputing teacher logits (FP model):  18%|███████████████▍                                                                      | 23/128 [00:09<00:41,  2.50it/s]Precomputing teacher logits (FP model):  19%|████████████████▏                                                                     | 24/128 [00:09<00:41,  2.49it/s]Precomputing teacher logits (FP model):  20%|████████████████▊                                                                     | 25/128 [00:10<00:41,  2.48it/s]Precomputing teacher logits (FP model):  20%|█████████████████▍                                                                    | 26/128 [00:10<00:40,  2.49it/s]Precomputing teacher logits (FP model):  21%|██████████████████▏                                                                   | 27/128 [00:10<00:40,  2.50it/s]Precomputing teacher logits (FP model):  22%|██████████████████▊                                                                   | 28/128 [00:11<00:40,  2.50it/s]Precomputing teacher logits (FP model):  23%|███████████████████▍                                                                  | 29/128 [00:11<00:39,  2.51it/s]Precomputing teacher logits (FP model):  23%|████████████████████▏                                                                 | 30/128 [00:12<00:39,  2.50it/s]Precomputing teacher logits (FP model):  24%|████████████████████▊                                                                 | 31/128 [00:12<00:38,  2.52it/s]Precomputing teacher logits (FP model):  25%|█████████████████████▌                                                                | 32/128 [00:12<00:37,  2.53it/s]Precomputing teacher logits (FP model):  26%|██████████████████████▏                                                               | 33/128 [00:13<00:37,  2.54it/s]Precomputing teacher logits (FP model):  27%|██████████████████████▊                                                               | 34/128 [00:13<00:37,  2.52it/s]Precomputing teacher logits (FP model):  27%|███████████████████████▌                                                              | 35/128 [00:13<00:36,  2.53it/s]Precomputing teacher logits (FP model):  28%|████████████████████████▏                                                             | 36/128 [00:14<00:36,  2.54it/s]Precomputing teacher logits (FP model):  29%|████████████████████████▊                                                             | 37/128 [00:14<00:35,  2.54it/s]Precomputing teacher logits (FP model):  30%|█████████████████████████▌                                                            | 38/128 [00:15<00:35,  2.53it/s]Precomputing teacher logits (FP model):  30%|██████████████████████████▏                                                           | 39/128 [00:15<00:35,  2.51it/s]Precomputing teacher logits (FP model):  31%|██████████████████████████▉                                                           | 40/128 [00:15<00:34,  2.52it/s]Precomputing teacher logits (FP model):  32%|███████████████████████████▌                                                          | 41/128 [00:16<00:34,  2.53it/s]Precomputing teacher logits (FP model):  33%|████████████████████████████▏                                                         | 42/128 [00:16<00:34,  2.53it/s]Precomputing teacher logits (FP model):  34%|████████████████████████████▉                                                         | 43/128 [00:17<00:33,  2.52it/s]Precomputing teacher logits (FP model):  34%|█████████████████████████████▌                                                        | 44/128 [00:17<00:33,  2.50it/s]Precomputing teacher logits (FP model):  35%|██████████████████████████████▏                                                       | 45/128 [00:17<00:33,  2.51it/s]Precomputing teacher logits (FP model):  36%|██████████████████████████████▉                                                       | 46/128 [00:18<00:32,  2.51it/s]Precomputing teacher logits (FP model):  37%|███████████████████████████████▌                                                      | 47/128 [00:18<00:32,  2.52it/s]Precomputing teacher logits (FP model):  38%|████████████████████████████████▎                                                     | 48/128 [00:19<00:31,  2.51it/s]Precomputing teacher logits (FP model):  38%|████████████████████████████████▉                                                     | 49/128 [00:19<00:31,  2.51it/s]Precomputing teacher logits (FP model):  39%|█████████████████████████████████▌                                                    | 50/128 [00:19<00:30,  2.52it/s]Precomputing teacher logits (FP model):  40%|██████████████████████████████████▎                                                   | 51/128 [00:20<00:30,  2.52it/s]Precomputing teacher logits (FP model):  41%|██████████████████████████████████▉                                                   | 52/128 [00:20<00:30,  2.51it/s]Precomputing teacher logits (FP model):  41%|███████████████████████████████████▌                                                  | 53/128 [00:21<00:29,  2.51it/s]Precomputing teacher logits (FP model):  42%|████████████████████████████████████▎                                                 | 54/128 [00:21<00:29,  2.49it/s]Precomputing teacher logits (FP model):  43%|████████████████████████████████████▉                                                 | 55/128 [00:21<00:29,  2.50it/s]Precomputing teacher logits (FP model):  44%|█████████████████████████████████████▋                                                | 56/128 [00:22<00:28,  2.50it/s]Precomputing teacher logits (FP model):  45%|██████████████████████████████████████▎                                               | 57/128 [00:22<00:28,  2.48it/s]Precomputing teacher logits (FP model):  45%|██████████████████████████████████████▉                                               | 58/128 [00:23<00:28,  2.48it/s]Precomputing teacher logits (FP model):  46%|███████████████████████████████████████▋                                              | 59/128 [00:23<00:27,  2.48it/s]Precomputing teacher logits (FP model):  47%|████████████████████████████████████████▎                                             | 60/128 [00:23<00:27,  2.49it/s]Precomputing teacher logits (FP model):  48%|████████████████████████████████████████▉                                             | 61/128 [00:24<00:26,  2.50it/s]Precomputing teacher logits (FP model):  48%|█████████████████████████████████████████▋                                            | 62/128 [00:24<00:26,  2.48it/s]Precomputing teacher logits (FP model):  49%|██████████████████████████████████████████▎                                           | 63/128 [00:25<00:26,  2.50it/s]Precomputing teacher logits (FP model):  50%|███████████████████████████████████████████                                           | 64/128 [00:25<00:25,  2.50it/s]Precomputing teacher logits (FP model):  51%|███████████████████████████████████████████▋                                          | 65/128 [00:25<00:24,  2.52it/s]Precomputing teacher logits (FP model):  52%|████████████████████████████████████████████▎                                         | 66/128 [00:26<00:24,  2.53it/s]Precomputing teacher logits (FP model):  52%|█████████████████████████████████████████████                                         | 67/128 [00:26<00:24,  2.53it/s]Precomputing teacher logits (FP model):  53%|█████████████████████████████████████████████▋                                        | 68/128 [00:27<00:23,  2.52it/s]Precomputing teacher logits (FP model):  54%|██████████████████████████████████████████████▎                                       | 69/128 [00:27<00:23,  2.52it/s]Precomputing teacher logits (FP model):  55%|███████████████████████████████████████████████                                       | 70/128 [00:27<00:22,  2.52it/s]Precomputing teacher logits (FP model):  55%|███████████████████████████████████████████████▋                                      | 71/128 [00:28<00:22,  2.53it/s]Precomputing teacher logits (FP model):  56%|████████████████████████████████████████████████▍                                     | 72/128 [00:28<00:22,  2.54it/s]Precomputing teacher logits (FP model):  57%|█████████████████████████████████████████████████                                     | 73/128 [00:29<00:21,  2.54it/s]Precomputing teacher logits (FP model):  58%|█████████████████████████████████████████████████▋                                    | 74/128 [00:29<00:21,  2.52it/s]Precomputing teacher logits (FP model):  59%|██████████████████████████████████████████████████▍                                   | 75/128 [00:29<00:21,  2.52it/s]Precomputing teacher logits (FP model):  59%|███████████████████████████████████████████████████                                   | 76/128 [00:30<00:20,  2.53it/s]Precomputing teacher logits (FP model):  60%|███████████████████████████████████████████████████▋                                  | 77/128 [00:30<00:20,  2.52it/s]Precomputing teacher logits (FP model):  61%|████████████████████████████████████████████████████▍                                 | 78/128 [00:31<00:19,  2.53it/s]Precomputing teacher logits (FP model):  62%|█████████████████████████████████████████████████████                                 | 79/128 [00:31<00:19,  2.51it/s]Precomputing teacher logits (FP model):  62%|█████████████████████████████████████████████████████▊                                | 80/128 [00:31<00:19,  2.52it/s]Precomputing teacher logits (FP model):  63%|██████████████████████████████████████████████████████▍                               | 81/128 [00:32<00:18,  2.52it/s]Precomputing teacher logits (FP model):  64%|███████████████████████████████████████████████████████                               | 82/128 [00:32<00:18,  2.53it/s]Precomputing teacher logits (FP model):  65%|███████████████████████████████████████████████████████▊                              | 83/128 [00:33<00:17,  2.52it/s]Precomputing teacher logits (FP model):  66%|████████████████████████████████████████████████████████▍                             | 84/128 [00:33<00:17,  2.51it/s]Precomputing teacher logits (FP model):  66%|█████████████████████████████████████████████████████████                             | 85/128 [00:33<00:17,  2.52it/s]Precomputing teacher logits (FP model):  67%|█████████████████████████████████████████████████████████▊                            | 86/128 [00:34<00:16,  2.53it/s]Precomputing teacher logits (FP model):  68%|██████████████████████████████████████████████████████████▍                           | 87/128 [00:34<00:16,  2.52it/s]Precomputing teacher logits (FP model):  69%|███████████████████████████████████████████████████████████▏                          | 88/128 [00:35<00:15,  2.51it/s]Precomputing teacher logits (FP model):  70%|███████████████████████████████████████████████████████████▊                          | 89/128 [00:35<00:15,  2.51it/s]Precomputing teacher logits (FP model):  70%|████████████████████████████████████████████████████████████▍                         | 90/128 [00:35<00:15,  2.51it/s]Precomputing teacher logits (FP model):  71%|█████████████████████████████████████████████████████████████▏                        | 91/128 [00:36<00:14,  2.51it/s]Precomputing teacher logits (FP model):  72%|█████████████████████████████████████████████████████████████▊                        | 92/128 [00:36<00:14,  2.50it/s]Precomputing teacher logits (FP model):  73%|██████████████████████████████████████████████████████████████▍                       | 93/128 [00:37<00:14,  2.49it/s]Precomputing teacher logits (FP model):  73%|███████████████████████████████████████████████████████████████▏                      | 94/128 [00:37<00:13,  2.49it/s]Precomputing teacher logits (FP model):  74%|███████████████████████████████████████████████████████████████▊                      | 95/128 [00:37<00:13,  2.50it/s]Precomputing teacher logits (FP model):  75%|████████████████████████████████████████████████████████████████▌                     | 96/128 [00:38<00:12,  2.50it/s]Precomputing teacher logits (FP model):  76%|█████████████████████████████████████████████████████████████████▏                    | 97/128 [00:38<00:12,  2.49it/s]Precomputing teacher logits (FP model):  77%|█████████████████████████████████████████████████████████████████▊                    | 98/128 [00:39<00:12,  2.50it/s]Precomputing teacher logits (FP model):  77%|██████████████████████████████████████████████████████████████████▌                   | 99/128 [00:39<00:11,  2.51it/s]Precomputing teacher logits (FP model):  78%|██████████████████████████████████████████████████████████████████▍                  | 100/128 [00:39<00:11,  2.53it/s]Precomputing teacher logits (FP model):  79%|███████████████████████████████████████████████████████████████████                  | 101/128 [00:40<00:10,  2.53it/s]Precomputing teacher logits (FP model):  80%|███████████████████████████████████████████████████████████████████▋                 | 102/128 [00:40<00:10,  2.52it/s]Precomputing teacher logits (FP model):  80%|████████████████████████████████████████████████████████████████████▍                | 103/128 [00:41<00:09,  2.51it/s]Precomputing teacher logits (FP model):  81%|█████████████████████████████████████████████████████████████████████                | 104/128 [00:41<00:09,  2.52it/s]Precomputing teacher logits (FP model):  82%|█████████████████████████████████████████████████████████████████████▋               | 105/128 [00:41<00:09,  2.53it/s]Precomputing teacher logits (FP model):  83%|██████████████████████████████████████████████████████████████████████▍              | 106/128 [00:42<00:08,  2.53it/s]Precomputing teacher logits (FP model):  84%|███████████████████████████████████████████████████████████████████████              | 107/128 [00:42<00:08,  2.53it/s]Precomputing teacher logits (FP model):  84%|███████████████████████████████████████████████████████████████████████▋             | 108/128 [00:43<00:07,  2.53it/s]Precomputing teacher logits (FP model):  85%|████████████████████████████████████████████████████████████████████████▍            | 109/128 [00:43<00:07,  2.53it/s]Precomputing teacher logits (FP model):  86%|█████████████████████████████████████████████████████████████████████████            | 110/128 [00:43<00:07,  2.54it/s]Precomputing teacher logits (FP model):  87%|█████████████████████████████████████████████████████████████████████████▋           | 111/128 [00:44<00:06,  2.53it/s]Precomputing teacher logits (FP model):  88%|██████████████████████████████████████████████████████████████████████████▍          | 112/128 [00:44<00:06,  2.53it/s]Precomputing teacher logits (FP model):  88%|███████████████████████████████████████████████████████████████████████████          | 113/128 [00:45<00:05,  2.51it/s]Precomputing teacher logits (FP model):  89%|███████████████████████████████████████████████████████████████████████████▋         | 114/128 [00:45<00:05,  2.52it/s]Precomputing teacher logits (FP model):  90%|████████████████████████████████████████████████████████████████████████████▎        | 115/128 [00:45<00:05,  2.51it/s]Precomputing teacher logits (FP model):  91%|█████████████████████████████████████████████████████████████████████████████        | 116/128 [00:46<00:04,  2.52it/s]Precomputing teacher logits (FP model):  91%|█████████████████████████████████████████████████████████████████████████████▋       | 117/128 [00:46<00:04,  2.52it/s]Precomputing teacher logits (FP model):  92%|██████████████████████████████████████████████████████████████████████████████▎      | 118/128 [00:46<00:03,  2.50it/s]Precomputing teacher logits (FP model):  93%|███████████████████████████████████████████████████████████████████████████████      | 119/128 [00:47<00:03,  2.51it/s]Precomputing teacher logits (FP model):  94%|███████████████████████████████████████████████████████████████████████████████▋     | 120/128 [00:47<00:03,  2.52it/s]Precomputing teacher logits (FP model):  95%|████████████████████████████████████████████████████████████████████████████████▎    | 121/128 [00:48<00:02,  2.51it/s]Precomputing teacher logits (FP model):  95%|█████████████████████████████████████████████████████████████████████████████████    | 122/128 [00:48<00:02,  2.51it/s]Precomputing teacher logits (FP model):  96%|█████████████████████████████████████████████████████████████████████████████████▋   | 123/128 [00:48<00:01,  2.51it/s]Precomputing teacher logits (FP model):  97%|██████████████████████████████████████████████████████████████████████████████████▎  | 124/128 [00:49<00:01,  2.51it/s]Precomputing teacher logits (FP model):  98%|███████████████████████████████████████████████████████████████████████████████████  | 125/128 [00:49<00:01,  2.52it/s]Precomputing teacher logits (FP model):  98%|███████████████████████████████████████████████████████████████████████████████████▋ | 126/128 [00:50<00:00,  2.51it/s]Precomputing teacher logits (FP model):  99%|████████████████████████████████████████████████████████████████████████████████████▎| 127/128 [00:50<00:00,  2.52it/s]Precomputing teacher logits (FP model): 100%|█████████████████████████████████████████████████████████████████████████████████████| 128/128 [00:50<00:00,  2.50it/s]Precomputing teacher logits (FP model): 100%|█████████████████████████████████████████████████████████████████████████████████████| 128/128 [00:50<00:00,  2.51it/s]
Token indices sequence length is longer than the specified maximum sequence length for this model (299078 > 131072). Running this sequence through the model will result in indexing errors
GPU memory (from _compute_teacher_logits_cache): 4.99 -> 1.78 GiB (-3.20 GiB)
Total number of scale parameters to tune: 392
Epoch 1 - Loss: 2.8964
Epoch 2 - Loss: 2.8551
Epoch 3 - Loss: 2.8375
Epoch 4 - Loss: 2.8251
Epoch 5 - Loss: 2.8173
Epoch 6 - Loss: 2.8115
Epoch 7 - Loss: 2.8090
Epoch 8 - Loss: 2.8073
GPU memory (from compress_model_recon): 9.42 -> 6.04 GiB (-3.38 GiB)
Using sequence length: 2048 (model max: 2048)
Evaluating perplexity on wikitext2 - num_samples=146, seqlen=2048
Evaluating PPL for wikitext2 (PPL: N/A):   0%|                                                                                              | 0/146 [00:00<?, ?it/s]Evaluating PPL for wikitext2 (PPL: 294267552.0000):   0%|                                                                                   | 0/146 [00:00<?, ?it/s]Evaluating PPL for wikitext2 (PPL: 90586.6875):   0%|                                                                                       | 0/146 [00:00<?, ?it/s]Evaluating PPL for wikitext2 (PPL: 7150.9468):   0%|                                                                                        | 0/146 [00:00<?, ?it/s]Evaluating PPL for wikitext2 (PPL: 7150.9468):   2%|█▋                                                                              | 3/146 [00:00<00:06, 23.62it/s]Evaluating PPL for wikitext2 (PPL: 1880.0667):   2%|█▋                                                                              | 3/146 [00:00<00:06, 23.62it/s]Evaluating PPL for wikitext2 (PPL: 765.5734):   2%|█▋                                                                               | 3/146 [00:00<00:06, 23.62it/s]Evaluating PPL for wikitext2 (PPL: 457.1447):   2%|█▋                                                                               | 3/146 [00:00<00:06, 23.62it/s]Evaluating PPL for wikitext2 (PPL: 457.1447):   4%|███▎                                                                             | 6/146 [00:00<00:05, 24.52it/s]Evaluating PPL for wikitext2 (PPL: 297.8020):   4%|███▎                                                                             | 6/146 [00:00<00:05, 24.52it/s]Evaluating PPL for wikitext2 (PPL: 214.2594):   4%|███▎                                                                             | 6/146 [00:00<00:05, 24.52it/s]Evaluating PPL for wikitext2 (PPL: 171.1193):   4%|███▎                                                                             | 6/146 [00:00<00:05, 24.52it/s]Evaluating PPL for wikitext2 (PPL: 171.1193):   6%|████▉                                                                            | 9/146 [00:00<00:05, 23.81it/s]Evaluating PPL for wikitext2 (PPL: 144.2972):   6%|████▉                                                                            | 9/146 [00:00<00:05, 23.81it/s]Evaluating PPL for wikitext2 (PPL: 122.6898):   6%|████▉                                                                            | 9/146 [00:00<00:05, 23.81it/s]Evaluating PPL for wikitext2 (PPL: 107.3164):   6%|████▉                                                                            | 9/146 [00:00<00:05, 23.81it/s]Evaluating PPL for wikitext2 (PPL: 107.3164):   8%|██████▌                                                                         | 12/146 [00:00<00:05, 23.47it/s]Evaluating PPL for wikitext2 (PPL: 93.6593):   8%|██████▋                                                                          | 12/146 [00:00<00:05, 23.47it/s]Evaluating PPL for wikitext2 (PPL: 84.7522):   8%|██████▋                                                                          | 12/146 [00:00<00:05, 23.47it/s]Evaluating PPL for wikitext2 (PPL: 76.9957):   8%|██████▋                                                                          | 12/146 [00:00<00:05, 23.47it/s]Evaluating PPL for wikitext2 (PPL: 76.9957):  10%|████████▎                                                                        | 15/146 [00:00<00:05, 23.39it/s]Evaluating PPL for wikitext2 (PPL: 72.0488):  10%|████████▎                                                                        | 15/146 [00:00<00:05, 23.39it/s]Evaluating PPL for wikitext2 (PPL: 68.3242):  10%|████████▎                                                                        | 15/146 [00:00<00:05, 23.39it/s]Evaluating PPL for wikitext2 (PPL: 64.3323):  10%|████████▎                                                                        | 15/146 [00:00<00:05, 23.39it/s]Evaluating PPL for wikitext2 (PPL: 64.3323):  12%|█████████▉                                                                       | 18/146 [00:00<00:05, 23.96it/s]Evaluating PPL for wikitext2 (PPL: 60.4098):  12%|█████████▉                                                                       | 18/146 [00:00<00:05, 23.96it/s]Evaluating PPL for wikitext2 (PPL: 56.8175):  12%|█████████▉                                                                       | 18/146 [00:00<00:05, 23.96it/s]Evaluating PPL for wikitext2 (PPL: 54.3954):  12%|█████████▉                                                                       | 18/146 [00:00<00:05, 23.96it/s]Evaluating PPL for wikitext2 (PPL: 54.3954):  14%|███████████▋                                                                     | 21/146 [00:00<00:05, 23.83it/s]Evaluating PPL for wikitext2 (PPL: 53.2577):  14%|███████████▋                                                                     | 21/146 [00:00<00:05, 23.83it/s]Evaluating PPL for wikitext2 (PPL: 51.5697):  14%|███████████▋                                                                     | 21/146 [00:00<00:05, 23.83it/s]Evaluating PPL for wikitext2 (PPL: 50.4293):  14%|███████████▋                                                                     | 21/146 [00:01<00:05, 23.83it/s]Evaluating PPL for wikitext2 (PPL: 50.4293):  16%|█████████████▎                                                                   | 24/146 [00:01<00:05, 23.65it/s]Evaluating PPL for wikitext2 (PPL: 49.2791):  16%|█████████████▎                                                                   | 24/146 [00:01<00:05, 23.65it/s]Evaluating PPL for wikitext2 (PPL: 48.4440):  16%|█████████████▎                                                                   | 24/146 [00:01<00:05, 23.65it/s]Evaluating PPL for wikitext2 (PPL: 47.7110):  16%|█████████████▎                                                                   | 24/146 [00:01<00:05, 23.65it/s]Evaluating PPL for wikitext2 (PPL: 47.7110):  18%|██████████████▉                                                                  | 27/146 [00:01<00:05, 23.79it/s]Evaluating PPL for wikitext2 (PPL: 47.7011):  18%|██████████████▉                                                                  | 27/146 [00:01<00:05, 23.79it/s]Evaluating PPL for wikitext2 (PPL: 48.8098):  18%|██████████████▉                                                                  | 27/146 [00:01<00:05, 23.79it/s]Evaluating PPL for wikitext2 (PPL: 47.7829):  18%|██████████████▉                                                                  | 27/146 [00:01<00:05, 23.79it/s]Evaluating PPL for wikitext2 (PPL: 47.7829):  21%|████████████████▋                                                                | 30/146 [00:01<00:04, 24.47it/s]Evaluating PPL for wikitext2 (PPL: 46.7003):  21%|████████████████▋                                                                | 30/146 [00:01<00:04, 24.47it/s]Evaluating PPL for wikitext2 (PPL: 46.1787):  21%|████████████████▋                                                                | 30/146 [00:01<00:04, 24.47it/s]Evaluating PPL for wikitext2 (PPL: 45.1350):  21%|████████████████▋                                                                | 30/146 [00:01<00:04, 24.47it/s]Evaluating PPL for wikitext2 (PPL: 45.1350):  23%|██████████████████▎                                                              | 33/146 [00:01<00:04, 24.01it/s]Evaluating PPL for wikitext2 (PPL: 44.6847):  23%|██████████████████▎                                                              | 33/146 [00:01<00:04, 24.01it/s]Evaluating PPL for wikitext2 (PPL: 43.9100):  23%|██████████████████▎                                                              | 33/146 [00:01<00:04, 24.01it/s]Evaluating PPL for wikitext2 (PPL: 43.4162):  23%|██████████████████▎                                                              | 33/146 [00:01<00:04, 24.01it/s]Evaluating PPL for wikitext2 (PPL: 43.4162):  25%|███████████████████▉                                                             | 36/146 [00:01<00:04, 23.75it/s]Evaluating PPL for wikitext2 (PPL: 41.9503):  25%|███████████████████▉                                                             | 36/146 [00:01<00:04, 23.75it/s]Evaluating PPL for wikitext2 (PPL: 40.7411):  25%|███████████████████▉                                                             | 36/146 [00:01<00:04, 23.75it/s]Evaluating PPL for wikitext2 (PPL: 39.8649):  25%|███████████████████▉                                                             | 36/146 [00:01<00:04, 23.75it/s]Evaluating PPL for wikitext2 (PPL: 39.8649):  27%|█████████████████████▋                                                           | 39/146 [00:01<00:04, 23.64it/s]Evaluating PPL for wikitext2 (PPL: 38.8674):  27%|█████████████████████▋                                                           | 39/146 [00:01<00:04, 23.64it/s]Evaluating PPL for wikitext2 (PPL: 38.4805):  27%|█████████████████████▋                                                           | 39/146 [00:01<00:04, 23.64it/s]Evaluating PPL for wikitext2 (PPL: 38.0731):  27%|█████████████████████▋                                                           | 39/146 [00:01<00:04, 23.64it/s]Evaluating PPL for wikitext2 (PPL: 38.0731):  29%|███████████████████████▎                                                         | 42/146 [00:01<00:04, 24.59it/s]Evaluating PPL for wikitext2 (PPL: 38.1295):  29%|███████████████████████▎                                                         | 42/146 [00:01<00:04, 24.59it/s]Evaluating PPL for wikitext2 (PPL: 38.2920):  29%|███████████████████████▎                                                         | 42/146 [00:01<00:04, 24.59it/s]Evaluating PPL for wikitext2 (PPL: 38.4079):  29%|███████████████████████▎                                                         | 42/146 [00:01<00:04, 24.59it/s]Evaluating PPL for wikitext2 (PPL: 38.4079):  31%|████████████████████████▉                                                        | 45/146 [00:01<00:04, 24.19it/s]Evaluating PPL for wikitext2 (PPL: 38.5453):  31%|████████████████████████▉                                                        | 45/146 [00:01<00:04, 24.19it/s]Evaluating PPL for wikitext2 (PPL: 38.5105):  31%|████████████████████████▉                                                        | 45/146 [00:01<00:04, 24.19it/s]Evaluating PPL for wikitext2 (PPL: 38.3771):  31%|████████████████████████▉                                                        | 45/146 [00:02<00:04, 24.19it/s]Evaluating PPL for wikitext2 (PPL: 38.3771):  33%|██████████████████████████▋                                                      | 48/146 [00:02<00:04, 23.89it/s]Evaluating PPL for wikitext2 (PPL: 38.2130):  33%|██████████████████████████▋                                                      | 48/146 [00:02<00:04, 23.89it/s]Evaluating PPL for wikitext2 (PPL: 37.7718):  33%|██████████████████████████▋                                                      | 48/146 [00:02<00:04, 23.89it/s]Evaluating PPL for wikitext2 (PPL: 37.5017):  33%|██████████████████████████▋                                                      | 48/146 [00:02<00:04, 23.89it/s]Evaluating PPL for wikitext2 (PPL: 37.5017):  35%|████████████████████████████▎                                                    | 51/146 [00:02<00:04, 23.62it/s]Evaluating PPL for wikitext2 (PPL: 36.9763):  35%|████████████████████████████▎                                                    | 51/146 [00:02<00:04, 23.62it/s]Evaluating PPL for wikitext2 (PPL: 36.5853):  35%|████████████████████████████▎                                                    | 51/146 [00:02<00:04, 23.62it/s]Evaluating PPL for wikitext2 (PPL: 36.0142):  35%|████████████████████████████▎                                                    | 51/146 [00:02<00:04, 23.62it/s]Evaluating PPL for wikitext2 (PPL: 36.0142):  37%|█████████████████████████████▉                                                   | 54/146 [00:02<00:03, 24.65it/s]Evaluating PPL for wikitext2 (PPL: 35.4118):  37%|█████████████████████████████▉                                                   | 54/146 [00:02<00:03, 24.65it/s]Evaluating PPL for wikitext2 (PPL: 34.8892):  37%|█████████████████████████████▉                                                   | 54/146 [00:02<00:03, 24.65it/s]Evaluating PPL for wikitext2 (PPL: 34.2604):  37%|█████████████████████████████▉                                                   | 54/146 [00:02<00:03, 24.65it/s]Evaluating PPL for wikitext2 (PPL: 34.2604):  39%|███████████████████████████████▌                                                 | 57/146 [00:02<00:03, 24.18it/s]Evaluating PPL for wikitext2 (PPL: 33.5555):  39%|███████████████████████████████▌                                                 | 57/146 [00:02<00:03, 24.18it/s]Evaluating PPL for wikitext2 (PPL: 33.1945):  39%|███████████████████████████████▌                                                 | 57/146 [00:02<00:03, 24.18it/s]Evaluating PPL for wikitext2 (PPL: 33.0638):  39%|███████████████████████████████▌                                                 | 57/146 [00:02<00:03, 24.18it/s]Evaluating PPL for wikitext2 (PPL: 33.0638):  41%|█████████████████████████████████▎                                               | 60/146 [00:02<00:03, 23.83it/s]Evaluating PPL for wikitext2 (PPL: 33.3709):  41%|█████████████████████████████████▎                                               | 60/146 [00:02<00:03, 23.83it/s]Evaluating PPL for wikitext2 (PPL: 33.3752):  41%|█████████████████████████████████▎                                               | 60/146 [00:02<00:03, 23.83it/s]Evaluating PPL for wikitext2 (PPL: 33.3793):  41%|█████████████████████████████████▎                                               | 60/146 [00:02<00:03, 23.83it/s]Evaluating PPL for wikitext2 (PPL: 33.3793):  43%|██████████████████████████████████▉                                              | 63/146 [00:02<00:03, 23.61it/s]Evaluating PPL for wikitext2 (PPL: 33.4894):  43%|██████████████████████████████████▉                                              | 63/146 [00:02<00:03, 23.61it/s]Evaluating PPL for wikitext2 (PPL: 33.3151):  43%|██████████████████████████████████▉                                              | 63/146 [00:02<00:03, 23.61it/s]Evaluating PPL for wikitext2 (PPL: 33.2175):  43%|██████████████████████████████████▉                                              | 63/146 [00:02<00:03, 23.61it/s]Evaluating PPL for wikitext2 (PPL: 33.2175):  45%|████████████████████████████████████▌                                            | 66/146 [00:02<00:03, 24.44it/s]Evaluating PPL for wikitext2 (PPL: 33.2547):  45%|████████████████████████████████████▌                                            | 66/146 [00:02<00:03, 24.44it/s]Evaluating PPL for wikitext2 (PPL: 33.1993):  45%|████████████████████████████████████▌                                            | 66/146 [00:02<00:03, 24.44it/s]Evaluating PPL for wikitext2 (PPL: 33.1155):  45%|████████████████████████████████████▌                                            | 66/146 [00:02<00:03, 24.44it/s]Evaluating PPL for wikitext2 (PPL: 33.1155):  47%|██████████████████████████████████████▎                                          | 69/146 [00:02<00:03, 24.21it/s]Evaluating PPL for wikitext2 (PPL: 32.9753):  47%|██████████████████████████████████████▎                                          | 69/146 [00:02<00:03, 24.21it/s]Evaluating PPL for wikitext2 (PPL: 32.7963):  47%|██████████████████████████████████████▎                                          | 69/146 [00:02<00:03, 24.21it/s]Evaluating PPL for wikitext2 (PPL: 32.8863):  47%|██████████████████████████████████████▎                                          | 69/146 [00:03<00:03, 24.21it/s]Evaluating PPL for wikitext2 (PPL: 32.8863):  49%|███████████████████████████████████████▉                                         | 72/146 [00:03<00:03, 23.84it/s]Evaluating PPL for wikitext2 (PPL: 32.9387):  49%|███████████████████████████████████████▉                                         | 72/146 [00:03<00:03, 23.84it/s]Evaluating PPL for wikitext2 (PPL: 33.0247):  49%|███████████████████████████████████████▉                                         | 72/146 [00:03<00:03, 23.84it/s]Evaluating PPL for wikitext2 (PPL: 32.9503):  49%|███████████████████████████████████████▉                                         | 72/146 [00:03<00:03, 23.84it/s]Evaluating PPL for wikitext2 (PPL: 32.9503):  51%|█████████████████████████████████████████▌                                       | 75/146 [00:03<00:03, 23.56it/s]Evaluating PPL for wikitext2 (PPL: 32.7498):  51%|█████████████████████████████████████████▌                                       | 75/146 [00:03<00:03, 23.56it/s]Evaluating PPL for wikitext2 (PPL: 32.6484):  51%|█████████████████████████████████████████▌                                       | 75/146 [00:03<00:03, 23.56it/s]Evaluating PPL for wikitext2 (PPL: 32.4457):  51%|█████████████████████████████████████████▌                                       | 75/146 [00:03<00:03, 23.56it/s]Evaluating PPL for wikitext2 (PPL: 32.4457):  53%|███████████████████████████████████████████▎                                     | 78/146 [00:03<00:02, 24.36it/s]Evaluating PPL for wikitext2 (PPL: 32.3707):  53%|███████████████████████████████████████████▎                                     | 78/146 [00:03<00:02, 24.36it/s]Evaluating PPL for wikitext2 (PPL: 32.3736):  53%|███████████████████████████████████████████▎                                     | 78/146 [00:03<00:02, 24.36it/s]Evaluating PPL for wikitext2 (PPL: 32.3016):  53%|███████████████████████████████████████████▎                                     | 78/146 [00:03<00:02, 24.36it/s]Evaluating PPL for wikitext2 (PPL: 32.3016):  55%|████████████████████████████████████████████▉                                    | 81/146 [00:03<00:02, 24.23it/s]Evaluating PPL for wikitext2 (PPL: 32.1946):  55%|████████████████████████████████████████████▉                                    | 81/146 [00:03<00:02, 24.23it/s]Evaluating PPL for wikitext2 (PPL: 31.8019):  55%|████████████████████████████████████████████▉                                    | 81/146 [00:03<00:02, 24.23it/s]Evaluating PPL for wikitext2 (PPL: 31.7050):  55%|████████████████████████████████████████████▉                                    | 81/146 [00:03<00:02, 24.23it/s]Evaluating PPL for wikitext2 (PPL: 31.7050):  58%|██████████████████████████████████████████████▌                                  | 84/146 [00:03<00:02, 23.88it/s]Evaluating PPL for wikitext2 (PPL: 31.5236):  58%|██████████████████████████████████████████████▌                                  | 84/146 [00:03<00:02, 23.88it/s]Evaluating PPL for wikitext2 (PPL: 31.4672):  58%|██████████████████████████████████████████████▌                                  | 84/146 [00:03<00:02, 23.88it/s]Evaluating PPL for wikitext2 (PPL: 31.3503):  58%|██████████████████████████████████████████████▌                                  | 84/146 [00:03<00:02, 23.88it/s]Evaluating PPL for wikitext2 (PPL: 31.3503):  60%|████████████████████████████████████████████████▎                                | 87/146 [00:03<00:02, 23.31it/s]Evaluating PPL for wikitext2 (PPL: 37.8930):  60%|████████████████████████████████████████████████▎                                | 87/146 [00:03<00:02, 23.31it/s]Evaluating PPL for wikitext2 (PPL: 37.8224):  60%|████████████████████████████████████████████████▎                                | 87/146 [00:03<00:02, 23.31it/s]Evaluating PPL for wikitext2 (PPL: 37.7338):  60%|████████████████████████████████████████████████▎                                | 87/146 [00:03<00:02, 23.31it/s]Evaluating PPL for wikitext2 (PPL: 37.7338):  62%|█████████████████████████████████████████████████▉                               | 90/146 [00:03<00:02, 24.13it/s]Evaluating PPL for wikitext2 (PPL: 37.7704):  62%|█████████████████████████████████████████████████▉                               | 90/146 [00:03<00:02, 24.13it/s]Evaluating PPL for wikitext2 (PPL: 37.9348):  62%|█████████████████████████████████████████████████▉                               | 90/146 [00:03<00:02, 24.13it/s]Evaluating PPL for wikitext2 (PPL: 38.4566):  62%|█████████████████████████████████████████████████▉                               | 90/146 [00:03<00:02, 24.13it/s]Evaluating PPL for wikitext2 (PPL: 38.4566):  64%|███████████████████████████████████████████████████▌                             | 93/146 [00:03<00:02, 25.22it/s]Evaluating PPL for wikitext2 (PPL: 38.4721):  64%|███████████████████████████████████████████████████▌                             | 93/146 [00:03<00:02, 25.22it/s]Evaluating PPL for wikitext2 (PPL: 39.2674):  64%|███████████████████████████████████████████████████▌                             | 93/146 [00:03<00:02, 25.22it/s]Evaluating PPL for wikitext2 (PPL: 39.3064):  64%|███████████████████████████████████████████████████▌                             | 93/146 [00:03<00:02, 25.22it/s]Evaluating PPL for wikitext2 (PPL: 39.3064):  66%|█████████████████████████████████████████████████████▎                           | 96/146 [00:03<00:01, 26.02it/s]Evaluating PPL for wikitext2 (PPL: 39.1297):  66%|█████████████████████████████████████████████████████▎                           | 96/146 [00:04<00:01, 26.02it/s]Evaluating PPL for wikitext2 (PPL: 39.1130):  66%|█████████████████████████████████████████████████████▎                           | 96/146 [00:04<00:01, 26.02it/s]Evaluating PPL for wikitext2 (PPL: 38.9611):  66%|█████████████████████████████████████████████████████▎                           | 96/146 [00:04<00:01, 26.02it/s]Evaluating PPL for wikitext2 (PPL: 38.9611):  68%|██████████████████████████████████████████████████████▉                          | 99/146 [00:04<00:01, 26.64it/s]Evaluating PPL for wikitext2 (PPL: 38.8856):  68%|██████████████████████████████████████████████████████▉                          | 99/146 [00:04<00:01, 26.64it/s]Evaluating PPL for wikitext2 (PPL: 38.7578):  68%|██████████████████████████████████████████████████████▉                          | 99/146 [00:04<00:01, 26.64it/s]Evaluating PPL for wikitext2 (PPL: 38.6270):  68%|██████████████████████████████████████████████████████▉                          | 99/146 [00:04<00:01, 26.64it/s]Evaluating PPL for wikitext2 (PPL: 38.6270):  70%|███████████████████████████████████████████████████████▉                        | 102/146 [00:04<00:01, 27.13it/s]Evaluating PPL for wikitext2 (PPL: 38.5576):  70%|███████████████████████████████████████████████████████▉                        | 102/146 [00:04<00:01, 27.13it/s]Evaluating PPL for wikitext2 (PPL: 38.4839):  70%|███████████████████████████████████████████████████████▉                        | 102/146 [00:04<00:01, 27.13it/s]Evaluating PPL for wikitext2 (PPL: 38.4804):  70%|███████████████████████████████████████████████████████▉                        | 102/146 [00:04<00:01, 27.13it/s]Evaluating PPL for wikitext2 (PPL: 38.4804):  72%|█████████████████████████████████████████████████████████▌                      | 105/146 [00:04<00:01, 27.46it/s]Evaluating PPL for wikitext2 (PPL: 38.4372):  72%|█████████████████████████████████████████████████████████▌                      | 105/146 [00:04<00:01, 27.46it/s]Evaluating PPL for wikitext2 (PPL: 38.8461):  72%|█████████████████████████████████████████████████████████▌                      | 105/146 [00:04<00:01, 27.46it/s]Evaluating PPL for wikitext2 (PPL: 38.7719):  72%|█████████████████████████████████████████████████████████▌                      | 105/146 [00:04<00:01, 27.46it/s]Evaluating PPL for wikitext2 (PPL: 38.7719):  74%|███████████████████████████████████████████████████████████▏                    | 108/146 [00:04<00:01, 27.68it/s]Evaluating PPL for wikitext2 (PPL: 38.5719):  74%|███████████████████████████████████████████████████████████▏                    | 108/146 [00:04<00:01, 27.68it/s]Evaluating PPL for wikitext2 (PPL: 38.4965):  74%|███████████████████████████████████████████████████████████▏                    | 108/146 [00:04<00:01, 27.68it/s]Evaluating PPL for wikitext2 (PPL: 38.3795):  74%|███████████████████████████████████████████████████████████▏                    | 108/146 [00:04<00:01, 27.68it/s]Evaluating PPL for wikitext2 (PPL: 38.3795):  76%|████████████████████████████████████████████████████████████▊                   | 111/146 [00:04<00:01, 27.87it/s]Evaluating PPL for wikitext2 (PPL: 38.2381):  76%|████████████████████████████████████████████████████████████▊                   | 111/146 [00:04<00:01, 27.87it/s]Evaluating PPL for wikitext2 (PPL: 38.1737):  76%|████████████████████████████████████████████████████████████▊                   | 111/146 [00:04<00:01, 27.87it/s]Evaluating PPL for wikitext2 (PPL: 38.1000):  76%|████████████████████████████████████████████████████████████▊                   | 111/146 [00:04<00:01, 27.87it/s]Evaluating PPL for wikitext2 (PPL: 38.1000):  78%|██████████████████████████████████████████████████████████████▍                 | 114/146 [00:04<00:01, 28.07it/s]Evaluating PPL for wikitext2 (PPL: 37.9864):  78%|██████████████████████████████████████████████████████████████▍                 | 114/146 [00:04<00:01, 28.07it/s]Evaluating PPL for wikitext2 (PPL: 37.9568):  78%|██████████████████████████████████████████████████████████████▍                 | 114/146 [00:04<00:01, 28.07it/s]Evaluating PPL for wikitext2 (PPL: 37.9379):  78%|██████████████████████████████████████████████████████████████▍                 | 114/146 [00:04<00:01, 28.07it/s]Evaluating PPL for wikitext2 (PPL: 37.9379):  80%|████████████████████████████████████████████████████████████████                | 117/146 [00:04<00:01, 28.17it/s]Evaluating PPL for wikitext2 (PPL: 37.8591):  80%|████████████████████████████████████████████████████████████████                | 117/146 [00:04<00:01, 28.17it/s]Evaluating PPL for wikitext2 (PPL: 37.6184):  80%|████████████████████████████████████████████████████████████████                | 117/146 [00:04<00:01, 28.17it/s]Evaluating PPL for wikitext2 (PPL: 37.4271):  80%|████████████████████████████████████████████████████████████████                | 117/146 [00:04<00:01, 28.17it/s]Evaluating PPL for wikitext2 (PPL: 37.4271):  82%|█████████████████████████████████████████████████████████████████▊              | 120/146 [00:04<00:00, 28.20it/s]Evaluating PPL for wikitext2 (PPL: 37.4038):  82%|█████████████████████████████████████████████████████████████████▊              | 120/146 [00:04<00:00, 28.20it/s]Evaluating PPL for wikitext2 (PPL: 37.2089):  82%|█████████████████████████████████████████████████████████████████▊              | 120/146 [00:04<00:00, 28.20it/s]Evaluating PPL for wikitext2 (PPL: 36.9946):  82%|█████████████████████████████████████████████████████████████████▊              | 120/146 [00:04<00:00, 28.20it/s]Evaluating PPL for wikitext2 (PPL: 36.9946):  84%|███████████████████████████████████████████████████████████████████▍            | 123/146 [00:04<00:00, 28.23it/s]Evaluating PPL for wikitext2 (PPL: 36.8128):  84%|███████████████████████████████████████████████████████████████████▍            | 123/146 [00:04<00:00, 28.23it/s]Evaluating PPL for wikitext2 (PPL: 36.8093):  84%|███████████████████████████████████████████████████████████████████▍            | 123/146 [00:04<00:00, 28.23it/s]Evaluating PPL for wikitext2 (PPL: 36.7966):  84%|███████████████████████████████████████████████████████████████████▍            | 123/146 [00:05<00:00, 28.23it/s]Evaluating PPL for wikitext2 (PPL: 36.7966):  86%|█████████████████████████████████████████████████████████████████████           | 126/146 [00:05<00:00, 28.33it/s]Evaluating PPL for wikitext2 (PPL: 36.6667):  86%|█████████████████████████████████████████████████████████████████████           | 126/146 [00:05<00:00, 28.33it/s]Evaluating PPL for wikitext2 (PPL: 36.5438):  86%|█████████████████████████████████████████████████████████████████████           | 126/146 [00:05<00:00, 28.33it/s]Evaluating PPL for wikitext2 (PPL: 36.3086):  86%|█████████████████████████████████████████████████████████████████████           | 126/146 [00:05<00:00, 28.33it/s]Evaluating PPL for wikitext2 (PPL: 36.3086):  88%|██████████████████████████████████████████████████████████████████████▋         | 129/146 [00:05<00:00, 28.33it/s]Evaluating PPL for wikitext2 (PPL: 36.1349):  88%|██████████████████████████████████████████████████████████████████████▋         | 129/146 [00:05<00:00, 28.33it/s]Evaluating PPL for wikitext2 (PPL: 35.9733):  88%|██████████████████████████████████████████████████████████████████████▋         | 129/146 [00:05<00:00, 28.33it/s]Evaluating PPL for wikitext2 (PPL: 35.8742):  88%|██████████████████████████████████████████████████████████████████████▋         | 129/146 [00:05<00:00, 28.33it/s]Evaluating PPL for wikitext2 (PPL: 35.8742):  90%|████████████████████████████████████████████████████████████████████████▎       | 132/146 [00:05<00:00, 28.41it/s]Evaluating PPL for wikitext2 (PPL: 35.7433):  90%|████████████████████████████████████████████████████████████████████████▎       | 132/146 [00:05<00:00, 28.41it/s]Evaluating PPL for wikitext2 (PPL: 35.5982):  90%|████████████████████████████████████████████████████████████████████████▎       | 132/146 [00:05<00:00, 28.41it/s]Evaluating PPL for wikitext2 (PPL: 35.5915):  90%|████████████████████████████████████████████████████████████████████████▎       | 132/146 [00:05<00:00, 28.41it/s]Evaluating PPL for wikitext2 (PPL: 35.5915):  92%|█████████████████████████████████████████████████████████████████████████▉      | 135/146 [00:05<00:00, 28.37it/s]Evaluating PPL for wikitext2 (PPL: 35.5155):  92%|█████████████████████████████████████████████████████████████████████████▉      | 135/146 [00:05<00:00, 28.37it/s]Evaluating PPL for wikitext2 (PPL: 35.3277):  92%|█████████████████████████████████████████████████████████████████████████▉      | 135/146 [00:05<00:00, 28.37it/s]Evaluating PPL for wikitext2 (PPL: 35.0919):  92%|█████████████████████████████████████████████████████████████████████████▉      | 135/146 [00:05<00:00, 28.37it/s]Evaluating PPL for wikitext2 (PPL: 35.0919):  95%|███████████████████████████████████████████████████████████████████████████▌    | 138/146 [00:05<00:00, 28.41it/s]Evaluating PPL for wikitext2 (PPL: 34.8846):  95%|███████████████████████████████████████████████████████████████████████████▌    | 138/146 [00:05<00:00, 28.41it/s]Evaluating PPL for wikitext2 (PPL: 35.8904):  95%|███████████████████████████████████████████████████████████████████████████▌    | 138/146 [00:05<00:00, 28.41it/s]Evaluating PPL for wikitext2 (PPL: 35.9057):  95%|███████████████████████████████████████████████████████████████████████████▌    | 138/146 [00:05<00:00, 28.41it/s]Evaluating PPL for wikitext2 (PPL: 35.9057):  97%|█████████████████████████████████████████████████████████████████████████████▎  | 141/146 [00:05<00:00, 27.78it/s]Evaluating PPL for wikitext2 (PPL: 35.9089):  97%|█████████████████████████████████████████████████████████████████████████████▎  | 141/146 [00:05<00:00, 27.78it/s]Evaluating PPL for wikitext2 (PPL: 35.9239):  97%|█████████████████████████████████████████████████████████████████████████████▎  | 141/146 [00:05<00:00, 27.78it/s]Evaluating PPL for wikitext2 (PPL: 35.9192):  97%|█████████████████████████████████████████████████████████████████████████████▎  | 141/146 [00:05<00:00, 27.78it/s]Evaluating PPL for wikitext2 (PPL: 35.9192):  99%|██████████████████████████████████████████████████████████████████████████████▉ | 144/146 [00:05<00:00, 28.01it/s]Evaluating PPL for wikitext2 (PPL: 35.9300):  99%|██████████████████████████████████████████████████████████████████████████████▉ | 144/146 [00:05<00:00, 28.01it/s]Evaluating PPL for wikitext2 (PPL: 35.9023):  99%|██████████████████████████████████████████████████████████████████████████████▉ | 144/146 [00:05<00:00, 28.01it/s]Evaluating PPL for wikitext2 (PPL: 35.9023): 100%|████████████████████████████████████████████████████████████████████████████████| 146/146 [00:05<00:00, 25.44it/s]
Perplexity on wikitext2: 35.9023
{
 "arm": "cov",
 "eval": {
  "wikitext2": {
   "ppl": 35.902259826660156
  }
 },
 "mean_out_err": 0.09767656203734874,
 "mean_weight_err": 0.3286554647320249,
 "total_time": 4223.175785064697
}
