Token indices sequence length is longer than the specified maximum sequence length for this model (2518423 > 131072). Running this sequence through the model will result in indexing errors
Loading model 'Qwen/Qwen3-0.6B-Base'...
Qwen3ForCausalLM(
  (model): Qwen3Model(
    (embed_tokens): Embedding(151936, 1024)
    (layers): ModuleList(
      (0-27): 28 x Qwen3DecoderLayer(
        (self_attn): Qwen3Attention(
          (q_proj): Linear(in_features=1024, out_features=2048, bias=False)
          (k_proj): Linear(in_features=1024, out_features=1024, bias=False)
          (v_proj): Linear(in_features=1024, out_features=1024, bias=False)
          (o_proj): Linear(in_features=2048, out_features=1024, bias=False)
          (q_norm): Qwen3RMSNorm((128,), eps=1e-06)
          (k_norm): Qwen3RMSNorm((128,), eps=1e-06)
        )
        (mlp): Qwen3MLP(
          (gate_proj): Linear(in_features=1024, out_features=3072, bias=False)
          (up_proj): Linear(in_features=1024, out_features=3072, bias=False)
          (down_proj): Linear(in_features=3072, out_features=1024, bias=False)
          (act_fn): SiLUActivation()
        )
        (input_layernorm): Qwen3RMSNorm((1024,), eps=1e-06)
        (post_attention_layernorm): Qwen3RMSNorm((1024,), eps=1e-06)
      )
    )
    (norm): Qwen3RMSNorm((1024,), eps=1e-06)
    (rotary_emb): Qwen3RotaryEmbedding()
  )
  (lm_head): Linear(in_features=1024, out_features=151936, bias=False)
)
Rank calculation: Bits = (1.00), Scales: 2
factorized bpw = 0.9729
Loading model 'Qwen/Qwen3-0.6B-Base'...
Qwen3ForCausalLM(
  (model): Qwen3Model(
    (embed_tokens): Embedding(151936, 1024)
    (layers): ModuleList(
      (0-27): 28 x Qwen3DecoderLayer(
        (self_attn): Qwen3Attention(
          (q_proj): Linear(in_features=1024, out_features=2048, bias=False)
          (k_proj): Linear(in_features=1024, out_features=1024, bias=False)
          (v_proj): Linear(in_features=1024, out_features=1024, bias=False)
          (o_proj): Linear(in_features=2048, out_features=1024, bias=False)
          (q_norm): Qwen3RMSNorm((128,), eps=1e-06)
          (k_norm): Qwen3RMSNorm((128,), eps=1e-06)
        )
        (mlp): Qwen3MLP(
          (gate_proj): Linear(in_features=1024, out_features=3072, bias=False)
          (up_proj): Linear(in_features=1024, out_features=3072, bias=False)
          (down_proj): Linear(in_features=3072, out_features=1024, bias=False)
          (act_fn): SiLUActivation()
        )
        (input_layernorm): Qwen3RMSNorm((1024,), eps=1e-06)
        (post_attention_layernorm): Qwen3RMSNorm((1024,), eps=1e-06)
      )
    )
    (norm): Qwen3RMSNorm((1024,), eps=1e-06)
    (rotary_emb): Qwen3RotaryEmbedding()
  )
  (lm_head): Linear(in_features=1024, out_features=151936, bias=False)
)

Processing dataset: Salesforce/wikitext (config: wikitext-2-raw-v1)
Attempting to generate 128 samples...
Applying special handling for wikitext: concatenating all documents.
Slicing concatenated wikitext:   0%|                                                                                                        | 0/128 [00:00<?, ?it/s]Slicing concatenated wikitext:  29%|███████████████████████████▏                                                                  | 37/128 [00:00<00:00, 367.59it/s]Slicing concatenated wikitext: 100%|████████████████████████████████████████████████████████████████████████████████████████████| 128/128 [00:00<00:00, 1046.93it/s]

Shuffling the final combined dataset (128 samples)...

Creating Hugging Face Dataset...
Calibration dataloader created with shape: torch.Size([128, 2048])
Loading cached calibration statistics from stats_q06.pt
Applying covariance shrinkage (strength: 0.4)...
Attaching statistics to 196 layers...
Registered i_norm and o_norm buffers to 196 layers
Rank calculation: Bits = (1.00), Scales: 2
Caching initial inputs & kwargs using Catcher...
Capturing inputs...
Initial input caching finished.
Compressing Layers:   0%|                                                                                                                    | 0/28 [00:00<?, ?it/s]Token indices sequence length is longer than the specified maximum sequence length for this model (299078 > 131072). Running this sequence through the model will result in indexing errors
Compressing Layers:   4%|███▊                                                                                                     | 1/28 [03:52<1:44:38, 232.52s/it]	(1/3) Block 1/28, self_attn.q_proj | Tuning Non-Factorized Weights...
		(Epoch 01/08) Block Loss: 0.0000e+00
		(Epoch 02/08) Block Loss: 0.0000e+00
		(Epoch 03/08) Block Loss: 0.0000e+00
		(Epoch 04/08) Block Loss: 0.0000e+00
		(Epoch 05/08) Block Loss: 0.0000e+00
		(Epoch 06/08) Block Loss: 0.0000e+00
		(Epoch 07/08) Block Loss: 0.0000e+00
		(Epoch 08/08) Block Loss: 0.0000e+00
	(2/3) Block 1/28, self_attn.q_proj | Initialization via ADMM...
		ADMM weight recon error: raw=713.6555, norm=0.3379, per_el=3.4030e-04, out_err=0.0322, ADMM time=10.48s
	(3/3) Block 1/28, self_attn.q_proj | Tuning Factorized Weights...
		(Epoch 01/08) Block Loss: 3.0054e-06
		(Epoch 02/08) Block Loss: 2.2433e-06
		(Epoch 03/08) Block Loss: 1.8601e-06
		(Epoch 04/08) Block Loss: 1.6342e-06
		(Epoch 05/08) Block Loss: 1.4938e-06
		(Epoch 06/08) Block Loss: 1.4047e-06
		(Epoch 07/08) Block Loss: 1.3481e-06
		(Epoch 08/08) Block Loss: 1.3080e-06
	(1/3) Block 1/28, self_attn.v_proj | Tuning Non-Factorized Weights...
		(Epoch 01/08) Block Loss: 1.8084e-06
		(Epoch 02/08) Block Loss: 1.1212e-06
		(Epoch 03/08) Block Loss: 1.0598e-06
		(Epoch 04/08) Block Loss: 8.6765e-07
		(Epoch 05/08) Block Loss: 7.5548e-07
		(Epoch 06/08) Block Loss: 6.5684e-07
		(Epoch 07/08) Block Loss: 6.1995e-07
		(Epoch 08/08) Block Loss: 6.0728e-07
	(2/3) Block 1/28, self_attn.v_proj | Initialization via ADMM...
		ADMM weight recon error: raw=303.9185, norm=0.3978, per_el=2.8984e-04, out_err=0.1715, ADMM time=10.91s
	(3/3) Block 1/28, self_attn.v_proj | Tuning Factorized Weights...
		(Epoch 01/08) Block Loss: 6.3211e-05
		(Epoch 02/08) Block Loss: 6.1101e-05
		(Epoch 03/08) Block Loss: 6.0904e-05
		(Epoch 04/08) Block Loss: 6.1664e-05
		(Epoch 05/08) Block Loss: 6.2571e-05
		(Epoch 06/08) Block Loss: 6.3454e-05
		(Epoch 07/08) Block Loss: 6.3595e-05
		(Epoch 08/08) Block Loss: 6.2014e-05
	(1/3) Block 1/28, self_attn.o_proj | Tuning Non-Factorized Weights...
		(Epoch 01/08) Block Loss: 4.6791e-05
		(Epoch 02/08) Block Loss: 3.4760e-05
		(Epoch 03/08) Block Loss: 2.9547e-05
		(Epoch 04/08) Block Loss: 2.6701e-05
		(Epoch 05/08) Block Loss: 2.4970e-05
		(Epoch 06/08) Block Loss: 2.3995e-05
		(Epoch 07/08) Block Loss: 2.3507e-05
		(Epoch 08/08) Block Loss: 2.3342e-05
	(2/3) Block 1/28, self_attn.o_proj | Initialization via ADMM...
		ADMM weight recon error: raw=620.7838, norm=0.4311, per_el=2.9601e-04, out_err=0.0871, ADMM time=10.66s
	(3/3) Block 1/28, self_attn.o_proj | Tuning Factorized Weights...
		(Epoch 01/08) Block Loss: 6.5491e-05
		(Epoch 02/08) Block Loss: 6.2190e-05
		(Epoch 03/08) Block Loss: 6.1126e-05
		(Epoch 04/08) Block Loss: 6.1156e-05
		(Epoch 05/08) Block Loss: 6.1574e-05
		(Epoch 06/08) Block Loss: 6.1780e-05
		(Epoch 07/08) Block Loss: 6.1825e-05
		(Epoch 08/08) Block Loss: 6.0402e-05
	(1/3) Block 1/28, self_attn.k_proj | Tuning Non-Factorized Weights...
		(Epoch 01/08) Block Loss: 5.0347e-05
		(Epoch 02/08) Block Loss: 4.1966e-05
		(Epoch 03/08) Block Loss: 3.7936e-05
		(Epoch 04/08) Block Loss: 3.5584e-05
		(Epoch 05/08) Block Loss: 3.4100e-05
		(Epoch 06/08) Block Loss: 3.3250e-05
		(Epoch 07/08) Block Loss: 3.2822e-05
		(Epoch 08/08) Block Loss: 3.2677e-05
	(2/3) Block 1/28, self_attn.k_proj | Initialization via ADMM...
		ADMM weight recon error: raw=325.5447, norm=0.3217, per_el=3.1046e-04, out_err=0.0240, ADMM time=10.22s
	(3/3) Block 1/28, self_attn.k_proj | Tuning Factorized Weights...
		(Epoch 01/08) Block Loss: 3.4949e-05
		(Epoch 02/08) Block Loss: 3.4559e-05
		(Epoch 03/08) Block Loss: 3.4327e-05
		(Epoch 04/08) Block Loss: 3.4170e-05
		(Epoch 05/08) Block Loss: 3.4061e-05
		(Epoch 06/08) Block Loss: 3.4000e-05
		(Epoch 07/08) Block Loss: 3.3962e-05
		(Epoch 08/08) Block Loss: 3.3943e-05
	(1/3) Block 1/28, mlp.gate_proj | Tuning Non-Factorized Weights...
		(Epoch 01/08) Block Loss: 3.3386e-05
		(Epoch 02/08) Block Loss: 3.1325e-05
		(Epoch 03/08) Block Loss: 2.9956e-05
		(Epoch 04/08) Block Loss: 2.9039e-05
		(Epoch 05/08) Block Loss: 2.8378e-05
		(Epoch 06/08) Block Loss: 2.7974e-05
		(Epoch 07/08) Block Loss: 2.7757e-05
		(Epoch 08/08) Block Loss: 2.7676e-05
	(2/3) Block 1/28, mlp.gate_proj | Initialization via ADMM...
		ADMM weight recon error: raw=1430.6157, norm=0.3240, per_el=4.5478e-04, out_err=0.0624, ADMM time=5.82s
	(3/3) Block 1/28, mlp.gate_proj | Tuning Factorized Weights...
		(Epoch 01/08) Block Loss: 4.5859e-05
		(Epoch 02/08) Block Loss: 4.0010e-05
		(Epoch 03/08) Block Loss: 3.8715e-05
		(Epoch 04/08) Block Loss: 3.8257e-05
		(Epoch 05/08) Block Loss: 3.8055e-05
		(Epoch 06/08) Block Loss: 3.7884e-05
		(Epoch 07/08) Block Loss: 3.7686e-05
		(Epoch 08/08) Block Loss: 3.7152e-05
	(1/3) Block 1/28, mlp.up_proj | Tuning Non-Factorized Weights...
		(Epoch 01/08) Block Loss: 3.4591e-05
		(Epoch 02/08) Block Loss: 3.2686e-05
		(Epoch 03/08) Block Loss: 3.1701e-05
		(Epoch 04/08) Block Loss: 3.1081e-05
		(Epoch 05/08) Block Loss: 3.0632e-05
		(Epoch 06/08) Block Loss: 3.0357e-05
		(Epoch 07/08) Block Loss: 3.0206e-05
		(Epoch 08/08) Block Loss: 3.0147e-05
	(2/3) Block 1/28, mlp.up_proj | Initialization via ADMM...
		ADMM weight recon error: raw=812.4310, norm=0.3526, per_el=2.5826e-04, out_err=0.2500, ADMM time=4.53s
	(3/3) Block 1/28, mlp.up_proj | Tuning Factorized Weights...
		(Epoch 01/08) Block Loss: 5.9414e-05
		(Epoch 02/08) Block Loss: 5.1361e-05
		(Epoch 03/08) Block Loss: 4.9446e-05
		(Epoch 04/08) Block Loss: 4.8783e-05
		(Epoch 05/08) Block Loss: 4.8643e-05
		(Epoch 06/08) Block Loss: 4.8125e-05
		(Epoch 07/08) Block Loss: 4.8130e-05
		(Epoch 08/08) Block Loss: 4.6842e-05
	(1/3) Block 1/28, mlp.down_proj | Tuning Non-Factorized Weights...
		(Epoch 01/08) Block Loss: 4.2756e-05
		(Epoch 02/08) Block Loss: 4.0443e-05
		(Epoch 03/08) Block Loss: 3.9307e-05
		(Epoch 04/08) Block Loss: 3.8644e-05
		(Epoch 05/08) Block Loss: 3.8212e-05
		(Epoch 06/08) Block Loss: 3.7963e-05
		(Epoch 07/08) Block Loss: 3.7833e-05
		(Epoch 08/08) Block Loss: 3.7789e-05
	(2/3) Block 1/28, mlp.down_proj | Initialization via ADMM...
		ADMM weight recon error: raw=853.2419, norm=0.3508, per_el=2.7124e-04, out_err=0.2464, ADMM time=4.04s
	(3/3) Block 1/28, mlp.down_proj | Tuning Factorized Weights...
		(Epoch 01/08) Block Loss: 8.0829e-05
		(Epoch 02/08) Block Loss: 7.6693e-05
		(Epoch 03/08) Block Loss: 7.5652e-05
		(Epoch 04/08) Block Loss: 7.5315e-05
		(Epoch 05/08) Block Loss: 7.5282e-05
		(Epoch 06/08) Block Loss: 7.5063e-05
		(Epoch 07/08) Block Loss: 7.4901e-05
		(Epoch 08/08) Block Loss: 7.3787e-05
		Block 0: relative block output error = 0.1180
Using sequence length: 2048 (model max: 2048)
		Block 0: Test Data PPL        = 17.717
	(1/3) Block 2/28, self_attn.q_proj | Tuning Non-Factorized Weights...
		(Epoch 01/08) Block Loss: 2.9670e-05
		(Epoch 02/08) Block Loss: 2.5271e-05
		(Epoch 03/08) Block Loss: 2.3280e-05
		(Epoch 04/08) Block Loss: 2.2124e-05
		(Epoch 05/08) Block Loss: 2.1408e-05
		(Epoch 06/08) Block Loss: 2.0951e-05
		(Epoch 07/08) Block Loss: 2.0718e-05
		(Epoch 08/08) Block Loss: 2.0635e-05
	(2/3) Block 2/28, self_attn.q_proj | Initialization via ADMM...
		ADMM weight recon error: raw=605.7668, norm=0.2981, per_el=2.8885e-04, out_err=0.0464, ADMM time=8.88s
	(3/3) Block 2/28, self_attn.q_proj | Tuning Factorized Weights...
		(Epoch 01/08) Block Loss: 2.1127e-05
		(Epoch 02/08) Block Loss: 2.0992e-05
		(Epoch 03/08) Block Loss: 2.0929e-05
		(Epoch 04/08) Block Loss: 2.0889e-05
		(Epoch 05/08) Block Loss: 2.0861e-05
		(Epoch 06/08) Block Loss: 2.0839e-05
		(Epoch 07/08) Block Loss: 2.0824e-05
		(Epoch 08/08) Block Loss: 2.0811e-05
	(1/3) Block 2/28, self_attn.v_proj | Tuning Non-Factorized Weights...
		(Epoch 01/08) Block Loss: 2.0736e-05
		(Epoch 02/08) Block Loss: 1.9712e-05
		(Epoch 03/08) Block Loss: 1.9074e-05
		(Epoch 04/08) Block Loss: 1.8559e-05
		(Epoch 05/08) Block Loss: 1.8206e-05
		(Epoch 06/08) Block Loss: 1.7983e-05
		(Epoch 07/08) Block Loss: 1.7861e-05
		(Epoch 08/08) Block Loss: 1.7814e-05
	(2/3) Block 2/28, self_attn.v_proj | Initialization via ADMM...
		ADMM weight recon error: raw=328.5850, norm=0.3751, per_el=3.1336e-04, out_err=0.1435, ADMM time=16.48s
	(3/3) Block 2/28, self_attn.v_proj | Tuning Factorized Weights...
Token indices sequence length is longer than the specified maximum sequence length for this model (299078 > 131072). Running this sequence through the model will result in indexing errors
Compressing Layers:   7%|███████▌                                                                                                 | 2/28 [07:41<1:39:53, 230.50s/it]		(Epoch 01/08) Block Loss: 1.9668e-05
		(Epoch 02/08) Block Loss: 1.9493e-05
		(Epoch 03/08) Block Loss: 1.9451e-05
		(Epoch 04/08) Block Loss: 1.9447e-05
		(Epoch 05/08) Block Loss: 1.9472e-05
		(Epoch 06/08) Block Loss: 1.9458e-05
		(Epoch 07/08) Block Loss: 1.9437e-05
		(Epoch 08/08) Block Loss: 1.9370e-05
	(1/3) Block 2/28, self_attn.o_proj | Tuning Non-Factorized Weights...
		(Epoch 01/08) Block Loss: 1.9050e-05
		(Epoch 02/08) Block Loss: 1.8305e-05
		(Epoch 03/08) Block Loss: 1.7876e-05
		(Epoch 04/08) Block Loss: 1.7560e-05
		(Epoch 05/08) Block Loss: 1.7327e-05
		(Epoch 06/08) Block Loss: 1.7163e-05
		(Epoch 07/08) Block Loss: 1.7073e-05
		(Epoch 08/08) Block Loss: 1.7036e-05
	(2/3) Block 2/28, self_attn.o_proj | Initialization via ADMM...
		ADMM weight recon error: raw=514.9402, norm=0.3301, per_el=2.4554e-04, out_err=0.0722, ADMM time=8.66s
	(3/3) Block 2/28, self_attn.o_proj | Tuning Factorized Weights...
		(Epoch 01/08) Block Loss: 1.8923e-05
		(Epoch 02/08) Block Loss: 1.8834e-05
		(Epoch 03/08) Block Loss: 1.8857e-05
		(Epoch 04/08) Block Loss: 1.8921e-05
		(Epoch 05/08) Block Loss: 1.8941e-05
		(Epoch 06/08) Block Loss: 1.8946e-05
		(Epoch 07/08) Block Loss: 1.8917e-05
		(Epoch 08/08) Block Loss: 1.8820e-05
	(1/3) Block 2/28, self_attn.k_proj | Tuning Non-Factorized Weights...
		(Epoch 01/08) Block Loss: 1.8425e-05
		(Epoch 02/08) Block Loss: 1.7817e-05
		(Epoch 03/08) Block Loss: 1.7483e-05
		(Epoch 04/08) Block Loss: 1.7264e-05
		(Epoch 05/08) Block Loss: 1.7086e-05
		(Epoch 06/08) Block Loss: 1.6971e-05
		(Epoch 07/08) Block Loss: 1.6903e-05
		(Epoch 08/08) Block Loss: 1.6873e-05
	(2/3) Block 2/28, self_attn.k_proj | Initialization via ADMM...
		ADMM weight recon error: raw=291.2645, norm=0.3208, per_el=2.7777e-04, out_err=0.0382, ADMM time=14.01s
	(3/3) Block 2/28, self_attn.k_proj | Tuning Factorized Weights...
		(Epoch 01/08) Block Loss: 1.7322e-05
		(Epoch 02/08) Block Loss: 1.7233e-05
		(Epoch 03/08) Block Loss: 1.7194e-05
		(Epoch 04/08) Block Loss: 1.7171e-05
		(Epoch 05/08) Block Loss: 1.7157e-05
		(Epoch 06/08) Block Loss: 1.7148e-05
		(Epoch 07/08) Block Loss: 1.7140e-05
		(Epoch 08/08) Block Loss: 1.7132e-05
	(1/3) Block 2/28, mlp.gate_proj | Tuning Non-Factorized Weights...
		(Epoch 01/08) Block Loss: 1.7272e-05
		(Epoch 02/08) Block Loss: 1.6957e-05
		(Epoch 03/08) Block Loss: 1.6745e-05
		(Epoch 04/08) Block Loss: 1.6598e-05
		(Epoch 05/08) Block Loss: 1.6469e-05
		(Epoch 06/08) Block Loss: 1.6383e-05
		(Epoch 07/08) Block Loss: 1.6328e-05
		(Epoch 08/08) Block Loss: 1.6304e-05
	(2/3) Block 2/28, mlp.gate_proj | Initialization via ADMM...
		ADMM weight recon error: raw=2132.4578, norm=0.3453, per_el=6.7789e-04, out_err=0.0265, ADMM time=4.67s
	(3/3) Block 2/28, mlp.gate_proj | Tuning Factorized Weights...
		(Epoch 01/08) Block Loss: 2.5841e-05
		(Epoch 02/08) Block Loss: 2.3169e-05
		(Epoch 03/08) Block Loss: 2.2418e-05
		(Epoch 04/08) Block Loss: 2.2125e-05
		(Epoch 05/08) Block Loss: 2.1966e-05
		(Epoch 06/08) Block Loss: 2.1856e-05
		(Epoch 07/08) Block Loss: 2.1765e-05
		(Epoch 08/08) Block Loss: 2.1588e-05
	(1/3) Block 2/28, mlp.up_proj | Tuning Non-Factorized Weights...
		(Epoch 01/08) Block Loss: 2.0545e-05
		(Epoch 02/08) Block Loss: 1.9722e-05
		(Epoch 03/08) Block Loss: 1.9356e-05
		(Epoch 04/08) Block Loss: 1.9142e-05
		(Epoch 05/08) Block Loss: 1.8982e-05
		(Epoch 06/08) Block Loss: 1.8883e-05
		(Epoch 07/08) Block Loss: 1.8824e-05
		(Epoch 08/08) Block Loss: 1.8799e-05
	(2/3) Block 2/28, mlp.up_proj | Initialization via ADMM...
		ADMM weight recon error: raw=668.2137, norm=0.3524, per_el=2.1242e-04, out_err=0.2428, ADMM time=4.24s
	(3/3) Block 2/28, mlp.up_proj | Tuning Factorized Weights...
		(Epoch 01/08) Block Loss: 3.1209e-05
		(Epoch 02/08) Block Loss: 2.8321e-05
		(Epoch 03/08) Block Loss: 2.7546e-05
		(Epoch 04/08) Block Loss: 2.7256e-05
		(Epoch 05/08) Block Loss: 2.7107e-05
		(Epoch 06/08) Block Loss: 2.6978e-05
		(Epoch 07/08) Block Loss: 2.6829e-05
		(Epoch 08/08) Block Loss: 2.6500e-05
	(1/3) Block 2/28, mlp.down_proj | Tuning Non-Factorized Weights...
		(Epoch 01/08) Block Loss: 2.4885e-05
		(Epoch 02/08) Block Loss: 2.3901e-05
		(Epoch 03/08) Block Loss: 2.3442e-05
		(Epoch 04/08) Block Loss: 2.3183e-05
		(Epoch 05/08) Block Loss: 2.3015e-05
		(Epoch 06/08) Block Loss: 2.2917e-05
		(Epoch 07/08) Block Loss: 2.2865e-05
		(Epoch 08/08) Block Loss: 2.2846e-05
	(2/3) Block 2/28, mlp.down_proj | Initialization via ADMM...
		ADMM weight recon error: raw=646.1211, norm=0.3512, per_el=2.0540e-04, out_err=0.2341, ADMM time=4.74s
	(3/3) Block 2/28, mlp.down_proj | Tuning Factorized Weights...
		(Epoch 01/08) Block Loss: 3.8756e-05
		(Epoch 02/08) Block Loss: 3.7289e-05
		(Epoch 03/08) Block Loss: 3.7133e-05
		(Epoch 04/08) Block Loss: 3.7140e-05
		(Epoch 05/08) Block Loss: 3.7143e-05
		(Epoch 06/08) Block Loss: 3.7105e-05
		(Epoch 07/08) Block Loss: 3.6982e-05
		(Epoch 08/08) Block Loss: 3.6525e-05
		Block 1: relative block output error = 0.0927
Using sequence length: 2048 (model max: 2048)
		Block 1: Test Data PPL        = 14.310
	(1/3) Block 3/28, self_attn.q_proj | Tuning Non-Factorized Weights...
		(Epoch 01/08) Block Loss: 5.8772e-05
		(Epoch 02/08) Block Loss: 3.2760e-05
		(Epoch 03/08) Block Loss: 2.6963e-05
		(Epoch 04/08) Block Loss: 2.4325e-05
		(Epoch 05/08) Block Loss: 2.3097e-05
		(Epoch 06/08) Block Loss: 2.2596e-05
		(Epoch 07/08) Block Loss: 2.2250e-05
		(Epoch 08/08) Block Loss: 2.2049e-05
	(2/3) Block 3/28, self_attn.q_proj | Initialization via ADMM...
		ADMM weight recon error: raw=555.7048, norm=0.2859, per_el=2.6498e-04, out_err=0.0473, ADMM time=6.74s
	(3/3) Block 3/28, self_attn.q_proj | Tuning Factorized Weights...
		(Epoch 01/08) Block Loss: 2.2637e-05
		(Epoch 02/08) Block Loss: 2.2514e-05
		(Epoch 03/08) Block Loss: 2.2460e-05
		(Epoch 04/08) Block Loss: 2.2424e-05
		(Epoch 05/08) Block Loss: 2.2399e-05
		(Epoch 06/08) Block Loss: 2.2380e-05
		(Epoch 07/08) Block Loss: 2.2366e-05
		(Epoch 08/08) Block Loss: 2.2353e-05
	(1/3) Block 3/28, self_attn.v_proj | Tuning Non-Factorized Weights...
		(Epoch 01/08) Block Loss: 2.9846e-05
		(Epoch 02/08) Block Loss: 2.9335e-05
		(Epoch 03/08) Block Loss: 2.3968e-05
		(Epoch 04/08) Block Loss: 2.1620e-05
		(Epoch 05/08) Block Loss: 2.0505e-05
		(Epoch 06/08) Block Loss: 2.0045e-05
		(Epoch 07/08) Block Loss: 1.9812e-05
		(Epoch 08/08) Block Loss: 1.9740e-05
	(2/3) Block 3/28, self_attn.v_proj | Initialization via ADMM...
		ADMM weight recon error: raw=301.2546, norm=0.3621, per_el=2.8730e-04, out_err=0.1433, ADMM time=21.31s
	(3/3) Block 3/28, self_attn.v_proj | Tuning Factorized Weights...
		(Epoch 01/08) Block Loss: 3.2524e-04
		(Epoch 02/08) Block Loss: 3.4743e-05
		(Epoch 03/08) Block Loss: 2.7469e-05
		(Epoch 04/08) Block Loss: 2.4808e-05
		(Epoch 05/08) Block Loss: 2.3907e-05
		(Epoch 06/08) Block Loss: 2.3143e-05
		(Epoch 07/08) Block Loss: 2.2992e-05
		(Epoch 08/08) Block Loss: 2.2844e-05
	(1/3) Block 3/28, self_attn.o_proj | Tuning Non-Factorized Weights...
		(Epoch 01/08) Block Loss: 2.5474e-05
		(Epoch 02/08) Block Loss: 2.5942e-05
		(Epoch 03/08) Block Loss: 2.1824e-05
		(Epoch 04/08) Block Loss: 2.0323e-05
		(Epoch 05/08) Block Loss: 1.9896e-05
		(Epoch 06/08) Block Loss: 1.9616e-05
		(Epoch 07/08) Block Loss: 1.9391e-05
		(Epoch 08/08) Block Loss: 1.9228e-05
	(2/3) Block 3/28, self_attn.o_proj | Initialization via ADMM...
		ADMM weight recon error: raw=467.5554, norm=0.3302, per_el=2.2295e-04, out_err=0.0764, ADMM time=6.34s
	(3/3) Block 3/28, self_attn.o_proj | Tuning Factorized Weights...
		(Epoch 01/08) Block Loss: 2.2700e-05
		(Epoch 02/08) Block Loss: 2.1720e-05
		(Epoch 03/08) Block Loss: 2.1350e-05
		(Epoch 04/08) Block Loss: 2.1224e-05
		(Epoch 05/08) Block Loss: 2.1066e-05
		(Epoch 06/08) Block Loss: 2.1040e-05
		(Epoch 07/08) Block Loss: 2.0930e-05
		(Epoch 08/08) Block Loss: 2.0933e-05
	(1/3) Block 3/28, self_attn.k_proj | Tuning Non-Factorized Weights...
		(Epoch 01/08) Block Loss: 2.0820e-05
		(Epoch 02/08) Block Loss: 2.0156e-05
		(Epoch 03/08) Block Loss: 1.9685e-05
		(Epoch 04/08) Block Loss: 1.9429e-05
		(Epoch 05/08) Block Loss: 1.9164e-05
		(Epoch 06/08) Block Loss: 1.9031e-05
Token indices sequence length is longer than the specified maximum sequence length for this model (299078 > 131072). Running this sequence through the model will result in indexing errors
Compressing Layers:  11%|███████████▎                                                                                             | 3/28 [11:26<1:35:01, 228.07s/it]		(Epoch 07/08) Block Loss: 1.8940e-05
		(Epoch 08/08) Block Loss: 1.8911e-05
	(2/3) Block 3/28, self_attn.k_proj | Initialization via ADMM...
		ADMM weight recon error: raw=267.6855, norm=0.3127, per_el=2.5528e-04, out_err=0.0376, ADMM time=19.31s
	(3/3) Block 3/28, self_attn.k_proj | Tuning Factorized Weights...
		(Epoch 01/08) Block Loss: 1.9423e-05
		(Epoch 02/08) Block Loss: 1.9335e-05
		(Epoch 03/08) Block Loss: 1.9294e-05
		(Epoch 04/08) Block Loss: 1.9267e-05
		(Epoch 05/08) Block Loss: 1.9250e-05
		(Epoch 06/08) Block Loss: 1.9239e-05
		(Epoch 07/08) Block Loss: 1.9232e-05
		(Epoch 08/08) Block Loss: 1.9228e-05
	(1/3) Block 3/28, mlp.gate_proj | Tuning Non-Factorized Weights...
		(Epoch 01/08) Block Loss: 1.9653e-05
		(Epoch 02/08) Block Loss: 1.9235e-05
		(Epoch 03/08) Block Loss: 1.8937e-05
		(Epoch 04/08) Block Loss: 1.8760e-05
		(Epoch 05/08) Block Loss: 1.8650e-05
		(Epoch 06/08) Block Loss: 1.8491e-05
		(Epoch 07/08) Block Loss: 1.8421e-05
		(Epoch 08/08) Block Loss: 1.8390e-05
	(2/3) Block 3/28, mlp.gate_proj | Initialization via ADMM...
		ADMM weight recon error: raw=1679.5476, norm=0.3280, per_el=5.3391e-04, out_err=0.0399, ADMM time=3.53s
	(3/3) Block 3/28, mlp.gate_proj | Tuning Factorized Weights...
		(Epoch 01/08) Block Loss: 9.0156e-05
		(Epoch 02/08) Block Loss: 2.7110e-05
		(Epoch 03/08) Block Loss: 2.6045e-05
		(Epoch 04/08) Block Loss: 2.5439e-05
		(Epoch 05/08) Block Loss: 2.5178e-05
		(Epoch 06/08) Block Loss: 2.5012e-05
		(Epoch 07/08) Block Loss: 2.4772e-05
		(Epoch 08/08) Block Loss: 2.4594e-05
	(1/3) Block 3/28, mlp.up_proj | Tuning Non-Factorized Weights...
		(Epoch 01/08) Block Loss: 2.3864e-05
		(Epoch 02/08) Block Loss: 2.2747e-05
		(Epoch 03/08) Block Loss: 2.2332e-05
		(Epoch 04/08) Block Loss: 2.2041e-05
		(Epoch 05/08) Block Loss: 2.1855e-05
		(Epoch 06/08) Block Loss: 2.1722e-05
		(Epoch 07/08) Block Loss: 2.1618e-05
		(Epoch 08/08) Block Loss: 2.1585e-05
	(2/3) Block 3/28, mlp.up_proj | Initialization via ADMM...
		ADMM weight recon error: raw=663.8182, norm=0.3457, per_el=2.1102e-04, out_err=0.2584, ADMM time=4.63s
	(3/3) Block 3/28, mlp.up_proj | Tuning Factorized Weights...
		(Epoch 01/08) Block Loss: 5.6294e-05
		(Epoch 02/08) Block Loss: 3.2452e-05
		(Epoch 03/08) Block Loss: 3.1296e-05
		(Epoch 04/08) Block Loss: 3.0846e-05
		(Epoch 05/08) Block Loss: 3.0728e-05
		(Epoch 06/08) Block Loss: 3.0477e-05
		(Epoch 07/08) Block Loss: 3.0366e-05
		(Epoch 08/08) Block Loss: 3.0013e-05
	(1/3) Block 3/28, mlp.down_proj | Tuning Non-Factorized Weights...
		(Epoch 01/08) Block Loss: 2.8806e-05
		(Epoch 02/08) Block Loss: 2.7659e-05
		(Epoch 03/08) Block Loss: 2.7155e-05
		(Epoch 04/08) Block Loss: 2.6850e-05
		(Epoch 05/08) Block Loss: 2.6651e-05
		(Epoch 06/08) Block Loss: 2.6539e-05
		(Epoch 07/08) Block Loss: 2.6471e-05
		(Epoch 08/08) Block Loss: 2.6444e-05
	(2/3) Block 3/28, mlp.down_proj | Initialization via ADMM...
		ADMM weight recon error: raw=683.5356, norm=0.3431, per_el=2.1729e-04, out_err=0.2726, ADMM time=4.38s
	(3/3) Block 3/28, mlp.down_proj | Tuning Factorized Weights...
		(Epoch 01/08) Block Loss: 1.2620e-03
		(Epoch 02/08) Block Loss: 1.1297e-03
		(Epoch 03/08) Block Loss: 1.0091e-03
		(Epoch 04/08) Block Loss: 9.0288e-04
		(Epoch 05/08) Block Loss: 8.2698e-04
		(Epoch 06/08) Block Loss: 7.8089e-04
		(Epoch 07/08) Block Loss: 7.6275e-04
		(Epoch 08/08) Block Loss: 7.5769e-04
		Block 2: relative block output error = 0.0144
Using sequence length: 2048 (model max: 2048)
		Block 2: Test Data PPL        = 18.578
	(1/3) Block 4/28, self_attn.q_proj | Tuning Non-Factorized Weights...
		(Epoch 01/08) Block Loss: 5.0671e-04
		(Epoch 02/08) Block Loss: 4.8982e-04
		(Epoch 03/08) Block Loss: 4.4458e-04
		(Epoch 04/08) Block Loss: 3.8496e-04
		(Epoch 05/08) Block Loss: 3.3899e-04
		(Epoch 06/08) Block Loss: 3.0502e-04
		(Epoch 07/08) Block Loss: 2.8840e-04
		(Epoch 08/08) Block Loss: 2.8317e-04
	(2/3) Block 4/28, self_attn.q_proj | Initialization via ADMM...
		ADMM weight recon error: raw=580.2922, norm=0.2961, per_el=2.7670e-04, out_err=0.0380, ADMM time=7.08s
	(3/3) Block 4/28, self_attn.q_proj | Tuning Factorized Weights...
		(Epoch 01/08) Block Loss: 2.8395e-04
		(Epoch 02/08) Block Loss: 2.8335e-04
		(Epoch 03/08) Block Loss: 2.8295e-04
		(Epoch 04/08) Block Loss: 2.8273e-04
		(Epoch 05/08) Block Loss: 2.8255e-04
		(Epoch 06/08) Block Loss: 2.8244e-04
		(Epoch 07/08) Block Loss: 2.8239e-04
		(Epoch 08/08) Block Loss: 2.8236e-04
	(1/3) Block 4/28, self_attn.v_proj | Tuning Non-Factorized Weights...
		(Epoch 01/08) Block Loss: 2.5507e-04
		(Epoch 02/08) Block Loss: 1.7400e-04
		(Epoch 03/08) Block Loss: 1.1003e-04
		(Epoch 04/08) Block Loss: 7.2380e-05
		(Epoch 05/08) Block Loss: 5.8404e-05
		(Epoch 06/08) Block Loss: 5.2005e-05
		(Epoch 07/08) Block Loss: 4.8813e-05
		(Epoch 08/08) Block Loss: 4.8069e-05
	(2/3) Block 4/28, self_attn.v_proj | Initialization via ADMM...
		ADMM weight recon error: raw=352.2854, norm=0.3495, per_el=3.3597e-04, out_err=0.1597, ADMM time=23.65s
	(3/3) Block 4/28, self_attn.v_proj | Tuning Factorized Weights...
		(Epoch 01/08) Block Loss: 5.2337e-05
		(Epoch 02/08) Block Loss: 5.0795e-05
		(Epoch 03/08) Block Loss: 4.9821e-05
		(Epoch 04/08) Block Loss: 4.9714e-05
		(Epoch 05/08) Block Loss: 4.9752e-05
		(Epoch 06/08) Block Loss: 4.9086e-05
		(Epoch 07/08) Block Loss: 4.8820e-05
		(Epoch 08/08) Block Loss: 4.8811e-05
	(1/3) Block 4/28, self_attn.o_proj | Tuning Non-Factorized Weights...
		(Epoch 01/08) Block Loss: 4.4588e-05
		(Epoch 02/08) Block Loss: 3.7883e-05
		(Epoch 03/08) Block Loss: 3.4646e-05
		(Epoch 04/08) Block Loss: 3.1983e-05
		(Epoch 05/08) Block Loss: 3.1097e-05
		(Epoch 06/08) Block Loss: 3.0295e-05
		(Epoch 07/08) Block Loss: 2.9750e-05
		(Epoch 08/08) Block Loss: 2.9635e-05
	(2/3) Block 4/28, self_attn.o_proj | Initialization via ADMM...
		ADMM weight recon error: raw=555.5886, norm=0.3215, per_el=2.6493e-04, out_err=0.0818, ADMM time=5.73s
	(3/3) Block 4/28, self_attn.o_proj | Tuning Factorized Weights...
		(Epoch 01/08) Block Loss: 3.8299e-05
		(Epoch 02/08) Block Loss: 3.2699e-05
		(Epoch 03/08) Block Loss: 3.1812e-05
		(Epoch 04/08) Block Loss: 3.1501e-05
		(Epoch 05/08) Block Loss: 3.1386e-05
		(Epoch 06/08) Block Loss: 3.1173e-05
		(Epoch 07/08) Block Loss: 3.1027e-05
		(Epoch 08/08) Block Loss: 3.0757e-05
	(1/3) Block 4/28, self_attn.k_proj | Tuning Non-Factorized Weights...
		(Epoch 01/08) Block Loss: 3.0240e-05
		(Epoch 02/08) Block Loss: 2.9074e-05
		(Epoch 03/08) Block Loss: 2.8350e-05
		(Epoch 04/08) Block Loss: 2.7966e-05
		(Epoch 05/08) Block Loss: 2.7614e-05
		(Epoch 06/08) Block Loss: 2.7394e-05
		(Epoch 07/08) Block Loss: 2.7253e-05
		(Epoch 08/08) Block Loss: 2.7206e-05
	(2/3) Block 4/28, self_attn.k_proj | Initialization via ADMM...
		ADMM weight recon error: raw=280.4605, norm=0.3130, per_el=2.6747e-04, out_err=0.0601, ADMM time=22.76s
	(3/3) Block 4/28, self_attn.k_proj | Tuning Factorized Weights...
		(Epoch 01/08) Block Loss: 2.4881e-03
		(Epoch 02/08) Block Loss: 7.3358e-05
		(Epoch 03/08) Block Loss: 4.5237e-05
		(Epoch 04/08) Block Loss: 3.9158e-05
		(Epoch 05/08) Block Loss: 3.6246e-05
		(Epoch 06/08) Block Loss: 3.5334e-05
		(Epoch 07/08) Block Loss: 3.4751e-05
		(Epoch 08/08) Block Loss: 3.4670e-05
	(1/3) Block 4/28, mlp.gate_proj | Tuning Non-Factorized Weights...
		(Epoch 01/08) Block Loss: 3.1985e-05
		(Epoch 02/08) Block Loss: 3.0266e-05
		(Epoch 03/08) Block Loss: 2.9530e-05
		(Epoch 04/08) Block Loss: 2.9196e-05
		(Epoch 05/08) Block Loss: 2.8913e-05
		(Epoch 06/08) Block Loss: 2.8700e-05
		(Epoch 07/08) Block Loss: 2.8562e-05
		(Epoch 08/08) Block Loss: 2.8523e-05
	(2/3) Block 4/28, mlp.gate_proj | Initialization via ADMM...
		ADMM weight recon error: raw=1792.3610, norm=0.3295, per_el=5.6978e-04, out_err=0.0373, ADMM time=2.16s
	(3/3) Block 4/28, mlp.gate_proj | Tuning Factorized Weights...
		(Epoch 01/08) Block Loss: 3.8830e-05
		(Epoch 02/08) Block Loss: 3.5509e-05
		(Epoch 03/08) Block Loss: 3.4535e-05
		(Epoch 04/08) Block Loss: 3.4104e-05
		(Epoch 05/08) Block Loss: 3.3928e-05
		(Epoch 06/08) Block Loss: 3.3765e-05
		(Epoch 07/08) Block Loss: 3.3640e-05
		(Epoch 08/08) Block Loss: 3.3475e-05
Token indices sequence length is longer than the specified maximum sequence length for this model (299078 > 131072). Running this sequence through the model will result in indexing errors
Compressing Layers:  14%|███████████████                                                                                          | 4/28 [15:11<1:30:42, 226.75s/it]	(1/3) Block 4/28, mlp.up_proj | Tuning Non-Factorized Weights...
		(Epoch 01/08) Block Loss: 3.2949e-05
		(Epoch 02/08) Block Loss: 3.2192e-05
		(Epoch 03/08) Block Loss: 3.1648e-05
		(Epoch 04/08) Block Loss: 3.1409e-05
		(Epoch 05/08) Block Loss: 3.1227e-05
		(Epoch 06/08) Block Loss: 3.1055e-05
		(Epoch 07/08) Block Loss: 3.0950e-05
		(Epoch 08/08) Block Loss: 3.0917e-05
	(2/3) Block 4/28, mlp.up_proj | Initialization via ADMM...
		ADMM weight recon error: raw=741.2888, norm=0.3263, per_el=2.3565e-04, out_err=0.1833, ADMM time=4.34s
	(3/3) Block 4/28, mlp.up_proj | Tuning Factorized Weights...
		(Epoch 01/08) Block Loss: 4.5490e-05
		(Epoch 02/08) Block Loss: 4.2028e-05
		(Epoch 03/08) Block Loss: 4.1068e-05
		(Epoch 04/08) Block Loss: 4.0685e-05
		(Epoch 05/08) Block Loss: 4.0497e-05
		(Epoch 06/08) Block Loss: 4.0305e-05
		(Epoch 07/08) Block Loss: 4.0142e-05
		(Epoch 08/08) Block Loss: 3.9763e-05
	(1/3) Block 4/28, mlp.down_proj | Tuning Non-Factorized Weights...
		(Epoch 01/08) Block Loss: 3.8283e-05
		(Epoch 02/08) Block Loss: 3.7216e-05
		(Epoch 03/08) Block Loss: 3.6573e-05
		(Epoch 04/08) Block Loss: 3.6246e-05
		(Epoch 05/08) Block Loss: 3.6018e-05
		(Epoch 06/08) Block Loss: 3.5885e-05
		(Epoch 07/08) Block Loss: 3.5812e-05
		(Epoch 08/08) Block Loss: 3.5787e-05
	(2/3) Block 4/28, mlp.down_proj | Initialization via ADMM...
		ADMM weight recon error: raw=710.3016, norm=0.3313, per_el=2.2580e-04, out_err=0.2310, ADMM time=3.91s
	(3/3) Block 4/28, mlp.down_proj | Tuning Factorized Weights...
		(Epoch 01/08) Block Loss: 5.3548e-05
		(Epoch 02/08) Block Loss: 5.0749e-05
		(Epoch 03/08) Block Loss: 5.0451e-05
		(Epoch 04/08) Block Loss: 5.0504e-05
		(Epoch 05/08) Block Loss: 5.0948e-05
		(Epoch 06/08) Block Loss: 5.0424e-05
		(Epoch 07/08) Block Loss: 5.0609e-05
		(Epoch 08/08) Block Loss: 4.9822e-05
		Block 3: relative block output error = 0.0014
Using sequence length: 2048 (model max: 2048)
		Block 3: Test Data PPL        = 18.461
	(1/3) Block 5/28, self_attn.q_proj | Tuning Non-Factorized Weights...
		(Epoch 01/08) Block Loss: 3.6890e-05
		(Epoch 02/08) Block Loss: 3.3145e-05
		(Epoch 03/08) Block Loss: 3.1120e-05
		(Epoch 04/08) Block Loss: 2.9930e-05
		(Epoch 05/08) Block Loss: 2.9159e-05
		(Epoch 06/08) Block Loss: 2.8696e-05
		(Epoch 07/08) Block Loss: 2.8449e-05
		(Epoch 08/08) Block Loss: 2.8359e-05
	(2/3) Block 5/28, self_attn.q_proj | Initialization via ADMM...
		ADMM weight recon error: raw=598.2528, norm=0.3223, per_el=2.8527e-04, out_err=0.0457, ADMM time=9.02s
	(3/3) Block 5/28, self_attn.q_proj | Tuning Factorized Weights...
		(Epoch 01/08) Block Loss: 2.9315e-05
		(Epoch 02/08) Block Loss: 2.9055e-05
		(Epoch 03/08) Block Loss: 2.8952e-05
		(Epoch 04/08) Block Loss: 2.8886e-05
		(Epoch 05/08) Block Loss: 2.8843e-05
		(Epoch 06/08) Block Loss: 2.8810e-05
		(Epoch 07/08) Block Loss: 2.8791e-05
		(Epoch 08/08) Block Loss: 2.8776e-05
	(1/3) Block 5/28, self_attn.v_proj | Tuning Non-Factorized Weights...
		(Epoch 01/08) Block Loss: 2.8846e-05
		(Epoch 02/08) Block Loss: 2.7824e-05
		(Epoch 03/08) Block Loss: 2.7023e-05
		(Epoch 04/08) Block Loss: 2.6483e-05
		(Epoch 05/08) Block Loss: 2.6101e-05
		(Epoch 06/08) Block Loss: 2.5849e-05
		(Epoch 07/08) Block Loss: 2.5707e-05
		(Epoch 08/08) Block Loss: 2.5651e-05
	(2/3) Block 5/28, self_attn.v_proj | Initialization via ADMM...
		ADMM weight recon error: raw=356.8007, norm=0.3796, per_el=3.4027e-04, out_err=0.1857, ADMM time=20.61s
	(3/3) Block 5/28, self_attn.v_proj | Tuning Factorized Weights...
		(Epoch 01/08) Block Loss: 3.0431e-05
		(Epoch 02/08) Block Loss: 2.9339e-05
		(Epoch 03/08) Block Loss: 2.9097e-05
		(Epoch 04/08) Block Loss: 2.8979e-05
		(Epoch 05/08) Block Loss: 2.8919e-05
		(Epoch 06/08) Block Loss: 2.8877e-05
		(Epoch 07/08) Block Loss: 2.8853e-05
		(Epoch 08/08) Block Loss: 2.8814e-05
	(1/3) Block 5/28, self_attn.o_proj | Tuning Non-Factorized Weights...
		(Epoch 01/08) Block Loss: 2.8181e-05
		(Epoch 02/08) Block Loss: 2.7101e-05
		(Epoch 03/08) Block Loss: 2.6492e-05
		(Epoch 04/08) Block Loss: 2.6095e-05
		(Epoch 05/08) Block Loss: 2.5802e-05
		(Epoch 06/08) Block Loss: 2.5611e-05
		(Epoch 07/08) Block Loss: 2.5499e-05
		(Epoch 08/08) Block Loss: 2.5453e-05
	(2/3) Block 5/28, self_attn.o_proj | Initialization via ADMM...
		ADMM weight recon error: raw=556.4279, norm=0.3513, per_el=2.6533e-04, out_err=0.1455, ADMM time=7.37s
	(3/3) Block 5/28, self_attn.o_proj | Tuning Factorized Weights...
		(Epoch 01/08) Block Loss: 2.8469e-05
		(Epoch 02/08) Block Loss: 2.8254e-05
		(Epoch 03/08) Block Loss: 2.8204e-05
		(Epoch 04/08) Block Loss: 2.8220e-05
		(Epoch 05/08) Block Loss: 2.8271e-05
		(Epoch 06/08) Block Loss: 2.8181e-05
		(Epoch 07/08) Block Loss: 2.8209e-05
		(Epoch 08/08) Block Loss: 2.8057e-05
	(1/3) Block 5/28, self_attn.k_proj | Tuning Non-Factorized Weights...
		(Epoch 01/08) Block Loss: 2.7588e-05
		(Epoch 02/08) Block Loss: 2.6783e-05
		(Epoch 03/08) Block Loss: 2.6354e-05
		(Epoch 04/08) Block Loss: 2.6078e-05
		(Epoch 05/08) Block Loss: 2.5862e-05
		(Epoch 06/08) Block Loss: 2.5719e-05
		(Epoch 07/08) Block Loss: 2.5633e-05
		(Epoch 08/08) Block Loss: 2.5597e-05
	(2/3) Block 5/28, self_attn.k_proj | Initialization via ADMM...
		ADMM weight recon error: raw=277.5702, norm=0.3213, per_el=2.6471e-04, out_err=0.0435, ADMM time=19.21s
	(3/3) Block 5/28, self_attn.k_proj | Tuning Factorized Weights...
		(Epoch 01/08) Block Loss: 2.8987e-05
		(Epoch 02/08) Block Loss: 2.6950e-05
		(Epoch 03/08) Block Loss: 2.6364e-05
		(Epoch 04/08) Block Loss: 2.6216e-05
		(Epoch 05/08) Block Loss: 2.6154e-05
		(Epoch 06/08) Block Loss: 2.6127e-05
		(Epoch 07/08) Block Loss: 2.6109e-05
		(Epoch 08/08) Block Loss: 2.6095e-05
	(1/3) Block 5/28, mlp.gate_proj | Tuning Non-Factorized Weights...
		(Epoch 01/08) Block Loss: 2.6236e-05
		(Epoch 02/08) Block Loss: 2.5831e-05
		(Epoch 03/08) Block Loss: 2.5573e-05
		(Epoch 04/08) Block Loss: 2.5397e-05
		(Epoch 05/08) Block Loss: 2.5246e-05
		(Epoch 06/08) Block Loss: 2.5143e-05
		(Epoch 07/08) Block Loss: 2.5078e-05
		(Epoch 08/08) Block Loss: 2.5049e-05
	(2/3) Block 5/28, mlp.gate_proj | Initialization via ADMM...
		ADMM weight recon error: raw=1566.5374, norm=0.3400, per_el=4.9799e-04, out_err=0.0510, ADMM time=3.68s
	(3/3) Block 5/28, mlp.gate_proj | Tuning Factorized Weights...
		(Epoch 01/08) Block Loss: 3.4029e-05
		(Epoch 02/08) Block Loss: 3.1413e-05
		(Epoch 03/08) Block Loss: 3.0710e-05
		(Epoch 04/08) Block Loss: 3.0419e-05
		(Epoch 05/08) Block Loss: 3.0273e-05
		(Epoch 06/08) Block Loss: 3.0169e-05
		(Epoch 07/08) Block Loss: 3.0082e-05
		(Epoch 08/08) Block Loss: 2.9899e-05
	(1/3) Block 5/28, mlp.up_proj | Tuning Non-Factorized Weights...
		(Epoch 01/08) Block Loss: 2.9180e-05
		(Epoch 02/08) Block Loss: 2.8477e-05
		(Epoch 03/08) Block Loss: 2.8135e-05
		(Epoch 04/08) Block Loss: 2.7930e-05
		(Epoch 05/08) Block Loss: 2.7772e-05
		(Epoch 06/08) Block Loss: 2.7673e-05
		(Epoch 07/08) Block Loss: 2.7612e-05
		(Epoch 08/08) Block Loss: 2.7587e-05
	(2/3) Block 5/28, mlp.up_proj | Initialization via ADMM...
		ADMM weight recon error: raw=745.8128, norm=0.3558, per_el=2.3709e-04, out_err=0.2534, ADMM time=2.34s
	(3/3) Block 5/28, mlp.up_proj | Tuning Factorized Weights...
		(Epoch 01/08) Block Loss: 4.0702e-05
		(Epoch 02/08) Block Loss: 3.7954e-05
		(Epoch 03/08) Block Loss: 3.7289e-05
		(Epoch 04/08) Block Loss: 3.6979e-05
		(Epoch 05/08) Block Loss: 3.6945e-05
		(Epoch 06/08) Block Loss: 3.6695e-05
		(Epoch 07/08) Block Loss: 3.6618e-05
		(Epoch 08/08) Block Loss: 3.6160e-05
	(1/3) Block 5/28, mlp.down_proj | Tuning Non-Factorized Weights...
		(Epoch 01/08) Block Loss: 3.4614e-05
		(Epoch 02/08) Block Loss: 3.3587e-05
		(Epoch 03/08) Block Loss: 3.3088e-05
		(Epoch 04/08) Block Loss: 3.2806e-05
		(Epoch 05/08) Block Loss: 3.2622e-05
		(Epoch 06/08) Block Loss: 3.2517e-05
		(Epoch 07/08) Block Loss: 3.2460e-05
		(Epoch 08/08) Block Loss: 3.2440e-05
	(2/3) Block 5/28, mlp.down_proj | Initialization via ADMM...
		ADMM weight recon error: raw=701.2167, norm=0.3478, per_el=2.2291e-04, out_err=0.2706, ADMM time=4.48s
	(3/3) Block 5/28, mlp.down_proj | Tuning Factorized Weights...
Token indices sequence length is longer than the specified maximum sequence length for this model (299078 > 131072). Running this sequence through the model will result in indexing errors
Compressing Layers:  18%|██████████████████▊                                                                                      | 5/28 [18:51<1:25:57, 224.24s/it]Token indices sequence length is longer than the specified maximum sequence length for this model (299078 > 131072). Running this sequence through the model will result in indexing errors
Compressing Layers:  21%|██████████████████████▌                                                                                  | 6/28 [23:03<1:25:42, 233.76s/it]		(Epoch 01/08) Block Loss: 4.9927e-05
		(Epoch 02/08) Block Loss: 4.8679e-05
		(Epoch 03/08) Block Loss: 4.8607e-05
		(Epoch 04/08) Block Loss: 4.8756e-05
		(Epoch 05/08) Block Loss: 4.8935e-05
		(Epoch 06/08) Block Loss: 4.8750e-05
		(Epoch 07/08) Block Loss: 4.8676e-05
		(Epoch 08/08) Block Loss: 4.8113e-05
		Block 4: relative block output error = 0.0017
Using sequence length: 2048 (model max: 2048)
		Block 4: Test Data PPL        = 18.509
	(1/3) Block 6/28, self_attn.q_proj | Tuning Non-Factorized Weights...
		(Epoch 01/08) Block Loss: 3.6614e-05
		(Epoch 02/08) Block Loss: 3.3085e-05
		(Epoch 03/08) Block Loss: 3.1405e-05
		(Epoch 04/08) Block Loss: 3.0383e-05
		(Epoch 05/08) Block Loss: 2.9714e-05
		(Epoch 06/08) Block Loss: 2.9306e-05
		(Epoch 07/08) Block Loss: 2.9090e-05
		(Epoch 08/08) Block Loss: 2.9013e-05
	(2/3) Block 6/28, self_attn.q_proj | Initialization via ADMM...
		ADMM weight recon error: raw=612.0658, norm=0.3060, per_el=2.9186e-04, out_err=0.0464, ADMM time=9.35s
	(3/3) Block 6/28, self_attn.q_proj | Tuning Factorized Weights...
		(Epoch 01/08) Block Loss: 2.9839e-05
		(Epoch 02/08) Block Loss: 2.9624e-05
		(Epoch 03/08) Block Loss: 2.9536e-05
		(Epoch 04/08) Block Loss: 2.9482e-05
		(Epoch 05/08) Block Loss: 2.9444e-05
		(Epoch 06/08) Block Loss: 2.9420e-05
		(Epoch 07/08) Block Loss: 2.9400e-05
		(Epoch 08/08) Block Loss: 2.9385e-05
	(1/3) Block 6/28, self_attn.v_proj | Tuning Non-Factorized Weights...
		(Epoch 01/08) Block Loss: 2.9333e-05
		(Epoch 02/08) Block Loss: 2.8347e-05
		(Epoch 03/08) Block Loss: 2.7698e-05
		(Epoch 04/08) Block Loss: 2.7250e-05
		(Epoch 05/08) Block Loss: 2.6906e-05
		(Epoch 06/08) Block Loss: 2.6692e-05
		(Epoch 07/08) Block Loss: 2.6568e-05
		(Epoch 08/08) Block Loss: 2.6519e-05
	(2/3) Block 6/28, self_attn.v_proj | Initialization via ADMM...
		ADMM weight recon error: raw=320.3936, norm=0.3760, per_el=3.0555e-04, out_err=0.1696, ADMM time=19.43s
	(3/3) Block 6/28, self_attn.v_proj | Tuning Factorized Weights...
		(Epoch 01/08) Block Loss: 3.0928e-05
		(Epoch 02/08) Block Loss: 2.9798e-05
		(Epoch 03/08) Block Loss: 2.9517e-05
		(Epoch 04/08) Block Loss: 2.9397e-05
		(Epoch 05/08) Block Loss: 2.9329e-05
		(Epoch 06/08) Block Loss: 2.9293e-05
		(Epoch 07/08) Block Loss: 2.9272e-05
		(Epoch 08/08) Block Loss: 2.9243e-05
	(1/3) Block 6/28, self_attn.o_proj | Tuning Non-Factorized Weights...
		(Epoch 01/08) Block Loss: 2.8661e-05
		(Epoch 02/08) Block Loss: 2.7742e-05
		(Epoch 03/08) Block Loss: 2.7250e-05
		(Epoch 04/08) Block Loss: 2.6914e-05
		(Epoch 05/08) Block Loss: 2.6660e-05
		(Epoch 06/08) Block Loss: 2.6496e-05
		(Epoch 07/08) Block Loss: 2.6400e-05
		(Epoch 08/08) Block Loss: 2.6361e-05
	(2/3) Block 6/28, self_attn.o_proj | Initialization via ADMM...
		ADMM weight recon error: raw=585.2193, norm=0.3732, per_el=2.7905e-04, out_err=0.1331, ADMM time=8.00s
	(3/3) Block 6/28, self_attn.o_proj | Tuning Factorized Weights...
		(Epoch 01/08) Block Loss: 2.9727e-05
		(Epoch 02/08) Block Loss: 2.9608e-05
		(Epoch 03/08) Block Loss: 2.9679e-05
		(Epoch 04/08) Block Loss: 2.9743e-05
		(Epoch 05/08) Block Loss: 2.9830e-05
		(Epoch 06/08) Block Loss: 2.9810e-05
		(Epoch 07/08) Block Loss: 2.9806e-05
		(Epoch 08/08) Block Loss: 2.9683e-05
	(1/3) Block 6/28, self_attn.k_proj | Tuning Non-Factorized Weights...
		(Epoch 01/08) Block Loss: 2.8902e-05
		(Epoch 02/08) Block Loss: 2.8088e-05
		(Epoch 03/08) Block Loss: 2.7674e-05
		(Epoch 04/08) Block Loss: 2.7406e-05
		(Epoch 05/08) Block Loss: 2.7202e-05
		(Epoch 06/08) Block Loss: 2.7073e-05
		(Epoch 07/08) Block Loss: 2.6995e-05
		(Epoch 08/08) Block Loss: 2.6963e-05
	(2/3) Block 6/28, self_attn.k_proj | Initialization via ADMM...
		ADMM weight recon error: raw=275.1949, norm=0.3245, per_el=2.6245e-04, out_err=0.0496, ADMM time=20.53s
	(3/3) Block 6/28, self_attn.k_proj | Tuning Factorized Weights...
		(Epoch 01/08) Block Loss: 2.9592e-05
		(Epoch 02/08) Block Loss: 2.7971e-05
		(Epoch 03/08) Block Loss: 2.7598e-05
		(Epoch 04/08) Block Loss: 2.7484e-05
		(Epoch 05/08) Block Loss: 2.7446e-05
		(Epoch 06/08) Block Loss: 2.7425e-05
		(Epoch 07/08) Block Loss: 2.7412e-05
		(Epoch 08/08) Block Loss: 2.7403e-05
	(1/3) Block 6/28, mlp.gate_proj | Tuning Non-Factorized Weights...
		(Epoch 01/08) Block Loss: 2.7528e-05
		(Epoch 02/08) Block Loss: 2.7169e-05
		(Epoch 03/08) Block Loss: 2.6938e-05
		(Epoch 04/08) Block Loss: 2.6779e-05
		(Epoch 05/08) Block Loss: 2.6642e-05
		(Epoch 06/08) Block Loss: 2.6551e-05
		(Epoch 07/08) Block Loss: 2.6493e-05
		(Epoch 08/08) Block Loss: 2.6467e-05
	(2/3) Block 6/28, mlp.gate_proj | Initialization via ADMM...
		ADMM weight recon error: raw=1249.5208, norm=0.3337, per_el=3.9721e-04, out_err=0.0773, ADMM time=5.02s
	(3/3) Block 6/28, mlp.gate_proj | Tuning Factorized Weights...
		(Epoch 01/08) Block Loss: 3.4090e-05
		(Epoch 02/08) Block Loss: 3.2482e-05
		(Epoch 03/08) Block Loss: 3.2039e-05
		(Epoch 04/08) Block Loss: 3.1878e-05
		(Epoch 05/08) Block Loss: 3.1780e-05
		(Epoch 06/08) Block Loss: 3.1698e-05
		(Epoch 07/08) Block Loss: 3.1616e-05
		(Epoch 08/08) Block Loss: 3.1389e-05
	(1/3) Block 6/28, mlp.up_proj | Tuning Non-Factorized Weights...
		(Epoch 01/08) Block Loss: 3.0542e-05
		(Epoch 02/08) Block Loss: 2.9883e-05
		(Epoch 03/08) Block Loss: 2.9560e-05
		(Epoch 04/08) Block Loss: 2.9365e-05
		(Epoch 05/08) Block Loss: 2.9217e-05
		(Epoch 06/08) Block Loss: 2.9124e-05
		(Epoch 07/08) Block Loss: 2.9069e-05
		(Epoch 08/08) Block Loss: 2.9046e-05
	(2/3) Block 6/28, mlp.up_proj | Initialization via ADMM...
		ADMM weight recon error: raw=833.0475, norm=0.3518, per_el=2.6482e-04, out_err=0.2600, ADMM time=3.40s
	(3/3) Block 6/28, mlp.up_proj | Tuning Factorized Weights...
		(Epoch 01/08) Block Loss: 4.0736e-05
		(Epoch 02/08) Block Loss: 3.8562e-05
		(Epoch 03/08) Block Loss: 3.8073e-05
		(Epoch 04/08) Block Loss: 3.7869e-05
		(Epoch 05/08) Block Loss: 3.7836e-05
		(Epoch 06/08) Block Loss: 3.7685e-05
		(Epoch 07/08) Block Loss: 3.7601e-05
		(Epoch 08/08) Block Loss: 3.7149e-05
	(1/3) Block 6/28, mlp.down_proj | Tuning Non-Factorized Weights...
		(Epoch 01/08) Block Loss: 3.5675e-05
		(Epoch 02/08) Block Loss: 3.4753e-05
		(Epoch 03/08) Block Loss: 3.4291e-05
		(Epoch 04/08) Block Loss: 3.4023e-05
		(Epoch 05/08) Block Loss: 3.3846e-05
		(Epoch 06/08) Block Loss: 3.3745e-05
		(Epoch 07/08) Block Loss: 3.3691e-05
		(Epoch 08/08) Block Loss: 3.3672e-05
	(2/3) Block 6/28, mlp.down_proj | Initialization via ADMM...
		ADMM weight recon error: raw=789.1499, norm=0.3449, per_el=2.5086e-04, out_err=0.2985, ADMM time=5.82s
	(3/3) Block 6/28, mlp.down_proj | Tuning Factorized Weights...
		(Epoch 01/08) Block Loss: 4.8183e-05
		(Epoch 02/08) Block Loss: 4.7016e-05
		(Epoch 03/08) Block Loss: 4.6854e-05
		(Epoch 04/08) Block Loss: 4.6892e-05
		(Epoch 05/08) Block Loss: 4.6873e-05
		(Epoch 06/08) Block Loss: 4.6819e-05
		(Epoch 07/08) Block Loss: 4.6768e-05
		(Epoch 08/08) Block Loss: 4.6225e-05
		Block 5: relative block output error = 0.0023
Using sequence length: 2048 (model max: 2048)
		Block 5: Test Data PPL        = 18.857
	(1/3) Block 7/28, self_attn.q_proj | Tuning Non-Factorized Weights...
		(Epoch 01/08) Block Loss: 3.0657e-05
		(Epoch 02/08) Block Loss: 2.8216e-05
		(Epoch 03/08) Block Loss: 2.7131e-05
		(Epoch 04/08) Block Loss: 2.6200e-05
		(Epoch 05/08) Block Loss: 2.5630e-05
		(Epoch 06/08) Block Loss: 2.5319e-05
		(Epoch 07/08) Block Loss: 2.5155e-05
		(Epoch 08/08) Block Loss: 2.5095e-05
	(2/3) Block 7/28, self_attn.q_proj | Initialization via ADMM...
		ADMM weight recon error: raw=493.1295, norm=0.2516, per_el=2.3514e-04, out_err=0.0346, ADMM time=10.65s
	(3/3) Block 7/28, self_attn.q_proj | Tuning Factorized Weights...
		(Epoch 01/08) Block Loss: 2.5627e-05
		(Epoch 02/08) Block Loss: 2.5520e-05
		(Epoch 03/08) Block Loss: 2.5475e-05
		(Epoch 04/08) Block Loss: 2.5445e-05
		(Epoch 05/08) Block Loss: 2.5424e-05
		(Epoch 06/08) Block Loss: 2.5406e-05
		(Epoch 07/08) Block Loss: 2.5393e-05
		(Epoch 08/08) Block Loss: 2.5380e-05
	(1/3) Block 7/28, self_attn.v_proj | Tuning Non-Factorized Weights...
		(Epoch 01/08) Block Loss: 2.5399e-05
		(Epoch 02/08) Block Loss: 2.4761e-05
Token indices sequence length is longer than the specified maximum sequence length for this model (299078 > 131072). Running this sequence through the model will result in indexing errors
Compressing Layers:  25%|██████████████████████████▎                                                                              | 7/28 [27:36<1:26:17, 246.56s/it]		(Epoch 03/08) Block Loss: 2.4340e-05
		(Epoch 04/08) Block Loss: 2.3836e-05
		(Epoch 05/08) Block Loss: 2.3560e-05
		(Epoch 06/08) Block Loss: 2.3381e-05
		(Epoch 07/08) Block Loss: 2.3286e-05
		(Epoch 08/08) Block Loss: 2.3248e-05
	(2/3) Block 7/28, self_attn.v_proj | Initialization via ADMM...
		ADMM weight recon error: raw=314.9523, norm=0.3679, per_el=3.0036e-04, out_err=0.1907, ADMM time=24.30s
	(3/3) Block 7/28, self_attn.v_proj | Tuning Factorized Weights...
		(Epoch 01/08) Block Loss: 2.6080e-05
		(Epoch 02/08) Block Loss: 2.5314e-05
		(Epoch 03/08) Block Loss: 2.5178e-05
		(Epoch 04/08) Block Loss: 2.5093e-05
		(Epoch 05/08) Block Loss: 2.5053e-05
		(Epoch 06/08) Block Loss: 2.5029e-05
		(Epoch 07/08) Block Loss: 2.5008e-05
		(Epoch 08/08) Block Loss: 2.4982e-05
	(1/3) Block 7/28, self_attn.o_proj | Tuning Non-Factorized Weights...
		(Epoch 01/08) Block Loss: 2.4701e-05
		(Epoch 02/08) Block Loss: 2.4034e-05
		(Epoch 03/08) Block Loss: 2.3698e-05
		(Epoch 04/08) Block Loss: 2.3391e-05
		(Epoch 05/08) Block Loss: 2.3181e-05
		(Epoch 06/08) Block Loss: 2.3050e-05
		(Epoch 07/08) Block Loss: 2.2974e-05
		(Epoch 08/08) Block Loss: 2.2942e-05
	(2/3) Block 7/28, self_attn.o_proj | Initialization via ADMM...
		ADMM weight recon error: raw=466.5457, norm=0.3430, per_el=2.2247e-04, out_err=0.0971, ADMM time=10.04s
	(3/3) Block 7/28, self_attn.o_proj | Tuning Factorized Weights...
		(Epoch 01/08) Block Loss: 2.4553e-05
		(Epoch 02/08) Block Loss: 2.4469e-05
		(Epoch 03/08) Block Loss: 2.4477e-05
		(Epoch 04/08) Block Loss: 2.4485e-05
		(Epoch 05/08) Block Loss: 2.4537e-05
		(Epoch 06/08) Block Loss: 2.4485e-05
		(Epoch 07/08) Block Loss: 2.4473e-05
		(Epoch 08/08) Block Loss: 2.4410e-05
	(1/3) Block 7/28, self_attn.k_proj | Tuning Non-Factorized Weights...
		(Epoch 01/08) Block Loss: 2.4202e-05
		(Epoch 02/08) Block Loss: 2.3719e-05
		(Epoch 03/08) Block Loss: 2.3449e-05
		(Epoch 04/08) Block Loss: 2.3265e-05
		(Epoch 05/08) Block Loss: 2.3118e-05
		(Epoch 06/08) Block Loss: 2.3021e-05
		(Epoch 07/08) Block Loss: 2.2963e-05
		(Epoch 08/08) Block Loss: 2.2938e-05
	(2/3) Block 7/28, self_attn.k_proj | Initialization via ADMM...
		ADMM weight recon error: raw=234.4962, norm=0.2832, per_el=2.2363e-04, out_err=0.0516, ADMM time=18.53s
	(3/3) Block 7/28, self_attn.k_proj | Tuning Factorized Weights...
		(Epoch 01/08) Block Loss: 2.5084e-05
		(Epoch 02/08) Block Loss: 2.3680e-05
		(Epoch 03/08) Block Loss: 2.3435e-05
		(Epoch 04/08) Block Loss: 2.3351e-05
		(Epoch 05/08) Block Loss: 2.3312e-05
		(Epoch 06/08) Block Loss: 2.3295e-05
		(Epoch 07/08) Block Loss: 2.3283e-05
		(Epoch 08/08) Block Loss: 2.3273e-05
	(1/3) Block 7/28, mlp.gate_proj | Tuning Non-Factorized Weights...
		(Epoch 01/08) Block Loss: 2.3401e-05
		(Epoch 02/08) Block Loss: 2.3137e-05
		(Epoch 03/08) Block Loss: 2.2965e-05
		(Epoch 04/08) Block Loss: 2.2844e-05
		(Epoch 05/08) Block Loss: 2.2739e-05
		(Epoch 06/08) Block Loss: 2.2668e-05
		(Epoch 07/08) Block Loss: 2.2622e-05
		(Epoch 08/08) Block Loss: 2.2602e-05
	(2/3) Block 7/28, mlp.gate_proj | Initialization via ADMM...
		ADMM weight recon error: raw=1204.7598, norm=0.3407, per_el=3.8298e-04, out_err=0.0685, ADMM time=5.41s
	(3/3) Block 7/28, mlp.gate_proj | Tuning Factorized Weights...
		(Epoch 01/08) Block Loss: 2.8168e-05
		(Epoch 02/08) Block Loss: 2.7100e-05
		(Epoch 03/08) Block Loss: 2.6796e-05
		(Epoch 04/08) Block Loss: 2.6682e-05
		(Epoch 05/08) Block Loss: 2.6607e-05
		(Epoch 06/08) Block Loss: 2.6555e-05
		(Epoch 07/08) Block Loss: 2.6488e-05
		(Epoch 08/08) Block Loss: 2.6308e-05
	(1/3) Block 7/28, mlp.up_proj | Tuning Non-Factorized Weights...
		(Epoch 01/08) Block Loss: 2.5713e-05
		(Epoch 02/08) Block Loss: 2.5228e-05
		(Epoch 03/08) Block Loss: 2.4989e-05
		(Epoch 04/08) Block Loss: 2.4844e-05
		(Epoch 05/08) Block Loss: 2.4733e-05
		(Epoch 06/08) Block Loss: 2.4662e-05
		(Epoch 07/08) Block Loss: 2.4620e-05
		(Epoch 08/08) Block Loss: 2.4602e-05
	(2/3) Block 7/28, mlp.up_proj | Initialization via ADMM...
		ADMM weight recon error: raw=841.0344, norm=0.3552, per_el=2.6736e-04, out_err=0.2656, ADMM time=3.91s
	(3/3) Block 7/28, mlp.up_proj | Tuning Factorized Weights...
		(Epoch 01/08) Block Loss: 3.3701e-05
		(Epoch 02/08) Block Loss: 3.2023e-05
		(Epoch 03/08) Block Loss: 3.1581e-05
		(Epoch 04/08) Block Loss: 3.1468e-05
		(Epoch 05/08) Block Loss: 3.1481e-05
		(Epoch 06/08) Block Loss: 3.1298e-05
		(Epoch 07/08) Block Loss: 3.1314e-05
		(Epoch 08/08) Block Loss: 3.0852e-05
	(1/3) Block 7/28, mlp.down_proj | Tuning Non-Factorized Weights...
		(Epoch 01/08) Block Loss: 2.9777e-05
		(Epoch 02/08) Block Loss: 2.9097e-05
		(Epoch 03/08) Block Loss: 2.8752e-05
		(Epoch 04/08) Block Loss: 2.8551e-05
		(Epoch 05/08) Block Loss: 2.8418e-05
		(Epoch 06/08) Block Loss: 2.8341e-05
		(Epoch 07/08) Block Loss: 2.8300e-05
		(Epoch 08/08) Block Loss: 2.8286e-05
	(2/3) Block 7/28, mlp.down_proj | Initialization via ADMM...
		ADMM weight recon error: raw=737.4056, norm=0.3316, per_el=2.3441e-04, out_err=0.2831, ADMM time=4.47s
	(3/3) Block 7/28, mlp.down_proj | Tuning Factorized Weights...
		(Epoch 01/08) Block Loss: 3.8450e-05
		(Epoch 02/08) Block Loss: 3.7745e-05
		(Epoch 03/08) Block Loss: 3.7679e-05
		(Epoch 04/08) Block Loss: 3.7722e-05
		(Epoch 05/08) Block Loss: 3.7732e-05
		(Epoch 06/08) Block Loss: 3.7678e-05
		(Epoch 07/08) Block Loss: 3.7608e-05
		(Epoch 08/08) Block Loss: 3.7182e-05
		Block 6: relative block output error = 0.0027
Using sequence length: 2048 (model max: 2048)
		Block 6: Test Data PPL        = 18.612
	(1/3) Block 8/28, self_attn.q_proj | Tuning Non-Factorized Weights...
		(Epoch 01/08) Block Loss: 3.9290e-05
		(Epoch 02/08) Block Loss: 3.6464e-05
		(Epoch 03/08) Block Loss: 3.4997e-05
		(Epoch 04/08) Block Loss: 3.4029e-05
		(Epoch 05/08) Block Loss: 3.3361e-05
		(Epoch 06/08) Block Loss: 3.2965e-05
		(Epoch 07/08) Block Loss: 3.2757e-05
		(Epoch 08/08) Block Loss: 3.2681e-05
	(2/3) Block 8/28, self_attn.q_proj | Initialization via ADMM...
		ADMM weight recon error: raw=545.4724, norm=0.3071, per_el=2.6010e-04, out_err=0.0467, ADMM time=10.66s
	(3/3) Block 8/28, self_attn.q_proj | Tuning Factorized Weights...
		(Epoch 01/08) Block Loss: 3.3525e-05
		(Epoch 02/08) Block Loss: 3.3286e-05
		(Epoch 03/08) Block Loss: 3.3192e-05
		(Epoch 04/08) Block Loss: 3.3135e-05
		(Epoch 05/08) Block Loss: 3.3094e-05
		(Epoch 06/08) Block Loss: 3.3061e-05
		(Epoch 07/08) Block Loss: 3.3035e-05
		(Epoch 08/08) Block Loss: 3.3015e-05
	(1/3) Block 8/28, self_attn.v_proj | Tuning Non-Factorized Weights...
		(Epoch 01/08) Block Loss: 3.3093e-05
		(Epoch 02/08) Block Loss: 3.2199e-05
		(Epoch 03/08) Block Loss: 3.1634e-05
		(Epoch 04/08) Block Loss: 3.1119e-05
		(Epoch 05/08) Block Loss: 3.0792e-05
		(Epoch 06/08) Block Loss: 3.0582e-05
		(Epoch 07/08) Block Loss: 3.0459e-05
		(Epoch 08/08) Block Loss: 3.0411e-05
	(2/3) Block 8/28, self_attn.v_proj | Initialization via ADMM...
		ADMM weight recon error: raw=301.4384, norm=0.3658, per_el=2.8747e-04, out_err=0.1923, ADMM time=25.52s
	(3/3) Block 8/28, self_attn.v_proj | Tuning Factorized Weights...
		(Epoch 01/08) Block Loss: 3.4263e-05
		(Epoch 02/08) Block Loss: 3.3651e-05
		(Epoch 03/08) Block Loss: 3.3533e-05
		(Epoch 04/08) Block Loss: 3.3469e-05
		(Epoch 05/08) Block Loss: 3.3427e-05
		(Epoch 06/08) Block Loss: 3.3401e-05
		(Epoch 07/08) Block Loss: 3.3385e-05
		(Epoch 08/08) Block Loss: 3.3336e-05
	(1/3) Block 8/28, self_attn.o_proj | Tuning Non-Factorized Weights...
		(Epoch 01/08) Block Loss: 3.2772e-05
		(Epoch 02/08) Block Loss: 3.1821e-05
		(Epoch 03/08) Block Loss: 3.1331e-05
		(Epoch 04/08) Block Loss: 3.0985e-05
		(Epoch 05/08) Block Loss: 3.0717e-05
		(Epoch 06/08) Block Loss: 3.0548e-05
		(Epoch 07/08) Block Loss: 3.0449e-05
		(Epoch 08/08) Block Loss: 3.0409e-05
	(2/3) Block 8/28, self_attn.o_proj | Initialization via ADMM...
		ADMM weight recon error: raw=470.0572, norm=0.3396, per_el=2.2414e-04, out_err=0.1472, ADMM time=10.79s
	(3/3) Block 8/28, self_attn.o_proj | Tuning Factorized Weights...
		(Epoch 01/08) Block Loss: 3.3259e-05
		(Epoch 02/08) Block Loss: 3.3154e-05
		(Epoch 03/08) Block Loss: 3.3216e-05
		(Epoch 04/08) Block Loss: 3.3188e-05
Token indices sequence length is longer than the specified maximum sequence length for this model (299078 > 131072). Running this sequence through the model will result in indexing errors
Compressing Layers:  29%|██████████████████████████████                                                                           | 8/28 [32:16<1:25:45, 257.29s/it]		(Epoch 05/08) Block Loss: 3.3309e-05
		(Epoch 06/08) Block Loss: 3.3192e-05
		(Epoch 07/08) Block Loss: 3.3229e-05
		(Epoch 08/08) Block Loss: 3.3053e-05
	(1/3) Block 8/28, self_attn.k_proj | Tuning Non-Factorized Weights...
		(Epoch 01/08) Block Loss: 3.2602e-05
		(Epoch 02/08) Block Loss: 3.1881e-05
		(Epoch 03/08) Block Loss: 3.1528e-05
		(Epoch 04/08) Block Loss: 3.1261e-05
		(Epoch 05/08) Block Loss: 3.1066e-05
		(Epoch 06/08) Block Loss: 3.0942e-05
		(Epoch 07/08) Block Loss: 3.0867e-05
		(Epoch 08/08) Block Loss: 3.0836e-05
	(2/3) Block 8/28, self_attn.k_proj | Initialization via ADMM...
		ADMM weight recon error: raw=240.1614, norm=0.3194, per_el=2.2904e-04, out_err=0.0526, ADMM time=19.86s
	(3/3) Block 8/28, self_attn.k_proj | Tuning Factorized Weights...
		(Epoch 01/08) Block Loss: 3.3217e-05
		(Epoch 02/08) Block Loss: 3.1914e-05
		(Epoch 03/08) Block Loss: 3.1495e-05
		(Epoch 04/08) Block Loss: 3.1382e-05
		(Epoch 05/08) Block Loss: 3.1330e-05
		(Epoch 06/08) Block Loss: 3.1305e-05
		(Epoch 07/08) Block Loss: 3.1290e-05
		(Epoch 08/08) Block Loss: 3.1280e-05
	(1/3) Block 8/28, mlp.gate_proj | Tuning Non-Factorized Weights...
		(Epoch 01/08) Block Loss: 3.1423e-05
		(Epoch 02/08) Block Loss: 3.1078e-05
		(Epoch 03/08) Block Loss: 3.0865e-05
		(Epoch 04/08) Block Loss: 3.0708e-05
		(Epoch 05/08) Block Loss: 3.0577e-05
		(Epoch 06/08) Block Loss: 3.0488e-05
		(Epoch 07/08) Block Loss: 3.0432e-05
		(Epoch 08/08) Block Loss: 3.0406e-05
	(2/3) Block 8/28, mlp.gate_proj | Initialization via ADMM...
		ADMM weight recon error: raw=1152.8986, norm=0.3275, per_el=3.6650e-04, out_err=0.0678, ADMM time=6.53s
	(3/3) Block 8/28, mlp.gate_proj | Tuning Factorized Weights...
		(Epoch 01/08) Block Loss: 3.6502e-05
		(Epoch 02/08) Block Loss: 3.5471e-05
		(Epoch 03/08) Block Loss: 3.5197e-05
		(Epoch 04/08) Block Loss: 3.5105e-05
		(Epoch 05/08) Block Loss: 3.5039e-05
		(Epoch 06/08) Block Loss: 3.4955e-05
		(Epoch 07/08) Block Loss: 3.4869e-05
		(Epoch 08/08) Block Loss: 3.4639e-05
	(1/3) Block 8/28, mlp.up_proj | Tuning Non-Factorized Weights...
		(Epoch 01/08) Block Loss: 3.3991e-05
		(Epoch 02/08) Block Loss: 3.3444e-05
		(Epoch 03/08) Block Loss: 3.3169e-05
		(Epoch 04/08) Block Loss: 3.2999e-05
		(Epoch 05/08) Block Loss: 3.2869e-05
		(Epoch 06/08) Block Loss: 3.2785e-05
		(Epoch 07/08) Block Loss: 3.2734e-05
		(Epoch 08/08) Block Loss: 3.2712e-05
	(2/3) Block 8/28, mlp.up_proj | Initialization via ADMM...
		ADMM weight recon error: raw=824.2406, norm=0.3504, per_el=2.6202e-04, out_err=0.2519, ADMM time=4.46s
	(3/3) Block 8/28, mlp.up_proj | Tuning Factorized Weights...
		(Epoch 01/08) Block Loss: 4.3131e-05
		(Epoch 02/08) Block Loss: 4.1407e-05
		(Epoch 03/08) Block Loss: 4.1110e-05
		(Epoch 04/08) Block Loss: 4.1189e-05
		(Epoch 05/08) Block Loss: 4.0890e-05
		(Epoch 06/08) Block Loss: 4.0786e-05
		(Epoch 07/08) Block Loss: 4.0628e-05
		(Epoch 08/08) Block Loss: 4.0125e-05
	(1/3) Block 8/28, mlp.down_proj | Tuning Non-Factorized Weights...
		(Epoch 01/08) Block Loss: 3.8952e-05
		(Epoch 02/08) Block Loss: 3.8166e-05
		(Epoch 03/08) Block Loss: 3.7759e-05
		(Epoch 04/08) Block Loss: 3.7518e-05
		(Epoch 05/08) Block Loss: 3.7359e-05
		(Epoch 06/08) Block Loss: 3.7267e-05
		(Epoch 07/08) Block Loss: 3.7218e-05
		(Epoch 08/08) Block Loss: 3.7200e-05
	(2/3) Block 8/28, mlp.down_proj | Initialization via ADMM...
		ADMM weight recon error: raw=719.1132, norm=0.3329, per_el=2.2860e-04, out_err=0.2757, ADMM time=2.66s
	(3/3) Block 8/28, mlp.down_proj | Tuning Factorized Weights...
		(Epoch 01/08) Block Loss: 4.8796e-05
		(Epoch 02/08) Block Loss: 4.7975e-05
		(Epoch 03/08) Block Loss: 4.8172e-05
		(Epoch 04/08) Block Loss: 4.8427e-05
		(Epoch 05/08) Block Loss: 4.8018e-05
		(Epoch 06/08) Block Loss: 4.7886e-05
		(Epoch 07/08) Block Loss: 4.7852e-05
		(Epoch 08/08) Block Loss: 4.7352e-05
		Block 7: relative block output error = 0.0031
Using sequence length: 2048 (model max: 2048)
		Block 7: Test Data PPL        = 18.628
	(1/3) Block 9/28, self_attn.q_proj | Tuning Non-Factorized Weights...
		(Epoch 01/08) Block Loss: 2.5759e-05
		(Epoch 02/08) Block Loss: 2.3981e-05
		(Epoch 03/08) Block Loss: 2.3087e-05
		(Epoch 04/08) Block Loss: 2.2516e-05
		(Epoch 05/08) Block Loss: 2.2131e-05
		(Epoch 06/08) Block Loss: 2.1900e-05
		(Epoch 07/08) Block Loss: 2.1774e-05
		(Epoch 08/08) Block Loss: 2.1729e-05
	(2/3) Block 9/28, self_attn.q_proj | Initialization via ADMM...
		ADMM weight recon error: raw=540.0844, norm=0.2790, per_el=2.5753e-04, out_err=0.0508, ADMM time=10.99s
	(3/3) Block 9/28, self_attn.q_proj | Tuning Factorized Weights...
		(Epoch 01/08) Block Loss: 2.2171e-05
		(Epoch 02/08) Block Loss: 2.2079e-05
		(Epoch 03/08) Block Loss: 2.2042e-05
		(Epoch 04/08) Block Loss: 2.2021e-05
		(Epoch 05/08) Block Loss: 2.2004e-05
		(Epoch 06/08) Block Loss: 2.1992e-05
		(Epoch 07/08) Block Loss: 2.1980e-05
		(Epoch 08/08) Block Loss: 2.1969e-05
	(1/3) Block 9/28, self_attn.v_proj | Tuning Non-Factorized Weights...
		(Epoch 01/08) Block Loss: 2.1972e-05
		(Epoch 02/08) Block Loss: 2.1410e-05
		(Epoch 03/08) Block Loss: 2.1059e-05
		(Epoch 04/08) Block Loss: 2.0770e-05
		(Epoch 05/08) Block Loss: 2.0564e-05
		(Epoch 06/08) Block Loss: 2.0434e-05
		(Epoch 07/08) Block Loss: 2.0360e-05
		(Epoch 08/08) Block Loss: 2.0331e-05
	(2/3) Block 9/28, self_attn.v_proj | Initialization via ADMM...
		ADMM weight recon error: raw=300.4292, norm=0.3664, per_el=2.8651e-04, out_err=0.1554, ADMM time=28.12s
	(3/3) Block 9/28, self_attn.v_proj | Tuning Factorized Weights...
		(Epoch 01/08) Block Loss: 2.2292e-05
		(Epoch 02/08) Block Loss: 2.1873e-05
		(Epoch 03/08) Block Loss: 2.1780e-05
		(Epoch 04/08) Block Loss: 2.1723e-05
		(Epoch 05/08) Block Loss: 2.1691e-05
		(Epoch 06/08) Block Loss: 2.1670e-05
		(Epoch 07/08) Block Loss: 2.1659e-05
		(Epoch 08/08) Block Loss: 2.1645e-05
	(1/3) Block 9/28, self_attn.o_proj | Tuning Non-Factorized Weights...
		(Epoch 01/08) Block Loss: 2.1445e-05
		(Epoch 02/08) Block Loss: 2.0934e-05
		(Epoch 03/08) Block Loss: 2.0645e-05
		(Epoch 04/08) Block Loss: 2.0448e-05
		(Epoch 05/08) Block Loss: 2.0296e-05
		(Epoch 06/08) Block Loss: 2.0197e-05
		(Epoch 07/08) Block Loss: 2.0138e-05
		(Epoch 08/08) Block Loss: 2.0113e-05
	(2/3) Block 9/28, self_attn.o_proj | Initialization via ADMM...
		ADMM weight recon error: raw=434.9806, norm=0.3275, per_el=2.0741e-04, out_err=0.1101, ADMM time=9.57s
	(3/3) Block 9/28, self_attn.o_proj | Tuning Factorized Weights...
		(Epoch 01/08) Block Loss: 2.1420e-05
		(Epoch 02/08) Block Loss: 2.1374e-05
		(Epoch 03/08) Block Loss: 2.1387e-05
		(Epoch 04/08) Block Loss: 2.1417e-05
		(Epoch 05/08) Block Loss: 2.1454e-05
		(Epoch 06/08) Block Loss: 2.1431e-05
		(Epoch 07/08) Block Loss: 2.1414e-05
		(Epoch 08/08) Block Loss: 2.1353e-05
	(1/3) Block 9/28, self_attn.k_proj | Tuning Non-Factorized Weights...
		(Epoch 01/08) Block Loss: 2.1164e-05
		(Epoch 02/08) Block Loss: 2.0796e-05
		(Epoch 03/08) Block Loss: 2.0593e-05
		(Epoch 04/08) Block Loss: 2.0451e-05
		(Epoch 05/08) Block Loss: 2.0339e-05
		(Epoch 06/08) Block Loss: 2.0266e-05
		(Epoch 07/08) Block Loss: 2.0221e-05
		(Epoch 08/08) Block Loss: 2.0202e-05
	(2/3) Block 9/28, self_attn.k_proj | Initialization via ADMM...
		ADMM weight recon error: raw=226.2591, norm=0.2857, per_el=2.1578e-04, out_err=0.0562, ADMM time=23.81s
	(3/3) Block 9/28, self_attn.k_proj | Tuning Factorized Weights...
		(Epoch 01/08) Block Loss: 2.1934e-05
		(Epoch 02/08) Block Loss: 2.0678e-05
		(Epoch 03/08) Block Loss: 2.0545e-05
		(Epoch 04/08) Block Loss: 2.0489e-05
		(Epoch 05/08) Block Loss: 2.0466e-05
		(Epoch 06/08) Block Loss: 2.0456e-05
		(Epoch 07/08) Block Loss: 2.0450e-05
		(Epoch 08/08) Block Loss: 2.0444e-05
	(1/3) Block 9/28, mlp.gate_proj | Tuning Non-Factorized Weights...
		(Epoch 01/08) Block Loss: 2.0549e-05
		(Epoch 02/08) Block Loss: 2.0345e-05
		(Epoch 03/08) Block Loss: 2.0216e-05
		(Epoch 04/08) Block Loss: 2.0123e-05
		(Epoch 05/08) Block Loss: 2.0043e-05
		(Epoch 06/08) Block Loss: 1.9989e-05
		(Epoch 07/08) Block Loss: 1.9953e-05
		(Epoch 08/08) Block Loss: 1.9937e-05
	(2/3) Block 9/28, mlp.gate_proj | Initialization via ADMM...
Token indices sequence length is longer than the specified maximum sequence length for this model (299078 > 131072). Running this sequence through the model will result in indexing errors
Compressing Layers:  32%|█████████████████████████████████▊                                                                       | 9/28 [36:59<1:23:57, 265.12s/it]		ADMM weight recon error: raw=1113.6846, norm=0.3268, per_el=3.5403e-04, out_err=0.0692, ADMM time=5.44s
	(3/3) Block 9/28, mlp.gate_proj | Tuning Factorized Weights...
		(Epoch 01/08) Block Loss: 2.3774e-05
		(Epoch 02/08) Block Loss: 2.3053e-05
		(Epoch 03/08) Block Loss: 2.2877e-05
		(Epoch 04/08) Block Loss: 2.2811e-05
		(Epoch 05/08) Block Loss: 2.2767e-05
		(Epoch 06/08) Block Loss: 2.2717e-05
		(Epoch 07/08) Block Loss: 2.2658e-05
		(Epoch 08/08) Block Loss: 2.2522e-05
	(1/3) Block 9/28, mlp.up_proj | Tuning Non-Factorized Weights...
		(Epoch 01/08) Block Loss: 2.2134e-05
		(Epoch 02/08) Block Loss: 2.1800e-05
		(Epoch 03/08) Block Loss: 2.1631e-05
		(Epoch 04/08) Block Loss: 2.1527e-05
		(Epoch 05/08) Block Loss: 2.1445e-05
		(Epoch 06/08) Block Loss: 2.1393e-05
		(Epoch 07/08) Block Loss: 2.1361e-05
		(Epoch 08/08) Block Loss: 2.1347e-05
	(2/3) Block 9/28, mlp.up_proj | Initialization via ADMM...
		ADMM weight recon error: raw=819.2079, norm=0.3507, per_el=2.6042e-04, out_err=0.2463, ADMM time=5.84s
	(3/3) Block 9/28, mlp.up_proj | Tuning Factorized Weights...
		(Epoch 01/08) Block Loss: 2.7344e-05
		(Epoch 02/08) Block Loss: 2.6365e-05
		(Epoch 03/08) Block Loss: 2.6169e-05
		(Epoch 04/08) Block Loss: 2.6224e-05
		(Epoch 05/08) Block Loss: 2.6107e-05
		(Epoch 06/08) Block Loss: 2.5917e-05
		(Epoch 07/08) Block Loss: 2.5925e-05
		(Epoch 08/08) Block Loss: 2.5598e-05
	(1/3) Block 9/28, mlp.down_proj | Tuning Non-Factorized Weights...
		(Epoch 01/08) Block Loss: 2.4951e-05
		(Epoch 02/08) Block Loss: 2.4516e-05
		(Epoch 03/08) Block Loss: 2.4289e-05
		(Epoch 04/08) Block Loss: 2.4154e-05
		(Epoch 05/08) Block Loss: 2.4063e-05
		(Epoch 06/08) Block Loss: 2.4010e-05
		(Epoch 07/08) Block Loss: 2.3981e-05
		(Epoch 08/08) Block Loss: 2.3971e-05
	(2/3) Block 9/28, mlp.down_proj | Initialization via ADMM...
		ADMM weight recon error: raw=709.3727, norm=0.3236, per_el=2.2550e-04, out_err=0.2799, ADMM time=4.79s
	(3/3) Block 9/28, mlp.down_proj | Tuning Factorized Weights...
		(Epoch 01/08) Block Loss: 3.0620e-05
		(Epoch 02/08) Block Loss: 3.0152e-05
		(Epoch 03/08) Block Loss: 3.0209e-05
		(Epoch 04/08) Block Loss: 3.0346e-05
		(Epoch 05/08) Block Loss: 3.0371e-05
		(Epoch 06/08) Block Loss: 3.0148e-05
		(Epoch 07/08) Block Loss: 3.0137e-05
		(Epoch 08/08) Block Loss: 2.9821e-05
		Block 8: relative block output error = 0.0036
Using sequence length: 2048 (model max: 2048)
		Block 8: Test Data PPL        = 18.810
	(1/3) Block 10/28, self_attn.q_proj | Tuning Non-Factorized Weights...
		(Epoch 01/08) Block Loss: 2.2581e-05
		(Epoch 02/08) Block Loss: 2.1288e-05
		(Epoch 03/08) Block Loss: 2.0716e-05
		(Epoch 04/08) Block Loss: 2.0123e-05
		(Epoch 05/08) Block Loss: 1.9808e-05
		(Epoch 06/08) Block Loss: 1.9620e-05
		(Epoch 07/08) Block Loss: 1.9515e-05
		(Epoch 08/08) Block Loss: 1.9476e-05
	(2/3) Block 10/28, self_attn.q_proj | Initialization via ADMM...
		ADMM weight recon error: raw=545.4637, norm=0.2829, per_el=2.6010e-04, out_err=0.0407, ADMM time=10.36s
	(3/3) Block 10/28, self_attn.q_proj | Tuning Factorized Weights...
		(Epoch 01/08) Block Loss: 1.9916e-05
		(Epoch 02/08) Block Loss: 1.9810e-05
		(Epoch 03/08) Block Loss: 1.9772e-05
		(Epoch 04/08) Block Loss: 1.9747e-05
		(Epoch 05/08) Block Loss: 1.9730e-05
		(Epoch 06/08) Block Loss: 1.9716e-05
		(Epoch 07/08) Block Loss: 1.9704e-05
		(Epoch 08/08) Block Loss: 1.9691e-05
	(1/3) Block 10/28, self_attn.v_proj | Tuning Non-Factorized Weights...
		(Epoch 01/08) Block Loss: 1.9787e-05
		(Epoch 02/08) Block Loss: 1.9371e-05
		(Epoch 03/08) Block Loss: 1.9037e-05
		(Epoch 04/08) Block Loss: 1.8778e-05
		(Epoch 05/08) Block Loss: 1.8602e-05
		(Epoch 06/08) Block Loss: 1.8491e-05
		(Epoch 07/08) Block Loss: 1.8424e-05
		(Epoch 08/08) Block Loss: 1.8397e-05
	(2/3) Block 10/28, self_attn.v_proj | Initialization via ADMM...
		ADMM weight recon error: raw=291.9623, norm=0.3724, per_el=2.7844e-04, out_err=0.2003, ADMM time=36.14s
	(3/3) Block 10/28, self_attn.v_proj | Tuning Factorized Weights...
		(Epoch 01/08) Block Loss: 2.1117e-05
		(Epoch 02/08) Block Loss: 2.0663e-05
		(Epoch 03/08) Block Loss: 2.0516e-05
		(Epoch 04/08) Block Loss: 2.0452e-05
		(Epoch 05/08) Block Loss: 2.0423e-05
		(Epoch 06/08) Block Loss: 2.0394e-05
		(Epoch 07/08) Block Loss: 2.0377e-05
		(Epoch 08/08) Block Loss: 2.0347e-05
	(1/3) Block 10/28, self_attn.o_proj | Tuning Non-Factorized Weights...
		(Epoch 01/08) Block Loss: 1.9950e-05
		(Epoch 02/08) Block Loss: 1.9388e-05
		(Epoch 03/08) Block Loss: 1.9099e-05
		(Epoch 04/08) Block Loss: 1.8892e-05
		(Epoch 05/08) Block Loss: 1.8747e-05
		(Epoch 06/08) Block Loss: 1.8647e-05
		(Epoch 07/08) Block Loss: 1.8588e-05
		(Epoch 08/08) Block Loss: 1.8565e-05
	(2/3) Block 10/28, self_attn.o_proj | Initialization via ADMM...
		ADMM weight recon error: raw=448.5387, norm=0.3298, per_el=2.1388e-04, out_err=0.1195, ADMM time=10.29s
	(3/3) Block 10/28, self_attn.o_proj | Tuning Factorized Weights...
		(Epoch 01/08) Block Loss: 2.0280e-05
		(Epoch 02/08) Block Loss: 2.0211e-05
		(Epoch 03/08) Block Loss: 2.0236e-05
		(Epoch 04/08) Block Loss: 2.0259e-05
		(Epoch 05/08) Block Loss: 2.0285e-05
		(Epoch 06/08) Block Loss: 2.0263e-05
		(Epoch 07/08) Block Loss: 2.0249e-05
		(Epoch 08/08) Block Loss: 2.0151e-05
	(1/3) Block 10/28, self_attn.k_proj | Tuning Non-Factorized Weights...
		(Epoch 01/08) Block Loss: 1.9858e-05
		(Epoch 02/08) Block Loss: 1.9439e-05
		(Epoch 03/08) Block Loss: 1.9220e-05
		(Epoch 04/08) Block Loss: 1.9067e-05
		(Epoch 05/08) Block Loss: 1.8954e-05
		(Epoch 06/08) Block Loss: 1.8881e-05
		(Epoch 07/08) Block Loss: 1.8837e-05
		(Epoch 08/08) Block Loss: 1.8818e-05
	(2/3) Block 10/28, self_attn.k_proj | Initialization via ADMM...
		ADMM weight recon error: raw=232.4860, norm=0.2996, per_el=2.2172e-04, out_err=0.0585, ADMM time=28.20s
	(3/3) Block 10/28, self_attn.k_proj | Tuning Factorized Weights...
		(Epoch 01/08) Block Loss: 2.0307e-05
		(Epoch 02/08) Block Loss: 1.9371e-05
		(Epoch 03/08) Block Loss: 1.9136e-05
		(Epoch 04/08) Block Loss: 1.9078e-05
		(Epoch 05/08) Block Loss: 1.9058e-05
		(Epoch 06/08) Block Loss: 1.9045e-05
		(Epoch 07/08) Block Loss: 1.9033e-05
		(Epoch 08/08) Block Loss: 1.9026e-05
	(1/3) Block 10/28, mlp.gate_proj | Tuning Non-Factorized Weights...
		(Epoch 01/08) Block Loss: 1.9109e-05
		(Epoch 02/08) Block Loss: 1.8915e-05
		(Epoch 03/08) Block Loss: 1.8789e-05
		(Epoch 04/08) Block Loss: 1.8698e-05
		(Epoch 05/08) Block Loss: 1.8620e-05
		(Epoch 06/08) Block Loss: 1.8568e-05
		(Epoch 07/08) Block Loss: 1.8534e-05
		(Epoch 08/08) Block Loss: 1.8519e-05
	(2/3) Block 10/28, mlp.gate_proj | Initialization via ADMM...
		ADMM weight recon error: raw=1145.2729, norm=0.3167, per_el=3.6407e-04, out_err=0.0644, ADMM time=3.95s
	(3/3) Block 10/28, mlp.gate_proj | Tuning Factorized Weights...
		(Epoch 01/08) Block Loss: 2.1569e-05
		(Epoch 02/08) Block Loss: 2.1023e-05
		(Epoch 03/08) Block Loss: 2.0899e-05
		(Epoch 04/08) Block Loss: 2.0862e-05
		(Epoch 05/08) Block Loss: 2.0832e-05
		(Epoch 06/08) Block Loss: 2.0781e-05
		(Epoch 07/08) Block Loss: 2.0750e-05
		(Epoch 08/08) Block Loss: 2.0605e-05
	(1/3) Block 10/28, mlp.up_proj | Tuning Non-Factorized Weights...
		(Epoch 01/08) Block Loss: 2.0280e-05
		(Epoch 02/08) Block Loss: 1.9988e-05
		(Epoch 03/08) Block Loss: 1.9841e-05
		(Epoch 04/08) Block Loss: 1.9747e-05
		(Epoch 05/08) Block Loss: 1.9674e-05
		(Epoch 06/08) Block Loss: 1.9627e-05
		(Epoch 07/08) Block Loss: 1.9598e-05
		(Epoch 08/08) Block Loss: 1.9585e-05
	(2/3) Block 10/28, mlp.up_proj | Initialization via ADMM...
		ADMM weight recon error: raw=841.4674, norm=0.3506, per_el=2.6750e-04, out_err=0.2139, ADMM time=6.26s
	(3/3) Block 10/28, mlp.up_proj | Tuning Factorized Weights...
		(Epoch 01/08) Block Loss: 2.4840e-05
		(Epoch 02/08) Block Loss: 2.4007e-05
		(Epoch 03/08) Block Loss: 2.3838e-05
		(Epoch 04/08) Block Loss: 2.3831e-05
		(Epoch 05/08) Block Loss: 2.3784e-05
		(Epoch 06/08) Block Loss: 2.3628e-05
		(Epoch 07/08) Block Loss: 2.3631e-05
		(Epoch 08/08) Block Loss: 2.3363e-05
	(1/3) Block 10/28, mlp.down_proj | Tuning Non-Factorized Weights...
		(Epoch 01/08) Block Loss: 2.2750e-05
Token indices sequence length is longer than the specified maximum sequence length for this model (299078 > 131072). Running this sequence through the model will result in indexing errors
Compressing Layers:  32%|█████████████████████████████████▊                                                                       | 9/28 [41:57<1:28:35, 279.76s/it]
Token indices sequence length is longer than the specified maximum sequence length for this model (299078 > 131072). Running this sequence through the model will result in indexing errors
		(Epoch 02/08) Block Loss: 2.2346e-05
		(Epoch 03/08) Block Loss: 2.2139e-05
		(Epoch 04/08) Block Loss: 2.2016e-05
		(Epoch 05/08) Block Loss: 2.1933e-05
		(Epoch 06/08) Block Loss: 2.1885e-05
		(Epoch 07/08) Block Loss: 2.1858e-05
		(Epoch 08/08) Block Loss: 2.1848e-05
	(2/3) Block 10/28, mlp.down_proj | Initialization via ADMM...
		ADMM weight recon error: raw=678.6359, norm=0.3263, per_el=2.1573e-04, out_err=0.2780, ADMM time=4.87s
	(3/3) Block 10/28, mlp.down_proj | Tuning Factorized Weights...
		(Epoch 01/08) Block Loss: 2.8001e-05
		(Epoch 02/08) Block Loss: 2.7483e-05
		(Epoch 03/08) Block Loss: 2.7450e-05
		(Epoch 04/08) Block Loss: 2.7543e-05
		(Epoch 05/08) Block Loss: 2.7496e-05
		(Epoch 06/08) Block Loss: 2.7403e-05
		(Epoch 07/08) Block Loss: 2.7368e-05
		(Epoch 08/08) Block Loss: 2.7046e-05
		Block 9: relative block output error = 0.0041
Using sequence length: 2048 (model max: 2048)
		Block 9: Test Data PPL        = 19.170
Stopping after block 9 (block_indices=[0, 1, 2, 3, 4, 5, 6, 7, 8, 9])
mean weight err 0.3349 | mean out err 0.1335
Using sequence length: 2048 (model max: 2048)
Evaluating perplexity on wikitext2 - num_samples=146, seqlen=2048
Evaluating PPL for wikitext2 (PPL: N/A):   0%|                                                                                              | 0/146 [00:00<?, ?it/s]Evaluating PPL for wikitext2 (PPL: 11.4444):   0%|                                                                                          | 0/146 [00:00<?, ?it/s]Evaluating PPL for wikitext2 (PPL: 11.4444):   1%|▌                                                                                 | 1/146 [00:00<00:20,  6.93it/s]Evaluating PPL for wikitext2 (PPL: 14.6949):   1%|▌                                                                                 | 1/146 [00:00<00:20,  6.93it/s]Evaluating PPL for wikitext2 (PPL: 14.6949):   1%|█                                                                                 | 2/146 [00:00<00:20,  7.00it/s]Evaluating PPL for wikitext2 (PPL: 18.0046):   1%|█                                                                                 | 2/146 [00:00<00:20,  7.00it/s]Evaluating PPL for wikitext2 (PPL: 18.0046):   2%|█▋                                                                                | 3/146 [00:00<00:19,  7.32it/s]Evaluating PPL for wikitext2 (PPL: 19.2408):   2%|█▋                                                                                | 3/146 [00:00<00:19,  7.32it/s]Evaluating PPL for wikitext2 (PPL: 19.2408):   3%|██▏                                                                               | 4/146 [00:00<00:19,  7.24it/s]Evaluating PPL for wikitext2 (PPL: 18.3453):   3%|██▏                                                                               | 4/146 [00:00<00:19,  7.24it/s]Evaluating PPL for wikitext2 (PPL: 18.3453):   3%|██▊                                                                               | 5/146 [00:00<00:19,  7.23it/s]Evaluating PPL for wikitext2 (PPL: 16.3933):   3%|██▊                                                                               | 5/146 [00:00<00:19,  7.23it/s]Evaluating PPL for wikitext2 (PPL: 16.3933):   4%|███▎                                                                              | 6/146 [00:00<00:19,  7.18it/s]Evaluating PPL for wikitext2 (PPL: 15.9601):   4%|███▎                                                                              | 6/146 [00:00<00:19,  7.18it/s]Evaluating PPL for wikitext2 (PPL: 15.9601):   5%|███▉                                                                              | 7/146 [00:00<00:19,  7.18it/s]Evaluating PPL for wikitext2 (PPL: 15.7653):   5%|███▉                                                                              | 7/146 [00:01<00:19,  7.18it/s]Evaluating PPL for wikitext2 (PPL: 15.7653):   5%|████▍                                                                             | 8/146 [00:01<00:19,  7.23it/s]Evaluating PPL for wikitext2 (PPL: 17.8800):   5%|████▍                                                                             | 8/146 [00:01<00:19,  7.23it/s]Evaluating PPL for wikitext2 (PPL: 17.8800):   6%|█████                                                                             | 9/146 [00:01<00:18,  7.56it/s]Evaluating PPL for wikitext2 (PPL: 18.0892):   6%|█████                                                                             | 9/146 [00:01<00:18,  7.56it/s]Evaluating PPL for wikitext2 (PPL: 18.0892):   7%|█████▌                                                                           | 10/146 [00:01<00:18,  7.47it/s]Evaluating PPL for wikitext2 (PPL: 17.9025):   7%|█████▌                                                                           | 10/146 [00:01<00:18,  7.47it/s]Evaluating PPL for wikitext2 (PPL: 17.9025):   8%|██████                                                                           | 11/146 [00:01<00:17,  7.68it/s]Evaluating PPL for wikitext2 (PPL: 17.7485):   8%|██████                                                                           | 11/146 [00:01<00:17,  7.68it/s]Evaluating PPL for wikitext2 (PPL: 17.7485):   8%|██████▋                                                                          | 12/146 [00:01<00:17,  7.67it/s]Evaluating PPL for wikitext2 (PPL: 17.3669):   8%|██████▋                                                                          | 12/146 [00:01<00:17,  7.67it/s]Evaluating PPL for wikitext2 (PPL: 17.3669):   9%|███████▏                                                                         | 13/146 [00:01<00:17,  7.50it/s]Evaluating PPL for wikitext2 (PPL: 17.5287):   9%|███████▏                                                                         | 13/146 [00:01<00:17,  7.50it/s]Evaluating PPL for wikitext2 (PPL: 17.5287):  10%|███████▊                                                                         | 14/146 [00:01<00:17,  7.42it/s]Evaluating PPL for wikitext2 (PPL: 17.3781):  10%|███████▊                                                                         | 14/146 [00:02<00:17,  7.42it/s]Evaluating PPL for wikitext2 (PPL: 17.3781):  10%|████████▎                                                                        | 15/146 [00:02<00:17,  7.34it/s]Evaluating PPL for wikitext2 (PPL: 17.4506):  10%|████████▎                                                                        | 15/146 [00:02<00:17,  7.34it/s]Evaluating PPL for wikitext2 (PPL: 17.4506):  11%|████████▉                                                                        | 16/146 [00:02<00:17,  7.30it/s]Evaluating PPL for wikitext2 (PPL: 17.6279):  11%|████████▉                                                                        | 16/146 [00:02<00:17,  7.30it/s]Evaluating PPL for wikitext2 (PPL: 17.6279):  12%|█████████▍                                                                       | 17/146 [00:02<00:17,  7.39it/s]Evaluating PPL for wikitext2 (PPL: 17.5722):  12%|█████████▍                                                                       | 17/146 [00:02<00:17,  7.39it/s]Evaluating PPL for wikitext2 (PPL: 17.5722):  12%|█████████▉                                                                       | 18/146 [00:02<00:17,  7.31it/s]Evaluating PPL for wikitext2 (PPL: 17.3219):  12%|█████████▉                                                                       | 18/146 [00:02<00:17,  7.31it/s]Evaluating PPL for wikitext2 (PPL: 17.3219):  13%|██████████▌                                                                      | 19/146 [00:02<00:17,  7.27it/s]Evaluating PPL for wikitext2 (PPL: 17.0864):  13%|██████████▌                                                                      | 19/146 [00:02<00:17,  7.27it/s]Evaluating PPL for wikitext2 (PPL: 17.0864):  14%|███████████                                                                      | 20/146 [00:02<00:17,  7.25it/s]Evaluating PPL for wikitext2 (PPL: 16.9768):  14%|███████████                                                                      | 20/146 [00:02<00:17,  7.25it/s]Evaluating PPL for wikitext2 (PPL: 16.9768):  14%|███████████▋                                                                     | 21/146 [00:02<00:17,  7.23it/s]Evaluating PPL for wikitext2 (PPL: 17.2045):  14%|███████████▋                                                                     | 21/146 [00:03<00:17,  7.23it/s]Evaluating PPL for wikitext2 (PPL: 17.2045):  15%|████████████▏                                                                    | 22/146 [00:03<00:17,  7.25it/s]Evaluating PPL for wikitext2 (PPL: 17.1451):  15%|████████████▏                                                                    | 22/146 [00:03<00:17,  7.25it/s]Evaluating PPL for wikitext2 (PPL: 17.1451):  16%|████████████▊                                                                    | 23/146 [00:03<00:17,  7.21it/s]Evaluating PPL for wikitext2 (PPL: 17.2025):  16%|████████████▊                                                                    | 23/146 [00:03<00:17,  7.21it/s]Evaluating PPL for wikitext2 (PPL: 17.2025):  16%|█████████████▎                                                                   | 24/146 [00:03<00:16,  7.19it/s]Evaluating PPL for wikitext2 (PPL: 17.2878):  16%|█████████████▎                                                                   | 24/146 [00:03<00:16,  7.19it/s]Evaluating PPL for wikitext2 (PPL: 17.2878):  17%|█████████████▊                                                                   | 25/146 [00:03<00:16,  7.42it/s]Evaluating PPL for wikitext2 (PPL: 17.3878):  17%|█████████████▊                                                                   | 25/146 [00:03<00:16,  7.42it/s]Evaluating PPL for wikitext2 (PPL: 17.3878):  18%|██████████████▍                                                                  | 26/146 [00:03<00:15,  7.69it/s]Evaluating PPL for wikitext2 (PPL: 17.4911):  18%|██████████████▍                                                                  | 26/146 [00:03<00:15,  7.69it/s]Evaluating PPL for wikitext2 (PPL: 17.4911):  18%|██████████████▉                                                                  | 27/146 [00:03<00:15,  7.68it/s]Evaluating PPL for wikitext2 (PPL: 17.7650):  18%|██████████████▉                                                                  | 27/146 [00:03<00:15,  7.68it/s]Evaluating PPL for wikitext2 (PPL: 17.7650):  19%|███████████████▌                                                                 | 28/146 [00:03<00:15,  7.46it/s]Evaluating PPL for wikitext2 (PPL: 17.8982):  19%|███████████████▌                                                                 | 28/146 [00:03<00:15,  7.46it/s]Evaluating PPL for wikitext2 (PPL: 17.8982):  20%|████████████████                                                                 | 29/146 [00:03<00:15,  7.33it/s]Evaluating PPL for wikitext2 (PPL: 17.7439):  20%|████████████████                                                                 | 29/146 [00:04<00:15,  7.33it/s]Evaluating PPL for wikitext2 (PPL: 17.7439):  21%|████████████████▋                                                                | 30/146 [00:04<00:15,  7.32it/s]Evaluating PPL for wikitext2 (PPL: 17.5742):  21%|████████████████▋                                                                | 30/146 [00:04<00:15,  7.32it/s]Evaluating PPL for wikitext2 (PPL: 17.5742):  21%|█████████████████▏                                                               | 31/146 [00:04<00:16,  7.16it/s]Evaluating PPL for wikitext2 (PPL: 17.6649):  21%|█████████████████▏                                                               | 31/146 [00:04<00:16,  7.16it/s]Evaluating PPL for wikitext2 (PPL: 17.6649):  22%|█████████████████▊                                                               | 32/146 [00:04<00:16,  7.09it/s]Evaluating PPL for wikitext2 (PPL: 17.4589):  22%|█████████████████▊                                                               | 32/146 [00:04<00:16,  7.09it/s]Evaluating PPL for wikitext2 (PPL: 17.4589):  23%|██████████████████▎                                                              | 33/146 [00:04<00:16,  7.05it/s]Evaluating PPL for wikitext2 (PPL: 17.4426):  23%|██████████████████▎                                                              | 33/146 [00:04<00:16,  7.05it/s]Evaluating PPL for wikitext2 (PPL: 17.4426):  23%|██████████████████▊                                                              | 34/146 [00:04<00:16,  6.99it/s]Evaluating PPL for wikitext2 (PPL: 17.3419):  23%|██████████████████▊                                                              | 34/146 [00:04<00:16,  6.99it/s]Evaluating PPL for wikitext2 (PPL: 17.3419):  24%|███████████████████▍                                                             | 35/146 [00:04<00:15,  6.98it/s]Evaluating PPL for wikitext2 (PPL: 17.3299):  24%|███████████████████▍                                                             | 35/146 [00:04<00:15,  6.98it/s]Evaluating PPL for wikitext2 (PPL: 17.3299):  25%|███████████████████▉                                                             | 36/146 [00:04<00:16,  6.87it/s]Evaluating PPL for wikitext2 (PPL: 17.0356):  25%|███████████████████▉                                                             | 36/146 [00:05<00:16,  6.87it/s]Evaluating PPL for wikitext2 (PPL: 17.0356):  25%|████████████████████▌                                                            | 37/146 [00:05<00:15,  6.88it/s]Evaluating PPL for wikitext2 (PPL: 16.7683):  25%|████████████████████▌                                                            | 37/146 [00:05<00:15,  6.88it/s]Evaluating PPL for wikitext2 (PPL: 16.7683):  26%|█████████████████████                                                            | 38/146 [00:05<00:15,  6.88it/s]Evaluating PPL for wikitext2 (PPL: 16.6182):  26%|█████████████████████                                                            | 38/146 [00:05<00:15,  6.88it/s]Evaluating PPL for wikitext2 (PPL: 16.6182):  27%|█████████████████████▋                                                           | 39/146 [00:05<00:15,  6.89it/s]Evaluating PPL for wikitext2 (PPL: 16.3486):  27%|█████████████████████▋                                                           | 39/146 [00:05<00:15,  6.89it/s]Evaluating PPL for wikitext2 (PPL: 16.3486):  27%|██████████████████████▏                                                          | 40/146 [00:05<00:15,  6.89it/s]Evaluating PPL for wikitext2 (PPL: 16.2193):  27%|██████████████████████▏                                                          | 40/146 [00:05<00:15,  6.89it/s]Evaluating PPL for wikitext2 (PPL: 16.2193):  28%|██████████████████████▋                                                          | 41/146 [00:05<00:14,  7.02it/s]Evaluating PPL for wikitext2 (PPL: 16.2235):  28%|██████████████████████▋                                                          | 41/146 [00:05<00:14,  7.02it/s]Evaluating PPL for wikitext2 (PPL: 16.2235):  29%|███████████████████████▎                                                         | 42/146 [00:05<00:14,  6.96it/s]Evaluating PPL for wikitext2 (PPL: 16.3933):  29%|███████████████████████▎                                                         | 42/146 [00:05<00:14,  6.96it/s]Evaluating PPL for wikitext2 (PPL: 16.3933):  29%|███████████████████████▊                                                         | 43/146 [00:05<00:14,  6.92it/s]Evaluating PPL for wikitext2 (PPL: 16.6102):  29%|███████████████████████▊                                                         | 43/146 [00:06<00:14,  6.92it/s]Evaluating PPL for wikitext2 (PPL: 16.6102):  30%|████████████████████████▍                                                        | 44/146 [00:06<00:14,  6.98it/s]Evaluating PPL for wikitext2 (PPL: 16.7967):  30%|████████████████████████▍                                                        | 44/146 [00:06<00:14,  6.98it/s]Evaluating PPL for wikitext2 (PPL: 16.7967):  31%|████████████████████████▉                                                        | 45/146 [00:06<00:14,  7.07it/s]Evaluating PPL for wikitext2 (PPL: 16.9770):  31%|████████████████████████▉                                                        | 45/146 [00:06<00:14,  7.07it/s]Evaluating PPL for wikitext2 (PPL: 16.9770):  32%|█████████████████████████▌                                                       | 46/146 [00:06<00:14,  7.05it/s]Evaluating PPL for wikitext2 (PPL: 17.1060):  32%|█████████████████████████▌                                                       | 46/146 [00:06<00:14,  7.05it/s]Evaluating PPL for wikitext2 (PPL: 17.1060):  32%|██████████████████████████                                                       | 47/146 [00:06<00:14,  7.05it/s]Evaluating PPL for wikitext2 (PPL: 17.1745):  32%|██████████████████████████                                                       | 47/146 [00:06<00:14,  7.05it/s]Evaluating PPL for wikitext2 (PPL: 17.1745):  33%|██████████████████████████▋                                                      | 48/146 [00:06<00:13,  7.01it/s]Evaluating PPL for wikitext2 (PPL: 17.2349):  33%|██████████████████████████▋                                                      | 48/146 [00:06<00:13,  7.01it/s]Evaluating PPL for wikitext2 (PPL: 17.2349):  34%|███████████████████████████▏                                                     | 49/146 [00:06<00:13,  6.97it/s]Evaluating PPL for wikitext2 (PPL: 17.1586):  34%|███████████████████████████▏                                                     | 49/146 [00:06<00:13,  6.97it/s]Evaluating PPL for wikitext2 (PPL: 17.1586):  34%|███████████████████████████▋                                                     | 50/146 [00:06<00:13,  6.93it/s]Evaluating PPL for wikitext2 (PPL: 17.1590):  34%|███████████████████████████▋                                                     | 50/146 [00:07<00:13,  6.93it/s]Evaluating PPL for wikitext2 (PPL: 17.1590):  35%|████████████████████████████▎                                                    | 51/146 [00:07<00:13,  6.95it/s]Evaluating PPL for wikitext2 (PPL: 17.0464):  35%|████████████████████████████▎                                                    | 51/146 [00:07<00:13,  6.95it/s]Evaluating PPL for wikitext2 (PPL: 17.0464):  36%|████████████████████████████▊                                                    | 52/146 [00:07<00:13,  6.95it/s]Evaluating PPL for wikitext2 (PPL: 17.1750):  36%|████████████████████████████▊                                                    | 52/146 [00:07<00:13,  6.95it/s]Evaluating PPL for wikitext2 (PPL: 17.1750):  36%|█████████████████████████████▍                                                   | 53/146 [00:07<00:13,  6.91it/s]Evaluating PPL for wikitext2 (PPL: 17.0168):  36%|█████████████████████████████▍                                                   | 53/146 [00:07<00:13,  6.91it/s]Evaluating PPL for wikitext2 (PPL: 17.0168):  37%|█████████████████████████████▉                                                   | 54/146 [00:07<00:13,  6.88it/s]Evaluating PPL for wikitext2 (PPL: 16.8753):  37%|█████████████████████████████▉                                                   | 54/146 [00:07<00:13,  6.88it/s]Evaluating PPL for wikitext2 (PPL: 16.8753):  38%|██████████████████████████████▌                                                  | 55/146 [00:07<00:13,  6.87it/s]Evaluating PPL for wikitext2 (PPL: 16.7400):  38%|██████████████████████████████▌                                                  | 55/146 [00:07<00:13,  6.87it/s]Evaluating PPL for wikitext2 (PPL: 16.7400):  38%|███████████████████████████████                                                  | 56/146 [00:07<00:13,  6.86it/s]Evaluating PPL for wikitext2 (PPL: 16.5559):  38%|███████████████████████████████                                                  | 56/146 [00:07<00:13,  6.86it/s]Evaluating PPL for wikitext2 (PPL: 16.5559):  39%|███████████████████████████████▌                                                 | 57/146 [00:07<00:12,  7.07it/s]Evaluating PPL for wikitext2 (PPL: 16.3492):  39%|███████████████████████████████▌                                                 | 57/146 [00:08<00:12,  7.07it/s]Evaluating PPL for wikitext2 (PPL: 16.3492):  40%|████████████████████████████████▏                                                | 58/146 [00:08<00:12,  7.00it/s]Evaluating PPL for wikitext2 (PPL: 16.2679):  40%|████████████████████████████████▏                                                | 58/146 [00:08<00:12,  7.00it/s]Evaluating PPL for wikitext2 (PPL: 16.2679):  40%|████████████████████████████████▋                                                | 59/146 [00:08<00:12,  6.94it/s]Evaluating PPL for wikitext2 (PPL: 16.4575):  40%|████████████████████████████████▋                                                | 59/146 [00:08<00:12,  6.94it/s]Evaluating PPL for wikitext2 (PPL: 16.4575):  41%|█████████████████████████████████▎                                               | 60/146 [00:08<00:12,  6.91it/s]Evaluating PPL for wikitext2 (PPL: 16.4902):  41%|█████████████████████████████████▎                                               | 60/146 [00:08<00:12,  6.91it/s]Evaluating PPL for wikitext2 (PPL: 16.4902):  42%|█████████████████████████████████▊                                               | 61/146 [00:08<00:12,  6.89it/s]Evaluating PPL for wikitext2 (PPL: 16.5678):  42%|█████████████████████████████████▊                                               | 61/146 [00:08<00:12,  6.89it/s]Evaluating PPL for wikitext2 (PPL: 16.5678):  42%|██████████████████████████████████▍                                              | 62/146 [00:08<00:12,  6.86it/s]Evaluating PPL for wikitext2 (PPL: 16.6267):  42%|██████████████████████████████████▍                                              | 62/146 [00:08<00:12,  6.86it/s]Evaluating PPL for wikitext2 (PPL: 16.6267):  43%|██████████████████████████████████▉                                              | 63/146 [00:08<00:11,  6.96it/s]Evaluating PPL for wikitext2 (PPL: 16.7575):  43%|██████████████████████████████████▉                                              | 63/146 [00:08<00:11,  6.96it/s]Evaluating PPL for wikitext2 (PPL: 16.7575):  44%|███████████████████████████████████▌                                             | 64/146 [00:08<00:11,  6.98it/s]Evaluating PPL for wikitext2 (PPL: 16.7197):  44%|███████████████████████████████████▌                                             | 64/146 [00:09<00:11,  6.98it/s]Evaluating PPL for wikitext2 (PPL: 16.7197):  45%|████████████████████████████████████                                             | 65/146 [00:09<00:11,  6.97it/s]Evaluating PPL for wikitext2 (PPL: 16.7028):  45%|████████████████████████████████████                                             | 65/146 [00:09<00:11,  6.97it/s]Evaluating PPL for wikitext2 (PPL: 16.7028):  45%|████████████████████████████████████▌                                            | 66/146 [00:09<00:11,  6.92it/s]Evaluating PPL for wikitext2 (PPL: 16.7645):  45%|████████████████████████████████████▌                                            | 66/146 [00:09<00:11,  6.92it/s]Evaluating PPL for wikitext2 (PPL: 16.7645):  46%|█████████████████████████████████████▏                                           | 67/146 [00:09<00:11,  6.89it/s]Evaluating PPL for wikitext2 (PPL: 16.7705):  46%|█████████████████████████████████████▏                                           | 67/146 [00:09<00:11,  6.89it/s]Evaluating PPL for wikitext2 (PPL: 16.7705):  47%|█████████████████████████████████████▋                                           | 68/146 [00:09<00:10,  7.12it/s]Evaluating PPL for wikitext2 (PPL: 16.7688):  47%|█████████████████████████████████████▋                                           | 68/146 [00:09<00:10,  7.12it/s]Evaluating PPL for wikitext2 (PPL: 16.7688):  47%|██████████████████████████████████████▎                                          | 69/146 [00:09<00:10,  7.51it/s]Evaluating PPL for wikitext2 (PPL: 16.7521):  47%|██████████████████████████████████████▎                                          | 69/146 [00:09<00:10,  7.51it/s]Evaluating PPL for wikitext2 (PPL: 16.7521):  48%|██████████████████████████████████████▊                                          | 70/146 [00:09<00:09,  7.95it/s]Evaluating PPL for wikitext2 (PPL: 16.6992):  48%|██████████████████████████████████████▊                                          | 70/146 [00:09<00:09,  7.95it/s]Evaluating PPL for wikitext2 (PPL: 16.6992):  49%|███████████████████████████████████████▍                                         | 71/146 [00:09<00:09,  8.25it/s]Evaluating PPL for wikitext2 (PPL: 16.7421):  49%|███████████████████████████████████████▍                                         | 71/146 [00:09<00:09,  8.25it/s]Evaluating PPL for wikitext2 (PPL: 16.7421):  49%|███████████████████████████████████████▉                                         | 72/146 [00:09<00:08,  8.34it/s]Evaluating PPL for wikitext2 (PPL: 16.8703):  49%|███████████████████████████████████████▉                                         | 72/146 [00:10<00:08,  8.34it/s]Evaluating PPL for wikitext2 (PPL: 16.8703):  50%|████████████████████████████████████████▌                                        | 73/146 [00:10<00:08,  8.61it/s]Evaluating PPL for wikitext2 (PPL: 16.9781):  50%|████████████████████████████████████████▌                                        | 73/146 [00:10<00:08,  8.61it/s]Evaluating PPL for wikitext2 (PPL: 16.9781):  51%|█████████████████████████████████████████                                        | 74/146 [00:10<00:08,  8.52it/s]Evaluating PPL for wikitext2 (PPL: 17.0304):  51%|█████████████████████████████████████████                                        | 74/146 [00:10<00:08,  8.52it/s]Evaluating PPL for wikitext2 (PPL: 17.0304):  51%|█████████████████████████████████████████▌                                       | 75/146 [00:10<00:08,  8.26it/s]Evaluating PPL for wikitext2 (PPL: 16.9869):  51%|█████████████████████████████████████████▌                                       | 75/146 [00:10<00:08,  8.26it/s]Evaluating PPL for wikitext2 (PPL: 16.9869):  52%|██████████████████████████████████████████▏                                      | 76/146 [00:10<00:08,  8.12it/s]Evaluating PPL for wikitext2 (PPL: 16.9584):  52%|██████████████████████████████████████████▏                                      | 76/146 [00:10<00:08,  8.12it/s]Evaluating PPL for wikitext2 (PPL: 16.9584):  53%|██████████████████████████████████████████▋                                      | 77/146 [00:10<00:08,  8.00it/s]Evaluating PPL for wikitext2 (PPL: 16.9171):  53%|██████████████████████████████████████████▋                                      | 77/146 [00:10<00:08,  8.00it/s]Evaluating PPL for wikitext2 (PPL: 16.9171):  53%|███████████████████████████████████████████▎                                     | 78/146 [00:10<00:08,  7.93it/s]Evaluating PPL for wikitext2 (PPL: 16.9238):  53%|███████████████████████████████████████████▎                                     | 78/146 [00:10<00:08,  7.93it/s]Evaluating PPL for wikitext2 (PPL: 16.9238):  54%|███████████████████████████████████████████▊                                     | 79/146 [00:10<00:08,  7.87it/s]Evaluating PPL for wikitext2 (PPL: 16.9600):  54%|███████████████████████████████████████████▊                                     | 79/146 [00:10<00:08,  7.87it/s]Evaluating PPL for wikitext2 (PPL: 16.9600):  55%|████████████████████████████████████████████▍                                    | 80/146 [00:10<00:08,  7.91it/s]Evaluating PPL for wikitext2 (PPL: 16.9595):  55%|████████████████████████████████████████████▍                                    | 80/146 [00:11<00:08,  7.91it/s]Evaluating PPL for wikitext2 (PPL: 16.9595):  55%|████████████████████████████████████████████▉                                    | 81/146 [00:11<00:07,  8.16it/s]Evaluating PPL for wikitext2 (PPL: 16.9654):  55%|████████████████████████████████████████████▉                                    | 81/146 [00:11<00:07,  8.16it/s]Evaluating PPL for wikitext2 (PPL: 16.9654):  56%|█████████████████████████████████████████████▍                                   | 82/146 [00:11<00:07,  8.57it/s]Evaluating PPL for wikitext2 (PPL: 16.8851):  56%|█████████████████████████████████████████████▍                                   | 82/146 [00:11<00:07,  8.57it/s]Evaluating PPL for wikitext2 (PPL: 16.8851):  57%|██████████████████████████████████████████████                                   | 83/146 [00:11<00:07,  8.91it/s]Evaluating PPL for wikitext2 (PPL: 16.7977):  57%|██████████████████████████████████████████████                                   | 83/146 [00:11<00:07,  8.91it/s]Evaluating PPL for wikitext2 (PPL: 16.7977):  58%|██████████████████████████████████████████████▌                                  | 84/146 [00:11<00:06,  9.15it/s]Evaluating PPL for wikitext2 (PPL: 16.7806):  58%|██████████████████████████████████████████████▌                                  | 84/146 [00:11<00:06,  9.15it/s]Evaluating PPL for wikitext2 (PPL: 16.7806):  58%|███████████████████████████████████████████████▏                                 | 85/146 [00:11<00:06,  9.31it/s]Evaluating PPL for wikitext2 (PPL: 16.7943):  58%|███████████████████████████████████████████████▏                                 | 85/146 [00:11<00:06,  9.31it/s]Evaluating PPL for wikitext2 (PPL: 16.7943):  59%|███████████████████████████████████████████████▋                                 | 86/146 [00:11<00:06,  9.39it/s]Evaluating PPL for wikitext2 (PPL: 16.7896):  59%|███████████████████████████████████████████████▋                                 | 86/146 [00:11<00:06,  9.39it/s]Evaluating PPL for wikitext2 (PPL: 16.9017):  59%|███████████████████████████████████████████████▋                                 | 86/146 [00:11<00:06,  9.39it/s]Evaluating PPL for wikitext2 (PPL: 16.9017):  60%|████████████████████████████████████████████████▊                                | 88/146 [00:11<00:05,  9.97it/s]Evaluating PPL for wikitext2 (PPL: 16.9583):  60%|████████████████████████████████████████████████▊                                | 88/146 [00:11<00:05,  9.97it/s]Evaluating PPL for wikitext2 (PPL: 16.9583):  61%|█████████████████████████████████████████████████▍                               | 89/146 [00:11<00:05,  9.97it/s]Evaluating PPL for wikitext2 (PPL: 16.9726):  61%|█████████████████████████████████████████████████▍                               | 89/146 [00:11<00:05,  9.97it/s]Evaluating PPL for wikitext2 (PPL: 17.0332):  61%|█████████████████████████████████████████████████▍                               | 89/146 [00:12<00:05,  9.97it/s]Evaluating PPL for wikitext2 (PPL: 17.0332):  62%|██████████████████████████████████████████████████▍                              | 91/146 [00:12<00:05, 10.32it/s]Evaluating PPL for wikitext2 (PPL: 17.1713):  62%|██████████████████████████████████████████████████▍                              | 91/146 [00:12<00:05, 10.32it/s]Evaluating PPL for wikitext2 (PPL: 17.3017):  62%|██████████████████████████████████████████████████▍                              | 91/146 [00:12<00:05, 10.32it/s]Evaluating PPL for wikitext2 (PPL: 17.3017):  64%|███████████████████████████████████████████████████▌                             | 93/146 [00:12<00:05,  9.90it/s]Evaluating PPL for wikitext2 (PPL: 17.3783):  64%|███████████████████████████████████████████████████▌                             | 93/146 [00:12<00:05,  9.90it/s]Evaluating PPL for wikitext2 (PPL: 17.3783):  64%|████████████████████████████████████████████████████▏                            | 94/146 [00:12<00:05,  9.84it/s]Evaluating PPL for wikitext2 (PPL: 17.4678):  64%|████████████████████████████████████████████████████▏                            | 94/146 [00:12<00:05,  9.84it/s]Evaluating PPL for wikitext2 (PPL: 17.4678):  65%|████████████████████████████████████████████████████▋                            | 95/146 [00:12<00:05,  9.74it/s]Evaluating PPL for wikitext2 (PPL: 17.5560):  65%|████████████████████████████████████████████████████▋                            | 95/146 [00:12<00:05,  9.74it/s]Evaluating PPL for wikitext2 (PPL: 17.5560):  66%|█████████████████████████████████████████████████████▎                           | 96/146 [00:12<00:05,  9.65it/s]Evaluating PPL for wikitext2 (PPL: 17.6371):  66%|█████████████████████████████████████████████████████▎                           | 96/146 [00:12<00:05,  9.65it/s]Evaluating PPL for wikitext2 (PPL: 17.6371):  66%|█████████████████████████████████████████████████████▊                           | 97/146 [00:12<00:05,  9.55it/s]Evaluating PPL for wikitext2 (PPL: 17.6972):  66%|█████████████████████████████████████████████████████▊                           | 97/146 [00:12<00:05,  9.55it/s]Evaluating PPL for wikitext2 (PPL: 17.6972):  67%|██████████████████████████████████████████████████████▎                          | 98/146 [00:12<00:05,  9.46it/s]Evaluating PPL for wikitext2 (PPL: 17.6863):  67%|██████████████████████████████████████████████████████▎                          | 98/146 [00:12<00:05,  9.46it/s]Evaluating PPL for wikitext2 (PPL: 17.7199):  67%|██████████████████████████████████████████████████████▎                          | 98/146 [00:13<00:05,  9.46it/s]Evaluating PPL for wikitext2 (PPL: 17.7199):  68%|██████████████████████████████████████████████████████▊                         | 100/146 [00:13<00:04,  9.62it/s]Evaluating PPL for wikitext2 (PPL: 17.7199):  68%|██████████████████████████████████████████████████████▊                         | 100/146 [00:13<00:04,  9.62it/s]Evaluating PPL for wikitext2 (PPL: 17.7199):  69%|███████████████████████████████████████████████████████▎                        | 101/146 [00:13<00:04,  9.53it/s]Evaluating PPL for wikitext2 (PPL: 17.7091):  69%|███████████████████████████████████████████████████████▎                        | 101/146 [00:13<00:04,  9.53it/s]Evaluating PPL for wikitext2 (PPL: 17.7091):  70%|███████████████████████████████████████████████████████▉                        | 102/146 [00:13<00:04,  9.45it/s]Evaluating PPL for wikitext2 (PPL: 17.7335):  70%|███████████████████████████████████████████████████████▉                        | 102/146 [00:13<00:04,  9.45it/s]Evaluating PPL for wikitext2 (PPL: 17.7335):  71%|████████████████████████████████████████████████████████▍                       | 103/146 [00:13<00:04,  9.46it/s]Evaluating PPL for wikitext2 (PPL: 17.7494):  71%|████████████████████████████████████████████████████████▍                       | 103/146 [00:13<00:04,  9.46it/s]Evaluating PPL for wikitext2 (PPL: 17.7494):  71%|████████████████████████████████████████████████████████▉                       | 104/146 [00:13<00:04,  9.50it/s]Evaluating PPL for wikitext2 (PPL: 17.7915):  71%|████████████████████████████████████████████████████████▉                       | 104/146 [00:13<00:04,  9.50it/s]Evaluating PPL for wikitext2 (PPL: 17.8171):  71%|████████████████████████████████████████████████████████▉                       | 104/146 [00:13<00:04,  9.50it/s]Evaluating PPL for wikitext2 (PPL: 17.8171):  73%|██████████████████████████████████████████████████████████                      | 106/146 [00:13<00:03, 10.28it/s]Evaluating PPL for wikitext2 (PPL: 17.9128):  73%|██████████████████████████████████████████████████████████                      | 106/146 [00:13<00:03, 10.28it/s]Evaluating PPL for wikitext2 (PPL: 17.9162):  73%|██████████████████████████████████████████████████████████                      | 106/146 [00:13<00:03, 10.28it/s]Evaluating PPL for wikitext2 (PPL: 17.9162):  74%|███████████████████████████████████████████████████████████▏                    | 108/146 [00:13<00:03, 11.10it/s]Evaluating PPL for wikitext2 (PPL: 17.8734):  74%|███████████████████████████████████████████████████████████▏                    | 108/146 [00:13<00:03, 11.10it/s]Evaluating PPL for wikitext2 (PPL: 17.8746):  74%|███████████████████████████████████████████████████████████▏                    | 108/146 [00:13<00:03, 11.10it/s]Evaluating PPL for wikitext2 (PPL: 17.8746):  75%|████████████████████████████████████████████████████████████▎                   | 110/146 [00:13<00:03, 11.17it/s]Evaluating PPL for wikitext2 (PPL: 17.8582):  75%|████████████████████████████████████████████████████████████▎                   | 110/146 [00:14<00:03, 11.17it/s]Evaluating PPL for wikitext2 (PPL: 17.8246):  75%|████████████████████████████████████████████████████████████▎                   | 110/146 [00:14<00:03, 11.17it/s]Evaluating PPL for wikitext2 (PPL: 17.8246):  77%|█████████████████████████████████████████████████████████████▎                  | 112/146 [00:14<00:03, 11.20it/s]Evaluating PPL for wikitext2 (PPL: 17.8237):  77%|█████████████████████████████████████████████████████████████▎                  | 112/146 [00:14<00:03, 11.20it/s]Evaluating PPL for wikitext2 (PPL: 17.8009):  77%|█████████████████████████████████████████████████████████████▎                  | 112/146 [00:14<00:03, 11.20it/s]Evaluating PPL for wikitext2 (PPL: 17.8009):  78%|██████████████████████████████████████████████████████████████▍                 | 114/146 [00:14<00:03, 10.60it/s]Evaluating PPL for wikitext2 (PPL: 17.8027):  78%|██████████████████████████████████████████████████████████████▍                 | 114/146 [00:14<00:03, 10.60it/s]Evaluating PPL for wikitext2 (PPL: 17.8308):  78%|██████████████████████████████████████████████████████████████▍                 | 114/146 [00:14<00:03, 10.60it/s]Evaluating PPL for wikitext2 (PPL: 17.8308):  79%|███████████████████████████████████████████████████████████████▌                | 116/146 [00:14<00:02, 10.43it/s]Evaluating PPL for wikitext2 (PPL: 17.8704):  79%|███████████████████████████████████████████████████████████████▌                | 116/146 [00:14<00:02, 10.43it/s]Evaluating PPL for wikitext2 (PPL: 17.8810):  79%|███████████████████████████████████████████████████████████████▌                | 116/146 [00:14<00:02, 10.43it/s]Evaluating PPL for wikitext2 (PPL: 17.8810):  81%|████████████████████████████████████████████████████████████████▋               | 118/146 [00:14<00:02, 10.10it/s]Evaluating PPL for wikitext2 (PPL: 17.8328):  81%|████████████████████████████████████████████████████████████████▋               | 118/146 [00:14<00:02, 10.10it/s]Evaluating PPL for wikitext2 (PPL: 17.7948):  81%|████████████████████████████████████████████████████████████████▋               | 118/146 [00:14<00:02, 10.10it/s]Evaluating PPL for wikitext2 (PPL: 17.7948):  82%|█████████████████████████████████████████████████████████████████▊              | 120/146 [00:14<00:02,  9.91it/s]Evaluating PPL for wikitext2 (PPL: 17.8149):  82%|█████████████████████████████████████████████████████████████████▊              | 120/146 [00:15<00:02,  9.91it/s]Evaluating PPL for wikitext2 (PPL: 17.8149):  83%|██████████████████████████████████████████████████████████████████▎             | 121/146 [00:15<00:02,  9.93it/s]Evaluating PPL for wikitext2 (PPL: 17.7663):  83%|██████████████████████████████████████████████████████████████████▎             | 121/146 [00:15<00:02,  9.93it/s]Evaluating PPL for wikitext2 (PPL: 17.7074):  83%|██████████████████████████████████████████████████████████████████▎             | 121/146 [00:15<00:02,  9.93it/s]Evaluating PPL for wikitext2 (PPL: 17.7074):  84%|███████████████████████████████████████████████████████████████████▍            | 123/146 [00:15<00:02, 10.27it/s]Evaluating PPL for wikitext2 (PPL: 17.6630):  84%|███████████████████████████████████████████████████████████████████▍            | 123/146 [00:15<00:02, 10.27it/s]Evaluating PPL for wikitext2 (PPL: 17.6679):  84%|███████████████████████████████████████████████████████████████████▍            | 123/146 [00:15<00:02, 10.27it/s]Evaluating PPL for wikitext2 (PPL: 17.6679):  86%|████████████████████████████████████████████████████████████████████▍           | 125/146 [00:15<00:02, 10.23it/s]Evaluating PPL for wikitext2 (PPL: 17.6925):  86%|████████████████████████████████████████████████████████████████████▍           | 125/146 [00:15<00:02, 10.23it/s]Evaluating PPL for wikitext2 (PPL: 17.7102):  86%|████████████████████████████████████████████████████████████████████▍           | 125/146 [00:15<00:02, 10.23it/s]Evaluating PPL for wikitext2 (PPL: 17.7102):  87%|█████████████████████████████████████████████████████████████████████▌          | 127/146 [00:15<00:01, 10.38it/s]Evaluating PPL for wikitext2 (PPL: 17.6908):  87%|█████████████████████████████████████████████████████████████████████▌          | 127/146 [00:15<00:01, 10.38it/s]Evaluating PPL for wikitext2 (PPL: 17.6590):  87%|█████████████████████████████████████████████████████████████████████▌          | 127/146 [00:15<00:01, 10.38it/s]Evaluating PPL for wikitext2 (PPL: 17.6590):  88%|██████████████████████████████████████████████████████████████████████▋         | 129/146 [00:15<00:01, 10.40it/s]Evaluating PPL for wikitext2 (PPL: 17.6065):  88%|██████████████████████████████████████████████████████████████████████▋         | 129/146 [00:15<00:01, 10.40it/s]Evaluating PPL for wikitext2 (PPL: 17.5697):  88%|██████████████████████████████████████████████████████████████████████▋         | 129/146 [00:16<00:01, 10.40it/s]Evaluating PPL for wikitext2 (PPL: 17.5697):  90%|███████████████████████████████████████████████████████████████████████▊        | 131/146 [00:16<00:01, 11.09it/s]Evaluating PPL for wikitext2 (PPL: 17.5604):  90%|███████████████████████████████████████████████████████████████████████▊        | 131/146 [00:16<00:01, 11.09it/s]Evaluating PPL for wikitext2 (PPL: 17.5349):  90%|███████████████████████████████████████████████████████████████████████▊        | 131/146 [00:16<00:01, 11.09it/s]Evaluating PPL for wikitext2 (PPL: 17.5349):  91%|████████████████████████████████████████████████████████████████████████▉       | 133/146 [00:16<00:01, 12.11it/s]Evaluating PPL for wikitext2 (PPL: 17.5097):  91%|████████████████████████████████████████████████████████████████████████▉       | 133/146 [00:16<00:01, 12.11it/s]Evaluating PPL for wikitext2 (PPL: 17.5458):  91%|████████████████████████████████████████████████████████████████████████▉       | 133/146 [00:16<00:01, 12.11it/s]Evaluating PPL for wikitext2 (PPL: 17.5458):  92%|█████████████████████████████████████████████████████████████████████████▉      | 135/146 [00:16<00:00, 12.64it/s]Evaluating PPL for wikitext2 (PPL: 17.5310):  92%|█████████████████████████████████████████████████████████████████████████▉      | 135/146 [00:16<00:00, 12.64it/s]Evaluating PPL for wikitext2 (PPL: 17.4745):  92%|█████████████████████████████████████████████████████████████████████████▉      | 135/146 [00:16<00:00, 12.64it/s]Evaluating PPL for wikitext2 (PPL: 17.4745):  94%|███████████████████████████████████████████████████████████████████████████     | 137/146 [00:16<00:00, 12.29it/s]Evaluating PPL for wikitext2 (PPL: 17.5457):  94%|███████████████████████████████████████████████████████████████████████████     | 137/146 [00:16<00:00, 12.29it/s]Evaluating PPL for wikitext2 (PPL: 17.4801):  94%|███████████████████████████████████████████████████████████████████████████     | 137/146 [00:16<00:00, 12.29it/s]Evaluating PPL for wikitext2 (PPL: 17.4801):  95%|████████████████████████████████████████████████████████████████████████████▏   | 139/146 [00:16<00:00, 12.40it/s]Evaluating PPL for wikitext2 (PPL: 18.9192):  95%|████████████████████████████████████████████████████████████████████████████▏   | 139/146 [00:16<00:00, 12.40it/s]Evaluating PPL for wikitext2 (PPL: 18.9482):  95%|████████████████████████████████████████████████████████████████████████████▏   | 139/146 [00:16<00:00, 12.40it/s]Evaluating PPL for wikitext2 (PPL: 18.9482):  97%|█████████████████████████████████████████████████████████████████████████████▎  | 141/146 [00:16<00:00, 12.74it/s]Evaluating PPL for wikitext2 (PPL: 18.9664):  97%|█████████████████████████████████████████████████████████████████████████████▎  | 141/146 [00:16<00:00, 12.74it/s]Evaluating PPL for wikitext2 (PPL: 19.0926):  97%|█████████████████████████████████████████████████████████████████████████████▎  | 141/146 [00:16<00:00, 12.74it/s]Evaluating PPL for wikitext2 (PPL: 19.0926):  98%|██████████████████████████████████████████████████████████████████████████████▎ | 143/146 [00:16<00:00, 12.07it/s]Evaluating PPL for wikitext2 (PPL: 19.1138):  98%|██████████████████████████████████████████████████████████████████████████████▎ | 143/146 [00:17<00:00, 12.07it/s]Evaluating PPL for wikitext2 (PPL: 19.1513):  98%|██████████████████████████████████████████████████████████████████████████████▎ | 143/146 [00:17<00:00, 12.07it/s]Evaluating PPL for wikitext2 (PPL: 19.1513):  99%|███████████████████████████████████████████████████████████████████████████████▍| 145/146 [00:17<00:00, 11.39it/s]Evaluating PPL for wikitext2 (PPL: 19.1699):  99%|███████████████████████████████████████████████████████████████████████████████▍| 145/146 [00:17<00:00, 11.39it/s]Evaluating PPL for wikitext2 (PPL: 19.1699): 100%|████████████████████████████████████████████████████████████████████████████████| 146/146 [00:17<00:00,  8.47it/s]
Perplexity on wikitext2: 19.1699
{
 "arm": "cov",
 "eval": {
  "wikitext2": {
   "ppl": 19.169857025146484
  }
 },
 "mean_out_err": 0.133466721366389,
 "mean_weight_err": 0.3349452882859768,
 "total_time": 2564.3499183654785
}
