Token indices sequence length is longer than the specified maximum sequence length for this model (2518423 > 131072). Running this sequence through the model will result in indexing errors
Loading model 'Qwen/Qwen3-0.6B-Base'...
Qwen3ForCausalLM(
  (model): Qwen3Model(
    (embed_tokens): Embedding(151936, 1024)
    (layers): ModuleList(
      (0-27): 28 x Qwen3DecoderLayer(
        (self_attn): Qwen3Attention(
          (q_proj): Linear(in_features=1024, out_features=2048, bias=False)
          (k_proj): Linear(in_features=1024, out_features=1024, bias=False)
          (v_proj): Linear(in_features=1024, out_features=1024, bias=False)
          (o_proj): Linear(in_features=2048, out_features=1024, bias=False)
          (q_norm): Qwen3RMSNorm((128,), eps=1e-06)
          (k_norm): Qwen3RMSNorm((128,), eps=1e-06)
        )
        (mlp): Qwen3MLP(
          (gate_proj): Linear(in_features=1024, out_features=3072, bias=False)
          (up_proj): Linear(in_features=1024, out_features=3072, bias=False)
          (down_proj): Linear(in_features=3072, out_features=1024, bias=False)
          (act_fn): SiLUActivation()
        )
        (input_layernorm): Qwen3RMSNorm((1024,), eps=1e-06)
        (post_attention_layernorm): Qwen3RMSNorm((1024,), eps=1e-06)
      )
    )
    (norm): Qwen3RMSNorm((1024,), eps=1e-06)
    (rotary_emb): Qwen3RotaryEmbedding()
  )
  (lm_head): Linear(in_features=1024, out_features=151936, bias=False)
)
Rank calculation: Bits = (1.00), Scales: 2
factorized bpw = 0.9729
Loading model 'Qwen/Qwen3-0.6B-Base'...
Qwen3ForCausalLM(
  (model): Qwen3Model(
    (embed_tokens): Embedding(151936, 1024)
    (layers): ModuleList(
      (0-27): 28 x Qwen3DecoderLayer(
        (self_attn): Qwen3Attention(
          (q_proj): Linear(in_features=1024, out_features=2048, bias=False)
          (k_proj): Linear(in_features=1024, out_features=1024, bias=False)
          (v_proj): Linear(in_features=1024, out_features=1024, bias=False)
          (o_proj): Linear(in_features=2048, out_features=1024, bias=False)
          (q_norm): Qwen3RMSNorm((128,), eps=1e-06)
          (k_norm): Qwen3RMSNorm((128,), eps=1e-06)
        )
        (mlp): Qwen3MLP(
          (gate_proj): Linear(in_features=1024, out_features=3072, bias=False)
          (up_proj): Linear(in_features=1024, out_features=3072, bias=False)
          (down_proj): Linear(in_features=3072, out_features=1024, bias=False)
          (act_fn): SiLUActivation()
        )
        (input_layernorm): Qwen3RMSNorm((1024,), eps=1e-06)
        (post_attention_layernorm): Qwen3RMSNorm((1024,), eps=1e-06)
      )
    )
    (norm): Qwen3RMSNorm((1024,), eps=1e-06)
    (rotary_emb): Qwen3RotaryEmbedding()
  )
  (lm_head): Linear(in_features=1024, out_features=151936, bias=False)
)

Processing dataset: Salesforce/wikitext (config: wikitext-2-raw-v1)
Attempting to generate 128 samples...
Applying special handling for wikitext: concatenating all documents.
Slicing concatenated wikitext:   0%|                                                                                                        | 0/128 [00:00<?, ?it/s]Slicing concatenated wikitext: 100%|████████████████████████████████████████████████████████████████████████████████████████████| 128/128 [00:00<00:00, 1281.38it/s]

Shuffling the final combined dataset (128 samples)...

Creating Hugging Face Dataset...
Calibration dataloader created with shape: torch.Size([128, 2048])
Loading cached calibration statistics from stats_q06.pt
Applying covariance shrinkage (strength: 0.4)...
Attaching statistics to 196 layers...
Registered i_norm and o_norm buffers to 196 layers
Rank calculation: Bits = (1.00), Scales: 2
Caching initial inputs & kwargs using Catcher...
Capturing inputs...
Initial input caching finished.
Compressing Layers:   0%|                                                                                                                    | 0/28 [00:00<?, ?it/s]Token indices sequence length is longer than the specified maximum sequence length for this model (299078 > 131072). Running this sequence through the model will result in indexing errors
Compressing Layers:   4%|███▊                                                                                                        | 1/28 [01:30<40:55, 90.94s/it]	[refresh_stats] block 0: re-estimating i_norm from the compressed-prefix inputs
	(1/3) Block 1/28, self_attn.q_proj | Tuning Non-Factorized Weights...
		(Epoch 01/08) Block Loss: 0.0000e+00
		(Epoch 02/08) Block Loss: 0.0000e+00
		(Epoch 03/08) Block Loss: 0.0000e+00
		(Epoch 04/08) Block Loss: 0.0000e+00
		(Epoch 05/08) Block Loss: 0.0000e+00
		(Epoch 06/08) Block Loss: 0.0000e+00
		(Epoch 07/08) Block Loss: 0.0000e+00
		(Epoch 08/08) Block Loss: 0.0000e+00
	(2/3) Block 1/28, self_attn.q_proj | Initialization via ADMM...
		ADMM weight recon error: raw=679.5593, norm=0.3218, per_el=3.2404e-04, out_err=0.0638, ADMM time=1.39s
	(3/3) Block 1/28, self_attn.q_proj | Tuning Factorized Weights...
		(Epoch 01/08) Block Loss: 3.5115e-06
		(Epoch 02/08) Block Loss: 2.3942e-06
		(Epoch 03/08) Block Loss: 1.9584e-06
		(Epoch 04/08) Block Loss: 1.7025e-06
		(Epoch 05/08) Block Loss: 1.5437e-06
		(Epoch 06/08) Block Loss: 1.4340e-06
		(Epoch 07/08) Block Loss: 1.3508e-06
		(Epoch 08/08) Block Loss: 1.2832e-06
	(1/3) Block 1/28, self_attn.v_proj | Tuning Non-Factorized Weights...
		(Epoch 01/08) Block Loss: 1.7844e-06
		(Epoch 02/08) Block Loss: 1.2186e-06
		(Epoch 03/08) Block Loss: 1.0128e-06
		(Epoch 04/08) Block Loss: 8.6372e-07
		(Epoch 05/08) Block Loss: 7.6082e-07
		(Epoch 06/08) Block Loss: 6.7756e-07
		(Epoch 07/08) Block Loss: 6.4505e-07
		(Epoch 08/08) Block Loss: 6.3283e-07
	(2/3) Block 1/28, self_attn.v_proj | Initialization via ADMM...
		ADMM weight recon error: raw=290.6342, norm=0.3804, per_el=2.7717e-04, out_err=0.3595, ADMM time=0.98s
	(3/3) Block 1/28, self_attn.v_proj | Tuning Factorized Weights...
		(Epoch 01/08) Block Loss: 1.0185e-04
		(Epoch 02/08) Block Loss: 7.9040e-05
		(Epoch 03/08) Block Loss: 7.5149e-05
		(Epoch 04/08) Block Loss: 7.5843e-05
		(Epoch 05/08) Block Loss: 7.6287e-05
		(Epoch 06/08) Block Loss: 7.6826e-05
		(Epoch 07/08) Block Loss: 7.7225e-05
		(Epoch 08/08) Block Loss: 7.3518e-05
	(1/3) Block 1/28, self_attn.o_proj | Tuning Non-Factorized Weights...
		(Epoch 01/08) Block Loss: 5.1168e-05
		(Epoch 02/08) Block Loss: 3.6606e-05
		(Epoch 03/08) Block Loss: 3.0612e-05
		(Epoch 04/08) Block Loss: 2.7418e-05
		(Epoch 05/08) Block Loss: 2.5523e-05
		(Epoch 06/08) Block Loss: 2.4463e-05
		(Epoch 07/08) Block Loss: 2.3936e-05
		(Epoch 08/08) Block Loss: 2.3760e-05
	(2/3) Block 1/28, self_attn.o_proj | Initialization via ADMM...
		ADMM weight recon error: raw=570.5534, norm=0.3984, per_el=2.7206e-04, out_err=0.1715, ADMM time=1.16s
	(3/3) Block 1/28, self_attn.o_proj | Tuning Factorized Weights...
		(Epoch 01/08) Block Loss: 1.0417e-04
		(Epoch 02/08) Block Loss: 8.7329e-05
		(Epoch 03/08) Block Loss: 8.1016e-05
		(Epoch 04/08) Block Loss: 7.8850e-05
		(Epoch 05/08) Block Loss: 7.8250e-05
		(Epoch 06/08) Block Loss: 7.7522e-05
		(Epoch 07/08) Block Loss: 7.7300e-05
		(Epoch 08/08) Block Loss: 7.5455e-05
	(1/3) Block 1/28, self_attn.k_proj | Tuning Non-Factorized Weights...
		(Epoch 01/08) Block Loss: 6.0990e-05
		(Epoch 02/08) Block Loss: 4.9856e-05
		(Epoch 03/08) Block Loss: 4.4460e-05
		(Epoch 04/08) Block Loss: 4.1331e-05
		(Epoch 05/08) Block Loss: 3.9389e-05
		(Epoch 06/08) Block Loss: 3.8282e-05
		(Epoch 07/08) Block Loss: 3.7732e-05
		(Epoch 08/08) Block Loss: 3.7550e-05
	(2/3) Block 1/28, self_attn.k_proj | Initialization via ADMM...
		ADMM weight recon error: raw=307.2747, norm=0.3036, per_el=2.9304e-04, out_err=0.0447, ADMM time=0.99s
	(3/3) Block 1/28, self_attn.k_proj | Tuning Factorized Weights...
		(Epoch 01/08) Block Loss: 4.0463e-05
		(Epoch 02/08) Block Loss: 3.9584e-05
		(Epoch 03/08) Block Loss: 3.9224e-05
		(Epoch 04/08) Block Loss: 3.9013e-05
		(Epoch 05/08) Block Loss: 3.8880e-05
		(Epoch 06/08) Block Loss: 3.8792e-05
		(Epoch 07/08) Block Loss: 3.8741e-05
		(Epoch 08/08) Block Loss: 3.8709e-05
	(1/3) Block 1/28, mlp.gate_proj | Tuning Non-Factorized Weights...
		(Epoch 01/08) Block Loss: 3.7830e-05
		(Epoch 02/08) Block Loss: 3.5225e-05
		(Epoch 03/08) Block Loss: 3.3492e-05
		(Epoch 04/08) Block Loss: 3.2334e-05
		(Epoch 05/08) Block Loss: 3.1519e-05
		(Epoch 06/08) Block Loss: 3.1025e-05
		(Epoch 07/08) Block Loss: 3.0763e-05
		(Epoch 08/08) Block Loss: 3.0668e-05
	(2/3) Block 1/28, mlp.gate_proj | Initialization via ADMM...
		ADMM weight recon error: raw=1427.8060, norm=0.3233, per_el=4.5389e-04, out_err=0.0613, ADMM time=1.40s
	(3/3) Block 1/28, mlp.gate_proj | Tuning Factorized Weights...
		(Epoch 01/08) Block Loss: 4.7383e-05
		(Epoch 02/08) Block Loss: 4.1809e-05
		(Epoch 03/08) Block Loss: 4.0860e-05
		(Epoch 04/08) Block Loss: 4.0525e-05
		(Epoch 05/08) Block Loss: 4.0325e-05
		(Epoch 06/08) Block Loss: 4.0126e-05
		(Epoch 07/08) Block Loss: 3.9904e-05
		(Epoch 08/08) Block Loss: 3.9283e-05
	(1/3) Block 1/28, mlp.up_proj | Tuning Non-Factorized Weights...
		(Epoch 01/08) Block Loss: 3.6672e-05
		(Epoch 02/08) Block Loss: 3.4727e-05
		(Epoch 03/08) Block Loss: 3.3672e-05
		(Epoch 04/08) Block Loss: 3.2994e-05
		(Epoch 05/08) Block Loss: 3.2503e-05
		(Epoch 06/08) Block Loss: 3.2201e-05
		(Epoch 07/08) Block Loss: 3.2036e-05
		(Epoch 08/08) Block Loss: 3.1972e-05
	(2/3) Block 1/28, mlp.up_proj | Initialization via ADMM...
		ADMM weight recon error: raw=816.9805, norm=0.3497, per_el=2.5971e-04, out_err=0.2417, ADMM time=1.39s
	(3/3) Block 1/28, mlp.up_proj | Tuning Factorized Weights...
		(Epoch 01/08) Block Loss: 6.0655e-05
		(Epoch 02/08) Block Loss: 5.2375e-05
		(Epoch 03/08) Block Loss: 5.0871e-05
		(Epoch 04/08) Block Loss: 5.0612e-05
		(Epoch 05/08) Block Loss: 5.0366e-05
		(Epoch 06/08) Block Loss: 4.9955e-05
		(Epoch 07/08) Block Loss: 4.9590e-05
		(Epoch 08/08) Block Loss: 4.8320e-05
	(1/3) Block 1/28, mlp.down_proj | Tuning Non-Factorized Weights...
		(Epoch 01/08) Block Loss: 4.3884e-05
		(Epoch 02/08) Block Loss: 4.1567e-05
		(Epoch 03/08) Block Loss: 4.0435e-05
		(Epoch 04/08) Block Loss: 3.9770e-05
		(Epoch 05/08) Block Loss: 3.9336e-05
		(Epoch 06/08) Block Loss: 3.9083e-05
		(Epoch 07/08) Block Loss: 3.8952e-05
		(Epoch 08/08) Block Loss: 3.8906e-05
	(2/3) Block 1/28, mlp.down_proj | Initialization via ADMM...
		ADMM weight recon error: raw=860.3666, norm=0.3515, per_el=2.7350e-04, out_err=0.2474, ADMM time=1.38s
	(3/3) Block 1/28, mlp.down_proj | Tuning Factorized Weights...
		(Epoch 01/08) Block Loss: 8.4867e-05
		(Epoch 02/08) Block Loss: 8.0151e-05
		(Epoch 03/08) Block Loss: 7.9214e-05
		(Epoch 04/08) Block Loss: 7.8998e-05
		(Epoch 05/08) Block Loss: 7.9300e-05
		(Epoch 06/08) Block Loss: 7.8799e-05
		(Epoch 07/08) Block Loss: 7.8844e-05
		(Epoch 08/08) Block Loss: 7.7104e-05
		Block 0: relative block output error = 0.1222
Using sequence length: 2048 (model max: 2048)
		Block 0: Test Data PPL        = 20.306
	[refresh_stats] block 1: re-estimating i_norm from the compressed-prefix inputs
	(1/3) Block 2/28, self_attn.q_proj | Tuning Non-Factorized Weights...
		(Epoch 01/08) Block Loss: 3.0901e-05
		(Epoch 02/08) Block Loss: 2.6224e-05
		(Epoch 03/08) Block Loss: 2.4102e-05
		(Epoch 04/08) Block Loss: 2.2919e-05
		(Epoch 05/08) Block Loss: 2.2118e-05
		(Epoch 06/08) Block Loss: 2.1654e-05
		(Epoch 07/08) Block Loss: 2.1410e-05
		(Epoch 08/08) Block Loss: 2.1325e-05
	(2/3) Block 2/28, self_attn.q_proj | Initialization via ADMM...
		ADMM weight recon error: raw=575.3618, norm=0.2832, per_el=2.7435e-04, out_err=0.0779, ADMM time=1.14s
	(3/3) Block 2/28, self_attn.q_proj | Tuning Factorized Weights...
		(Epoch 01/08) Block Loss: 2.2155e-05
		(Epoch 02/08) Block Loss: 2.1825e-05
		(Epoch 03/08) Block Loss: 2.1722e-05
		(Epoch 04/08) Block Loss: 2.1664e-05
		(Epoch 05/08) Block Loss: 2.1622e-05
		(Epoch 06/08) Block Loss: 2.1590e-05
		(Epoch 07/08) Block Loss: 2.1566e-05
		(Epoch 08/08) Block Loss: 2.1546e-05
	(1/3) Block 2/28, self_attn.v_proj | Tuning Non-Factorized Weights...
		(Epoch 01/08) Block Loss: 2.1406e-05
		(Epoch 02/08) Block Loss: 2.0320e-05
		(Epoch 03/08) Block Loss: 1.9645e-05
		(Epoch 04/08) Block Loss: 1.9096e-05
		(Epoch 05/08) Block Loss: 1.8729e-05
		(Epoch 06/08) Block Loss: 1.8496e-05
		(Epoch 07/08) Block Loss: 1.8368e-05
		(Epoch 08/08) Block Loss: 1.8319e-05
	(2/3) Block 2/28, self_attn.v_proj | Initialization via ADMM...
Compressing Layers:   7%|███████▋                                                                                                    | 2/28 [02:59<38:45, 89.45s/it]		ADMM weight recon error: raw=310.9948, norm=0.3550, per_el=2.9659e-04, out_err=0.2392, ADMM time=0.99s
	(3/3) Block 2/28, self_attn.v_proj | Tuning Factorized Weights...
		(Epoch 01/08) Block Loss: 2.1522e-05
		(Epoch 02/08) Block Loss: 2.0634e-05
		(Epoch 03/08) Block Loss: 2.0475e-05
		(Epoch 04/08) Block Loss: 2.0484e-05
		(Epoch 05/08) Block Loss: 2.0459e-05
		(Epoch 06/08) Block Loss: 2.0432e-05
		(Epoch 07/08) Block Loss: 2.0453e-05
		(Epoch 08/08) Block Loss: 2.0223e-05
	(1/3) Block 2/28, self_attn.o_proj | Tuning Non-Factorized Weights...
		(Epoch 01/08) Block Loss: 1.9728e-05
		(Epoch 02/08) Block Loss: 1.8927e-05
		(Epoch 03/08) Block Loss: 1.8469e-05
		(Epoch 04/08) Block Loss: 1.8139e-05
		(Epoch 05/08) Block Loss: 1.7899e-05
		(Epoch 06/08) Block Loss: 1.7723e-05
		(Epoch 07/08) Block Loss: 1.7629e-05
		(Epoch 08/08) Block Loss: 1.7590e-05
	(2/3) Block 2/28, self_attn.o_proj | Initialization via ADMM...
		ADMM weight recon error: raw=473.6586, norm=0.3021, per_el=2.2586e-04, out_err=0.1678, ADMM time=1.13s
	(3/3) Block 2/28, self_attn.o_proj | Tuning Factorized Weights...
		(Epoch 01/08) Block Loss: 2.1257e-05
		(Epoch 02/08) Block Loss: 2.0404e-05
		(Epoch 03/08) Block Loss: 2.0355e-05
		(Epoch 04/08) Block Loss: 2.0457e-05
		(Epoch 05/08) Block Loss: 2.0319e-05
		(Epoch 06/08) Block Loss: 2.0341e-05
		(Epoch 07/08) Block Loss: 2.0303e-05
		(Epoch 08/08) Block Loss: 2.0007e-05
	(1/3) Block 2/28, self_attn.k_proj | Tuning Non-Factorized Weights...
		(Epoch 01/08) Block Loss: 1.9268e-05
		(Epoch 02/08) Block Loss: 1.8543e-05
		(Epoch 03/08) Block Loss: 1.8170e-05
		(Epoch 04/08) Block Loss: 1.7924e-05
		(Epoch 05/08) Block Loss: 1.7732e-05
		(Epoch 06/08) Block Loss: 1.7609e-05
		(Epoch 07/08) Block Loss: 1.7536e-05
		(Epoch 08/08) Block Loss: 1.7504e-05
	(2/3) Block 2/28, self_attn.k_proj | Initialization via ADMM...
		ADMM weight recon error: raw=275.8393, norm=0.3038, per_el=2.6306e-04, out_err=0.0644, ADMM time=0.96s
	(3/3) Block 2/28, self_attn.k_proj | Tuning Factorized Weights...
		(Epoch 01/08) Block Loss: 1.8244e-05
		(Epoch 02/08) Block Loss: 1.8001e-05
		(Epoch 03/08) Block Loss: 1.7921e-05
		(Epoch 04/08) Block Loss: 1.7885e-05
		(Epoch 05/08) Block Loss: 1.7860e-05
		(Epoch 06/08) Block Loss: 1.7844e-05
		(Epoch 07/08) Block Loss: 1.7830e-05
		(Epoch 08/08) Block Loss: 1.7814e-05
	(1/3) Block 2/28, mlp.gate_proj | Tuning Non-Factorized Weights...
		(Epoch 01/08) Block Loss: 1.7936e-05
		(Epoch 02/08) Block Loss: 1.7599e-05
		(Epoch 03/08) Block Loss: 1.7370e-05
		(Epoch 04/08) Block Loss: 1.7212e-05
		(Epoch 05/08) Block Loss: 1.7075e-05
		(Epoch 06/08) Block Loss: 1.6983e-05
		(Epoch 07/08) Block Loss: 1.6926e-05
		(Epoch 08/08) Block Loss: 1.6900e-05
	(2/3) Block 2/28, mlp.gate_proj | Initialization via ADMM...
		ADMM weight recon error: raw=2138.0911, norm=0.3480, per_el=6.7968e-04, out_err=0.0263, ADMM time=1.34s
	(3/3) Block 2/28, mlp.gate_proj | Tuning Factorized Weights...
		(Epoch 01/08) Block Loss: 2.6328e-05
		(Epoch 02/08) Block Loss: 2.3476e-05
		(Epoch 03/08) Block Loss: 2.2774e-05
		(Epoch 04/08) Block Loss: 2.2513e-05
		(Epoch 05/08) Block Loss: 2.2366e-05
		(Epoch 06/08) Block Loss: 2.2285e-05
		(Epoch 07/08) Block Loss: 2.2202e-05
		(Epoch 08/08) Block Loss: 2.1974e-05
	(1/3) Block 2/28, mlp.up_proj | Tuning Non-Factorized Weights...
		(Epoch 01/08) Block Loss: 2.0925e-05
		(Epoch 02/08) Block Loss: 2.0140e-05
		(Epoch 03/08) Block Loss: 1.9782e-05
		(Epoch 04/08) Block Loss: 1.9571e-05
		(Epoch 05/08) Block Loss: 1.9412e-05
		(Epoch 06/08) Block Loss: 1.9312e-05
		(Epoch 07/08) Block Loss: 1.9254e-05
		(Epoch 08/08) Block Loss: 1.9228e-05
	(2/3) Block 2/28, mlp.up_proj | Initialization via ADMM...
		ADMM weight recon error: raw=673.7612, norm=0.3539, per_el=2.1418e-04, out_err=0.2403, ADMM time=1.35s
	(3/3) Block 2/28, mlp.up_proj | Tuning Factorized Weights...
		(Epoch 01/08) Block Loss: 3.1679e-05
		(Epoch 02/08) Block Loss: 2.8641e-05
		(Epoch 03/08) Block Loss: 2.7935e-05
		(Epoch 04/08) Block Loss: 2.7692e-05
		(Epoch 05/08) Block Loss: 2.7533e-05
		(Epoch 06/08) Block Loss: 2.7413e-05
		(Epoch 07/08) Block Loss: 2.7244e-05
		(Epoch 08/08) Block Loss: 2.6844e-05
	(1/3) Block 2/28, mlp.down_proj | Tuning Non-Factorized Weights...
		(Epoch 01/08) Block Loss: 2.5184e-05
		(Epoch 02/08) Block Loss: 2.4226e-05
		(Epoch 03/08) Block Loss: 2.3779e-05
		(Epoch 04/08) Block Loss: 2.3525e-05
		(Epoch 05/08) Block Loss: 2.3359e-05
		(Epoch 06/08) Block Loss: 2.3262e-05
		(Epoch 07/08) Block Loss: 2.3211e-05
		(Epoch 08/08) Block Loss: 2.3191e-05
	(2/3) Block 2/28, mlp.down_proj | Initialization via ADMM...
		ADMM weight recon error: raw=656.3660, norm=0.3552, per_el=2.0865e-04, out_err=0.2331, ADMM time=1.71s
	(3/3) Block 2/28, mlp.down_proj | Tuning Factorized Weights...
		(Epoch 01/08) Block Loss: 3.9099e-05
		(Epoch 02/08) Block Loss: 3.7833e-05
		(Epoch 03/08) Block Loss: 3.7916e-05
		(Epoch 04/08) Block Loss: 3.8083e-05
		(Epoch 05/08) Block Loss: 3.8100e-05
		(Epoch 06/08) Block Loss: 3.8007e-05
		(Epoch 07/08) Block Loss: 3.7840e-05
		(Epoch 08/08) Block Loss: 3.7219e-05
		Block 1: relative block output error = 0.0938
Using sequence length: 2048 (model max: 2048)
		Block 1: Test Data PPL        = 14.352
	[refresh_stats] block 2: re-estimating i_norm from the compressed-prefix inputs
	(1/3) Block 3/28, self_attn.q_proj | Tuning Non-Factorized Weights...
		(Epoch 01/08) Block Loss: 5.9049e-05
		(Epoch 02/08) Block Loss: 3.3538e-05
		(Epoch 03/08) Block Loss: 2.7770e-05
		(Epoch 04/08) Block Loss: 2.4940e-05
		(Epoch 05/08) Block Loss: 2.3509e-05
		(Epoch 06/08) Block Loss: 2.2990e-05
		(Epoch 07/08) Block Loss: 2.2628e-05
		(Epoch 08/08) Block Loss: 2.2494e-05
	(2/3) Block 3/28, self_attn.q_proj | Initialization via ADMM...
		ADMM weight recon error: raw=534.5469, norm=0.2750, per_el=2.5489e-04, out_err=0.0763, ADMM time=1.22s
	(3/3) Block 3/28, self_attn.q_proj | Tuning Factorized Weights...
		(Epoch 01/08) Block Loss: 2.3320e-05
		(Epoch 02/08) Block Loss: 2.3059e-05
		(Epoch 03/08) Block Loss: 2.2976e-05
		(Epoch 04/08) Block Loss: 2.2922e-05
		(Epoch 05/08) Block Loss: 2.2885e-05
		(Epoch 06/08) Block Loss: 2.2850e-05
		(Epoch 07/08) Block Loss: 2.2825e-05
		(Epoch 08/08) Block Loss: 2.2794e-05
	(1/3) Block 3/28, self_attn.v_proj | Tuning Non-Factorized Weights...
		(Epoch 01/08) Block Loss: 2.7762e-05
		(Epoch 02/08) Block Loss: 2.9195e-05
		(Epoch 03/08) Block Loss: 2.4328e-05
		(Epoch 04/08) Block Loss: 2.1774e-05
		(Epoch 05/08) Block Loss: 2.0972e-05
		(Epoch 06/08) Block Loss: 2.0581e-05
		(Epoch 07/08) Block Loss: 2.0328e-05
		(Epoch 08/08) Block Loss: 2.0145e-05
	(2/3) Block 3/28, self_attn.v_proj | Initialization via ADMM...
		ADMM weight recon error: raw=288.8212, norm=0.3471, per_el=2.7544e-04, out_err=0.2352, ADMM time=1.03s
	(3/3) Block 3/28, self_attn.v_proj | Tuning Factorized Weights...
		(Epoch 01/08) Block Loss: 3.0353e-05
		(Epoch 02/08) Block Loss: 2.4214e-05
		(Epoch 03/08) Block Loss: 2.3531e-05
		(Epoch 04/08) Block Loss: 2.3228e-05
		(Epoch 05/08) Block Loss: 2.3076e-05
		(Epoch 06/08) Block Loss: 2.2928e-05
		(Epoch 07/08) Block Loss: 2.2905e-05
		(Epoch 08/08) Block Loss: 2.2770e-05
	(1/3) Block 3/28, self_attn.o_proj | Tuning Non-Factorized Weights...
		(Epoch 01/08) Block Loss: 2.5800e-05
		(Epoch 02/08) Block Loss: 2.4893e-05
		(Epoch 03/08) Block Loss: 2.2018e-05
		(Epoch 04/08) Block Loss: 2.0918e-05
		(Epoch 05/08) Block Loss: 2.0407e-05
		(Epoch 06/08) Block Loss: 1.9976e-05
		(Epoch 07/08) Block Loss: 1.9951e-05
		(Epoch 08/08) Block Loss: 1.9748e-05
	(2/3) Block 3/28, self_attn.o_proj | Initialization via ADMM...
		ADMM weight recon error: raw=421.5726, norm=0.2977, per_el=2.0102e-04, out_err=0.1832, ADMM time=1.20s
	(3/3) Block 3/28, self_attn.o_proj | Tuning Factorized Weights...
		(Epoch 01/08) Block Loss: 2.6125e-05
		(Epoch 02/08) Block Loss: 2.4424e-05
		(Epoch 03/08) Block Loss: 2.4175e-05
		(Epoch 04/08) Block Loss: 2.4040e-05
		(Epoch 05/08) Block Loss: 2.3465e-05
		(Epoch 06/08) Block Loss: 2.3338e-05
		(Epoch 07/08) Block Loss: 2.3172e-05
		(Epoch 08/08) Block Loss: 2.3061e-05
Compressing Layers:  11%|███████████▌                                                                                                | 3/28 [04:27<37:04, 89.00s/it]	(1/3) Block 3/28, self_attn.k_proj | Tuning Non-Factorized Weights...
		(Epoch 01/08) Block Loss: 2.2143e-05
		(Epoch 02/08) Block Loss: 2.0937e-05
		(Epoch 03/08) Block Loss: 2.0411e-05
		(Epoch 04/08) Block Loss: 2.0155e-05
		(Epoch 05/08) Block Loss: 1.9891e-05
		(Epoch 06/08) Block Loss: 1.9750e-05
		(Epoch 07/08) Block Loss: 1.9663e-05
		(Epoch 08/08) Block Loss: 1.9625e-05
	(2/3) Block 3/28, self_attn.k_proj | Initialization via ADMM...
		ADMM weight recon error: raw=257.6849, norm=0.2996, per_el=2.4575e-04, out_err=0.0600, ADMM time=1.04s
	(3/3) Block 3/28, self_attn.k_proj | Tuning Factorized Weights...
		(Epoch 01/08) Block Loss: 2.0309e-05
		(Epoch 02/08) Block Loss: 2.0104e-05
		(Epoch 03/08) Block Loss: 2.0037e-05
		(Epoch 04/08) Block Loss: 2.0005e-05
		(Epoch 05/08) Block Loss: 1.9984e-05
		(Epoch 06/08) Block Loss: 1.9971e-05
		(Epoch 07/08) Block Loss: 1.9957e-05
		(Epoch 08/08) Block Loss: 1.9941e-05
	(1/3) Block 3/28, mlp.gate_proj | Tuning Non-Factorized Weights...
		(Epoch 01/08) Block Loss: 2.0405e-05
		(Epoch 02/08) Block Loss: 1.9850e-05
		(Epoch 03/08) Block Loss: 1.9591e-05
		(Epoch 04/08) Block Loss: 1.9372e-05
		(Epoch 05/08) Block Loss: 1.9242e-05
		(Epoch 06/08) Block Loss: 1.9117e-05
		(Epoch 07/08) Block Loss: 1.9041e-05
		(Epoch 08/08) Block Loss: 1.9002e-05
	(2/3) Block 3/28, mlp.gate_proj | Initialization via ADMM...
		ADMM weight recon error: raw=1687.0601, norm=0.3295, per_el=5.3630e-04, out_err=0.0396, ADMM time=1.42s
	(3/3) Block 3/28, mlp.gate_proj | Tuning Factorized Weights...
		(Epoch 01/08) Block Loss: 1.0414e-04
		(Epoch 02/08) Block Loss: 2.6918e-05
		(Epoch 03/08) Block Loss: 2.5978e-05
		(Epoch 04/08) Block Loss: 2.5621e-05
		(Epoch 05/08) Block Loss: 2.5515e-05
		(Epoch 06/08) Block Loss: 2.5320e-05
		(Epoch 07/08) Block Loss: 2.5116e-05
		(Epoch 08/08) Block Loss: 2.4863e-05
	(1/3) Block 3/28, mlp.up_proj | Tuning Non-Factorized Weights...
		(Epoch 01/08) Block Loss: 2.4072e-05
		(Epoch 02/08) Block Loss: 2.3020e-05
		(Epoch 03/08) Block Loss: 2.2625e-05
		(Epoch 04/08) Block Loss: 2.2355e-05
		(Epoch 05/08) Block Loss: 2.2191e-05
		(Epoch 06/08) Block Loss: 2.2052e-05
		(Epoch 07/08) Block Loss: 2.1957e-05
		(Epoch 08/08) Block Loss: 2.1931e-05
	(2/3) Block 3/28, mlp.up_proj | Initialization via ADMM...
		ADMM weight recon error: raw=666.7936, norm=0.3458, per_el=2.1197e-04, out_err=0.2542, ADMM time=1.38s
	(3/3) Block 3/28, mlp.up_proj | Tuning Factorized Weights...
		(Epoch 01/08) Block Loss: 4.9490e-05
		(Epoch 02/08) Block Loss: 3.2348e-05
		(Epoch 03/08) Block Loss: 3.1506e-05
		(Epoch 04/08) Block Loss: 3.1224e-05
		(Epoch 05/08) Block Loss: 3.0998e-05
		(Epoch 06/08) Block Loss: 3.0873e-05
		(Epoch 07/08) Block Loss: 3.0601e-05
		(Epoch 08/08) Block Loss: 3.0218e-05
	(1/3) Block 3/28, mlp.down_proj | Tuning Non-Factorized Weights...
		(Epoch 01/08) Block Loss: 2.8796e-05
		(Epoch 02/08) Block Loss: 2.7711e-05
		(Epoch 03/08) Block Loss: 2.7232e-05
		(Epoch 04/08) Block Loss: 2.6943e-05
		(Epoch 05/08) Block Loss: 2.6751e-05
		(Epoch 06/08) Block Loss: 2.6641e-05
		(Epoch 07/08) Block Loss: 2.6573e-05
		(Epoch 08/08) Block Loss: 2.6547e-05
	(2/3) Block 3/28, mlp.down_proj | Initialization via ADMM...
		ADMM weight recon error: raw=668.3822, norm=0.3355, per_el=2.1247e-04, out_err=0.3032, ADMM time=1.70s
	(3/3) Block 3/28, mlp.down_proj | Tuning Factorized Weights...
		(Epoch 01/08) Block Loss: 5.5203e-05
		(Epoch 02/08) Block Loss: 6.0363e-05
		(Epoch 03/08) Block Loss: 6.3471e-05
		(Epoch 04/08) Block Loss: 6.3906e-05
		(Epoch 05/08) Block Loss: 6.7009e-05
		(Epoch 06/08) Block Loss: 6.0517e-05
		(Epoch 07/08) Block Loss: 6.0073e-05
		(Epoch 08/08) Block Loss: 5.4391e-05
		Block 2: relative block output error = 0.0009
Using sequence length: 2048 (model max: 2048)
		Block 2: Test Data PPL        = 14.889
	[refresh_stats] block 3: re-estimating i_norm from the compressed-prefix inputs
	(1/3) Block 4/28, self_attn.q_proj | Tuning Non-Factorized Weights...
		(Epoch 01/08) Block Loss: 3.4114e-05
		(Epoch 02/08) Block Loss: 2.9744e-05
		(Epoch 03/08) Block Loss: 2.7883e-05
		(Epoch 04/08) Block Loss: 2.6695e-05
		(Epoch 05/08) Block Loss: 2.5946e-05
		(Epoch 06/08) Block Loss: 2.5506e-05
		(Epoch 07/08) Block Loss: 2.5275e-05
		(Epoch 08/08) Block Loss: 2.5192e-05
	(2/3) Block 4/28, self_attn.q_proj | Initialization via ADMM...
		ADMM weight recon error: raw=558.8521, norm=0.2863, per_el=2.6648e-04, out_err=0.0635, ADMM time=1.19s
	(3/3) Block 4/28, self_attn.q_proj | Tuning Factorized Weights...
		(Epoch 01/08) Block Loss: 2.6332e-05
		(Epoch 02/08) Block Loss: 2.5947e-05
		(Epoch 03/08) Block Loss: 2.5834e-05
		(Epoch 04/08) Block Loss: 2.5753e-05
		(Epoch 05/08) Block Loss: 2.5720e-05
		(Epoch 06/08) Block Loss: 2.5676e-05
		(Epoch 07/08) Block Loss: 2.5641e-05
		(Epoch 08/08) Block Loss: 2.5609e-05
	(1/3) Block 4/28, self_attn.v_proj | Tuning Non-Factorized Weights...
		(Epoch 01/08) Block Loss: 2.5585e-05
		(Epoch 02/08) Block Loss: 2.4542e-05
		(Epoch 03/08) Block Loss: 2.3864e-05
		(Epoch 04/08) Block Loss: 2.3318e-05
		(Epoch 05/08) Block Loss: 2.2966e-05
		(Epoch 06/08) Block Loss: 2.2739e-05
		(Epoch 07/08) Block Loss: 2.2610e-05
		(Epoch 08/08) Block Loss: 2.2561e-05
	(2/3) Block 4/28, self_attn.v_proj | Initialization via ADMM...
		ADMM weight recon error: raw=337.3618, norm=0.3457, per_el=3.2173e-04, out_err=0.2723, ADMM time=1.00s
	(3/3) Block 4/28, self_attn.v_proj | Tuning Factorized Weights...
		(Epoch 01/08) Block Loss: 2.7205e-05
		(Epoch 02/08) Block Loss: 2.5892e-05
		(Epoch 03/08) Block Loss: 2.5413e-05
		(Epoch 04/08) Block Loss: 2.5185e-05
		(Epoch 05/08) Block Loss: 2.5074e-05
		(Epoch 06/08) Block Loss: 2.4992e-05
		(Epoch 07/08) Block Loss: 2.4949e-05
		(Epoch 08/08) Block Loss: 2.4905e-05
	(1/3) Block 4/28, self_attn.o_proj | Tuning Non-Factorized Weights...
		(Epoch 01/08) Block Loss: 2.4444e-05
		(Epoch 02/08) Block Loss: 2.3574e-05
		(Epoch 03/08) Block Loss: 2.3090e-05
		(Epoch 04/08) Block Loss: 2.2739e-05
		(Epoch 05/08) Block Loss: 2.2481e-05
		(Epoch 06/08) Block Loss: 2.2315e-05
		(Epoch 07/08) Block Loss: 2.2218e-05
		(Epoch 08/08) Block Loss: 2.2178e-05
	(2/3) Block 4/28, self_attn.o_proj | Initialization via ADMM...
		ADMM weight recon error: raw=518.7205, norm=0.3088, per_el=2.4735e-04, out_err=0.1884, ADMM time=1.21s
	(3/3) Block 4/28, self_attn.o_proj | Tuning Factorized Weights...
		(Epoch 01/08) Block Loss: 2.5784e-05
		(Epoch 02/08) Block Loss: 2.5082e-05
		(Epoch 03/08) Block Loss: 2.4942e-05
		(Epoch 04/08) Block Loss: 2.4981e-05
		(Epoch 05/08) Block Loss: 2.4969e-05
		(Epoch 06/08) Block Loss: 2.4769e-05
		(Epoch 07/08) Block Loss: 2.4743e-05
		(Epoch 08/08) Block Loss: 2.4543e-05
	(1/3) Block 4/28, self_attn.k_proj | Tuning Non-Factorized Weights...
		(Epoch 01/08) Block Loss: 2.4019e-05
		(Epoch 02/08) Block Loss: 2.3316e-05
		(Epoch 03/08) Block Loss: 2.2946e-05
		(Epoch 04/08) Block Loss: 2.2704e-05
		(Epoch 05/08) Block Loss: 2.2514e-05
		(Epoch 06/08) Block Loss: 2.2389e-05
		(Epoch 07/08) Block Loss: 2.2315e-05
		(Epoch 08/08) Block Loss: 2.2283e-05
	(2/3) Block 4/28, self_attn.k_proj | Initialization via ADMM...
		ADMM weight recon error: raw=273.9043, norm=0.3043, per_el=2.6122e-04, out_err=0.1008, ADMM time=1.01s
	(3/3) Block 4/28, self_attn.k_proj | Tuning Factorized Weights...
		(Epoch 01/08) Block Loss: 2.3140e-05
		(Epoch 02/08) Block Loss: 2.2897e-05
		(Epoch 03/08) Block Loss: 2.2819e-05
		(Epoch 04/08) Block Loss: 2.2782e-05
		(Epoch 05/08) Block Loss: 2.2758e-05
		(Epoch 06/08) Block Loss: 2.2740e-05
		(Epoch 07/08) Block Loss: 2.2725e-05
		(Epoch 08/08) Block Loss: 2.2711e-05
	(1/3) Block 4/28, mlp.gate_proj | Tuning Non-Factorized Weights...
		(Epoch 01/08) Block Loss: 2.2857e-05
		(Epoch 02/08) Block Loss: 2.2512e-05
		(Epoch 03/08) Block Loss: 2.2291e-05
		(Epoch 04/08) Block Loss: 2.2138e-05
		(Epoch 05/08) Block Loss: 2.2005e-05
		(Epoch 06/08) Block Loss: 2.1914e-05
		(Epoch 07/08) Block Loss: 2.1857e-05
		(Epoch 08/08) Block Loss: 2.1831e-05
	(2/3) Block 4/28, mlp.gate_proj | Initialization via ADMM...
		ADMM weight recon error: raw=1760.8262, norm=0.3439, per_el=5.5975e-04, out_err=0.0455, ADMM time=1.36s
Compressing Layers:  14%|███████████████▍                                                                                            | 4/28 [05:55<35:19, 88.29s/it]	(3/3) Block 4/28, mlp.gate_proj | Tuning Factorized Weights...
		(Epoch 01/08) Block Loss: 3.1702e-05
		(Epoch 02/08) Block Loss: 2.8828e-05
		(Epoch 03/08) Block Loss: 2.8090e-05
		(Epoch 04/08) Block Loss: 2.7782e-05
		(Epoch 05/08) Block Loss: 2.7636e-05
		(Epoch 06/08) Block Loss: 2.7531e-05
		(Epoch 07/08) Block Loss: 2.7415e-05
		(Epoch 08/08) Block Loss: 2.7175e-05
	(1/3) Block 4/28, mlp.up_proj | Tuning Non-Factorized Weights...
		(Epoch 01/08) Block Loss: 2.6351e-05
		(Epoch 02/08) Block Loss: 2.5625e-05
		(Epoch 03/08) Block Loss: 2.5266e-05
		(Epoch 04/08) Block Loss: 2.5049e-05
		(Epoch 05/08) Block Loss: 2.4885e-05
		(Epoch 06/08) Block Loss: 2.4782e-05
		(Epoch 07/08) Block Loss: 2.4721e-05
		(Epoch 08/08) Block Loss: 2.4696e-05
	(2/3) Block 4/28, mlp.up_proj | Initialization via ADMM...
		ADMM weight recon error: raw=710.3915, norm=0.3538, per_el=2.2583e-04, out_err=0.2609, ADMM time=1.38s
	(3/3) Block 4/28, mlp.up_proj | Tuning Factorized Weights...
		(Epoch 01/08) Block Loss: 3.7257e-05
		(Epoch 02/08) Block Loss: 3.4425e-05
		(Epoch 03/08) Block Loss: 3.3739e-05
		(Epoch 04/08) Block Loss: 3.3508e-05
		(Epoch 05/08) Block Loss: 3.3402e-05
		(Epoch 06/08) Block Loss: 3.3202e-05
		(Epoch 07/08) Block Loss: 3.3042e-05
		(Epoch 08/08) Block Loss: 3.2623e-05
	(1/3) Block 4/28, mlp.down_proj | Tuning Non-Factorized Weights...
		(Epoch 01/08) Block Loss: 3.1125e-05
		(Epoch 02/08) Block Loss: 3.0200e-05
		(Epoch 03/08) Block Loss: 2.9742e-05
		(Epoch 04/08) Block Loss: 2.9477e-05
		(Epoch 05/08) Block Loss: 2.9305e-05
		(Epoch 06/08) Block Loss: 2.9205e-05
		(Epoch 07/08) Block Loss: 2.9152e-05
		(Epoch 08/08) Block Loss: 2.9132e-05
	(2/3) Block 4/28, mlp.down_proj | Initialization via ADMM...
		ADMM weight recon error: raw=678.2100, norm=0.3489, per_el=2.1560e-04, out_err=0.2629, ADMM time=1.60s
	(3/3) Block 4/28, mlp.down_proj | Tuning Factorized Weights...
		(Epoch 01/08) Block Loss: 4.5524e-05
		(Epoch 02/08) Block Loss: 4.4516e-05
		(Epoch 03/08) Block Loss: 4.4765e-05
		(Epoch 04/08) Block Loss: 4.4966e-05
		(Epoch 05/08) Block Loss: 4.5269e-05
		(Epoch 06/08) Block Loss: 4.5066e-05
		(Epoch 07/08) Block Loss: 4.5042e-05
		(Epoch 08/08) Block Loss: 4.4298e-05
		Block 3: relative block output error = 0.0013
Using sequence length: 2048 (model max: 2048)
		Block 3: Test Data PPL        = 15.150
	[refresh_stats] block 4: re-estimating i_norm from the compressed-prefix inputs
	(1/3) Block 5/28, self_attn.q_proj | Tuning Non-Factorized Weights...
		(Epoch 01/08) Block Loss: 3.2476e-05
		(Epoch 02/08) Block Loss: 2.9160e-05
		(Epoch 03/08) Block Loss: 2.7422e-05
		(Epoch 04/08) Block Loss: 2.6341e-05
		(Epoch 05/08) Block Loss: 2.5651e-05
		(Epoch 06/08) Block Loss: 2.5245e-05
		(Epoch 07/08) Block Loss: 2.5028e-05
		(Epoch 08/08) Block Loss: 2.4948e-05
	(2/3) Block 5/28, self_attn.q_proj | Initialization via ADMM...
		ADMM weight recon error: raw=580.7917, norm=0.3129, per_el=2.7694e-04, out_err=0.0698, ADMM time=1.21s
	(3/3) Block 5/28, self_attn.q_proj | Tuning Factorized Weights...
		(Epoch 01/08) Block Loss: 2.6522e-05
		(Epoch 02/08) Block Loss: 2.5884e-05
		(Epoch 03/08) Block Loss: 2.5730e-05
		(Epoch 04/08) Block Loss: 2.5634e-05
		(Epoch 05/08) Block Loss: 2.5580e-05
		(Epoch 06/08) Block Loss: 2.5535e-05
		(Epoch 07/08) Block Loss: 2.5505e-05
		(Epoch 08/08) Block Loss: 2.5480e-05
	(1/3) Block 5/28, self_attn.v_proj | Tuning Non-Factorized Weights...
		(Epoch 01/08) Block Loss: 2.5497e-05
		(Epoch 02/08) Block Loss: 2.4584e-05
		(Epoch 03/08) Block Loss: 2.3912e-05
		(Epoch 04/08) Block Loss: 2.3406e-05
		(Epoch 05/08) Block Loss: 2.3034e-05
		(Epoch 06/08) Block Loss: 2.2807e-05
		(Epoch 07/08) Block Loss: 2.2680e-05
		(Epoch 08/08) Block Loss: 2.2630e-05
	(2/3) Block 5/28, self_attn.v_proj | Initialization via ADMM...
		ADMM weight recon error: raw=346.9362, norm=0.3691, per_el=3.3086e-04, out_err=0.2921, ADMM time=1.02s
	(3/3) Block 5/28, self_attn.v_proj | Tuning Factorized Weights...
		(Epoch 01/08) Block Loss: 2.8636e-05
		(Epoch 02/08) Block Loss: 2.7394e-05
		(Epoch 03/08) Block Loss: 2.6913e-05
		(Epoch 04/08) Block Loss: 2.6681e-05
		(Epoch 05/08) Block Loss: 2.6553e-05
		(Epoch 06/08) Block Loss: 2.6490e-05
		(Epoch 07/08) Block Loss: 2.6455e-05
		(Epoch 08/08) Block Loss: 2.6372e-05
	(1/3) Block 5/28, self_attn.o_proj | Tuning Non-Factorized Weights...
		(Epoch 01/08) Block Loss: 2.5416e-05
		(Epoch 02/08) Block Loss: 2.4305e-05
		(Epoch 03/08) Block Loss: 2.3722e-05
		(Epoch 04/08) Block Loss: 2.3342e-05
		(Epoch 05/08) Block Loss: 2.3066e-05
		(Epoch 06/08) Block Loss: 2.2877e-05
		(Epoch 07/08) Block Loss: 2.2771e-05
		(Epoch 08/08) Block Loss: 2.2729e-05
	(2/3) Block 5/28, self_attn.o_proj | Initialization via ADMM...
		ADMM weight recon error: raw=528.1153, norm=0.3334, per_el=2.5182e-04, out_err=0.2810, ADMM time=1.19s
	(3/3) Block 5/28, self_attn.o_proj | Tuning Factorized Weights...
		(Epoch 01/08) Block Loss: 2.7448e-05
		(Epoch 02/08) Block Loss: 2.6596e-05
		(Epoch 03/08) Block Loss: 2.6357e-05
		(Epoch 04/08) Block Loss: 2.6367e-05
		(Epoch 05/08) Block Loss: 2.6283e-05
		(Epoch 06/08) Block Loss: 2.6188e-05
		(Epoch 07/08) Block Loss: 2.6100e-05
		(Epoch 08/08) Block Loss: 2.5842e-05
	(1/3) Block 5/28, self_attn.k_proj | Tuning Non-Factorized Weights...
		(Epoch 01/08) Block Loss: 2.5051e-05
		(Epoch 02/08) Block Loss: 2.4201e-05
		(Epoch 03/08) Block Loss: 2.3777e-05
		(Epoch 04/08) Block Loss: 2.3502e-05
		(Epoch 05/08) Block Loss: 2.3294e-05
		(Epoch 06/08) Block Loss: 2.3160e-05
		(Epoch 07/08) Block Loss: 2.3080e-05
		(Epoch 08/08) Block Loss: 2.3046e-05
	(2/3) Block 5/28, self_attn.k_proj | Initialization via ADMM...
		ADMM weight recon error: raw=269.3116, norm=0.3117, per_el=2.5684e-04, out_err=0.0664, ADMM time=1.00s
	(3/3) Block 5/28, self_attn.k_proj | Tuning Factorized Weights...
		(Epoch 01/08) Block Loss: 2.4066e-05
		(Epoch 02/08) Block Loss: 2.3700e-05
		(Epoch 03/08) Block Loss: 2.3611e-05
		(Epoch 04/08) Block Loss: 2.3563e-05
		(Epoch 05/08) Block Loss: 2.3534e-05
		(Epoch 06/08) Block Loss: 2.3513e-05
		(Epoch 07/08) Block Loss: 2.3500e-05
		(Epoch 08/08) Block Loss: 2.3489e-05
	(1/3) Block 5/28, mlp.gate_proj | Tuning Non-Factorized Weights...
		(Epoch 01/08) Block Loss: 2.3629e-05
		(Epoch 02/08) Block Loss: 2.3250e-05
		(Epoch 03/08) Block Loss: 2.3012e-05
		(Epoch 04/08) Block Loss: 2.2847e-05
		(Epoch 05/08) Block Loss: 2.2705e-05
		(Epoch 06/08) Block Loss: 2.2610e-05
		(Epoch 07/08) Block Loss: 2.2549e-05
		(Epoch 08/08) Block Loss: 2.2522e-05
	(2/3) Block 5/28, mlp.gate_proj | Initialization via ADMM...
		ADMM weight recon error: raw=1582.3610, norm=0.3410, per_el=5.0302e-04, out_err=0.0509, ADMM time=1.40s
	(3/3) Block 5/28, mlp.gate_proj | Tuning Factorized Weights...
		(Epoch 01/08) Block Loss: 3.1369e-05
		(Epoch 02/08) Block Loss: 2.8747e-05
		(Epoch 03/08) Block Loss: 2.8103e-05
		(Epoch 04/08) Block Loss: 2.7869e-05
		(Epoch 05/08) Block Loss: 2.7752e-05
		(Epoch 06/08) Block Loss: 2.7668e-05
		(Epoch 07/08) Block Loss: 2.7545e-05
		(Epoch 08/08) Block Loss: 2.7319e-05
	(1/3) Block 5/28, mlp.up_proj | Tuning Non-Factorized Weights...
		(Epoch 01/08) Block Loss: 2.6532e-05
		(Epoch 02/08) Block Loss: 2.5861e-05
		(Epoch 03/08) Block Loss: 2.5538e-05
		(Epoch 04/08) Block Loss: 2.5344e-05
		(Epoch 05/08) Block Loss: 2.5195e-05
		(Epoch 06/08) Block Loss: 2.5101e-05
		(Epoch 07/08) Block Loss: 2.5044e-05
		(Epoch 08/08) Block Loss: 2.5020e-05
	(2/3) Block 5/28, mlp.up_proj | Initialization via ADMM...
		ADMM weight recon error: raw=742.1753, norm=0.3568, per_el=2.3593e-04, out_err=0.2522, ADMM time=1.40s
	(3/3) Block 5/28, mlp.up_proj | Tuning Factorized Weights...
		(Epoch 01/08) Block Loss: 3.7715e-05
		(Epoch 02/08) Block Loss: 3.4898e-05
		(Epoch 03/08) Block Loss: 3.4384e-05
		(Epoch 04/08) Block Loss: 3.4153e-05
		(Epoch 05/08) Block Loss: 3.4139e-05
		(Epoch 06/08) Block Loss: 3.3905e-05
		(Epoch 07/08) Block Loss: 3.3776e-05
		(Epoch 08/08) Block Loss: 3.3256e-05
	(1/3) Block 5/28, mlp.down_proj | Tuning Non-Factorized Weights...
		(Epoch 01/08) Block Loss: 3.1662e-05
		(Epoch 02/08) Block Loss: 3.0697e-05
		(Epoch 03/08) Block Loss: 3.0234e-05
Compressing Layers:  18%|███████████████████▎                                                                                        | 5/28 [07:22<33:43, 87.99s/it]Compressing Layers:  21%|███████████████████████▏                                                                                    | 6/28 [08:49<32:08, 87.68s/it]		(Epoch 04/08) Block Loss: 2.9971e-05
		(Epoch 05/08) Block Loss: 2.9800e-05
		(Epoch 06/08) Block Loss: 2.9702e-05
		(Epoch 07/08) Block Loss: 2.9650e-05
		(Epoch 08/08) Block Loss: 2.9630e-05
	(2/3) Block 5/28, mlp.down_proj | Initialization via ADMM...
		ADMM weight recon error: raw=700.2927, norm=0.3488, per_el=2.2262e-04, out_err=0.2708, ADMM time=1.44s
	(3/3) Block 5/28, mlp.down_proj | Tuning Factorized Weights...
		(Epoch 01/08) Block Loss: 4.6767e-05
		(Epoch 02/08) Block Loss: 4.5742e-05
		(Epoch 03/08) Block Loss: 4.5946e-05
		(Epoch 04/08) Block Loss: 4.6230e-05
		(Epoch 05/08) Block Loss: 4.6317e-05
		(Epoch 06/08) Block Loss: 4.6189e-05
		(Epoch 07/08) Block Loss: 4.6122e-05
		(Epoch 08/08) Block Loss: 4.5392e-05
		Block 4: relative block output error = 0.0016
Using sequence length: 2048 (model max: 2048)
		Block 4: Test Data PPL        = 15.536
	[refresh_stats] block 5: re-estimating i_norm from the compressed-prefix inputs
	(1/3) Block 6/28, self_attn.q_proj | Tuning Non-Factorized Weights...
		(Epoch 01/08) Block Loss: 3.4147e-05
		(Epoch 02/08) Block Loss: 3.0716e-05
		(Epoch 03/08) Block Loss: 2.9088e-05
		(Epoch 04/08) Block Loss: 2.8112e-05
		(Epoch 05/08) Block Loss: 2.7445e-05
		(Epoch 06/08) Block Loss: 2.7055e-05
		(Epoch 07/08) Block Loss: 2.6849e-05
		(Epoch 08/08) Block Loss: 2.6775e-05
	(2/3) Block 6/28, self_attn.q_proj | Initialization via ADMM...
		ADMM weight recon error: raw=595.4531, norm=0.2977, per_el=2.8393e-04, out_err=0.0710, ADMM time=1.19s
	(3/3) Block 6/28, self_attn.q_proj | Tuning Factorized Weights...
		(Epoch 01/08) Block Loss: 2.8102e-05
		(Epoch 02/08) Block Loss: 2.7609e-05
		(Epoch 03/08) Block Loss: 2.7470e-05
		(Epoch 04/08) Block Loss: 2.7390e-05
		(Epoch 05/08) Block Loss: 2.7338e-05
		(Epoch 06/08) Block Loss: 2.7302e-05
		(Epoch 07/08) Block Loss: 2.7273e-05
		(Epoch 08/08) Block Loss: 2.7248e-05
	(1/3) Block 6/28, self_attn.v_proj | Tuning Non-Factorized Weights...
		(Epoch 01/08) Block Loss: 2.7177e-05
		(Epoch 02/08) Block Loss: 2.6219e-05
		(Epoch 03/08) Block Loss: 2.5594e-05
		(Epoch 04/08) Block Loss: 2.5151e-05
		(Epoch 05/08) Block Loss: 2.4825e-05
		(Epoch 06/08) Block Loss: 2.4616e-05
		(Epoch 07/08) Block Loss: 2.4496e-05
		(Epoch 08/08) Block Loss: 2.4449e-05
	(2/3) Block 6/28, self_attn.v_proj | Initialization via ADMM...
		ADMM weight recon error: raw=311.9903, norm=0.3645, per_el=2.9754e-04, out_err=0.2649, ADMM time=1.02s
	(3/3) Block 6/28, self_attn.v_proj | Tuning Factorized Weights...
		(Epoch 01/08) Block Loss: 2.9562e-05
		(Epoch 02/08) Block Loss: 2.8545e-05
		(Epoch 03/08) Block Loss: 2.8124e-05
		(Epoch 04/08) Block Loss: 2.7922e-05
		(Epoch 05/08) Block Loss: 2.7823e-05
		(Epoch 06/08) Block Loss: 2.7769e-05
		(Epoch 07/08) Block Loss: 2.7731e-05
		(Epoch 08/08) Block Loss: 2.7676e-05
	(1/3) Block 6/28, self_attn.o_proj | Tuning Non-Factorized Weights...
		(Epoch 01/08) Block Loss: 2.6854e-05
		(Epoch 02/08) Block Loss: 2.5865e-05
		(Epoch 03/08) Block Loss: 2.5356e-05
		(Epoch 04/08) Block Loss: 2.5023e-05
		(Epoch 05/08) Block Loss: 2.4771e-05
		(Epoch 06/08) Block Loss: 2.4609e-05
		(Epoch 07/08) Block Loss: 2.4514e-05
		(Epoch 08/08) Block Loss: 2.4475e-05
	(2/3) Block 6/28, self_attn.o_proj | Initialization via ADMM...
		ADMM weight recon error: raw=547.0615, norm=0.3489, per_el=2.6086e-04, out_err=0.2395, ADMM time=1.21s
	(3/3) Block 6/28, self_attn.o_proj | Tuning Factorized Weights...
		(Epoch 01/08) Block Loss: 2.9681e-05
		(Epoch 02/08) Block Loss: 2.8906e-05
		(Epoch 03/08) Block Loss: 2.8853e-05
		(Epoch 04/08) Block Loss: 2.8965e-05
		(Epoch 05/08) Block Loss: 2.8886e-05
		(Epoch 06/08) Block Loss: 2.8806e-05
		(Epoch 07/08) Block Loss: 2.8797e-05
		(Epoch 08/08) Block Loss: 2.8446e-05
	(1/3) Block 6/28, self_attn.k_proj | Tuning Non-Factorized Weights...
		(Epoch 01/08) Block Loss: 2.7321e-05
		(Epoch 02/08) Block Loss: 2.6408e-05
		(Epoch 03/08) Block Loss: 2.5971e-05
		(Epoch 04/08) Block Loss: 2.5692e-05
		(Epoch 05/08) Block Loss: 2.5485e-05
		(Epoch 06/08) Block Loss: 2.5353e-05
		(Epoch 07/08) Block Loss: 2.5276e-05
		(Epoch 08/08) Block Loss: 2.5244e-05
	(2/3) Block 6/28, self_attn.k_proj | Initialization via ADMM...
		ADMM weight recon error: raw=267.3724, norm=0.3168, per_el=2.5499e-04, out_err=0.0774, ADMM time=1.00s
	(3/3) Block 6/28, self_attn.k_proj | Tuning Factorized Weights...
		(Epoch 01/08) Block Loss: 2.6110e-05
		(Epoch 02/08) Block Loss: 2.5821e-05
		(Epoch 03/08) Block Loss: 2.5745e-05
		(Epoch 04/08) Block Loss: 2.5702e-05
		(Epoch 05/08) Block Loss: 2.5679e-05
		(Epoch 06/08) Block Loss: 2.5664e-05
		(Epoch 07/08) Block Loss: 2.5651e-05
		(Epoch 08/08) Block Loss: 2.5641e-05
	(1/3) Block 6/28, mlp.gate_proj | Tuning Non-Factorized Weights...
		(Epoch 01/08) Block Loss: 2.5761e-05
		(Epoch 02/08) Block Loss: 2.5405e-05
		(Epoch 03/08) Block Loss: 2.5177e-05
		(Epoch 04/08) Block Loss: 2.5019e-05
		(Epoch 05/08) Block Loss: 2.4884e-05
		(Epoch 06/08) Block Loss: 2.4795e-05
		(Epoch 07/08) Block Loss: 2.4738e-05
		(Epoch 08/08) Block Loss: 2.4713e-05
	(2/3) Block 6/28, mlp.gate_proj | Initialization via ADMM...
		ADMM weight recon error: raw=1257.1412, norm=0.3358, per_el=3.9963e-04, out_err=0.0771, ADMM time=1.39s
	(3/3) Block 6/28, mlp.gate_proj | Tuning Factorized Weights...
		(Epoch 01/08) Block Loss: 3.2223e-05
		(Epoch 02/08) Block Loss: 3.0615e-05
		(Epoch 03/08) Block Loss: 3.0261e-05
		(Epoch 04/08) Block Loss: 3.0145e-05
		(Epoch 05/08) Block Loss: 3.0077e-05
		(Epoch 06/08) Block Loss: 2.9999e-05
		(Epoch 07/08) Block Loss: 2.9903e-05
		(Epoch 08/08) Block Loss: 2.9611e-05
	(1/3) Block 6/28, mlp.up_proj | Tuning Non-Factorized Weights...
		(Epoch 01/08) Block Loss: 2.8701e-05
		(Epoch 02/08) Block Loss: 2.8058e-05
		(Epoch 03/08) Block Loss: 2.7743e-05
		(Epoch 04/08) Block Loss: 2.7552e-05
		(Epoch 05/08) Block Loss: 2.7406e-05
		(Epoch 06/08) Block Loss: 2.7316e-05
		(Epoch 07/08) Block Loss: 2.7262e-05
		(Epoch 08/08) Block Loss: 2.7239e-05
	(2/3) Block 6/28, mlp.up_proj | Initialization via ADMM...
		ADMM weight recon error: raw=831.3592, norm=0.3511, per_el=2.6428e-04, out_err=0.2578, ADMM time=1.38s
	(3/3) Block 6/28, mlp.up_proj | Tuning Factorized Weights...
		(Epoch 01/08) Block Loss: 3.8663e-05
		(Epoch 02/08) Block Loss: 3.6461e-05
		(Epoch 03/08) Block Loss: 3.6099e-05
		(Epoch 04/08) Block Loss: 3.6035e-05
		(Epoch 05/08) Block Loss: 3.5883e-05
		(Epoch 06/08) Block Loss: 3.5805e-05
		(Epoch 07/08) Block Loss: 3.5786e-05
		(Epoch 08/08) Block Loss: 3.5141e-05
	(1/3) Block 6/28, mlp.down_proj | Tuning Non-Factorized Weights...
		(Epoch 01/08) Block Loss: 3.3623e-05
		(Epoch 02/08) Block Loss: 3.2745e-05
		(Epoch 03/08) Block Loss: 3.2307e-05
		(Epoch 04/08) Block Loss: 3.2051e-05
		(Epoch 05/08) Block Loss: 3.1883e-05
		(Epoch 06/08) Block Loss: 3.1785e-05
		(Epoch 07/08) Block Loss: 3.1734e-05
		(Epoch 08/08) Block Loss: 3.1716e-05
	(2/3) Block 6/28, mlp.down_proj | Initialization via ADMM...
		ADMM weight recon error: raw=790.3218, norm=0.3454, per_el=2.5124e-04, out_err=0.2979, ADMM time=1.55s
	(3/3) Block 6/28, mlp.down_proj | Tuning Factorized Weights...
		(Epoch 01/08) Block Loss: 4.6035e-05
		(Epoch 02/08) Block Loss: 4.4974e-05
		(Epoch 03/08) Block Loss: 4.5013e-05
		(Epoch 04/08) Block Loss: 4.5164e-05
		(Epoch 05/08) Block Loss: 4.5178e-05
		(Epoch 06/08) Block Loss: 4.5077e-05
		(Epoch 07/08) Block Loss: 4.5003e-05
		(Epoch 08/08) Block Loss: 4.4387e-05
		Block 5: relative block output error = 0.0022
Using sequence length: 2048 (model max: 2048)
		Block 5: Test Data PPL        = 16.025
	[refresh_stats] block 6: re-estimating i_norm from the compressed-prefix inputs
	(1/3) Block 7/28, self_attn.q_proj | Tuning Non-Factorized Weights...
		(Epoch 01/08) Block Loss: 2.9118e-05
		(Epoch 02/08) Block Loss: 2.6831e-05
		(Epoch 03/08) Block Loss: 2.5572e-05
		(Epoch 04/08) Block Loss: 2.4755e-05
		(Epoch 05/08) Block Loss: 2.4251e-05
		(Epoch 06/08) Block Loss: 2.3932e-05
		(Epoch 07/08) Block Loss: 2.3770e-05
		(Epoch 08/08) Block Loss: 2.3712e-05
	(2/3) Block 7/28, self_attn.q_proj | Initialization via ADMM...
Compressing Layers:  25%|███████████████████████████                                                                                 | 7/28 [10:16<30:32, 87.28s/it]		ADMM weight recon error: raw=476.5715, norm=0.2431, per_el=2.2725e-04, out_err=0.0512, ADMM time=1.18s
	(3/3) Block 7/28, self_attn.q_proj | Tuning Factorized Weights...
		(Epoch 01/08) Block Loss: 2.4522e-05
		(Epoch 02/08) Block Loss: 2.4276e-05
		(Epoch 03/08) Block Loss: 2.4203e-05
		(Epoch 04/08) Block Loss: 2.4161e-05
		(Epoch 05/08) Block Loss: 2.4132e-05
		(Epoch 06/08) Block Loss: 2.4104e-05
		(Epoch 07/08) Block Loss: 2.4082e-05
		(Epoch 08/08) Block Loss: 2.4064e-05
	(1/3) Block 7/28, self_attn.v_proj | Tuning Non-Factorized Weights...
		(Epoch 01/08) Block Loss: 2.4050e-05
		(Epoch 02/08) Block Loss: 2.3475e-05
		(Epoch 03/08) Block Loss: 2.3023e-05
		(Epoch 04/08) Block Loss: 2.2546e-05
		(Epoch 05/08) Block Loss: 2.2266e-05
		(Epoch 06/08) Block Loss: 2.2101e-05
		(Epoch 07/08) Block Loss: 2.2008e-05
		(Epoch 08/08) Block Loss: 2.1971e-05
	(2/3) Block 7/28, self_attn.v_proj | Initialization via ADMM...
		ADMM weight recon error: raw=305.5975, norm=0.3570, per_el=2.9144e-04, out_err=0.2887, ADMM time=1.01s
	(3/3) Block 7/28, self_attn.v_proj | Tuning Factorized Weights...
		(Epoch 01/08) Block Loss: 2.5813e-05
		(Epoch 02/08) Block Loss: 2.4817e-05
		(Epoch 03/08) Block Loss: 2.4499e-05
		(Epoch 04/08) Block Loss: 2.4324e-05
		(Epoch 05/08) Block Loss: 2.4239e-05
		(Epoch 06/08) Block Loss: 2.4193e-05
		(Epoch 07/08) Block Loss: 2.4158e-05
		(Epoch 08/08) Block Loss: 2.4110e-05
	(1/3) Block 7/28, self_attn.o_proj | Tuning Non-Factorized Weights...
		(Epoch 01/08) Block Loss: 2.3623e-05
		(Epoch 02/08) Block Loss: 2.2909e-05
		(Epoch 03/08) Block Loss: 2.2542e-05
		(Epoch 04/08) Block Loss: 2.2239e-05
		(Epoch 05/08) Block Loss: 2.2034e-05
		(Epoch 06/08) Block Loss: 2.1903e-05
		(Epoch 07/08) Block Loss: 2.1827e-05
		(Epoch 08/08) Block Loss: 2.1796e-05
	(2/3) Block 7/28, self_attn.o_proj | Initialization via ADMM...
		ADMM weight recon error: raw=439.4809, norm=0.3231, per_el=2.0956e-04, out_err=0.1958, ADMM time=1.25s
	(3/3) Block 7/28, self_attn.o_proj | Tuning Factorized Weights...
		(Epoch 01/08) Block Loss: 2.4499e-05
		(Epoch 02/08) Block Loss: 2.4030e-05
		(Epoch 03/08) Block Loss: 2.4024e-05
		(Epoch 04/08) Block Loss: 2.3939e-05
		(Epoch 05/08) Block Loss: 2.3994e-05
		(Epoch 06/08) Block Loss: 2.3802e-05
		(Epoch 07/08) Block Loss: 2.3806e-05
		(Epoch 08/08) Block Loss: 2.3587e-05
	(1/3) Block 7/28, self_attn.k_proj | Tuning Non-Factorized Weights...
		(Epoch 01/08) Block Loss: 2.3234e-05
		(Epoch 02/08) Block Loss: 2.2699e-05
		(Epoch 03/08) Block Loss: 2.2417e-05
		(Epoch 04/08) Block Loss: 2.2225e-05
		(Epoch 05/08) Block Loss: 2.2076e-05
		(Epoch 06/08) Block Loss: 2.1979e-05
		(Epoch 07/08) Block Loss: 2.1920e-05
		(Epoch 08/08) Block Loss: 2.1895e-05
	(2/3) Block 7/28, self_attn.k_proj | Initialization via ADMM...
		ADMM weight recon error: raw=226.6968, norm=0.2738, per_el=2.1619e-04, out_err=0.0772, ADMM time=0.98s
	(3/3) Block 7/28, self_attn.k_proj | Tuning Factorized Weights...
		(Epoch 01/08) Block Loss: 2.2372e-05
		(Epoch 02/08) Block Loss: 2.2276e-05
		(Epoch 03/08) Block Loss: 2.2239e-05
		(Epoch 04/08) Block Loss: 2.2220e-05
		(Epoch 05/08) Block Loss: 2.2206e-05
		(Epoch 06/08) Block Loss: 2.2195e-05
		(Epoch 07/08) Block Loss: 2.2187e-05
		(Epoch 08/08) Block Loss: 2.2176e-05
	(1/3) Block 7/28, mlp.gate_proj | Tuning Non-Factorized Weights...
		(Epoch 01/08) Block Loss: 2.2303e-05
		(Epoch 02/08) Block Loss: 2.2041e-05
		(Epoch 03/08) Block Loss: 2.1871e-05
		(Epoch 04/08) Block Loss: 2.1750e-05
		(Epoch 05/08) Block Loss: 2.1646e-05
		(Epoch 06/08) Block Loss: 2.1576e-05
		(Epoch 07/08) Block Loss: 2.1531e-05
		(Epoch 08/08) Block Loss: 2.1511e-05
	(2/3) Block 7/28, mlp.gate_proj | Initialization via ADMM...
		ADMM weight recon error: raw=1211.5560, norm=0.3411, per_el=3.8514e-04, out_err=0.0681, ADMM time=1.31s
	(3/3) Block 7/28, mlp.gate_proj | Tuning Factorized Weights...
		(Epoch 01/08) Block Loss: 2.7054e-05
		(Epoch 02/08) Block Loss: 2.5922e-05
		(Epoch 03/08) Block Loss: 2.5669e-05
		(Epoch 04/08) Block Loss: 2.5593e-05
		(Epoch 05/08) Block Loss: 2.5541e-05
		(Epoch 06/08) Block Loss: 2.5474e-05
		(Epoch 07/08) Block Loss: 2.5410e-05
		(Epoch 08/08) Block Loss: 2.5180e-05
	(1/3) Block 7/28, mlp.up_proj | Tuning Non-Factorized Weights...
		(Epoch 01/08) Block Loss: 2.4546e-05
		(Epoch 02/08) Block Loss: 2.4073e-05
		(Epoch 03/08) Block Loss: 2.3839e-05
		(Epoch 04/08) Block Loss: 2.3697e-05
		(Epoch 05/08) Block Loss: 2.3588e-05
		(Epoch 06/08) Block Loss: 2.3518e-05
		(Epoch 07/08) Block Loss: 2.3476e-05
		(Epoch 08/08) Block Loss: 2.3459e-05
	(2/3) Block 7/28, mlp.up_proj | Initialization via ADMM...
		ADMM weight recon error: raw=840.9315, norm=0.3575, per_el=2.6732e-04, out_err=0.2634, ADMM time=1.27s
	(3/3) Block 7/28, mlp.up_proj | Tuning Factorized Weights...
		(Epoch 01/08) Block Loss: 3.2293e-05
		(Epoch 02/08) Block Loss: 3.0669e-05
		(Epoch 03/08) Block Loss: 3.0430e-05
		(Epoch 04/08) Block Loss: 3.0313e-05
		(Epoch 05/08) Block Loss: 3.0227e-05
		(Epoch 06/08) Block Loss: 3.0168e-05
		(Epoch 07/08) Block Loss: 3.0068e-05
		(Epoch 08/08) Block Loss: 2.9633e-05
	(1/3) Block 7/28, mlp.down_proj | Tuning Non-Factorized Weights...
		(Epoch 01/08) Block Loss: 2.8489e-05
		(Epoch 02/08) Block Loss: 2.7838e-05
		(Epoch 03/08) Block Loss: 2.7507e-05
		(Epoch 04/08) Block Loss: 2.7314e-05
		(Epoch 05/08) Block Loss: 2.7185e-05
		(Epoch 06/08) Block Loss: 2.7111e-05
		(Epoch 07/08) Block Loss: 2.7072e-05
		(Epoch 08/08) Block Loss: 2.7058e-05
	(2/3) Block 7/28, mlp.down_proj | Initialization via ADMM...
		ADMM weight recon error: raw=738.1665, norm=0.3319, per_el=2.3466e-04, out_err=0.2854, ADMM time=1.68s
	(3/3) Block 7/28, mlp.down_proj | Tuning Factorized Weights...
		(Epoch 01/08) Block Loss: 3.7177e-05
		(Epoch 02/08) Block Loss: 3.6506e-05
		(Epoch 03/08) Block Loss: 3.6609e-05
		(Epoch 04/08) Block Loss: 3.6695e-05
		(Epoch 05/08) Block Loss: 3.6725e-05
		(Epoch 06/08) Block Loss: 3.6641e-05
		(Epoch 07/08) Block Loss: 3.6586e-05
		(Epoch 08/08) Block Loss: 3.6040e-05
		Block 6: relative block output error = 0.0026
Using sequence length: 2048 (model max: 2048)
		Block 6: Test Data PPL        = 16.136
	[refresh_stats] block 7: re-estimating i_norm from the compressed-prefix inputs
	(1/3) Block 8/28, self_attn.q_proj | Tuning Non-Factorized Weights...
		(Epoch 01/08) Block Loss: 3.7823e-05
		(Epoch 02/08) Block Loss: 3.5110e-05
		(Epoch 03/08) Block Loss: 3.3710e-05
		(Epoch 04/08) Block Loss: 3.2713e-05
		(Epoch 05/08) Block Loss: 3.2056e-05
		(Epoch 06/08) Block Loss: 3.1676e-05
		(Epoch 07/08) Block Loss: 3.1473e-05
		(Epoch 08/08) Block Loss: 3.1399e-05
	(2/3) Block 8/28, self_attn.q_proj | Initialization via ADMM...
		ADMM weight recon error: raw=528.4254, norm=0.2975, per_el=2.5197e-04, out_err=0.0693, ADMM time=1.20s
	(3/3) Block 8/28, self_attn.q_proj | Tuning Factorized Weights...
		(Epoch 01/08) Block Loss: 3.2733e-05
		(Epoch 02/08) Block Loss: 3.2204e-05
		(Epoch 03/08) Block Loss: 3.2073e-05
		(Epoch 04/08) Block Loss: 3.1991e-05
		(Epoch 05/08) Block Loss: 3.1928e-05
		(Epoch 06/08) Block Loss: 3.1887e-05
		(Epoch 07/08) Block Loss: 3.1848e-05
		(Epoch 08/08) Block Loss: 3.1821e-05
	(1/3) Block 8/28, self_attn.v_proj | Tuning Non-Factorized Weights...
		(Epoch 01/08) Block Loss: 3.1876e-05
		(Epoch 02/08) Block Loss: 3.0986e-05
		(Epoch 03/08) Block Loss: 3.0372e-05
		(Epoch 04/08) Block Loss: 2.9900e-05
		(Epoch 05/08) Block Loss: 2.9563e-05
		(Epoch 06/08) Block Loss: 2.9355e-05
		(Epoch 07/08) Block Loss: 2.9234e-05
		(Epoch 08/08) Block Loss: 2.9186e-05
	(2/3) Block 8/28, self_attn.v_proj | Initialization via ADMM...
		ADMM weight recon error: raw=291.1339, norm=0.3533, per_el=2.7765e-04, out_err=0.2896, ADMM time=1.01s
	(3/3) Block 8/28, self_attn.v_proj | Tuning Factorized Weights...
		(Epoch 01/08) Block Loss: 3.4987e-05
		(Epoch 02/08) Block Loss: 3.3758e-05
		(Epoch 03/08) Block Loss: 3.3310e-05
		(Epoch 04/08) Block Loss: 3.3074e-05
		(Epoch 05/08) Block Loss: 3.2969e-05
		(Epoch 06/08) Block Loss: 3.2898e-05
		(Epoch 07/08) Block Loss: 3.2855e-05
		(Epoch 08/08) Block Loss: 3.2779e-05
Compressing Layers:  29%|██████████████████████████████▊                                                                             | 8/28 [11:43<29:05, 87.29s/it]	(1/3) Block 8/28, self_attn.o_proj | Tuning Non-Factorized Weights...
		(Epoch 01/08) Block Loss: 3.1948e-05
		(Epoch 02/08) Block Loss: 3.0864e-05
		(Epoch 03/08) Block Loss: 3.0349e-05
		(Epoch 04/08) Block Loss: 2.9981e-05
		(Epoch 05/08) Block Loss: 2.9708e-05
		(Epoch 06/08) Block Loss: 2.9530e-05
		(Epoch 07/08) Block Loss: 2.9430e-05
		(Epoch 08/08) Block Loss: 2.9389e-05
	(2/3) Block 8/28, self_attn.o_proj | Initialization via ADMM...
		ADMM weight recon error: raw=431.9023, norm=0.3121, per_el=2.0595e-04, out_err=0.2863, ADMM time=1.20s
	(3/3) Block 8/28, self_attn.o_proj | Tuning Factorized Weights...
		(Epoch 01/08) Block Loss: 3.4060e-05
		(Epoch 02/08) Block Loss: 3.3327e-05
		(Epoch 03/08) Block Loss: 3.3228e-05
		(Epoch 04/08) Block Loss: 3.3309e-05
		(Epoch 05/08) Block Loss: 3.3035e-05
		(Epoch 06/08) Block Loss: 3.2890e-05
		(Epoch 07/08) Block Loss: 3.2906e-05
		(Epoch 08/08) Block Loss: 3.2623e-05
	(1/3) Block 8/28, self_attn.k_proj | Tuning Non-Factorized Weights...
		(Epoch 01/08) Block Loss: 3.1872e-05
		(Epoch 02/08) Block Loss: 3.1041e-05
		(Epoch 03/08) Block Loss: 3.0641e-05
		(Epoch 04/08) Block Loss: 3.0368e-05
		(Epoch 05/08) Block Loss: 3.0164e-05
		(Epoch 06/08) Block Loss: 3.0035e-05
		(Epoch 07/08) Block Loss: 2.9958e-05
		(Epoch 08/08) Block Loss: 2.9926e-05
	(2/3) Block 8/28, self_attn.k_proj | Initialization via ADMM...
		ADMM weight recon error: raw=232.7490, norm=0.3095, per_el=2.2197e-04, out_err=0.0789, ADMM time=1.01s
	(3/3) Block 8/28, self_attn.k_proj | Tuning Factorized Weights...
		(Epoch 01/08) Block Loss: 3.0883e-05
		(Epoch 02/08) Block Loss: 3.0512e-05
		(Epoch 03/08) Block Loss: 3.0440e-05
		(Epoch 04/08) Block Loss: 3.0399e-05
		(Epoch 05/08) Block Loss: 3.0374e-05
		(Epoch 06/08) Block Loss: 3.0356e-05
		(Epoch 07/08) Block Loss: 3.0348e-05
		(Epoch 08/08) Block Loss: 3.0338e-05
	(1/3) Block 8/28, mlp.gate_proj | Tuning Non-Factorized Weights...
		(Epoch 01/08) Block Loss: 3.0483e-05
		(Epoch 02/08) Block Loss: 3.0130e-05
		(Epoch 03/08) Block Loss: 2.9912e-05
		(Epoch 04/08) Block Loss: 2.9749e-05
		(Epoch 05/08) Block Loss: 2.9614e-05
		(Epoch 06/08) Block Loss: 2.9524e-05
		(Epoch 07/08) Block Loss: 2.9467e-05
		(Epoch 08/08) Block Loss: 2.9442e-05
	(2/3) Block 8/28, mlp.gate_proj | Initialization via ADMM...
		ADMM weight recon error: raw=1157.8210, norm=0.3289, per_el=3.6806e-04, out_err=0.0677, ADMM time=1.38s
	(3/3) Block 8/28, mlp.gate_proj | Tuning Factorized Weights...
		(Epoch 01/08) Block Loss: 3.5602e-05
		(Epoch 02/08) Block Loss: 3.4489e-05
		(Epoch 03/08) Block Loss: 3.4226e-05
		(Epoch 04/08) Block Loss: 3.4132e-05
		(Epoch 05/08) Block Loss: 3.4058e-05
		(Epoch 06/08) Block Loss: 3.3987e-05
		(Epoch 07/08) Block Loss: 3.3890e-05
		(Epoch 08/08) Block Loss: 3.3616e-05
	(1/3) Block 8/28, mlp.up_proj | Tuning Non-Factorized Weights...
		(Epoch 01/08) Block Loss: 3.2948e-05
		(Epoch 02/08) Block Loss: 3.2407e-05
		(Epoch 03/08) Block Loss: 3.2135e-05
		(Epoch 04/08) Block Loss: 3.1964e-05
		(Epoch 05/08) Block Loss: 3.1833e-05
		(Epoch 06/08) Block Loss: 3.1749e-05
		(Epoch 07/08) Block Loss: 3.1698e-05
		(Epoch 08/08) Block Loss: 3.1677e-05
	(2/3) Block 8/28, mlp.up_proj | Initialization via ADMM...
		ADMM weight recon error: raw=823.9459, norm=0.3527, per_el=2.6193e-04, out_err=0.2499, ADMM time=1.37s
	(3/3) Block 8/28, mlp.up_proj | Tuning Factorized Weights...
		(Epoch 01/08) Block Loss: 4.2025e-05
		(Epoch 02/08) Block Loss: 4.0221e-05
		(Epoch 03/08) Block Loss: 4.0029e-05
		(Epoch 04/08) Block Loss: 4.0064e-05
		(Epoch 05/08) Block Loss: 3.9884e-05
		(Epoch 06/08) Block Loss: 3.9695e-05
		(Epoch 07/08) Block Loss: 3.9528e-05
		(Epoch 08/08) Block Loss: 3.8993e-05
	(1/3) Block 8/28, mlp.down_proj | Tuning Non-Factorized Weights...
		(Epoch 01/08) Block Loss: 3.7761e-05
		(Epoch 02/08) Block Loss: 3.6994e-05
		(Epoch 03/08) Block Loss: 3.6597e-05
		(Epoch 04/08) Block Loss: 3.6363e-05
		(Epoch 05/08) Block Loss: 3.6208e-05
		(Epoch 06/08) Block Loss: 3.6117e-05
		(Epoch 07/08) Block Loss: 3.6069e-05
		(Epoch 08/08) Block Loss: 3.6052e-05
	(2/3) Block 8/28, mlp.down_proj | Initialization via ADMM...
		ADMM weight recon error: raw=720.5923, norm=0.3336, per_el=2.2907e-04, out_err=0.2740, ADMM time=1.69s
	(3/3) Block 8/28, mlp.down_proj | Tuning Factorized Weights...
		(Epoch 01/08) Block Loss: 4.7606e-05
		(Epoch 02/08) Block Loss: 4.6869e-05
		(Epoch 03/08) Block Loss: 4.7481e-05
		(Epoch 04/08) Block Loss: 4.7177e-05
		(Epoch 05/08) Block Loss: 4.7450e-05
		(Epoch 06/08) Block Loss: 4.6894e-05
		(Epoch 07/08) Block Loss: 4.7230e-05
		(Epoch 08/08) Block Loss: 4.6344e-05
		Block 7: relative block output error = 0.0030
Using sequence length: 2048 (model max: 2048)
		Block 7: Test Data PPL        = 16.314
	[refresh_stats] block 8: re-estimating i_norm from the compressed-prefix inputs
	(1/3) Block 9/28, self_attn.q_proj | Tuning Non-Factorized Weights...
		(Epoch 01/08) Block Loss: 2.5090e-05
		(Epoch 02/08) Block Loss: 2.3349e-05
		(Epoch 03/08) Block Loss: 2.2463e-05
		(Epoch 04/08) Block Loss: 2.1889e-05
		(Epoch 05/08) Block Loss: 2.1511e-05
		(Epoch 06/08) Block Loss: 2.1278e-05
		(Epoch 07/08) Block Loss: 2.1152e-05
		(Epoch 08/08) Block Loss: 2.1106e-05
	(2/3) Block 9/28, self_attn.q_proj | Initialization via ADMM...
		ADMM weight recon error: raw=522.8771, norm=0.2701, per_el=2.4933e-04, out_err=0.0749, ADMM time=1.18s
	(3/3) Block 9/28, self_attn.q_proj | Tuning Factorized Weights...
		(Epoch 01/08) Block Loss: 2.1851e-05
		(Epoch 02/08) Block Loss: 2.1587e-05
		(Epoch 03/08) Block Loss: 2.1532e-05
		(Epoch 04/08) Block Loss: 2.1500e-05
		(Epoch 05/08) Block Loss: 2.1473e-05
		(Epoch 06/08) Block Loss: 2.1450e-05
		(Epoch 07/08) Block Loss: 2.1436e-05
		(Epoch 08/08) Block Loss: 2.1416e-05
	(1/3) Block 9/28, self_attn.v_proj | Tuning Non-Factorized Weights...
		(Epoch 01/08) Block Loss: 2.1417e-05
		(Epoch 02/08) Block Loss: 2.0842e-05
		(Epoch 03/08) Block Loss: 2.0479e-05
		(Epoch 04/08) Block Loss: 2.0199e-05
		(Epoch 05/08) Block Loss: 1.9988e-05
		(Epoch 06/08) Block Loss: 1.9856e-05
		(Epoch 07/08) Block Loss: 1.9781e-05
		(Epoch 08/08) Block Loss: 1.9752e-05
	(2/3) Block 9/28, self_attn.v_proj | Initialization via ADMM...
		ADMM weight recon error: raw=291.4676, norm=0.3554, per_el=2.7797e-04, out_err=0.2318, ADMM time=1.00s
	(3/3) Block 9/28, self_attn.v_proj | Tuning Factorized Weights...
		(Epoch 01/08) Block Loss: 2.2124e-05
		(Epoch 02/08) Block Loss: 2.1726e-05
		(Epoch 03/08) Block Loss: 2.1557e-05
		(Epoch 04/08) Block Loss: 2.1463e-05
		(Epoch 05/08) Block Loss: 2.1411e-05
		(Epoch 06/08) Block Loss: 2.1381e-05
		(Epoch 07/08) Block Loss: 2.1358e-05
		(Epoch 08/08) Block Loss: 2.1330e-05
	(1/3) Block 9/28, self_attn.o_proj | Tuning Non-Factorized Weights...
		(Epoch 01/08) Block Loss: 2.1021e-05
		(Epoch 02/08) Block Loss: 2.0466e-05
		(Epoch 03/08) Block Loss: 2.0168e-05
		(Epoch 04/08) Block Loss: 1.9958e-05
		(Epoch 05/08) Block Loss: 1.9801e-05
		(Epoch 06/08) Block Loss: 1.9700e-05
		(Epoch 07/08) Block Loss: 1.9640e-05
		(Epoch 08/08) Block Loss: 1.9615e-05
	(2/3) Block 9/28, self_attn.o_proj | Initialization via ADMM...
		ADMM weight recon error: raw=419.8436, norm=0.3161, per_el=2.0020e-04, out_err=0.2173, ADMM time=1.19s
	(3/3) Block 9/28, self_attn.o_proj | Tuning Factorized Weights...
		(Epoch 01/08) Block Loss: 2.1720e-05
		(Epoch 02/08) Block Loss: 2.1358e-05
		(Epoch 03/08) Block Loss: 2.1310e-05
		(Epoch 04/08) Block Loss: 2.1297e-05
		(Epoch 05/08) Block Loss: 2.1295e-05
		(Epoch 06/08) Block Loss: 2.1261e-05
		(Epoch 07/08) Block Loss: 2.1191e-05
		(Epoch 08/08) Block Loss: 2.1074e-05
	(1/3) Block 9/28, self_attn.k_proj | Tuning Non-Factorized Weights...
		(Epoch 01/08) Block Loss: 2.0762e-05
		(Epoch 02/08) Block Loss: 2.0356e-05
		(Epoch 03/08) Block Loss: 2.0140e-05
		(Epoch 04/08) Block Loss: 1.9991e-05
		(Epoch 05/08) Block Loss: 1.9875e-05
		(Epoch 06/08) Block Loss: 1.9801e-05
		(Epoch 07/08) Block Loss: 1.9755e-05
		(Epoch 08/08) Block Loss: 1.9735e-05
	(2/3) Block 9/28, self_attn.k_proj | Initialization via ADMM...
		ADMM weight recon error: raw=219.0474, norm=0.2766, per_el=2.0890e-04, out_err=0.0838, ADMM time=1.00sCompressing Layers:  32%|██████████████████████████████████▋                                                                         | 9/28 [13:10<27:37, 87.23s/it]
	(3/3) Block 9/28, self_attn.k_proj | Tuning Factorized Weights...
		(Epoch 01/08) Block Loss: 2.0097e-05
		(Epoch 02/08) Block Loss: 2.0022e-05
		(Epoch 03/08) Block Loss: 1.9996e-05
		(Epoch 04/08) Block Loss: 1.9981e-05
		(Epoch 05/08) Block Loss: 1.9972e-05
		(Epoch 06/08) Block Loss: 1.9964e-05
		(Epoch 07/08) Block Loss: 1.9957e-05
		(Epoch 08/08) Block Loss: 1.9949e-05
	(1/3) Block 9/28, mlp.gate_proj | Tuning Non-Factorized Weights...
		(Epoch 01/08) Block Loss: 2.0054e-05
		(Epoch 02/08) Block Loss: 1.9848e-05
		(Epoch 03/08) Block Loss: 1.9717e-05
		(Epoch 04/08) Block Loss: 1.9623e-05
		(Epoch 05/08) Block Loss: 1.9541e-05
		(Epoch 06/08) Block Loss: 1.9486e-05
		(Epoch 07/08) Block Loss: 1.9451e-05
		(Epoch 08/08) Block Loss: 1.9435e-05
	(2/3) Block 9/28, mlp.gate_proj | Initialization via ADMM...
		ADMM weight recon error: raw=1118.4409, norm=0.3282, per_el=3.5554e-04, out_err=0.0688, ADMM time=1.41s
	(3/3) Block 9/28, mlp.gate_proj | Tuning Factorized Weights...
		(Epoch 01/08) Block Loss: 2.3165e-05
		(Epoch 02/08) Block Loss: 2.2472e-05
		(Epoch 03/08) Block Loss: 2.2346e-05
		(Epoch 04/08) Block Loss: 2.2302e-05
		(Epoch 05/08) Block Loss: 2.2272e-05
		(Epoch 06/08) Block Loss: 2.2216e-05
		(Epoch 07/08) Block Loss: 2.2153e-05
		(Epoch 08/08) Block Loss: 2.1978e-05
	(1/3) Block 9/28, mlp.up_proj | Tuning Non-Factorized Weights...
		(Epoch 01/08) Block Loss: 2.1565e-05
		(Epoch 02/08) Block Loss: 2.1241e-05
		(Epoch 03/08) Block Loss: 2.1075e-05
		(Epoch 04/08) Block Loss: 2.0971e-05
		(Epoch 05/08) Block Loss: 2.0891e-05
		(Epoch 06/08) Block Loss: 2.0839e-05
		(Epoch 07/08) Block Loss: 2.0807e-05
		(Epoch 08/08) Block Loss: 2.0793e-05
	(2/3) Block 9/28, mlp.up_proj | Initialization via ADMM...
		ADMM weight recon error: raw=817.8790, norm=0.3501, per_el=2.6000e-04, out_err=0.2442, ADMM time=1.43s
	(3/3) Block 9/28, mlp.up_proj | Tuning Factorized Weights...
		(Epoch 01/08) Block Loss: 2.6635e-05
		(Epoch 02/08) Block Loss: 2.5690e-05
		(Epoch 03/08) Block Loss: 2.5651e-05
		(Epoch 04/08) Block Loss: 2.5591e-05
		(Epoch 05/08) Block Loss: 2.5612e-05
		(Epoch 06/08) Block Loss: 2.5340e-05
		(Epoch 07/08) Block Loss: 2.5352e-05
		(Epoch 08/08) Block Loss: 2.4959e-05
	(1/3) Block 9/28, mlp.down_proj | Tuning Non-Factorized Weights...
		(Epoch 01/08) Block Loss: 2.4285e-05
		(Epoch 02/08) Block Loss: 2.3868e-05
		(Epoch 03/08) Block Loss: 2.3650e-05
		(Epoch 04/08) Block Loss: 2.3520e-05
		(Epoch 05/08) Block Loss: 2.3432e-05
		(Epoch 06/08) Block Loss: 2.3380e-05
		(Epoch 07/08) Block Loss: 2.3352e-05
		(Epoch 08/08) Block Loss: 2.3342e-05
	(2/3) Block 9/28, mlp.down_proj | Initialization via ADMM...
		ADMM weight recon error: raw=713.1355, norm=0.3253, per_el=2.2670e-04, out_err=0.2804, ADMM time=1.69s
	(3/3) Block 9/28, mlp.down_proj | Tuning Factorized Weights...
		(Epoch 01/08) Block Loss: 2.9949e-05
		(Epoch 02/08) Block Loss: 2.9540e-05
		(Epoch 03/08) Block Loss: 2.9723e-05
		(Epoch 04/08) Block Loss: 2.9721e-05
		(Epoch 05/08) Block Loss: 2.9734e-05
		(Epoch 06/08) Block Loss: 2.9665e-05
		(Epoch 07/08) Block Loss: 2.9590e-05
		(Epoch 08/08) Block Loss: 2.9242e-05
		Block 8: relative block output error = 0.0035
Using sequence length: 2048 (model max: 2048)
		Block 8: Test Data PPL        = 16.438
	[refresh_stats] block 9: re-estimating i_norm from the compressed-prefix inputs
	(1/3) Block 10/28, self_attn.q_proj | Tuning Non-Factorized Weights...
		(Epoch 01/08) Block Loss: 2.2019e-05
		(Epoch 02/08) Block Loss: 2.0821e-05
		(Epoch 03/08) Block Loss: 2.0073e-05
		(Epoch 04/08) Block Loss: 1.9576e-05
		(Epoch 05/08) Block Loss: 1.9265e-05
		(Epoch 06/08) Block Loss: 1.9080e-05
		(Epoch 07/08) Block Loss: 1.8974e-05
		(Epoch 08/08) Block Loss: 1.8935e-05
	(2/3) Block 10/28, self_attn.q_proj | Initialization via ADMM...
		ADMM weight recon error: raw=530.8746, norm=0.2753, per_el=2.5314e-04, out_err=0.0601, ADMM time=1.18s
	(3/3) Block 10/28, self_attn.q_proj | Tuning Factorized Weights...
		(Epoch 01/08) Block Loss: 1.9599e-05
		(Epoch 02/08) Block Loss: 1.9382e-05
		(Epoch 03/08) Block Loss: 1.9322e-05
		(Epoch 04/08) Block Loss: 1.9293e-05
		(Epoch 05/08) Block Loss: 1.9260e-05
		(Epoch 06/08) Block Loss: 1.9238e-05
		(Epoch 07/08) Block Loss: 1.9223e-05
		(Epoch 08/08) Block Loss: 1.9200e-05
	(1/3) Block 10/28, self_attn.v_proj | Tuning Non-Factorized Weights...
		(Epoch 01/08) Block Loss: 1.9297e-05
		(Epoch 02/08) Block Loss: 1.8949e-05
		(Epoch 03/08) Block Loss: 1.8581e-05
		(Epoch 04/08) Block Loss: 1.8305e-05
		(Epoch 05/08) Block Loss: 1.8132e-05
		(Epoch 06/08) Block Loss: 1.8021e-05
		(Epoch 07/08) Block Loss: 1.7955e-05
		(Epoch 08/08) Block Loss: 1.7929e-05
	(2/3) Block 10/28, self_attn.v_proj | Initialization via ADMM...
		ADMM weight recon error: raw=284.9337, norm=0.3634, per_el=2.7173e-04, out_err=0.3037, ADMM time=1.00s
	(3/3) Block 10/28, self_attn.v_proj | Tuning Factorized Weights...
		(Epoch 01/08) Block Loss: 2.1317e-05
		(Epoch 02/08) Block Loss: 2.0756e-05
		(Epoch 03/08) Block Loss: 2.0508e-05
		(Epoch 04/08) Block Loss: 2.0393e-05
		(Epoch 05/08) Block Loss: 2.0331e-05
		(Epoch 06/08) Block Loss: 2.0290e-05
		(Epoch 07/08) Block Loss: 2.0256e-05
		(Epoch 08/08) Block Loss: 2.0206e-05
	(1/3) Block 10/28, self_attn.o_proj | Tuning Non-Factorized Weights...
		(Epoch 01/08) Block Loss: 1.9652e-05
		(Epoch 02/08) Block Loss: 1.9034e-05
		(Epoch 03/08) Block Loss: 1.8725e-05
		(Epoch 04/08) Block Loss: 1.8504e-05
		(Epoch 05/08) Block Loss: 1.8350e-05
		(Epoch 06/08) Block Loss: 1.8250e-05
		(Epoch 07/08) Block Loss: 1.8192e-05
		(Epoch 08/08) Block Loss: 1.8168e-05
	(2/3) Block 10/28, self_attn.o_proj | Initialization via ADMM...
		ADMM weight recon error: raw=431.4433, norm=0.3172, per_el=2.0573e-04, out_err=0.2475, ADMM time=1.19s
	(3/3) Block 10/28, self_attn.o_proj | Tuning Factorized Weights...
		(Epoch 01/08) Block Loss: 2.1004e-05
		(Epoch 02/08) Block Loss: 2.0505e-05
		(Epoch 03/08) Block Loss: 2.0435e-05
		(Epoch 04/08) Block Loss: 2.0387e-05
		(Epoch 05/08) Block Loss: 2.0389e-05
		(Epoch 06/08) Block Loss: 2.0265e-05
		(Epoch 07/08) Block Loss: 2.0276e-05
		(Epoch 08/08) Block Loss: 2.0049e-05
	(1/3) Block 10/28, self_attn.k_proj | Tuning Non-Factorized Weights...
		(Epoch 01/08) Block Loss: 1.9614e-05
		(Epoch 02/08) Block Loss: 1.9132e-05
		(Epoch 03/08) Block Loss: 1.8893e-05
		(Epoch 04/08) Block Loss: 1.8733e-05
		(Epoch 05/08) Block Loss: 1.8615e-05
		(Epoch 06/08) Block Loss: 1.8538e-05
		(Epoch 07/08) Block Loss: 1.8492e-05
		(Epoch 08/08) Block Loss: 1.8473e-05
	(2/3) Block 10/28, self_attn.k_proj | Initialization via ADMM...
		ADMM weight recon error: raw=226.5477, norm=0.2935, per_el=2.1605e-04, out_err=0.0867, ADMM time=0.99s
	(3/3) Block 10/28, self_attn.k_proj | Tuning Factorized Weights...
		(Epoch 01/08) Block Loss: 1.8776e-05
		(Epoch 02/08) Block Loss: 1.8704e-05
		(Epoch 03/08) Block Loss: 1.8681e-05
		(Epoch 04/08) Block Loss: 1.8668e-05
		(Epoch 05/08) Block Loss: 1.8658e-05
		(Epoch 06/08) Block Loss: 1.8652e-05
		(Epoch 07/08) Block Loss: 1.8646e-05
		(Epoch 08/08) Block Loss: 1.8641e-05
	(1/3) Block 10/28, mlp.gate_proj | Tuning Non-Factorized Weights...
		(Epoch 01/08) Block Loss: 1.8734e-05
		(Epoch 02/08) Block Loss: 1.8534e-05
		(Epoch 03/08) Block Loss: 1.8404e-05
		(Epoch 04/08) Block Loss: 1.8310e-05
		(Epoch 05/08) Block Loss: 1.8231e-05
		(Epoch 06/08) Block Loss: 1.8177e-05
		(Epoch 07/08) Block Loss: 1.8143e-05
		(Epoch 08/08) Block Loss: 1.8128e-05
	(2/3) Block 10/28, mlp.gate_proj | Initialization via ADMM...
		ADMM weight recon error: raw=1149.3947, norm=0.3179, per_el=3.6538e-04, out_err=0.0643, ADMM time=1.40s
	(3/3) Block 10/28, mlp.gate_proj | Tuning Factorized Weights...
		(Epoch 01/08) Block Loss: 2.1160e-05
		(Epoch 02/08) Block Loss: 2.0599e-05
		(Epoch 03/08) Block Loss: 2.0503e-05
		(Epoch 04/08) Block Loss: 2.0496e-05
		(Epoch 05/08) Block Loss: 2.0443e-05
		(Epoch 06/08) Block Loss: 2.0407e-05
		(Epoch 07/08) Block Loss: 2.0354e-05
		(Epoch 08/08) Block Loss: 2.0178e-05
	(1/3) Block 10/28, mlp.up_proj | Tuning Non-Factorized Weights...
		(Epoch 01/08) Block Loss: 1.9844e-05
		(Epoch 02/08) Block Loss: 1.9555e-05
Compressing Layers:  36%|██████████████████████████████████████▏                                                                    | 10/28 [14:38<26:14, 87.47s/it]		(Epoch 03/08) Block Loss: 1.9408e-05
		(Epoch 04/08) Block Loss: 1.9315e-05
		(Epoch 05/08) Block Loss: 1.9242e-05
		(Epoch 06/08) Block Loss: 1.9194e-05
		(Epoch 07/08) Block Loss: 1.9165e-05
		(Epoch 08/08) Block Loss: 1.9153e-05
	(2/3) Block 10/28, mlp.up_proj | Initialization via ADMM...
		ADMM weight recon error: raw=841.6088, norm=0.3507, per_el=2.6754e-04, out_err=0.2122, ADMM time=1.38s
	(3/3) Block 10/28, mlp.up_proj | Tuning Factorized Weights...
		(Epoch 01/08) Block Loss: 2.4328e-05
		(Epoch 02/08) Block Loss: 2.3496e-05
		(Epoch 03/08) Block Loss: 2.3416e-05
		(Epoch 04/08) Block Loss: 2.3345e-05
		(Epoch 05/08) Block Loss: 2.3366e-05
		(Epoch 06/08) Block Loss: 2.3242e-05
		(Epoch 07/08) Block Loss: 2.3275e-05
		(Epoch 08/08) Block Loss: 2.2811e-05
	(1/3) Block 10/28, mlp.down_proj | Tuning Non-Factorized Weights...
		(Epoch 01/08) Block Loss: 2.2227e-05
		(Epoch 02/08) Block Loss: 2.1840e-05
		(Epoch 03/08) Block Loss: 2.1641e-05
		(Epoch 04/08) Block Loss: 2.1523e-05
		(Epoch 05/08) Block Loss: 2.1443e-05
		(Epoch 06/08) Block Loss: 2.1395e-05
		(Epoch 07/08) Block Loss: 2.1369e-05
		(Epoch 08/08) Block Loss: 2.1359e-05
	(2/3) Block 10/28, mlp.down_proj | Initialization via ADMM...
		ADMM weight recon error: raw=681.7619, norm=0.3278, per_el=2.1673e-04, out_err=0.2777, ADMM time=1.61s
	(3/3) Block 10/28, mlp.down_proj | Tuning Factorized Weights...
		(Epoch 01/08) Block Loss: 2.7427e-05
		(Epoch 02/08) Block Loss: 2.6982e-05
		(Epoch 03/08) Block Loss: 2.7131e-05
		(Epoch 04/08) Block Loss: 2.7117e-05
		(Epoch 05/08) Block Loss: 2.7123e-05
		(Epoch 06/08) Block Loss: 2.7028e-05
		(Epoch 07/08) Block Loss: 2.6932e-05
		(Epoch 08/08) Block Loss: 2.6576e-05
		Block 9: relative block output error = 0.0040
Using sequence length: 2048 (model max: 2048)
		Block 9: Test Data PPL        = 16.700
	[refresh_stats] block 10: re-estimating i_norm from the compressed-prefix inputs
	(1/3) Block 11/28, self_attn.q_proj | Tuning Non-Factorized Weights...
		(Epoch 01/08) Block Loss: 2.2552e-05
		(Epoch 02/08) Block Loss: 2.1212e-05
		(Epoch 03/08) Block Loss: 2.0526e-05
		(Epoch 04/08) Block Loss: 2.0061e-05
		(Epoch 05/08) Block Loss: 1.9757e-05
		(Epoch 06/08) Block Loss: 1.9568e-05
		(Epoch 07/08) Block Loss: 1.9461e-05
		(Epoch 08/08) Block Loss: 1.9421e-05
	(2/3) Block 11/28, self_attn.q_proj | Initialization via ADMM...
		ADMM weight recon error: raw=520.3751, norm=0.2891, per_el=2.4813e-04, out_err=0.0633, ADMM time=1.19s
	(3/3) Block 11/28, self_attn.q_proj | Tuning Factorized Weights...
		(Epoch 01/08) Block Loss: 2.0186e-05
		(Epoch 02/08) Block Loss: 1.9892e-05
		(Epoch 03/08) Block Loss: 1.9832e-05
		(Epoch 04/08) Block Loss: 1.9798e-05
		(Epoch 05/08) Block Loss: 1.9770e-05
		(Epoch 06/08) Block Loss: 1.9748e-05
		(Epoch 07/08) Block Loss: 1.9729e-05
		(Epoch 08/08) Block Loss: 1.9709e-05
	(1/3) Block 11/28, self_attn.v_proj | Tuning Non-Factorized Weights...
		(Epoch 01/08) Block Loss: 1.9802e-05
		(Epoch 02/08) Block Loss: 1.9359e-05
		(Epoch 03/08) Block Loss: 1.9083e-05
		(Epoch 04/08) Block Loss: 1.8817e-05
		(Epoch 05/08) Block Loss: 1.8642e-05
		(Epoch 06/08) Block Loss: 1.8533e-05
		(Epoch 07/08) Block Loss: 1.8466e-05
		(Epoch 08/08) Block Loss: 1.8439e-05
	(2/3) Block 11/28, self_attn.v_proj | Initialization via ADMM...
		ADMM weight recon error: raw=270.9543, norm=0.3456, per_el=2.5840e-04, out_err=0.2624, ADMM time=1.02s
	(3/3) Block 11/28, self_attn.v_proj | Tuning Factorized Weights...
		(Epoch 01/08) Block Loss: 2.1688e-05
		(Epoch 02/08) Block Loss: 2.0943e-05
		(Epoch 03/08) Block Loss: 2.0713e-05
		(Epoch 04/08) Block Loss: 2.0601e-05
		(Epoch 05/08) Block Loss: 2.0539e-05
		(Epoch 06/08) Block Loss: 2.0494e-05
		(Epoch 07/08) Block Loss: 2.0473e-05
		(Epoch 08/08) Block Loss: 2.0415e-05
	(1/3) Block 11/28, self_attn.o_proj | Tuning Non-Factorized Weights...
		(Epoch 01/08) Block Loss: 1.9983e-05
		(Epoch 02/08) Block Loss: 1.9411e-05
		(Epoch 03/08) Block Loss: 1.9125e-05
		(Epoch 04/08) Block Loss: 1.8933e-05
		(Epoch 05/08) Block Loss: 1.8786e-05
		(Epoch 06/08) Block Loss: 1.8689e-05
		(Epoch 07/08) Block Loss: 1.8631e-05
		(Epoch 08/08) Block Loss: 1.8606e-05
	(2/3) Block 11/28, self_attn.o_proj | Initialization via ADMM...
		ADMM weight recon error: raw=408.9685, norm=0.3136, per_el=1.9501e-04, out_err=0.2633, ADMM time=1.21s
	(3/3) Block 11/28, self_attn.o_proj | Tuning Factorized Weights...
		(Epoch 01/08) Block Loss: 2.1760e-05
		(Epoch 02/08) Block Loss: 2.1187e-05
		(Epoch 03/08) Block Loss: 2.1068e-05
		(Epoch 04/08) Block Loss: 2.1131e-05
		(Epoch 05/08) Block Loss: 2.0947e-05
		(Epoch 06/08) Block Loss: 2.0899e-05
		(Epoch 07/08) Block Loss: 2.0857e-05
		(Epoch 08/08) Block Loss: 2.0675e-05
	(1/3) Block 11/28, self_attn.k_proj | Tuning Non-Factorized Weights...
		(Epoch 01/08) Block Loss: 2.0205e-05
		(Epoch 02/08) Block Loss: 1.9724e-05
		(Epoch 03/08) Block Loss: 1.9487e-05
		(Epoch 04/08) Block Loss: 1.9330e-05
		(Epoch 05/08) Block Loss: 1.9213e-05
		(Epoch 06/08) Block Loss: 1.9137e-05
		(Epoch 07/08) Block Loss: 1.9091e-05
		(Epoch 08/08) Block Loss: 1.9071e-05
	(2/3) Block 11/28, self_attn.k_proj | Initialization via ADMM...
		ADMM weight recon error: raw=236.7338, norm=0.2974, per_el=2.2577e-04, out_err=0.0861, ADMM time=0.99s
	(3/3) Block 11/28, self_attn.k_proj | Tuning Factorized Weights...
		(Epoch 01/08) Block Loss: 1.9428e-05
		(Epoch 02/08) Block Loss: 1.9351e-05
		(Epoch 03/08) Block Loss: 1.9323e-05
		(Epoch 04/08) Block Loss: 1.9309e-05
		(Epoch 05/08) Block Loss: 1.9297e-05
		(Epoch 06/08) Block Loss: 1.9291e-05
		(Epoch 07/08) Block Loss: 1.9286e-05
		(Epoch 08/08) Block Loss: 1.9279e-05
	(1/3) Block 11/28, mlp.gate_proj | Tuning Non-Factorized Weights...
		(Epoch 01/08) Block Loss: 1.9385e-05
		(Epoch 02/08) Block Loss: 1.9185e-05
		(Epoch 03/08) Block Loss: 1.9058e-05
		(Epoch 04/08) Block Loss: 1.8966e-05
		(Epoch 05/08) Block Loss: 1.8889e-05
		(Epoch 06/08) Block Loss: 1.8834e-05
		(Epoch 07/08) Block Loss: 1.8800e-05
		(Epoch 08/08) Block Loss: 1.8784e-05
	(2/3) Block 11/28, mlp.gate_proj | Initialization via ADMM...
		ADMM weight recon error: raw=1133.5317, norm=0.3135, per_el=3.6034e-04, out_err=0.0680, ADMM time=1.39s
	(3/3) Block 11/28, mlp.gate_proj | Tuning Factorized Weights...
		(Epoch 01/08) Block Loss: 2.1874e-05
		(Epoch 02/08) Block Loss: 2.1387e-05
		(Epoch 03/08) Block Loss: 2.1337e-05
		(Epoch 04/08) Block Loss: 2.1441e-05
		(Epoch 05/08) Block Loss: 2.1314e-05
		(Epoch 06/08) Block Loss: 2.1236e-05
		(Epoch 07/08) Block Loss: 2.1212e-05
		(Epoch 08/08) Block Loss: 2.1021e-05
	(1/3) Block 11/28, mlp.up_proj | Tuning Non-Factorized Weights...
		(Epoch 01/08) Block Loss: 2.0622e-05
		(Epoch 02/08) Block Loss: 2.0313e-05
		(Epoch 03/08) Block Loss: 2.0159e-05
		(Epoch 04/08) Block Loss: 2.0058e-05
		(Epoch 05/08) Block Loss: 1.9983e-05
		(Epoch 06/08) Block Loss: 1.9934e-05
		(Epoch 07/08) Block Loss: 1.9903e-05
		(Epoch 08/08) Block Loss: 1.9890e-05
	(2/3) Block 11/28, mlp.up_proj | Initialization via ADMM...
		ADMM weight recon error: raw=825.3524, norm=0.3533, per_el=2.6237e-04, out_err=0.1709, ADMM time=1.40s
	(3/3) Block 11/28, mlp.up_proj | Tuning Factorized Weights...
		(Epoch 01/08) Block Loss: 2.4969e-05
		(Epoch 02/08) Block Loss: 2.4037e-05
		(Epoch 03/08) Block Loss: 2.4037e-05
		(Epoch 04/08) Block Loss: 2.4132e-05
		(Epoch 05/08) Block Loss: 2.3945e-05
		(Epoch 06/08) Block Loss: 2.3761e-05
		(Epoch 07/08) Block Loss: 2.3839e-05
		(Epoch 08/08) Block Loss: 2.3438e-05
	(1/3) Block 11/28, mlp.down_proj | Tuning Non-Factorized Weights...
		(Epoch 01/08) Block Loss: 2.2839e-05
		(Epoch 02/08) Block Loss: 2.2466e-05
		(Epoch 03/08) Block Loss: 2.2276e-05
		(Epoch 04/08) Block Loss: 2.2162e-05
		(Epoch 05/08) Block Loss: 2.2084e-05
		(Epoch 06/08) Block Loss: 2.2037e-05
		(Epoch 07/08) Block Loss: 2.2011e-05
		(Epoch 08/08) Block Loss: 2.2001e-05
	(2/3) Block 11/28, mlp.down_proj | Initialization via ADMM...
		ADMM weight recon error: raw=648.8409, norm=0.3351, per_el=2.0626e-04, out_err=0.2413, ADMM time=1.22s
	(3/3) Block 11/28, mlp.down_proj | Tuning Factorized Weights...
		(Epoch 01/08) Block Loss: 2.8128e-05
Compressing Layers:  39%|██████████████████████████████████████████                                                                 | 11/28 [16:08<25:00, 88.26s/it]Compressing Layers:  43%|█████████████████████████████████████████████▊                                                             | 12/28 [17:41<23:53, 89.57s/it]		(Epoch 02/08) Block Loss: 2.7640e-05
		(Epoch 03/08) Block Loss: 2.7988e-05
		(Epoch 04/08) Block Loss: 2.7952e-05
		(Epoch 05/08) Block Loss: 2.7895e-05
		(Epoch 06/08) Block Loss: 2.7662e-05
		(Epoch 07/08) Block Loss: 2.7682e-05
		(Epoch 08/08) Block Loss: 2.7209e-05
		Block 10: relative block output error = 0.0051
Using sequence length: 2048 (model max: 2048)
		Block 10: Test Data PPL        = 17.105
	[refresh_stats] block 11: re-estimating i_norm from the compressed-prefix inputs
	(1/3) Block 12/28, self_attn.q_proj | Tuning Non-Factorized Weights...
		(Epoch 01/08) Block Loss: 2.5168e-05
		(Epoch 02/08) Block Loss: 2.3697e-05
		(Epoch 03/08) Block Loss: 2.2987e-05
		(Epoch 04/08) Block Loss: 2.2524e-05
		(Epoch 05/08) Block Loss: 2.2209e-05
		(Epoch 06/08) Block Loss: 2.2013e-05
		(Epoch 07/08) Block Loss: 2.1905e-05
		(Epoch 08/08) Block Loss: 2.1864e-05
	(2/3) Block 12/28, self_attn.q_proj | Initialization via ADMM...
		ADMM weight recon error: raw=484.7199, norm=0.2295, per_el=2.3113e-04, out_err=0.0416, ADMM time=1.15s
	(3/3) Block 12/28, self_attn.q_proj | Tuning Factorized Weights...
		(Epoch 01/08) Block Loss: 2.2559e-05
		(Epoch 02/08) Block Loss: 2.2376e-05
		(Epoch 03/08) Block Loss: 2.2327e-05
		(Epoch 04/08) Block Loss: 2.2304e-05
		(Epoch 05/08) Block Loss: 2.2275e-05
		(Epoch 06/08) Block Loss: 2.2256e-05
		(Epoch 07/08) Block Loss: 2.2237e-05
		(Epoch 08/08) Block Loss: 2.2205e-05
	(1/3) Block 12/28, self_attn.v_proj | Tuning Non-Factorized Weights...
		(Epoch 01/08) Block Loss: 2.2277e-05
		(Epoch 02/08) Block Loss: 2.1811e-05
		(Epoch 03/08) Block Loss: 2.1533e-05
		(Epoch 04/08) Block Loss: 2.1266e-05
		(Epoch 05/08) Block Loss: 2.1089e-05
		(Epoch 06/08) Block Loss: 2.0976e-05
		(Epoch 07/08) Block Loss: 2.0908e-05
		(Epoch 08/08) Block Loss: 2.0879e-05
	(2/3) Block 12/28, self_attn.v_proj | Initialization via ADMM...
		ADMM weight recon error: raw=254.1695, norm=0.3590, per_el=2.4239e-04, out_err=0.2495, ADMM time=1.01s
	(3/3) Block 12/28, self_attn.v_proj | Tuning Factorized Weights...
		(Epoch 01/08) Block Loss: 2.5044e-05
		(Epoch 02/08) Block Loss: 2.4285e-05
		(Epoch 03/08) Block Loss: 2.3959e-05
		(Epoch 04/08) Block Loss: 2.3801e-05
		(Epoch 05/08) Block Loss: 2.3744e-05
		(Epoch 06/08) Block Loss: 2.3690e-05
		(Epoch 07/08) Block Loss: 2.3670e-05
		(Epoch 08/08) Block Loss: 2.3608e-05
	(1/3) Block 12/28, self_attn.o_proj | Tuning Non-Factorized Weights...
		(Epoch 01/08) Block Loss: 2.2884e-05
		(Epoch 02/08) Block Loss: 2.2151e-05
		(Epoch 03/08) Block Loss: 2.1827e-05
		(Epoch 04/08) Block Loss: 2.1598e-05
		(Epoch 05/08) Block Loss: 2.1436e-05
		(Epoch 06/08) Block Loss: 2.1333e-05
		(Epoch 07/08) Block Loss: 2.1272e-05
		(Epoch 08/08) Block Loss: 2.1246e-05
	(2/3) Block 12/28, self_attn.o_proj | Initialization via ADMM...
		ADMM weight recon error: raw=371.0052, norm=0.3155, per_el=1.7691e-04, out_err=0.1880, ADMM time=1.18s
	(3/3) Block 12/28, self_attn.o_proj | Tuning Factorized Weights...
		(Epoch 01/08) Block Loss: 2.5082e-05
		(Epoch 02/08) Block Loss: 2.4363e-05
		(Epoch 03/08) Block Loss: 2.4270e-05
		(Epoch 04/08) Block Loss: 2.4279e-05
		(Epoch 05/08) Block Loss: 2.4218e-05
		(Epoch 06/08) Block Loss: 2.4174e-05
		(Epoch 07/08) Block Loss: 2.4140e-05
		(Epoch 08/08) Block Loss: 2.3930e-05
	(1/3) Block 12/28, self_attn.k_proj | Tuning Non-Factorized Weights...
		(Epoch 01/08) Block Loss: 2.3213e-05
		(Epoch 02/08) Block Loss: 2.2643e-05
		(Epoch 03/08) Block Loss: 2.2363e-05
		(Epoch 04/08) Block Loss: 2.2182e-05
		(Epoch 05/08) Block Loss: 2.2048e-05
		(Epoch 06/08) Block Loss: 2.1962e-05
		(Epoch 07/08) Block Loss: 2.1912e-05
		(Epoch 08/08) Block Loss: 2.1892e-05
	(2/3) Block 12/28, self_attn.k_proj | Initialization via ADMM...
		ADMM weight recon error: raw=214.4671, norm=0.2764, per_el=2.0453e-04, out_err=0.0730, ADMM time=1.01s
	(3/3) Block 12/28, self_attn.k_proj | Tuning Factorized Weights...
		(Epoch 01/08) Block Loss: 2.2218e-05
		(Epoch 02/08) Block Loss: 2.2160e-05
		(Epoch 03/08) Block Loss: 2.2136e-05
		(Epoch 04/08) Block Loss: 2.2123e-05
		(Epoch 05/08) Block Loss: 2.2115e-05
		(Epoch 06/08) Block Loss: 2.2109e-05
		(Epoch 07/08) Block Loss: 2.2104e-05
		(Epoch 08/08) Block Loss: 2.2098e-05
	(1/3) Block 12/28, mlp.gate_proj | Tuning Non-Factorized Weights...
		(Epoch 01/08) Block Loss: 2.2188e-05
		(Epoch 02/08) Block Loss: 2.1974e-05
		(Epoch 03/08) Block Loss: 2.1839e-05
		(Epoch 04/08) Block Loss: 2.1732e-05
		(Epoch 05/08) Block Loss: 2.1646e-05
		(Epoch 06/08) Block Loss: 2.1589e-05
		(Epoch 07/08) Block Loss: 2.1552e-05
		(Epoch 08/08) Block Loss: 2.1536e-05
	(2/3) Block 12/28, mlp.gate_proj | Initialization via ADMM...
		ADMM weight recon error: raw=988.8843, norm=0.3153, per_el=3.1436e-04, out_err=0.0729, ADMM time=1.38s
	(3/3) Block 12/28, mlp.gate_proj | Tuning Factorized Weights...
		(Epoch 01/08) Block Loss: 2.4270e-05
		(Epoch 02/08) Block Loss: 2.3821e-05
		(Epoch 03/08) Block Loss: 2.3787e-05
		(Epoch 04/08) Block Loss: 2.3817e-05
		(Epoch 05/08) Block Loss: 2.3763e-05
		(Epoch 06/08) Block Loss: 2.3693e-05
		(Epoch 07/08) Block Loss: 2.3661e-05
		(Epoch 08/08) Block Loss: 2.3480e-05
	(1/3) Block 12/28, mlp.up_proj | Tuning Non-Factorized Weights...
		(Epoch 01/08) Block Loss: 2.3136e-05
		(Epoch 02/08) Block Loss: 2.2856e-05
		(Epoch 03/08) Block Loss: 2.2713e-05
		(Epoch 04/08) Block Loss: 2.2615e-05
		(Epoch 05/08) Block Loss: 2.2541e-05
		(Epoch 06/08) Block Loss: 2.2492e-05
		(Epoch 07/08) Block Loss: 2.2462e-05
		(Epoch 08/08) Block Loss: 2.2449e-05
	(2/3) Block 12/28, mlp.up_proj | Initialization via ADMM...
		ADMM weight recon error: raw=869.6273, norm=0.3484, per_el=2.7645e-04, out_err=0.2031, ADMM time=1.37s
	(3/3) Block 12/28, mlp.up_proj | Tuning Factorized Weights...
		(Epoch 01/08) Block Loss: 2.7688e-05
		(Epoch 02/08) Block Loss: 2.6935e-05
		(Epoch 03/08) Block Loss: 2.6941e-05
		(Epoch 04/08) Block Loss: 2.6929e-05
		(Epoch 05/08) Block Loss: 2.6980e-05
		(Epoch 06/08) Block Loss: 2.6651e-05
		(Epoch 07/08) Block Loss: 2.6745e-05
		(Epoch 08/08) Block Loss: 2.6261e-05
	(1/3) Block 12/28, mlp.down_proj | Tuning Non-Factorized Weights...
		(Epoch 01/08) Block Loss: 2.5598e-05
		(Epoch 02/08) Block Loss: 2.5193e-05
		(Epoch 03/08) Block Loss: 2.4986e-05
		(Epoch 04/08) Block Loss: 2.4861e-05
		(Epoch 05/08) Block Loss: 2.4776e-05
		(Epoch 06/08) Block Loss: 2.4726e-05
		(Epoch 07/08) Block Loss: 2.4698e-05
		(Epoch 08/08) Block Loss: 2.4688e-05
	(2/3) Block 12/28, mlp.down_proj | Initialization via ADMM...
		ADMM weight recon error: raw=711.1572, norm=0.3244, per_el=2.2607e-04, out_err=0.2832, ADMM time=1.39s
	(3/3) Block 12/28, mlp.down_proj | Tuning Factorized Weights...
		(Epoch 01/08) Block Loss: 3.0623e-05
		(Epoch 02/08) Block Loss: 3.0131e-05
		(Epoch 03/08) Block Loss: 3.0405e-05
		(Epoch 04/08) Block Loss: 3.0317e-05
		(Epoch 05/08) Block Loss: 3.0222e-05
		(Epoch 06/08) Block Loss: 3.0060e-05
		(Epoch 07/08) Block Loss: 3.0083e-05
		(Epoch 08/08) Block Loss: 2.9648e-05
		Block 11: relative block output error = 0.0064
Using sequence length: 2048 (model max: 2048)
		Block 11: Test Data PPL        = 17.374
	[refresh_stats] block 12: re-estimating i_norm from the compressed-prefix inputs
	(1/3) Block 13/28, self_attn.q_proj | Tuning Non-Factorized Weights...
		(Epoch 01/08) Block Loss: 2.6977e-05
		(Epoch 02/08) Block Loss: 2.5560e-05
		(Epoch 03/08) Block Loss: 2.4837e-05
		(Epoch 04/08) Block Loss: 2.4373e-05
		(Epoch 05/08) Block Loss: 2.4055e-05
		(Epoch 06/08) Block Loss: 2.3857e-05
		(Epoch 07/08) Block Loss: 2.3746e-05
		(Epoch 08/08) Block Loss: 2.3704e-05
	(2/3) Block 13/28, self_attn.q_proj | Initialization via ADMM...
		ADMM weight recon error: raw=518.0660, norm=0.2611, per_el=2.4703e-04, out_err=0.0617, ADMM time=1.18s
	(3/3) Block 13/28, self_attn.q_proj | Tuning Factorized Weights...
		(Epoch 01/08) Block Loss: 2.4467e-05
		(Epoch 02/08) Block Loss: 2.4278e-05
		(Epoch 03/08) Block Loss: 2.4220e-05
		(Epoch 04/08) Block Loss: 2.4192e-05
		(Epoch 05/08) Block Loss: 2.4164e-05
		(Epoch 06/08) Block Loss: 2.4134e-05
		(Epoch 07/08) Block Loss: 2.4118e-05
		(Epoch 08/08) Block Loss: 2.4081e-05
Compressing Layers:  46%|█████████████████████████████████████████████████▋                                                         | 13/28 [19:10<22:21, 89.45s/it]	(1/3) Block 13/28, self_attn.v_proj | Tuning Non-Factorized Weights...
		(Epoch 01/08) Block Loss: 2.4143e-05
		(Epoch 02/08) Block Loss: 2.3662e-05
		(Epoch 03/08) Block Loss: 2.3351e-05
		(Epoch 04/08) Block Loss: 2.3098e-05
		(Epoch 05/08) Block Loss: 2.2919e-05
		(Epoch 06/08) Block Loss: 2.2802e-05
		(Epoch 07/08) Block Loss: 2.2733e-05
		(Epoch 08/08) Block Loss: 2.2704e-05
	(2/3) Block 13/28, self_attn.v_proj | Initialization via ADMM...
		ADMM weight recon error: raw=218.4718, norm=0.2921, per_el=2.0835e-04, out_err=0.1458, ADMM time=0.98s
	(3/3) Block 13/28, self_attn.v_proj | Tuning Factorized Weights...
		(Epoch 01/08) Block Loss: 2.4701e-05
		(Epoch 02/08) Block Loss: 2.4335e-05
		(Epoch 03/08) Block Loss: 2.4183e-05
		(Epoch 04/08) Block Loss: 2.4101e-05
		(Epoch 05/08) Block Loss: 2.4058e-05
		(Epoch 06/08) Block Loss: 2.4031e-05
		(Epoch 07/08) Block Loss: 2.4007e-05
		(Epoch 08/08) Block Loss: 2.3971e-05
	(1/3) Block 13/28, self_attn.o_proj | Tuning Non-Factorized Weights...
		(Epoch 01/08) Block Loss: 2.3752e-05
		(Epoch 02/08) Block Loss: 2.3282e-05
		(Epoch 03/08) Block Loss: 2.3027e-05
		(Epoch 04/08) Block Loss: 2.2844e-05
		(Epoch 05/08) Block Loss: 2.2706e-05
		(Epoch 06/08) Block Loss: 2.2612e-05
		(Epoch 07/08) Block Loss: 2.2555e-05
		(Epoch 08/08) Block Loss: 2.2531e-05
	(2/3) Block 13/28, self_attn.o_proj | Initialization via ADMM...
		ADMM weight recon error: raw=341.4871, norm=0.2904, per_el=1.6283e-04, out_err=0.2243, ADMM time=1.20s
	(3/3) Block 13/28, self_attn.o_proj | Tuning Factorized Weights...
		(Epoch 01/08) Block Loss: 2.4898e-05
		(Epoch 02/08) Block Loss: 2.4444e-05
		(Epoch 03/08) Block Loss: 2.4346e-05
		(Epoch 04/08) Block Loss: 2.4319e-05
		(Epoch 05/08) Block Loss: 2.4281e-05
		(Epoch 06/08) Block Loss: 2.4219e-05
		(Epoch 07/08) Block Loss: 2.4166e-05
		(Epoch 08/08) Block Loss: 2.4047e-05
	(1/3) Block 13/28, self_attn.k_proj | Tuning Non-Factorized Weights...
		(Epoch 01/08) Block Loss: 2.3750e-05
		(Epoch 02/08) Block Loss: 2.3370e-05
		(Epoch 03/08) Block Loss: 2.3173e-05
		(Epoch 04/08) Block Loss: 2.3035e-05
		(Epoch 05/08) Block Loss: 2.2929e-05
		(Epoch 06/08) Block Loss: 2.2859e-05
		(Epoch 07/08) Block Loss: 2.2815e-05
		(Epoch 08/08) Block Loss: 2.2796e-05
	(2/3) Block 13/28, self_attn.k_proj | Initialization via ADMM...
		ADMM weight recon error: raw=195.7349, norm=0.2704, per_el=1.8667e-04, out_err=0.0649, ADMM time=0.99s
	(3/3) Block 13/28, self_attn.k_proj | Tuning Factorized Weights...
		(Epoch 01/08) Block Loss: 2.3194e-05
		(Epoch 02/08) Block Loss: 2.3120e-05
		(Epoch 03/08) Block Loss: 2.3090e-05
		(Epoch 04/08) Block Loss: 2.3073e-05
		(Epoch 05/08) Block Loss: 2.3064e-05
		(Epoch 06/08) Block Loss: 2.3056e-05
		(Epoch 07/08) Block Loss: 2.3050e-05
		(Epoch 08/08) Block Loss: 2.3042e-05
	(1/3) Block 13/28, mlp.gate_proj | Tuning Non-Factorized Weights...
		(Epoch 01/08) Block Loss: 2.3148e-05
		(Epoch 02/08) Block Loss: 2.2962e-05
		(Epoch 03/08) Block Loss: 2.2847e-05
		(Epoch 04/08) Block Loss: 2.2756e-05
		(Epoch 05/08) Block Loss: 2.2682e-05
		(Epoch 06/08) Block Loss: 2.2631e-05
		(Epoch 07/08) Block Loss: 2.2597e-05
		(Epoch 08/08) Block Loss: 2.2581e-05
	(2/3) Block 13/28, mlp.gate_proj | Initialization via ADMM...
		ADMM weight recon error: raw=897.9033, norm=0.3118, per_el=2.8544e-04, out_err=0.0702, ADMM time=1.37s
	(3/3) Block 13/28, mlp.gate_proj | Tuning Factorized Weights...
		(Epoch 01/08) Block Loss: 2.5181e-05
		(Epoch 02/08) Block Loss: 2.4711e-05
		(Epoch 03/08) Block Loss: 2.4708e-05
		(Epoch 04/08) Block Loss: 2.4737e-05
		(Epoch 05/08) Block Loss: 2.4737e-05
		(Epoch 06/08) Block Loss: 2.4649e-05
		(Epoch 07/08) Block Loss: 2.4627e-05
		(Epoch 08/08) Block Loss: 2.4442e-05
	(1/3) Block 13/28, mlp.up_proj | Tuning Non-Factorized Weights...
		(Epoch 01/08) Block Loss: 2.4120e-05
		(Epoch 02/08) Block Loss: 2.3860e-05
		(Epoch 03/08) Block Loss: 2.3727e-05
		(Epoch 04/08) Block Loss: 2.3641e-05
		(Epoch 05/08) Block Loss: 2.3573e-05
		(Epoch 06/08) Block Loss: 2.3528e-05
		(Epoch 07/08) Block Loss: 2.3499e-05
		(Epoch 08/08) Block Loss: 2.3486e-05
	(2/3) Block 13/28, mlp.up_proj | Initialization via ADMM...
		ADMM weight recon error: raw=855.3013, norm=0.3517, per_el=2.7189e-04, out_err=0.2211, ADMM time=1.39s
	(3/3) Block 13/28, mlp.up_proj | Tuning Factorized Weights...
		(Epoch 01/08) Block Loss: 2.8998e-05
		(Epoch 02/08) Block Loss: 2.8258e-05
		(Epoch 03/08) Block Loss: 2.8481e-05
		(Epoch 04/08) Block Loss: 2.8486e-05
		(Epoch 05/08) Block Loss: 2.8213e-05
		(Epoch 06/08) Block Loss: 2.8117e-05
		(Epoch 07/08) Block Loss: 2.8140e-05
		(Epoch 08/08) Block Loss: 2.7664e-05
	(1/3) Block 13/28, mlp.down_proj | Tuning Non-Factorized Weights...
		(Epoch 01/08) Block Loss: 2.6884e-05
		(Epoch 02/08) Block Loss: 2.6452e-05
		(Epoch 03/08) Block Loss: 2.6233e-05
		(Epoch 04/08) Block Loss: 2.6103e-05
		(Epoch 05/08) Block Loss: 2.6015e-05
		(Epoch 06/08) Block Loss: 2.5963e-05
		(Epoch 07/08) Block Loss: 2.5934e-05
		(Epoch 08/08) Block Loss: 2.5923e-05
	(2/3) Block 13/28, mlp.down_proj | Initialization via ADMM...
		ADMM weight recon error: raw=707.1949, norm=0.3226, per_el=2.2481e-04, out_err=0.2644, ADMM time=1.47s
	(3/3) Block 13/28, mlp.down_proj | Tuning Factorized Weights...
		(Epoch 01/08) Block Loss: 3.1666e-05
		(Epoch 02/08) Block Loss: 3.1216e-05
		(Epoch 03/08) Block Loss: 3.1399e-05
		(Epoch 04/08) Block Loss: 3.1242e-05
		(Epoch 05/08) Block Loss: 3.1380e-05
		(Epoch 06/08) Block Loss: 3.1103e-05
		(Epoch 07/08) Block Loss: 3.1109e-05
		(Epoch 08/08) Block Loss: 3.0748e-05
		Block 12: relative block output error = 0.0069
Using sequence length: 2048 (model max: 2048)
		Block 12: Test Data PPL        = 17.565
	[refresh_stats] block 13: re-estimating i_norm from the compressed-prefix inputs
	(1/3) Block 14/28, self_attn.q_proj | Tuning Non-Factorized Weights...
		(Epoch 01/08) Block Loss: 2.5203e-05
		(Epoch 02/08) Block Loss: 2.3931e-05
		(Epoch 03/08) Block Loss: 2.3284e-05
		(Epoch 04/08) Block Loss: 2.2866e-05
		(Epoch 05/08) Block Loss: 2.2575e-05
		(Epoch 06/08) Block Loss: 2.2396e-05
		(Epoch 07/08) Block Loss: 2.2295e-05
		(Epoch 08/08) Block Loss: 2.2256e-05
	(2/3) Block 14/28, self_attn.q_proj | Initialization via ADMM...
		ADMM weight recon error: raw=420.5712, norm=0.2286, per_el=2.0054e-04, out_err=0.0511, ADMM time=1.39s
	(3/3) Block 14/28, self_attn.q_proj | Tuning Factorized Weights...
		(Epoch 01/08) Block Loss: 2.2962e-05
		(Epoch 02/08) Block Loss: 2.2782e-05
		(Epoch 03/08) Block Loss: 2.2742e-05
		(Epoch 04/08) Block Loss: 2.2723e-05
		(Epoch 05/08) Block Loss: 2.2700e-05
		(Epoch 06/08) Block Loss: 2.2690e-05
		(Epoch 07/08) Block Loss: 2.2662e-05
		(Epoch 08/08) Block Loss: 2.2626e-05
	(1/3) Block 14/28, self_attn.v_proj | Tuning Non-Factorized Weights...
		(Epoch 01/08) Block Loss: 2.2682e-05
		(Epoch 02/08) Block Loss: 2.2231e-05
		(Epoch 03/08) Block Loss: 2.1936e-05
		(Epoch 04/08) Block Loss: 2.1723e-05
		(Epoch 05/08) Block Loss: 2.1560e-05
		(Epoch 06/08) Block Loss: 2.1451e-05
		(Epoch 07/08) Block Loss: 2.1386e-05
		(Epoch 08/08) Block Loss: 2.1359e-05
	(2/3) Block 14/28, self_attn.v_proj | Initialization via ADMM...
		ADMM weight recon error: raw=225.5724, norm=0.3048, per_el=2.1512e-04, out_err=0.1626, ADMM time=1.05s
	(3/3) Block 14/28, self_attn.v_proj | Tuning Factorized Weights...
		(Epoch 01/08) Block Loss: 2.3441e-05
		(Epoch 02/08) Block Loss: 2.3030e-05
		(Epoch 03/08) Block Loss: 2.2878e-05
		(Epoch 04/08) Block Loss: 2.2812e-05
		(Epoch 05/08) Block Loss: 2.2779e-05
		(Epoch 06/08) Block Loss: 2.2752e-05
		(Epoch 07/08) Block Loss: 2.2725e-05
		(Epoch 08/08) Block Loss: 2.2680e-05
	(1/3) Block 14/28, self_attn.o_proj | Tuning Non-Factorized Weights...
		(Epoch 01/08) Block Loss: 2.2423e-05
		(Epoch 02/08) Block Loss: 2.1975e-05
		(Epoch 03/08) Block Loss: 2.1734e-05
		(Epoch 04/08) Block Loss: 2.1566e-05
		(Epoch 05/08) Block Loss: 2.1436e-05
		(Epoch 06/08) Block Loss: 2.1351e-05
		(Epoch 07/08) Block Loss: 2.1298e-05
		(Epoch 08/08) Block Loss: 2.1275e-05
	(2/3) Block 14/28, self_attn.o_proj | Initialization via ADMM...
Compressing Layers:  50%|█████████████████████████████████████████████████████▌                                                     | 14/28 [20:39<20:50, 89.35s/it]		ADMM weight recon error: raw=313.9196, norm=0.2864, per_el=1.4969e-04, out_err=0.2815, ADMM time=1.20s
	(3/3) Block 14/28, self_attn.o_proj | Tuning Factorized Weights...
		(Epoch 01/08) Block Loss: 2.4108e-05
		(Epoch 02/08) Block Loss: 2.3491e-05
		(Epoch 03/08) Block Loss: 2.3331e-05
		(Epoch 04/08) Block Loss: 2.3275e-05
		(Epoch 05/08) Block Loss: 2.3215e-05
		(Epoch 06/08) Block Loss: 2.3163e-05
		(Epoch 07/08) Block Loss: 2.3107e-05
		(Epoch 08/08) Block Loss: 2.2966e-05
	(1/3) Block 14/28, self_attn.k_proj | Tuning Non-Factorized Weights...
		(Epoch 01/08) Block Loss: 2.2609e-05
		(Epoch 02/08) Block Loss: 2.2214e-05
		(Epoch 03/08) Block Loss: 2.2012e-05
		(Epoch 04/08) Block Loss: 2.1881e-05
		(Epoch 05/08) Block Loss: 2.1778e-05
		(Epoch 06/08) Block Loss: 2.1711e-05
		(Epoch 07/08) Block Loss: 2.1669e-05
		(Epoch 08/08) Block Loss: 2.1652e-05
	(2/3) Block 14/28, self_attn.k_proj | Initialization via ADMM...
		ADMM weight recon error: raw=171.1487, norm=0.2625, per_el=1.6322e-04, out_err=0.0612, ADMM time=1.02s
	(3/3) Block 14/28, self_attn.k_proj | Tuning Factorized Weights...
		(Epoch 01/08) Block Loss: 2.1986e-05
		(Epoch 02/08) Block Loss: 2.1931e-05
		(Epoch 03/08) Block Loss: 2.1908e-05
		(Epoch 04/08) Block Loss: 2.1896e-05
		(Epoch 05/08) Block Loss: 2.1888e-05
		(Epoch 06/08) Block Loss: 2.1881e-05
		(Epoch 07/08) Block Loss: 2.1877e-05
		(Epoch 08/08) Block Loss: 2.1870e-05
	(1/3) Block 14/28, mlp.gate_proj | Tuning Non-Factorized Weights...
		(Epoch 01/08) Block Loss: 2.1968e-05
		(Epoch 02/08) Block Loss: 2.1791e-05
		(Epoch 03/08) Block Loss: 2.1679e-05
		(Epoch 04/08) Block Loss: 2.1597e-05
		(Epoch 05/08) Block Loss: 2.1527e-05
		(Epoch 06/08) Block Loss: 2.1480e-05
		(Epoch 07/08) Block Loss: 2.1448e-05
		(Epoch 08/08) Block Loss: 2.1434e-05
	(2/3) Block 14/28, mlp.gate_proj | Initialization via ADMM...
		ADMM weight recon error: raw=807.4694, norm=0.3040, per_el=2.5669e-04, out_err=0.0743, ADMM time=1.38s
	(3/3) Block 14/28, mlp.gate_proj | Tuning Factorized Weights...
		(Epoch 01/08) Block Loss: 2.3707e-05
		(Epoch 02/08) Block Loss: 2.3366e-05
		(Epoch 03/08) Block Loss: 2.3353e-05
		(Epoch 04/08) Block Loss: 2.3381e-05
		(Epoch 05/08) Block Loss: 2.3352e-05
		(Epoch 06/08) Block Loss: 2.3337e-05
		(Epoch 07/08) Block Loss: 2.3284e-05
		(Epoch 08/08) Block Loss: 2.3149e-05
	(1/3) Block 14/28, mlp.up_proj | Tuning Non-Factorized Weights...
		(Epoch 01/08) Block Loss: 2.2853e-05
		(Epoch 02/08) Block Loss: 2.2621e-05
		(Epoch 03/08) Block Loss: 2.2500e-05
		(Epoch 04/08) Block Loss: 2.2423e-05
		(Epoch 05/08) Block Loss: 2.2360e-05
		(Epoch 06/08) Block Loss: 2.2319e-05
		(Epoch 07/08) Block Loss: 2.2292e-05
		(Epoch 08/08) Block Loss: 2.2281e-05
	(2/3) Block 14/28, mlp.up_proj | Initialization via ADMM...
		ADMM weight recon error: raw=776.7404, norm=0.3443, per_el=2.4692e-04, out_err=0.2127, ADMM time=1.32s
	(3/3) Block 14/28, mlp.up_proj | Tuning Factorized Weights...
		(Epoch 01/08) Block Loss: 2.6622e-05
		(Epoch 02/08) Block Loss: 2.6082e-05
		(Epoch 03/08) Block Loss: 2.6218e-05
		(Epoch 04/08) Block Loss: 2.6198e-05
		(Epoch 05/08) Block Loss: 2.6139e-05
		(Epoch 06/08) Block Loss: 2.6040e-05
		(Epoch 07/08) Block Loss: 2.6115e-05
		(Epoch 08/08) Block Loss: 2.5599e-05
	(1/3) Block 14/28, mlp.down_proj | Tuning Non-Factorized Weights...
		(Epoch 01/08) Block Loss: 2.5015e-05
		(Epoch 02/08) Block Loss: 2.4686e-05
		(Epoch 03/08) Block Loss: 2.4520e-05
		(Epoch 04/08) Block Loss: 2.4421e-05
		(Epoch 05/08) Block Loss: 2.4352e-05
		(Epoch 06/08) Block Loss: 2.4311e-05
		(Epoch 07/08) Block Loss: 2.4288e-05
		(Epoch 08/08) Block Loss: 2.4279e-05
	(2/3) Block 14/28, mlp.down_proj | Initialization via ADMM...
		ADMM weight recon error: raw=639.8105, norm=0.3149, per_el=2.0339e-04, out_err=0.2820, ADMM time=1.47s
	(3/3) Block 14/28, mlp.down_proj | Tuning Factorized Weights...
		(Epoch 01/08) Block Loss: 2.8945e-05
		(Epoch 02/08) Block Loss: 2.8654e-05
		(Epoch 03/08) Block Loss: 2.8780e-05
		(Epoch 04/08) Block Loss: 2.8818e-05
		(Epoch 05/08) Block Loss: 2.8739e-05
		(Epoch 06/08) Block Loss: 2.8762e-05
		(Epoch 07/08) Block Loss: 2.8655e-05
		(Epoch 08/08) Block Loss: 2.8380e-05
		Block 13: relative block output error = 0.0079
Using sequence length: 2048 (model max: 2048)
		Block 13: Test Data PPL        = 17.855
	[refresh_stats] block 14: re-estimating i_norm from the compressed-prefix inputs
	(1/3) Block 15/28, self_attn.q_proj | Tuning Non-Factorized Weights...
		(Epoch 01/08) Block Loss: 2.2459e-05
		(Epoch 02/08) Block Loss: 2.1371e-05
		(Epoch 03/08) Block Loss: 2.0810e-05
		(Epoch 04/08) Block Loss: 2.0447e-05
		(Epoch 05/08) Block Loss: 2.0194e-05
		(Epoch 06/08) Block Loss: 2.0038e-05
		(Epoch 07/08) Block Loss: 1.9951e-05
		(Epoch 08/08) Block Loss: 1.9918e-05
	(2/3) Block 15/28, self_attn.q_proj | Initialization via ADMM...
		ADMM weight recon error: raw=439.8312, norm=0.2477, per_el=2.0973e-04, out_err=0.0587, ADMM time=1.22s
	(3/3) Block 15/28, self_attn.q_proj | Tuning Factorized Weights...
		(Epoch 01/08) Block Loss: 2.0388e-05
		(Epoch 02/08) Block Loss: 2.0283e-05
		(Epoch 03/08) Block Loss: 2.0252e-05
		(Epoch 04/08) Block Loss: 2.0236e-05
		(Epoch 05/08) Block Loss: 2.0220e-05
		(Epoch 06/08) Block Loss: 2.0197e-05
		(Epoch 07/08) Block Loss: 2.0186e-05
		(Epoch 08/08) Block Loss: 2.0160e-05
	(1/3) Block 15/28, self_attn.v_proj | Tuning Non-Factorized Weights...
		(Epoch 01/08) Block Loss: 2.0209e-05
		(Epoch 02/08) Block Loss: 1.9822e-05
		(Epoch 03/08) Block Loss: 1.9564e-05
		(Epoch 04/08) Block Loss: 1.9382e-05
		(Epoch 05/08) Block Loss: 1.9239e-05
		(Epoch 06/08) Block Loss: 1.9145e-05
		(Epoch 07/08) Block Loss: 1.9088e-05
		(Epoch 08/08) Block Loss: 1.9065e-05
	(2/3) Block 15/28, self_attn.v_proj | Initialization via ADMM...
		ADMM weight recon error: raw=222.4738, norm=0.3330, per_el=2.1217e-04, out_err=0.1961, ADMM time=1.05s
	(3/3) Block 15/28, self_attn.v_proj | Tuning Factorized Weights...
		(Epoch 01/08) Block Loss: 2.1027e-05
		(Epoch 02/08) Block Loss: 2.0723e-05
		(Epoch 03/08) Block Loss: 2.0595e-05
		(Epoch 04/08) Block Loss: 2.0536e-05
		(Epoch 05/08) Block Loss: 2.0506e-05
		(Epoch 06/08) Block Loss: 2.0487e-05
		(Epoch 07/08) Block Loss: 2.0471e-05
		(Epoch 08/08) Block Loss: 2.0435e-05
	(1/3) Block 15/28, self_attn.o_proj | Tuning Non-Factorized Weights...
		(Epoch 01/08) Block Loss: 2.0149e-05
		(Epoch 02/08) Block Loss: 1.9716e-05
		(Epoch 03/08) Block Loss: 1.9490e-05
		(Epoch 04/08) Block Loss: 1.9341e-05
		(Epoch 05/08) Block Loss: 1.9224e-05
		(Epoch 06/08) Block Loss: 1.9148e-05
		(Epoch 07/08) Block Loss: 1.9101e-05
		(Epoch 08/08) Block Loss: 1.9081e-05
	(2/3) Block 15/28, self_attn.o_proj | Initialization via ADMM...
		ADMM weight recon error: raw=316.4281, norm=0.3019, per_el=1.5088e-04, out_err=0.2299, ADMM time=1.26s
	(3/3) Block 15/28, self_attn.o_proj | Tuning Factorized Weights...
		(Epoch 01/08) Block Loss: 2.0989e-05
		(Epoch 02/08) Block Loss: 2.0691e-05
		(Epoch 03/08) Block Loss: 2.0666e-05
		(Epoch 04/08) Block Loss: 2.0673e-05
		(Epoch 05/08) Block Loss: 2.0629e-05
		(Epoch 06/08) Block Loss: 2.0605e-05
		(Epoch 07/08) Block Loss: 2.0563e-05
		(Epoch 08/08) Block Loss: 2.0453e-05
	(1/3) Block 15/28, self_attn.k_proj | Tuning Non-Factorized Weights...
		(Epoch 01/08) Block Loss: 2.0150e-05
		(Epoch 02/08) Block Loss: 1.9828e-05
		(Epoch 03/08) Block Loss: 1.9658e-05
		(Epoch 04/08) Block Loss: 1.9547e-05
		(Epoch 05/08) Block Loss: 1.9458e-05
		(Epoch 06/08) Block Loss: 1.9400e-05
		(Epoch 07/08) Block Loss: 1.9364e-05
		(Epoch 08/08) Block Loss: 1.9348e-05
	(2/3) Block 15/28, self_attn.k_proj | Initialization via ADMM...
		ADMM weight recon error: raw=172.5317, norm=0.2663, per_el=1.6454e-04, out_err=0.0618, ADMM time=1.04s
	(3/3) Block 15/28, self_attn.k_proj | Tuning Factorized Weights...
		(Epoch 01/08) Block Loss: 1.9593e-05
		(Epoch 02/08) Block Loss: 1.9553e-05
		(Epoch 03/08) Block Loss: 1.9539e-05
		(Epoch 04/08) Block Loss: 1.9531e-05
		(Epoch 05/08) Block Loss: 1.9525e-05
		(Epoch 06/08) Block Loss: 1.9521e-05
		(Epoch 07/08) Block Loss: 1.9517e-05
		(Epoch 08/08) Block Loss: 1.9511e-05
Compressing Layers:  54%|█████████████████████████████████████████████████████████▎                                                 | 15/28 [22:07<19:17, 89.00s/it]	(1/3) Block 15/28, mlp.gate_proj | Tuning Non-Factorized Weights...
		(Epoch 01/08) Block Loss: 1.9604e-05
		(Epoch 02/08) Block Loss: 1.9448e-05
		(Epoch 03/08) Block Loss: 1.9350e-05
		(Epoch 04/08) Block Loss: 1.9280e-05
		(Epoch 05/08) Block Loss: 1.9219e-05
		(Epoch 06/08) Block Loss: 1.9177e-05
		(Epoch 07/08) Block Loss: 1.9149e-05
		(Epoch 08/08) Block Loss: 1.9136e-05
	(2/3) Block 15/28, mlp.gate_proj | Initialization via ADMM...
		ADMM weight recon error: raw=744.9489, norm=0.3023, per_el=2.3681e-04, out_err=0.0770, ADMM time=1.37s
	(3/3) Block 15/28, mlp.gate_proj | Tuning Factorized Weights...
		(Epoch 01/08) Block Loss: 2.1101e-05
		(Epoch 02/08) Block Loss: 2.0904e-05
		(Epoch 03/08) Block Loss: 2.0922e-05
		(Epoch 04/08) Block Loss: 2.0955e-05
		(Epoch 05/08) Block Loss: 2.0927e-05
		(Epoch 06/08) Block Loss: 2.0925e-05
		(Epoch 07/08) Block Loss: 2.0876e-05
		(Epoch 08/08) Block Loss: 2.0736e-05
	(1/3) Block 15/28, mlp.up_proj | Tuning Non-Factorized Weights...
		(Epoch 01/08) Block Loss: 2.0441e-05
		(Epoch 02/08) Block Loss: 2.0233e-05
		(Epoch 03/08) Block Loss: 2.0126e-05
		(Epoch 04/08) Block Loss: 2.0057e-05
		(Epoch 05/08) Block Loss: 2.0001e-05
		(Epoch 06/08) Block Loss: 1.9965e-05
		(Epoch 07/08) Block Loss: 1.9942e-05
		(Epoch 08/08) Block Loss: 1.9931e-05
	(2/3) Block 15/28, mlp.up_proj | Initialization via ADMM...
		ADMM weight recon error: raw=723.8267, norm=0.3453, per_el=2.3010e-04, out_err=0.1922, ADMM time=1.23s
	(3/3) Block 15/28, mlp.up_proj | Tuning Factorized Weights...
		(Epoch 01/08) Block Loss: 2.3669e-05
		(Epoch 02/08) Block Loss: 2.3254e-05
		(Epoch 03/08) Block Loss: 2.3331e-05
		(Epoch 04/08) Block Loss: 2.3406e-05
		(Epoch 05/08) Block Loss: 2.3271e-05
		(Epoch 06/08) Block Loss: 2.3225e-05
		(Epoch 07/08) Block Loss: 2.3174e-05
		(Epoch 08/08) Block Loss: 2.2897e-05
	(1/3) Block 15/28, mlp.down_proj | Tuning Non-Factorized Weights...
		(Epoch 01/08) Block Loss: 2.2318e-05
		(Epoch 02/08) Block Loss: 2.2036e-05
		(Epoch 03/08) Block Loss: 2.1897e-05
		(Epoch 04/08) Block Loss: 2.1814e-05
		(Epoch 05/08) Block Loss: 2.1757e-05
		(Epoch 06/08) Block Loss: 2.1722e-05
		(Epoch 07/08) Block Loss: 2.1703e-05
		(Epoch 08/08) Block Loss: 2.1695e-05
	(2/3) Block 15/28, mlp.down_proj | Initialization via ADMM...
		ADMM weight recon error: raw=619.8815, norm=0.3163, per_el=1.9706e-04, out_err=0.2677, ADMM time=1.47s
	(3/3) Block 15/28, mlp.down_proj | Tuning Factorized Weights...
		(Epoch 01/08) Block Loss: 2.5896e-05
		(Epoch 02/08) Block Loss: 2.5654e-05
		(Epoch 03/08) Block Loss: 2.5787e-05
		(Epoch 04/08) Block Loss: 2.5808e-05
		(Epoch 05/08) Block Loss: 2.5816e-05
		(Epoch 06/08) Block Loss: 2.5823e-05
		(Epoch 07/08) Block Loss: 2.5753e-05
		(Epoch 08/08) Block Loss: 2.5496e-05
		Block 14: relative block output error = 0.0086
Using sequence length: 2048 (model max: 2048)
		Block 14: Test Data PPL        = 18.066
	[refresh_stats] block 15: re-estimating i_norm from the compressed-prefix inputs
	(1/3) Block 16/28, self_attn.q_proj | Tuning Non-Factorized Weights...
		(Epoch 01/08) Block Loss: 2.9933e-05
		(Epoch 02/08) Block Loss: 2.8512e-05
		(Epoch 03/08) Block Loss: 2.7796e-05
		(Epoch 04/08) Block Loss: 2.7324e-05
		(Epoch 05/08) Block Loss: 2.6998e-05
		(Epoch 06/08) Block Loss: 2.6796e-05
		(Epoch 07/08) Block Loss: 2.6682e-05
		(Epoch 08/08) Block Loss: 2.6637e-05
	(2/3) Block 16/28, self_attn.q_proj | Initialization via ADMM...
		ADMM weight recon error: raw=425.7783, norm=0.2324, per_el=2.0303e-04, out_err=0.0556, ADMM time=1.26s
	(3/3) Block 16/28, self_attn.q_proj | Tuning Factorized Weights...
		(Epoch 01/08) Block Loss: 2.7254e-05
		(Epoch 02/08) Block Loss: 2.7122e-05
		(Epoch 03/08) Block Loss: 2.7080e-05
		(Epoch 04/08) Block Loss: 2.7056e-05
		(Epoch 05/08) Block Loss: 2.7027e-05
		(Epoch 06/08) Block Loss: 2.7007e-05
		(Epoch 07/08) Block Loss: 2.6984e-05
		(Epoch 08/08) Block Loss: 2.6957e-05
	(1/3) Block 16/28, self_attn.v_proj | Tuning Non-Factorized Weights...
		(Epoch 01/08) Block Loss: 2.7061e-05
		(Epoch 02/08) Block Loss: 2.6557e-05
		(Epoch 03/08) Block Loss: 2.6229e-05
		(Epoch 04/08) Block Loss: 2.5987e-05
		(Epoch 05/08) Block Loss: 2.5801e-05
		(Epoch 06/08) Block Loss: 2.5679e-05
		(Epoch 07/08) Block Loss: 2.5603e-05
		(Epoch 08/08) Block Loss: 2.5571e-05
	(2/3) Block 16/28, self_attn.v_proj | Initialization via ADMM...
		ADMM weight recon error: raw=234.5881, norm=0.3258, per_el=2.2372e-04, out_err=0.2758, ADMM time=1.05s
	(3/3) Block 16/28, self_attn.v_proj | Tuning Factorized Weights...
		(Epoch 01/08) Block Loss: 2.8849e-05
		(Epoch 02/08) Block Loss: 2.8232e-05
		(Epoch 03/08) Block Loss: 2.7989e-05
		(Epoch 04/08) Block Loss: 2.7864e-05
		(Epoch 05/08) Block Loss: 2.7806e-05
		(Epoch 06/08) Block Loss: 2.7764e-05
		(Epoch 07/08) Block Loss: 2.7730e-05
		(Epoch 08/08) Block Loss: 2.7661e-05
	(1/3) Block 16/28, self_attn.o_proj | Tuning Non-Factorized Weights...
		(Epoch 01/08) Block Loss: 2.7260e-05
		(Epoch 02/08) Block Loss: 2.6675e-05
		(Epoch 03/08) Block Loss: 2.6378e-05
		(Epoch 04/08) Block Loss: 2.6176e-05
		(Epoch 05/08) Block Loss: 2.6021e-05
		(Epoch 06/08) Block Loss: 2.5919e-05
		(Epoch 07/08) Block Loss: 2.5855e-05
		(Epoch 08/08) Block Loss: 2.5827e-05
	(2/3) Block 16/28, self_attn.o_proj | Initialization via ADMM...
		ADMM weight recon error: raw=324.9283, norm=0.2840, per_el=1.5494e-04, out_err=0.1949, ADMM time=1.29s
	(3/3) Block 16/28, self_attn.o_proj | Tuning Factorized Weights...
		(Epoch 01/08) Block Loss: 2.8771e-05
		(Epoch 02/08) Block Loss: 2.8265e-05
		(Epoch 03/08) Block Loss: 2.8182e-05
		(Epoch 04/08) Block Loss: 2.8169e-05
		(Epoch 05/08) Block Loss: 2.8108e-05
		(Epoch 06/08) Block Loss: 2.8077e-05
		(Epoch 07/08) Block Loss: 2.7992e-05
		(Epoch 08/08) Block Loss: 2.7833e-05
	(1/3) Block 16/28, self_attn.k_proj | Tuning Non-Factorized Weights...
		(Epoch 01/08) Block Loss: 2.7361e-05
		(Epoch 02/08) Block Loss: 2.6913e-05
		(Epoch 03/08) Block Loss: 2.6682e-05
		(Epoch 04/08) Block Loss: 2.6532e-05
		(Epoch 05/08) Block Loss: 2.6413e-05
		(Epoch 06/08) Block Loss: 2.6335e-05
		(Epoch 07/08) Block Loss: 2.6286e-05
		(Epoch 08/08) Block Loss: 2.6264e-05
	(2/3) Block 16/28, self_attn.k_proj | Initialization via ADMM...
		ADMM weight recon error: raw=161.9311, norm=0.2811, per_el=1.5443e-04, out_err=0.0831, ADMM time=1.07s
	(3/3) Block 16/28, self_attn.k_proj | Tuning Factorized Weights...
		(Epoch 01/08) Block Loss: 2.6628e-05
		(Epoch 02/08) Block Loss: 2.6569e-05
		(Epoch 03/08) Block Loss: 2.6544e-05
		(Epoch 04/08) Block Loss: 2.6532e-05
		(Epoch 05/08) Block Loss: 2.6522e-05
		(Epoch 06/08) Block Loss: 2.6517e-05
		(Epoch 07/08) Block Loss: 2.6511e-05
		(Epoch 08/08) Block Loss: 2.6504e-05
	(1/3) Block 16/28, mlp.gate_proj | Tuning Non-Factorized Weights...
		(Epoch 01/08) Block Loss: 2.6636e-05
		(Epoch 02/08) Block Loss: 2.6429e-05
		(Epoch 03/08) Block Loss: 2.6299e-05
		(Epoch 04/08) Block Loss: 2.6207e-05
		(Epoch 05/08) Block Loss: 2.6126e-05
		(Epoch 06/08) Block Loss: 2.6069e-05
		(Epoch 07/08) Block Loss: 2.6031e-05
		(Epoch 08/08) Block Loss: 2.6013e-05
	(2/3) Block 16/28, mlp.gate_proj | Initialization via ADMM...
		ADMM weight recon error: raw=766.2418, norm=0.3070, per_el=2.4358e-04, out_err=0.0704, ADMM time=1.40s
	(3/3) Block 16/28, mlp.gate_proj | Tuning Factorized Weights...
		(Epoch 01/08) Block Loss: 2.8879e-05
		(Epoch 02/08) Block Loss: 2.8520e-05
		(Epoch 03/08) Block Loss: 2.8558e-05
		(Epoch 04/08) Block Loss: 2.8566e-05
		(Epoch 05/08) Block Loss: 2.8539e-05
		(Epoch 06/08) Block Loss: 2.8579e-05
		(Epoch 07/08) Block Loss: 2.8458e-05
		(Epoch 08/08) Block Loss: 2.8286e-05
	(1/3) Block 16/28, mlp.up_proj | Tuning Non-Factorized Weights...
		(Epoch 01/08) Block Loss: 2.7859e-05
		(Epoch 02/08) Block Loss: 2.7572e-05
		(Epoch 03/08) Block Loss: 2.7426e-05
		(Epoch 04/08) Block Loss: 2.7333e-05
		(Epoch 05/08) Block Loss: 2.7259e-05
		(Epoch 06/08) Block Loss: 2.7210e-05
		(Epoch 07/08) Block Loss: 2.7178e-05
		(Epoch 08/08) Block Loss: 2.7163e-05
	(2/3) Block 16/28, mlp.up_proj | Initialization via ADMM...
Compressing Layers:  57%|█████████████████████████████████████████████████████████████▏                                             | 16/28 [23:35<17:44, 88.72s/it]		ADMM weight recon error: raw=760.9647, norm=0.3497, per_el=2.4190e-04, out_err=0.1771, ADMM time=1.28s
	(3/3) Block 16/28, mlp.up_proj | Tuning Factorized Weights...
		(Epoch 01/08) Block Loss: 3.2486e-05
		(Epoch 02/08) Block Loss: 3.1769e-05
		(Epoch 03/08) Block Loss: 3.1764e-05
		(Epoch 04/08) Block Loss: 3.1903e-05
		(Epoch 05/08) Block Loss: 3.1689e-05
		(Epoch 06/08) Block Loss: 3.1721e-05
		(Epoch 07/08) Block Loss: 3.1645e-05
		(Epoch 08/08) Block Loss: 3.1295e-05
	(1/3) Block 16/28, mlp.down_proj | Tuning Non-Factorized Weights...
		(Epoch 01/08) Block Loss: 3.0471e-05
		(Epoch 02/08) Block Loss: 3.0073e-05
		(Epoch 03/08) Block Loss: 2.9879e-05
		(Epoch 04/08) Block Loss: 2.9763e-05
		(Epoch 05/08) Block Loss: 2.9683e-05
		(Epoch 06/08) Block Loss: 2.9636e-05
		(Epoch 07/08) Block Loss: 2.9609e-05
		(Epoch 08/08) Block Loss: 2.9598e-05
	(2/3) Block 16/28, mlp.down_proj | Initialization via ADMM...
		ADMM weight recon error: raw=609.2247, norm=0.3147, per_el=1.9367e-04, out_err=0.2523, ADMM time=1.46s
	(3/3) Block 16/28, mlp.down_proj | Tuning Factorized Weights...
		(Epoch 01/08) Block Loss: 3.5483e-05
		(Epoch 02/08) Block Loss: 3.5064e-05
		(Epoch 03/08) Block Loss: 3.5151e-05
		(Epoch 04/08) Block Loss: 3.5277e-05
		(Epoch 05/08) Block Loss: 3.5230e-05
		(Epoch 06/08) Block Loss: 3.5209e-05
		(Epoch 07/08) Block Loss: 3.5141e-05
		(Epoch 08/08) Block Loss: 3.4809e-05
		Block 15: relative block output error = 0.0108
Using sequence length: 2048 (model max: 2048)
		Block 15: Test Data PPL        = 18.369
	[refresh_stats] block 16: re-estimating i_norm from the compressed-prefix inputs
	(1/3) Block 17/28, self_attn.q_proj | Tuning Non-Factorized Weights...
		(Epoch 01/08) Block Loss: 2.1023e-05
		(Epoch 02/08) Block Loss: 1.9934e-05
		(Epoch 03/08) Block Loss: 1.9402e-05
		(Epoch 04/08) Block Loss: 1.9066e-05
		(Epoch 05/08) Block Loss: 1.8833e-05
		(Epoch 06/08) Block Loss: 1.8686e-05
		(Epoch 07/08) Block Loss: 1.8600e-05
		(Epoch 08/08) Block Loss: 1.8566e-05
	(2/3) Block 17/28, self_attn.q_proj | Initialization via ADMM...
		ADMM weight recon error: raw=448.7264, norm=0.2077, per_el=2.1397e-04, out_err=0.0508, ADMM time=1.26s
	(3/3) Block 17/28, self_attn.q_proj | Tuning Factorized Weights...
		(Epoch 01/08) Block Loss: 1.9120e-05
		(Epoch 02/08) Block Loss: 1.8980e-05
		(Epoch 03/08) Block Loss: 1.8947e-05
		(Epoch 04/08) Block Loss: 1.8930e-05
		(Epoch 05/08) Block Loss: 1.8916e-05
		(Epoch 06/08) Block Loss: 1.8902e-05
		(Epoch 07/08) Block Loss: 1.8887e-05
		(Epoch 08/08) Block Loss: 1.8865e-05
	(1/3) Block 17/28, self_attn.v_proj | Tuning Non-Factorized Weights...
		(Epoch 01/08) Block Loss: 1.8949e-05
		(Epoch 02/08) Block Loss: 1.8579e-05
		(Epoch 03/08) Block Loss: 1.8340e-05
		(Epoch 04/08) Block Loss: 1.8169e-05
		(Epoch 05/08) Block Loss: 1.8035e-05
		(Epoch 06/08) Block Loss: 1.7946e-05
		(Epoch 07/08) Block Loss: 1.7889e-05
		(Epoch 08/08) Block Loss: 1.7865e-05
	(2/3) Block 17/28, self_attn.v_proj | Initialization via ADMM...
		ADMM weight recon error: raw=229.3988, norm=0.3240, per_el=2.1877e-04, out_err=0.2541, ADMM time=1.05s
	(3/3) Block 17/28, self_attn.v_proj | Tuning Factorized Weights...
		(Epoch 01/08) Block Loss: 2.0000e-05
		(Epoch 02/08) Block Loss: 1.9596e-05
		(Epoch 03/08) Block Loss: 1.9440e-05
		(Epoch 04/08) Block Loss: 1.9362e-05
		(Epoch 05/08) Block Loss: 1.9317e-05
		(Epoch 06/08) Block Loss: 1.9285e-05
		(Epoch 07/08) Block Loss: 1.9265e-05
		(Epoch 08/08) Block Loss: 1.9231e-05
	(1/3) Block 17/28, self_attn.o_proj | Tuning Non-Factorized Weights...
		(Epoch 01/08) Block Loss: 1.8981e-05
		(Epoch 02/08) Block Loss: 1.8575e-05
		(Epoch 03/08) Block Loss: 1.8368e-05
		(Epoch 04/08) Block Loss: 1.8231e-05
		(Epoch 05/08) Block Loss: 1.8121e-05
		(Epoch 06/08) Block Loss: 1.8048e-05
		(Epoch 07/08) Block Loss: 1.8001e-05
		(Epoch 08/08) Block Loss: 1.7980e-05
	(2/3) Block 17/28, self_attn.o_proj | Initialization via ADMM...
		ADMM weight recon error: raw=328.4861, norm=0.2912, per_el=1.5663e-04, out_err=0.1985, ADMM time=1.17s
	(3/3) Block 17/28, self_attn.o_proj | Tuning Factorized Weights...
		(Epoch 01/08) Block Loss: 2.0204e-05
		(Epoch 02/08) Block Loss: 1.9749e-05
		(Epoch 03/08) Block Loss: 1.9654e-05
		(Epoch 04/08) Block Loss: 1.9624e-05
		(Epoch 05/08) Block Loss: 1.9590e-05
		(Epoch 06/08) Block Loss: 1.9552e-05
		(Epoch 07/08) Block Loss: 1.9501e-05
		(Epoch 08/08) Block Loss: 1.9388e-05
	(1/3) Block 17/28, self_attn.k_proj | Tuning Non-Factorized Weights...
		(Epoch 01/08) Block Loss: 1.9093e-05
		(Epoch 02/08) Block Loss: 1.8769e-05
		(Epoch 03/08) Block Loss: 1.8604e-05
		(Epoch 04/08) Block Loss: 1.8498e-05
		(Epoch 05/08) Block Loss: 1.8412e-05
		(Epoch 06/08) Block Loss: 1.8355e-05
		(Epoch 07/08) Block Loss: 1.8318e-05
		(Epoch 08/08) Block Loss: 1.8302e-05
	(2/3) Block 17/28, self_attn.k_proj | Initialization via ADMM...
		ADMM weight recon error: raw=163.3842, norm=0.2602, per_el=1.5582e-04, out_err=0.0773, ADMM time=1.01s
	(3/3) Block 17/28, self_attn.k_proj | Tuning Factorized Weights...
		(Epoch 01/08) Block Loss: 1.8568e-05
		(Epoch 02/08) Block Loss: 1.8519e-05
		(Epoch 03/08) Block Loss: 1.8503e-05
		(Epoch 04/08) Block Loss: 1.8495e-05
		(Epoch 05/08) Block Loss: 1.8488e-05
		(Epoch 06/08) Block Loss: 1.8483e-05
		(Epoch 07/08) Block Loss: 1.8478e-05
		(Epoch 08/08) Block Loss: 1.8472e-05
	(1/3) Block 17/28, mlp.gate_proj | Tuning Non-Factorized Weights...
		(Epoch 01/08) Block Loss: 1.8588e-05
		(Epoch 02/08) Block Loss: 1.8437e-05
		(Epoch 03/08) Block Loss: 1.8344e-05
		(Epoch 04/08) Block Loss: 1.8279e-05
		(Epoch 05/08) Block Loss: 1.8220e-05
		(Epoch 06/08) Block Loss: 1.8178e-05
		(Epoch 07/08) Block Loss: 1.8149e-05
		(Epoch 08/08) Block Loss: 1.8135e-05
	(2/3) Block 17/28, mlp.gate_proj | Initialization via ADMM...
		ADMM weight recon error: raw=763.5910, norm=0.3079, per_el=2.4274e-04, out_err=0.0611, ADMM time=1.38s
	(3/3) Block 17/28, mlp.gate_proj | Tuning Factorized Weights...
		(Epoch 01/08) Block Loss: 2.0382e-05
		(Epoch 02/08) Block Loss: 2.0063e-05
		(Epoch 03/08) Block Loss: 2.0076e-05
		(Epoch 04/08) Block Loss: 2.0103e-05
		(Epoch 05/08) Block Loss: 2.0097e-05
		(Epoch 06/08) Block Loss: 2.0083e-05
		(Epoch 07/08) Block Loss: 2.0035e-05
		(Epoch 08/08) Block Loss: 1.9895e-05
	(1/3) Block 17/28, mlp.up_proj | Tuning Non-Factorized Weights...
		(Epoch 01/08) Block Loss: 1.9549e-05
		(Epoch 02/08) Block Loss: 1.9329e-05
		(Epoch 03/08) Block Loss: 1.9222e-05
		(Epoch 04/08) Block Loss: 1.9155e-05
		(Epoch 05/08) Block Loss: 1.9100e-05
		(Epoch 06/08) Block Loss: 1.9063e-05
		(Epoch 07/08) Block Loss: 1.9038e-05
		(Epoch 08/08) Block Loss: 1.9027e-05
	(2/3) Block 17/28, mlp.up_proj | Initialization via ADMM...
		ADMM weight recon error: raw=839.0864, norm=0.3667, per_el=2.6674e-04, out_err=0.1563, ADMM time=1.39s
	(3/3) Block 17/28, mlp.up_proj | Tuning Factorized Weights...
		(Epoch 01/08) Block Loss: 2.4295e-05
		(Epoch 02/08) Block Loss: 2.3555e-05
		(Epoch 03/08) Block Loss: 2.3518e-05
		(Epoch 04/08) Block Loss: 2.3581e-05
		(Epoch 05/08) Block Loss: 2.3510e-05
		(Epoch 06/08) Block Loss: 2.3511e-05
		(Epoch 07/08) Block Loss: 2.3432e-05
		(Epoch 08/08) Block Loss: 2.3173e-05
	(1/3) Block 17/28, mlp.down_proj | Tuning Non-Factorized Weights...
		(Epoch 01/08) Block Loss: 2.2176e-05
		(Epoch 02/08) Block Loss: 2.1714e-05
		(Epoch 03/08) Block Loss: 2.1508e-05
		(Epoch 04/08) Block Loss: 2.1392e-05
		(Epoch 05/08) Block Loss: 2.1315e-05
		(Epoch 06/08) Block Loss: 2.1270e-05
		(Epoch 07/08) Block Loss: 2.1245e-05
		(Epoch 08/08) Block Loss: 2.1236e-05
	(2/3) Block 17/28, mlp.down_proj | Initialization via ADMM...
		ADMM weight recon error: raw=675.6646, norm=0.3447, per_el=2.1479e-04, out_err=0.2135, ADMM time=1.48s
	(3/3) Block 17/28, mlp.down_proj | Tuning Factorized Weights...
		(Epoch 01/08) Block Loss: 2.7889e-05
		(Epoch 02/08) Block Loss: 2.7382e-05
		(Epoch 03/08) Block Loss: 2.7486e-05
		(Epoch 04/08) Block Loss: 2.7572e-05
		(Epoch 05/08) Block Loss: 2.7592e-05
		(Epoch 06/08) Block Loss: 2.7573e-05
		(Epoch 07/08) Block Loss: 2.7508e-05
		(Epoch 08/08) Block Loss: 2.7184e-05
		Block 16: relative block output error = 0.0172
Compressing Layers:  61%|████████████████████████████████████████████████████████████████▉                                          | 17/28 [25:03<16:14, 88.60s/it]Compressing Layers:  64%|████████████████████████████████████████████████████████████████████▊                                      | 18/28 [26:32<14:45, 88.57s/it]Using sequence length: 2048 (model max: 2048)
		Block 16: Test Data PPL        = 18.887
	[refresh_stats] block 17: re-estimating i_norm from the compressed-prefix inputs
	(1/3) Block 18/28, self_attn.q_proj | Tuning Non-Factorized Weights...
		(Epoch 01/08) Block Loss: 2.1595e-05
		(Epoch 02/08) Block Loss: 2.0182e-05
		(Epoch 03/08) Block Loss: 1.9512e-05
		(Epoch 04/08) Block Loss: 1.9095e-05
		(Epoch 05/08) Block Loss: 1.8816e-05
		(Epoch 06/08) Block Loss: 1.8642e-05
		(Epoch 07/08) Block Loss: 1.8543e-05
		(Epoch 08/08) Block Loss: 1.8505e-05
	(2/3) Block 18/28, self_attn.q_proj | Initialization via ADMM...
		ADMM weight recon error: raw=424.1631, norm=0.2209, per_el=2.0226e-04, out_err=0.0580, ADMM time=1.23s
	(3/3) Block 18/28, self_attn.q_proj | Tuning Factorized Weights...
		(Epoch 01/08) Block Loss: 1.9171e-05
		(Epoch 02/08) Block Loss: 1.9019e-05
		(Epoch 03/08) Block Loss: 1.8981e-05
		(Epoch 04/08) Block Loss: 1.8947e-05
		(Epoch 05/08) Block Loss: 1.8928e-05
		(Epoch 06/08) Block Loss: 1.8911e-05
		(Epoch 07/08) Block Loss: 1.8880e-05
		(Epoch 08/08) Block Loss: 1.8853e-05
	(1/3) Block 18/28, self_attn.v_proj | Tuning Non-Factorized Weights...
		(Epoch 01/08) Block Loss: 1.8925e-05
		(Epoch 02/08) Block Loss: 1.8509e-05
		(Epoch 03/08) Block Loss: 1.8239e-05
		(Epoch 04/08) Block Loss: 1.8040e-05
		(Epoch 05/08) Block Loss: 1.7891e-05
		(Epoch 06/08) Block Loss: 1.7793e-05
		(Epoch 07/08) Block Loss: 1.7731e-05
		(Epoch 08/08) Block Loss: 1.7705e-05
	(2/3) Block 18/28, self_attn.v_proj | Initialization via ADMM...
		ADMM weight recon error: raw=239.6678, norm=0.3170, per_el=2.2857e-04, out_err=0.2959, ADMM time=0.99s
	(3/3) Block 18/28, self_attn.v_proj | Tuning Factorized Weights...
		(Epoch 01/08) Block Loss: 2.0989e-05
		(Epoch 02/08) Block Loss: 2.0352e-05
		(Epoch 03/08) Block Loss: 2.0082e-05
		(Epoch 04/08) Block Loss: 1.9932e-05
		(Epoch 05/08) Block Loss: 1.9854e-05
		(Epoch 06/08) Block Loss: 1.9809e-05
		(Epoch 07/08) Block Loss: 1.9771e-05
		(Epoch 08/08) Block Loss: 1.9716e-05
	(1/3) Block 18/28, self_attn.o_proj | Tuning Non-Factorized Weights...
		(Epoch 01/08) Block Loss: 1.9251e-05
		(Epoch 02/08) Block Loss: 1.8730e-05
		(Epoch 03/08) Block Loss: 1.8478e-05
		(Epoch 04/08) Block Loss: 1.8310e-05
		(Epoch 05/08) Block Loss: 1.8184e-05
		(Epoch 06/08) Block Loss: 1.8101e-05
		(Epoch 07/08) Block Loss: 1.8049e-05
		(Epoch 08/08) Block Loss: 1.8026e-05
	(2/3) Block 18/28, self_attn.o_proj | Initialization via ADMM...
		ADMM weight recon error: raw=318.7403, norm=0.2826, per_el=1.5199e-04, out_err=0.2649, ADMM time=1.19s
	(3/3) Block 18/28, self_attn.o_proj | Tuning Factorized Weights...
		(Epoch 01/08) Block Loss: 2.1149e-05
		(Epoch 02/08) Block Loss: 2.0483e-05
		(Epoch 03/08) Block Loss: 2.0294e-05
		(Epoch 04/08) Block Loss: 2.0304e-05
		(Epoch 05/08) Block Loss: 2.0216e-05
		(Epoch 06/08) Block Loss: 2.0120e-05
		(Epoch 07/08) Block Loss: 2.0070e-05
		(Epoch 08/08) Block Loss: 1.9916e-05
	(1/3) Block 18/28, self_attn.k_proj | Tuning Non-Factorized Weights...
		(Epoch 01/08) Block Loss: 1.9515e-05
		(Epoch 02/08) Block Loss: 1.9111e-05
		(Epoch 03/08) Block Loss: 1.8906e-05
		(Epoch 04/08) Block Loss: 1.8774e-05
		(Epoch 05/08) Block Loss: 1.8674e-05
		(Epoch 06/08) Block Loss: 1.8607e-05
		(Epoch 07/08) Block Loss: 1.8566e-05
		(Epoch 08/08) Block Loss: 1.8548e-05
	(2/3) Block 18/28, self_attn.k_proj | Initialization via ADMM...
		ADMM weight recon error: raw=166.6640, norm=0.2759, per_el=1.5894e-04, out_err=0.0670, ADMM time=0.97s
	(3/3) Block 18/28, self_attn.k_proj | Tuning Factorized Weights...
		(Epoch 01/08) Block Loss: 1.8851e-05
		(Epoch 02/08) Block Loss: 1.8796e-05
		(Epoch 03/08) Block Loss: 1.8776e-05
		(Epoch 04/08) Block Loss: 1.8764e-05
		(Epoch 05/08) Block Loss: 1.8756e-05
		(Epoch 06/08) Block Loss: 1.8749e-05
		(Epoch 07/08) Block Loss: 1.8744e-05
		(Epoch 08/08) Block Loss: 1.8738e-05
	(1/3) Block 18/28, mlp.gate_proj | Tuning Non-Factorized Weights...
		(Epoch 01/08) Block Loss: 1.8840e-05
		(Epoch 02/08) Block Loss: 1.8672e-05
		(Epoch 03/08) Block Loss: 1.8564e-05
		(Epoch 04/08) Block Loss: 1.8487e-05
		(Epoch 05/08) Block Loss: 1.8422e-05
		(Epoch 06/08) Block Loss: 1.8376e-05
		(Epoch 07/08) Block Loss: 1.8345e-05
		(Epoch 08/08) Block Loss: 1.8331e-05
	(2/3) Block 18/28, mlp.gate_proj | Initialization via ADMM...
		ADMM weight recon error: raw=789.5982, norm=0.3205, per_el=2.5101e-04, out_err=0.0696, ADMM time=1.38s
	(3/3) Block 18/28, mlp.gate_proj | Tuning Factorized Weights...
		(Epoch 01/08) Block Loss: 2.1018e-05
		(Epoch 02/08) Block Loss: 2.0540e-05
		(Epoch 03/08) Block Loss: 2.0525e-05
		(Epoch 04/08) Block Loss: 2.0551e-05
		(Epoch 05/08) Block Loss: 2.0518e-05
		(Epoch 06/08) Block Loss: 2.0513e-05
		(Epoch 07/08) Block Loss: 2.0470e-05
		(Epoch 08/08) Block Loss: 2.0261e-05
	(1/3) Block 18/28, mlp.up_proj | Tuning Non-Factorized Weights...
		(Epoch 01/08) Block Loss: 1.9870e-05
		(Epoch 02/08) Block Loss: 1.9622e-05
		(Epoch 03/08) Block Loss: 1.9497e-05
		(Epoch 04/08) Block Loss: 1.9419e-05
		(Epoch 05/08) Block Loss: 1.9358e-05
		(Epoch 06/08) Block Loss: 1.9317e-05
		(Epoch 07/08) Block Loss: 1.9291e-05
		(Epoch 08/08) Block Loss: 1.9280e-05
	(2/3) Block 18/28, mlp.up_proj | Initialization via ADMM...
		ADMM weight recon error: raw=869.9000, norm=0.3530, per_el=2.7653e-04, out_err=0.1294, ADMM time=1.40s
	(3/3) Block 18/28, mlp.up_proj | Tuning Factorized Weights...
		(Epoch 01/08) Block Loss: 2.3368e-05
		(Epoch 02/08) Block Loss: 2.2694e-05
		(Epoch 03/08) Block Loss: 2.2620e-05
		(Epoch 04/08) Block Loss: 2.2636e-05
		(Epoch 05/08) Block Loss: 2.2575e-05
		(Epoch 06/08) Block Loss: 2.2521e-05
		(Epoch 07/08) Block Loss: 2.2465e-05
		(Epoch 08/08) Block Loss: 2.2235e-05
	(1/3) Block 18/28, mlp.down_proj | Tuning Non-Factorized Weights...
		(Epoch 01/08) Block Loss: 2.1598e-05
		(Epoch 02/08) Block Loss: 2.1304e-05
		(Epoch 03/08) Block Loss: 2.1164e-05
		(Epoch 04/08) Block Loss: 2.1083e-05
		(Epoch 05/08) Block Loss: 2.1027e-05
		(Epoch 06/08) Block Loss: 2.0992e-05
		(Epoch 07/08) Block Loss: 2.0972e-05
		(Epoch 08/08) Block Loss: 2.0964e-05
	(2/3) Block 18/28, mlp.down_proj | Initialization via ADMM...
		ADMM weight recon error: raw=674.7020, norm=0.3387, per_el=2.1448e-04, out_err=0.2399, ADMM time=1.49s
	(3/3) Block 18/28, mlp.down_proj | Tuning Factorized Weights...
		(Epoch 01/08) Block Loss: 2.7452e-05
		(Epoch 02/08) Block Loss: 2.7091e-05
		(Epoch 03/08) Block Loss: 2.7236e-05
		(Epoch 04/08) Block Loss: 2.7397e-05
		(Epoch 05/08) Block Loss: 2.7363e-05
		(Epoch 06/08) Block Loss: 2.7338e-05
		(Epoch 07/08) Block Loss: 2.7271e-05
		(Epoch 08/08) Block Loss: 2.6929e-05
		Block 17: relative block output error = 0.0235
Using sequence length: 2048 (model max: 2048)
		Block 17: Test Data PPL        = 19.355
	[refresh_stats] block 18: re-estimating i_norm from the compressed-prefix inputs
	(1/3) Block 19/28, self_attn.q_proj | Tuning Non-Factorized Weights...
		(Epoch 01/08) Block Loss: 2.2981e-05
		(Epoch 02/08) Block Loss: 2.1517e-05
		(Epoch 03/08) Block Loss: 2.0813e-05
		(Epoch 04/08) Block Loss: 2.0379e-05
		(Epoch 05/08) Block Loss: 2.0091e-05
		(Epoch 06/08) Block Loss: 1.9913e-05
		(Epoch 07/08) Block Loss: 1.9812e-05
		(Epoch 08/08) Block Loss: 1.9774e-05
	(2/3) Block 19/28, self_attn.q_proj | Initialization via ADMM...
		ADMM weight recon error: raw=444.2050, norm=0.2230, per_el=2.1181e-04, out_err=0.0530, ADMM time=1.24s
	(3/3) Block 19/28, self_attn.q_proj | Tuning Factorized Weights...
		(Epoch 01/08) Block Loss: 2.0350e-05
		(Epoch 02/08) Block Loss: 2.0190e-05
		(Epoch 03/08) Block Loss: 2.0158e-05
		(Epoch 04/08) Block Loss: 2.0139e-05
		(Epoch 05/08) Block Loss: 2.0106e-05
		(Epoch 06/08) Block Loss: 2.0097e-05
		(Epoch 07/08) Block Loss: 2.0071e-05
		(Epoch 08/08) Block Loss: 2.0050e-05
	(1/3) Block 19/28, self_attn.v_proj | Tuning Non-Factorized Weights...
		(Epoch 01/08) Block Loss: 2.0121e-05
		(Epoch 02/08) Block Loss: 1.9685e-05
		(Epoch 03/08) Block Loss: 1.9400e-05
		(Epoch 04/08) Block Loss: 1.9193e-05
		(Epoch 05/08) Block Loss: 1.9038e-05
		(Epoch 06/08) Block Loss: 1.8935e-05
		(Epoch 07/08) Block Loss: 1.8872e-05
Compressing Layers:  68%|████████████████████████████████████████████████████████████████████████▌                                  | 19/28 [28:01<13:18, 88.68s/it]		(Epoch 08/08) Block Loss: 1.8844e-05
	(2/3) Block 19/28, self_attn.v_proj | Initialization via ADMM...
		ADMM weight recon error: raw=239.2731, norm=0.3438, per_el=2.2819e-04, out_err=0.2996, ADMM time=1.04s
	(3/3) Block 19/28, self_attn.v_proj | Tuning Factorized Weights...
		(Epoch 01/08) Block Loss: 2.2223e-05
		(Epoch 02/08) Block Loss: 2.1311e-05
		(Epoch 03/08) Block Loss: 2.1019e-05
		(Epoch 04/08) Block Loss: 2.0861e-05
		(Epoch 05/08) Block Loss: 2.0766e-05
		(Epoch 06/08) Block Loss: 2.0719e-05
		(Epoch 07/08) Block Loss: 2.0676e-05
		(Epoch 08/08) Block Loss: 2.0631e-05
	(1/3) Block 19/28, self_attn.o_proj | Tuning Non-Factorized Weights...
		(Epoch 01/08) Block Loss: 2.0215e-05
		(Epoch 02/08) Block Loss: 1.9701e-05
		(Epoch 03/08) Block Loss: 1.9447e-05
		(Epoch 04/08) Block Loss: 1.9281e-05
		(Epoch 05/08) Block Loss: 1.9155e-05
		(Epoch 06/08) Block Loss: 1.9070e-05
		(Epoch 07/08) Block Loss: 1.9017e-05
		(Epoch 08/08) Block Loss: 1.8995e-05
	(2/3) Block 19/28, self_attn.o_proj | Initialization via ADMM...
		ADMM weight recon error: raw=312.7465, norm=0.2962, per_el=1.4913e-04, out_err=0.1786, ADMM time=1.21s
	(3/3) Block 19/28, self_attn.o_proj | Tuning Factorized Weights...
		(Epoch 01/08) Block Loss: 2.1152e-05
		(Epoch 02/08) Block Loss: 2.0729e-05
		(Epoch 03/08) Block Loss: 2.0675e-05
		(Epoch 04/08) Block Loss: 2.0629e-05
		(Epoch 05/08) Block Loss: 2.0591e-05
		(Epoch 06/08) Block Loss: 2.0559e-05
		(Epoch 07/08) Block Loss: 2.0512e-05
		(Epoch 08/08) Block Loss: 2.0387e-05
	(1/3) Block 19/28, self_attn.k_proj | Tuning Non-Factorized Weights...
		(Epoch 01/08) Block Loss: 2.0086e-05
		(Epoch 02/08) Block Loss: 1.9739e-05
		(Epoch 03/08) Block Loss: 1.9559e-05
		(Epoch 04/08) Block Loss: 1.9439e-05
		(Epoch 05/08) Block Loss: 1.9346e-05
		(Epoch 06/08) Block Loss: 1.9283e-05
		(Epoch 07/08) Block Loss: 1.9243e-05
		(Epoch 08/08) Block Loss: 1.9225e-05
	(2/3) Block 19/28, self_attn.k_proj | Initialization via ADMM...
		ADMM weight recon error: raw=162.6345, norm=0.2843, per_el=1.5510e-04, out_err=0.0855, ADMM time=0.99s
	(3/3) Block 19/28, self_attn.k_proj | Tuning Factorized Weights...
		(Epoch 01/08) Block Loss: 1.9530e-05
		(Epoch 02/08) Block Loss: 1.9460e-05
		(Epoch 03/08) Block Loss: 1.9439e-05
		(Epoch 04/08) Block Loss: 1.9427e-05
		(Epoch 05/08) Block Loss: 1.9420e-05
		(Epoch 06/08) Block Loss: 1.9414e-05
		(Epoch 07/08) Block Loss: 1.9410e-05
		(Epoch 08/08) Block Loss: 1.9404e-05
	(1/3) Block 19/28, mlp.gate_proj | Tuning Non-Factorized Weights...
		(Epoch 01/08) Block Loss: 1.9519e-05
		(Epoch 02/08) Block Loss: 1.9353e-05
		(Epoch 03/08) Block Loss: 1.9248e-05
		(Epoch 04/08) Block Loss: 1.9174e-05
		(Epoch 05/08) Block Loss: 1.9109e-05
		(Epoch 06/08) Block Loss: 1.9063e-05
		(Epoch 07/08) Block Loss: 1.9031e-05
		(Epoch 08/08) Block Loss: 1.9016e-05
	(2/3) Block 19/28, mlp.gate_proj | Initialization via ADMM...
		ADMM weight recon error: raw=798.9664, norm=0.3243, per_el=2.5398e-04, out_err=0.0692, ADMM time=1.35s
	(3/3) Block 19/28, mlp.gate_proj | Tuning Factorized Weights...
		(Epoch 01/08) Block Loss: 2.2204e-05
		(Epoch 02/08) Block Loss: 2.1599e-05
		(Epoch 03/08) Block Loss: 2.1557e-05
		(Epoch 04/08) Block Loss: 2.1564e-05
		(Epoch 05/08) Block Loss: 2.1543e-05
		(Epoch 06/08) Block Loss: 2.1513e-05
		(Epoch 07/08) Block Loss: 2.1455e-05
		(Epoch 08/08) Block Loss: 2.1265e-05
	(1/3) Block 19/28, mlp.up_proj | Tuning Non-Factorized Weights...
		(Epoch 01/08) Block Loss: 2.0806e-05
		(Epoch 02/08) Block Loss: 2.0534e-05
		(Epoch 03/08) Block Loss: 2.0400e-05
		(Epoch 04/08) Block Loss: 2.0316e-05
		(Epoch 05/08) Block Loss: 2.0252e-05
		(Epoch 06/08) Block Loss: 2.0209e-05
		(Epoch 07/08) Block Loss: 2.0181e-05
		(Epoch 08/08) Block Loss: 2.0169e-05
	(2/3) Block 19/28, mlp.up_proj | Initialization via ADMM...
		ADMM weight recon error: raw=901.3975, norm=0.3588, per_el=2.8655e-04, out_err=0.1185, ADMM time=1.38s
	(3/3) Block 19/28, mlp.up_proj | Tuning Factorized Weights...
		(Epoch 01/08) Block Loss: 2.4983e-05
		(Epoch 02/08) Block Loss: 2.4071e-05
		(Epoch 03/08) Block Loss: 2.3956e-05
		(Epoch 04/08) Block Loss: 2.3944e-05
		(Epoch 05/08) Block Loss: 2.3887e-05
		(Epoch 06/08) Block Loss: 2.3841e-05
		(Epoch 07/08) Block Loss: 2.3805e-05
		(Epoch 08/08) Block Loss: 2.3534e-05
	(1/3) Block 19/28, mlp.down_proj | Tuning Non-Factorized Weights...
		(Epoch 01/08) Block Loss: 2.2798e-05
		(Epoch 02/08) Block Loss: 2.2451e-05
		(Epoch 03/08) Block Loss: 2.2291e-05
		(Epoch 04/08) Block Loss: 2.2200e-05
		(Epoch 05/08) Block Loss: 2.2137e-05
		(Epoch 06/08) Block Loss: 2.2099e-05
		(Epoch 07/08) Block Loss: 2.2077e-05
		(Epoch 08/08) Block Loss: 2.2069e-05
	(2/3) Block 19/28, mlp.down_proj | Initialization via ADMM...
		ADMM weight recon error: raw=737.4723, norm=0.3414, per_el=2.3444e-04, out_err=0.2361, ADMM time=1.54s
	(3/3) Block 19/28, mlp.down_proj | Tuning Factorized Weights...
		(Epoch 01/08) Block Loss: 2.9160e-05
		(Epoch 02/08) Block Loss: 2.8817e-05
		(Epoch 03/08) Block Loss: 2.9002e-05
		(Epoch 04/08) Block Loss: 2.9122e-05
		(Epoch 05/08) Block Loss: 2.9169e-05
		(Epoch 06/08) Block Loss: 2.9164e-05
		(Epoch 07/08) Block Loss: 2.9135e-05
		(Epoch 08/08) Block Loss: 2.8725e-05
		Block 18: relative block output error = 0.0300
Using sequence length: 2048 (model max: 2048)
		Block 18: Test Data PPL        = 19.865
	[refresh_stats] block 19: re-estimating i_norm from the compressed-prefix inputs
	(1/3) Block 20/28, self_attn.q_proj | Tuning Non-Factorized Weights...
		(Epoch 01/08) Block Loss: 2.2458e-05
		(Epoch 02/08) Block Loss: 2.0951e-05
		(Epoch 03/08) Block Loss: 2.0234e-05
		(Epoch 04/08) Block Loss: 1.9792e-05
		(Epoch 05/08) Block Loss: 1.9495e-05
		(Epoch 06/08) Block Loss: 1.9311e-05
		(Epoch 07/08) Block Loss: 1.9208e-05
		(Epoch 08/08) Block Loss: 1.9168e-05
	(2/3) Block 20/28, self_attn.q_proj | Initialization via ADMM...
		ADMM weight recon error: raw=453.0739, norm=0.2082, per_el=2.1604e-04, out_err=0.0572, ADMM time=1.24s
	(3/3) Block 20/28, self_attn.q_proj | Tuning Factorized Weights...
		(Epoch 01/08) Block Loss: 1.9860e-05
		(Epoch 02/08) Block Loss: 1.9660e-05
		(Epoch 03/08) Block Loss: 1.9611e-05
		(Epoch 04/08) Block Loss: 1.9587e-05
		(Epoch 05/08) Block Loss: 1.9560e-05
		(Epoch 06/08) Block Loss: 1.9541e-05
		(Epoch 07/08) Block Loss: 1.9519e-05
		(Epoch 08/08) Block Loss: 1.9494e-05
	(1/3) Block 20/28, self_attn.v_proj | Tuning Non-Factorized Weights...
		(Epoch 01/08) Block Loss: 1.9569e-05
		(Epoch 02/08) Block Loss: 1.9118e-05
		(Epoch 03/08) Block Loss: 1.8829e-05
		(Epoch 04/08) Block Loss: 1.8621e-05
		(Epoch 05/08) Block Loss: 1.8462e-05
		(Epoch 06/08) Block Loss: 1.8357e-05
		(Epoch 07/08) Block Loss: 1.8292e-05
		(Epoch 08/08) Block Loss: 1.8265e-05
	(2/3) Block 20/28, self_attn.v_proj | Initialization via ADMM...
		ADMM weight recon error: raw=232.5180, norm=0.3247, per_el=2.2175e-04, out_err=0.2930, ADMM time=1.00s
	(3/3) Block 20/28, self_attn.v_proj | Tuning Factorized Weights...
		(Epoch 01/08) Block Loss: 2.1415e-05
		(Epoch 02/08) Block Loss: 2.0722e-05
		(Epoch 03/08) Block Loss: 2.0466e-05
		(Epoch 04/08) Block Loss: 2.0323e-05
		(Epoch 05/08) Block Loss: 2.0248e-05
		(Epoch 06/08) Block Loss: 2.0192e-05
		(Epoch 07/08) Block Loss: 2.0164e-05
		(Epoch 08/08) Block Loss: 2.0119e-05
	(1/3) Block 20/28, self_attn.o_proj | Tuning Non-Factorized Weights...
		(Epoch 01/08) Block Loss: 1.9743e-05
		(Epoch 02/08) Block Loss: 1.9223e-05
		(Epoch 03/08) Block Loss: 1.8963e-05
		(Epoch 04/08) Block Loss: 1.8793e-05
		(Epoch 05/08) Block Loss: 1.8662e-05
		(Epoch 06/08) Block Loss: 1.8574e-05
		(Epoch 07/08) Block Loss: 1.8520e-05
		(Epoch 08/08) Block Loss: 1.8496e-05
	(2/3) Block 20/28, self_attn.o_proj | Initialization via ADMM...
		ADMM weight recon error: raw=338.0739, norm=0.2894, per_el=1.6121e-04, out_err=0.2015, ADMM time=1.18s
	(3/3) Block 20/28, self_attn.o_proj | Tuning Factorized Weights...
		(Epoch 01/08) Block Loss: 2.0813e-05
		(Epoch 02/08) Block Loss: 2.0457e-05
		(Epoch 03/08) Block Loss: 2.0426e-05
		(Epoch 04/08) Block Loss: 2.0435e-05
		(Epoch 05/08) Block Loss: 2.0415e-05
		(Epoch 06/08) Block Loss: 2.0378e-05
Compressing Layers:  71%|████████████████████████████████████████████████████████████████████████████▍                              | 20/28 [29:30<11:49, 88.72s/it]		(Epoch 07/08) Block Loss: 2.0335e-05
		(Epoch 08/08) Block Loss: 2.0189e-05
	(1/3) Block 20/28, self_attn.k_proj | Tuning Non-Factorized Weights...
		(Epoch 01/08) Block Loss: 1.9785e-05
		(Epoch 02/08) Block Loss: 1.9400e-05
		(Epoch 03/08) Block Loss: 1.9204e-05
		(Epoch 04/08) Block Loss: 1.9077e-05
		(Epoch 05/08) Block Loss: 1.8978e-05
		(Epoch 06/08) Block Loss: 1.8911e-05
		(Epoch 07/08) Block Loss: 1.8869e-05
		(Epoch 08/08) Block Loss: 1.8850e-05
	(2/3) Block 20/28, self_attn.k_proj | Initialization via ADMM...
		ADMM weight recon error: raw=163.6758, norm=0.2822, per_el=1.5609e-04, out_err=0.0842, ADMM time=1.02s
	(3/3) Block 20/28, self_attn.k_proj | Tuning Factorized Weights...
		(Epoch 01/08) Block Loss: 1.9241e-05
		(Epoch 02/08) Block Loss: 1.9151e-05
		(Epoch 03/08) Block Loss: 1.9121e-05
		(Epoch 04/08) Block Loss: 1.9106e-05
		(Epoch 05/08) Block Loss: 1.9095e-05
		(Epoch 06/08) Block Loss: 1.9089e-05
		(Epoch 07/08) Block Loss: 1.9084e-05
		(Epoch 08/08) Block Loss: 1.9078e-05
	(1/3) Block 20/28, mlp.gate_proj | Tuning Non-Factorized Weights...
		(Epoch 01/08) Block Loss: 1.9197e-05
		(Epoch 02/08) Block Loss: 1.9023e-05
		(Epoch 03/08) Block Loss: 1.8913e-05
		(Epoch 04/08) Block Loss: 1.8836e-05
		(Epoch 05/08) Block Loss: 1.8768e-05
		(Epoch 06/08) Block Loss: 1.8720e-05
		(Epoch 07/08) Block Loss: 1.8688e-05
		(Epoch 08/08) Block Loss: 1.8672e-05
	(2/3) Block 20/28, mlp.gate_proj | Initialization via ADMM...
		ADMM weight recon error: raw=778.6454, norm=0.3244, per_el=2.4752e-04, out_err=0.0652, ADMM time=1.38s
	(3/3) Block 20/28, mlp.gate_proj | Tuning Factorized Weights...
		(Epoch 01/08) Block Loss: 2.2168e-05
		(Epoch 02/08) Block Loss: 2.1440e-05
		(Epoch 03/08) Block Loss: 2.1361e-05
		(Epoch 04/08) Block Loss: 2.1359e-05
		(Epoch 05/08) Block Loss: 2.1331e-05
		(Epoch 06/08) Block Loss: 2.1304e-05
		(Epoch 07/08) Block Loss: 2.1237e-05
		(Epoch 08/08) Block Loss: 2.1058e-05
	(1/3) Block 20/28, mlp.up_proj | Tuning Non-Factorized Weights...
		(Epoch 01/08) Block Loss: 2.0590e-05
		(Epoch 02/08) Block Loss: 2.0304e-05
		(Epoch 03/08) Block Loss: 2.0165e-05
		(Epoch 04/08) Block Loss: 2.0079e-05
		(Epoch 05/08) Block Loss: 2.0011e-05
		(Epoch 06/08) Block Loss: 1.9967e-05
		(Epoch 07/08) Block Loss: 1.9939e-05
		(Epoch 08/08) Block Loss: 1.9926e-05
	(2/3) Block 20/28, mlp.up_proj | Initialization via ADMM...
		ADMM weight recon error: raw=989.4190, norm=0.3616, per_el=3.1453e-04, out_err=0.1186, ADMM time=1.39s
	(3/3) Block 20/28, mlp.up_proj | Tuning Factorized Weights...
		(Epoch 01/08) Block Loss: 2.5639e-05
		(Epoch 02/08) Block Loss: 2.4660e-05
		(Epoch 03/08) Block Loss: 2.4546e-05
		(Epoch 04/08) Block Loss: 2.4539e-05
		(Epoch 05/08) Block Loss: 2.4474e-05
		(Epoch 06/08) Block Loss: 2.4433e-05
		(Epoch 07/08) Block Loss: 2.4355e-05
		(Epoch 08/08) Block Loss: 2.4073e-05
	(1/3) Block 20/28, mlp.down_proj | Tuning Non-Factorized Weights...
		(Epoch 01/08) Block Loss: 2.3131e-05
		(Epoch 02/08) Block Loss: 2.2696e-05
		(Epoch 03/08) Block Loss: 2.2495e-05
		(Epoch 04/08) Block Loss: 2.2382e-05
		(Epoch 05/08) Block Loss: 2.2305e-05
		(Epoch 06/08) Block Loss: 2.2260e-05
		(Epoch 07/08) Block Loss: 2.2236e-05
		(Epoch 08/08) Block Loss: 2.2226e-05
	(2/3) Block 20/28, mlp.down_proj | Initialization via ADMM...
		ADMM weight recon error: raw=814.7744, norm=0.3372, per_el=2.5901e-04, out_err=0.2269, ADMM time=1.49s
	(3/3) Block 20/28, mlp.down_proj | Tuning Factorized Weights...
		(Epoch 01/08) Block Loss: 3.0534e-05
		(Epoch 02/08) Block Loss: 3.0067e-05
		(Epoch 03/08) Block Loss: 3.0269e-05
		(Epoch 04/08) Block Loss: 3.0424e-05
		(Epoch 05/08) Block Loss: 3.0480e-05
		(Epoch 06/08) Block Loss: 3.0478e-05
		(Epoch 07/08) Block Loss: 3.0432e-05
		(Epoch 08/08) Block Loss: 3.0004e-05
		Block 19: relative block output error = 0.0413
Using sequence length: 2048 (model max: 2048)
		Block 19: Test Data PPL        = 20.597
	[refresh_stats] block 20: re-estimating i_norm from the compressed-prefix inputs
	(1/3) Block 21/28, self_attn.q_proj | Tuning Non-Factorized Weights...
		(Epoch 01/08) Block Loss: 2.8759e-05
		(Epoch 02/08) Block Loss: 2.6781e-05
		(Epoch 03/08) Block Loss: 2.5828e-05
		(Epoch 04/08) Block Loss: 2.5212e-05
		(Epoch 05/08) Block Loss: 2.4816e-05
		(Epoch 06/08) Block Loss: 2.4576e-05
		(Epoch 07/08) Block Loss: 2.4445e-05
		(Epoch 08/08) Block Loss: 2.4396e-05
	(2/3) Block 21/28, self_attn.q_proj | Initialization via ADMM...
		ADMM weight recon error: raw=498.3924, norm=0.2077, per_el=2.3765e-04, out_err=0.0651, ADMM time=1.26s
	(3/3) Block 21/28, self_attn.q_proj | Tuning Factorized Weights...
		(Epoch 01/08) Block Loss: 2.5381e-05
		(Epoch 02/08) Block Loss: 2.5059e-05
		(Epoch 03/08) Block Loss: 2.4990e-05
		(Epoch 04/08) Block Loss: 2.4945e-05
		(Epoch 05/08) Block Loss: 2.4915e-05
		(Epoch 06/08) Block Loss: 2.4896e-05
		(Epoch 07/08) Block Loss: 2.4868e-05
		(Epoch 08/08) Block Loss: 2.4838e-05
	(1/3) Block 21/28, self_attn.v_proj | Tuning Non-Factorized Weights...
		(Epoch 01/08) Block Loss: 2.4855e-05
		(Epoch 02/08) Block Loss: 2.4299e-05
		(Epoch 03/08) Block Loss: 2.3931e-05
		(Epoch 04/08) Block Loss: 2.3627e-05
		(Epoch 05/08) Block Loss: 2.3422e-05
		(Epoch 06/08) Block Loss: 2.3287e-05
		(Epoch 07/08) Block Loss: 2.3209e-05
		(Epoch 08/08) Block Loss: 2.3177e-05
	(2/3) Block 21/28, self_attn.v_proj | Initialization via ADMM...
		ADMM weight recon error: raw=251.9358, norm=0.3213, per_el=2.4026e-04, out_err=0.2946, ADMM time=0.99s
	(3/3) Block 21/28, self_attn.v_proj | Tuning Factorized Weights...
		(Epoch 01/08) Block Loss: 2.6707e-05
		(Epoch 02/08) Block Loss: 2.5799e-05
		(Epoch 03/08) Block Loss: 2.5494e-05
		(Epoch 04/08) Block Loss: 2.5333e-05
		(Epoch 05/08) Block Loss: 2.5240e-05
		(Epoch 06/08) Block Loss: 2.5190e-05
		(Epoch 07/08) Block Loss: 2.5147e-05
		(Epoch 08/08) Block Loss: 2.5097e-05
	(1/3) Block 21/28, self_attn.o_proj | Tuning Non-Factorized Weights...
		(Epoch 01/08) Block Loss: 2.4719e-05
		(Epoch 02/08) Block Loss: 2.4134e-05
		(Epoch 03/08) Block Loss: 2.3826e-05
		(Epoch 04/08) Block Loss: 2.3613e-05
		(Epoch 05/08) Block Loss: 2.3453e-05
		(Epoch 06/08) Block Loss: 2.3347e-05
		(Epoch 07/08) Block Loss: 2.3283e-05
		(Epoch 08/08) Block Loss: 2.3255e-05
	(2/3) Block 21/28, self_attn.o_proj | Initialization via ADMM...
		ADMM weight recon error: raw=418.1713, norm=0.3227, per_el=1.9940e-04, out_err=0.1637, ADMM time=1.18s
	(3/3) Block 21/28, self_attn.o_proj | Tuning Factorized Weights...
		(Epoch 01/08) Block Loss: 2.5790e-05
		(Epoch 02/08) Block Loss: 2.5374e-05
		(Epoch 03/08) Block Loss: 2.5384e-05
		(Epoch 04/08) Block Loss: 2.5320e-05
		(Epoch 05/08) Block Loss: 2.5364e-05
		(Epoch 06/08) Block Loss: 2.5168e-05
		(Epoch 07/08) Block Loss: 2.5133e-05
		(Epoch 08/08) Block Loss: 2.4982e-05
	(1/3) Block 21/28, self_attn.k_proj | Tuning Non-Factorized Weights...
		(Epoch 01/08) Block Loss: 2.4664e-05
		(Epoch 02/08) Block Loss: 2.4224e-05
		(Epoch 03/08) Block Loss: 2.3992e-05
		(Epoch 04/08) Block Loss: 2.3838e-05
		(Epoch 05/08) Block Loss: 2.3717e-05
		(Epoch 06/08) Block Loss: 2.3638e-05
		(Epoch 07/08) Block Loss: 2.3588e-05
		(Epoch 08/08) Block Loss: 2.3566e-05
	(2/3) Block 21/28, self_attn.k_proj | Initialization via ADMM...
		ADMM weight recon error: raw=199.8087, norm=0.2956, per_el=1.9055e-04, out_err=0.1099, ADMM time=1.03s
	(3/3) Block 21/28, self_attn.k_proj | Tuning Factorized Weights...
		(Epoch 01/08) Block Loss: 2.3958e-05
		(Epoch 02/08) Block Loss: 2.3862e-05
		(Epoch 03/08) Block Loss: 2.3834e-05
		(Epoch 04/08) Block Loss: 2.3818e-05
		(Epoch 05/08) Block Loss: 2.3806e-05
		(Epoch 06/08) Block Loss: 2.3802e-05
		(Epoch 07/08) Block Loss: 2.3794e-05
		(Epoch 08/08) Block Loss: 2.3785e-05
	(1/3) Block 21/28, mlp.gate_proj | Tuning Non-Factorized Weights...
		(Epoch 01/08) Block Loss: 2.3916e-05
		(Epoch 02/08) Block Loss: 2.3703e-05
		(Epoch 03/08) Block Loss: 2.3567e-05
		(Epoch 04/08) Block Loss: 2.3470e-05
		(Epoch 05/08) Block Loss: 2.3386e-05
		(Epoch 06/08) Block Loss: 2.3328e-05
		(Epoch 07/08) Block Loss: 2.3290e-05
		(Epoch 08/08) Block Loss: 2.3272e-05
	(2/3) Block 21/28, mlp.gate_proj | Initialization via ADMM...
Compressing Layers:  75%|████████████████████████████████████████████████████████████████████████████████▎                          | 21/28 [30:58<10:20, 88.65s/it]		ADMM weight recon error: raw=829.8840, norm=0.3325, per_el=2.6381e-04, out_err=0.0764, ADMM time=1.41s
	(3/3) Block 21/28, mlp.gate_proj | Tuning Factorized Weights...
		(Epoch 01/08) Block Loss: 2.7716e-05
		(Epoch 02/08) Block Loss: 2.6764e-05
		(Epoch 03/08) Block Loss: 2.6631e-05
		(Epoch 04/08) Block Loss: 2.6602e-05
		(Epoch 05/08) Block Loss: 2.6564e-05
		(Epoch 06/08) Block Loss: 2.6505e-05
		(Epoch 07/08) Block Loss: 2.6419e-05
		(Epoch 08/08) Block Loss: 2.6197e-05
	(1/3) Block 21/28, mlp.up_proj | Tuning Non-Factorized Weights...
		(Epoch 01/08) Block Loss: 2.5672e-05
		(Epoch 02/08) Block Loss: 2.5323e-05
		(Epoch 03/08) Block Loss: 2.5147e-05
		(Epoch 04/08) Block Loss: 2.5038e-05
		(Epoch 05/08) Block Loss: 2.4954e-05
		(Epoch 06/08) Block Loss: 2.4899e-05
		(Epoch 07/08) Block Loss: 2.4865e-05
		(Epoch 08/08) Block Loss: 2.4851e-05
	(2/3) Block 21/28, mlp.up_proj | Initialization via ADMM...
		ADMM weight recon error: raw=1098.5010, norm=0.3576, per_el=3.4920e-04, out_err=0.1241, ADMM time=1.40s
	(3/3) Block 21/28, mlp.up_proj | Tuning Factorized Weights...
		(Epoch 01/08) Block Loss: 3.0821e-05
		(Epoch 02/08) Block Loss: 2.9702e-05
		(Epoch 03/08) Block Loss: 2.9524e-05
		(Epoch 04/08) Block Loss: 2.9516e-05
		(Epoch 05/08) Block Loss: 2.9454e-05
		(Epoch 06/08) Block Loss: 2.9327e-05
		(Epoch 07/08) Block Loss: 2.9249e-05
		(Epoch 08/08) Block Loss: 2.8961e-05
	(1/3) Block 21/28, mlp.down_proj | Tuning Non-Factorized Weights...
		(Epoch 01/08) Block Loss: 2.8141e-05
		(Epoch 02/08) Block Loss: 2.7724e-05
		(Epoch 03/08) Block Loss: 2.7523e-05
		(Epoch 04/08) Block Loss: 2.7408e-05
		(Epoch 05/08) Block Loss: 2.7328e-05
		(Epoch 06/08) Block Loss: 2.7281e-05
		(Epoch 07/08) Block Loss: 2.7254e-05
		(Epoch 08/08) Block Loss: 2.7244e-05
	(2/3) Block 21/28, mlp.down_proj | Initialization via ADMM...
		ADMM weight recon error: raw=932.9116, norm=0.3430, per_el=2.9656e-04, out_err=0.2096, ADMM time=1.43s
	(3/3) Block 21/28, mlp.down_proj | Tuning Factorized Weights...
		(Epoch 01/08) Block Loss: 3.6761e-05
		(Epoch 02/08) Block Loss: 3.6315e-05
		(Epoch 03/08) Block Loss: 3.6563e-05
		(Epoch 04/08) Block Loss: 3.6791e-05
		(Epoch 05/08) Block Loss: 3.6818e-05
		(Epoch 06/08) Block Loss: 3.6883e-05
		(Epoch 07/08) Block Loss: 3.6758e-05
		(Epoch 08/08) Block Loss: 3.6252e-05
		Block 20: relative block output error = 0.0488
Using sequence length: 2048 (model max: 2048)
		Block 20: Test Data PPL        = 21.310
	[refresh_stats] block 21: re-estimating i_norm from the compressed-prefix inputs
	(1/3) Block 22/28, self_attn.q_proj | Tuning Non-Factorized Weights...
		(Epoch 01/08) Block Loss: 3.0247e-05
		(Epoch 02/08) Block Loss: 2.8325e-05
		(Epoch 03/08) Block Loss: 2.7313e-05
		(Epoch 04/08) Block Loss: 2.6693e-05
		(Epoch 05/08) Block Loss: 2.6286e-05
		(Epoch 06/08) Block Loss: 2.6033e-05
		(Epoch 07/08) Block Loss: 2.5898e-05
		(Epoch 08/08) Block Loss: 2.5848e-05
	(2/3) Block 22/28, self_attn.q_proj | Initialization via ADMM...
		ADMM weight recon error: raw=575.1755, norm=0.2319, per_el=2.7427e-04, out_err=0.0876, ADMM time=1.21s
	(3/3) Block 22/28, self_attn.q_proj | Tuning Factorized Weights...
		(Epoch 01/08) Block Loss: 2.6784e-05
		(Epoch 02/08) Block Loss: 2.6479e-05
		(Epoch 03/08) Block Loss: 2.6401e-05
		(Epoch 04/08) Block Loss: 2.6366e-05
		(Epoch 05/08) Block Loss: 2.6324e-05
		(Epoch 06/08) Block Loss: 2.6297e-05
		(Epoch 07/08) Block Loss: 2.6271e-05
		(Epoch 08/08) Block Loss: 2.6245e-05
	(1/3) Block 22/28, self_attn.v_proj | Tuning Non-Factorized Weights...
		(Epoch 01/08) Block Loss: 2.6277e-05
		(Epoch 02/08) Block Loss: 2.5753e-05
		(Epoch 03/08) Block Loss: 2.5288e-05
		(Epoch 04/08) Block Loss: 2.4993e-05
		(Epoch 05/08) Block Loss: 2.4783e-05
		(Epoch 06/08) Block Loss: 2.4646e-05
		(Epoch 07/08) Block Loss: 2.4565e-05
		(Epoch 08/08) Block Loss: 2.4533e-05
	(2/3) Block 22/28, self_attn.v_proj | Initialization via ADMM...
		ADMM weight recon error: raw=262.2342, norm=0.2927, per_el=2.5009e-04, out_err=0.2666, ADMM time=0.99s
	(3/3) Block 22/28, self_attn.v_proj | Tuning Factorized Weights...
		(Epoch 01/08) Block Loss: 2.7890e-05
		(Epoch 02/08) Block Loss: 2.7064e-05
		(Epoch 03/08) Block Loss: 2.6747e-05
		(Epoch 04/08) Block Loss: 2.6575e-05
		(Epoch 05/08) Block Loss: 2.6484e-05
		(Epoch 06/08) Block Loss: 2.6427e-05
		(Epoch 07/08) Block Loss: 2.6384e-05
		(Epoch 08/08) Block Loss: 2.6339e-05
	(1/3) Block 22/28, self_attn.o_proj | Tuning Non-Factorized Weights...
		(Epoch 01/08) Block Loss: 2.6006e-05
		(Epoch 02/08) Block Loss: 2.5415e-05
		(Epoch 03/08) Block Loss: 2.5090e-05
		(Epoch 04/08) Block Loss: 2.4869e-05
		(Epoch 05/08) Block Loss: 2.4703e-05
		(Epoch 06/08) Block Loss: 2.4593e-05
		(Epoch 07/08) Block Loss: 2.4528e-05
		(Epoch 08/08) Block Loss: 2.4500e-05
	(2/3) Block 22/28, self_attn.o_proj | Initialization via ADMM...
		ADMM weight recon error: raw=406.9233, norm=0.2795, per_el=1.9404e-04, out_err=0.1843, ADMM time=1.18s
	(3/3) Block 22/28, self_attn.o_proj | Tuning Factorized Weights...
		(Epoch 01/08) Block Loss: 2.7044e-05
		(Epoch 02/08) Block Loss: 2.6720e-05
		(Epoch 03/08) Block Loss: 2.6669e-05
		(Epoch 04/08) Block Loss: 2.6733e-05
		(Epoch 05/08) Block Loss: 2.6600e-05
		(Epoch 06/08) Block Loss: 2.6570e-05
		(Epoch 07/08) Block Loss: 2.6579e-05
		(Epoch 08/08) Block Loss: 2.6401e-05
	(1/3) Block 22/28, self_attn.k_proj | Tuning Non-Factorized Weights...
		(Epoch 01/08) Block Loss: 2.6071e-05
		(Epoch 02/08) Block Loss: 2.5617e-05
		(Epoch 03/08) Block Loss: 2.5371e-05
		(Epoch 04/08) Block Loss: 2.5205e-05
		(Epoch 05/08) Block Loss: 2.5077e-05
		(Epoch 06/08) Block Loss: 2.4994e-05
		(Epoch 07/08) Block Loss: 2.4943e-05
		(Epoch 08/08) Block Loss: 2.4921e-05
	(2/3) Block 22/28, self_attn.k_proj | Initialization via ADMM...
		ADMM weight recon error: raw=194.6426, norm=0.2765, per_el=1.8563e-04, out_err=0.1217, ADMM time=1.01s
	(3/3) Block 22/28, self_attn.k_proj | Tuning Factorized Weights...
		(Epoch 01/08) Block Loss: 2.5328e-05
		(Epoch 02/08) Block Loss: 2.5247e-05
		(Epoch 03/08) Block Loss: 2.5217e-05
		(Epoch 04/08) Block Loss: 2.5199e-05
		(Epoch 05/08) Block Loss: 2.5188e-05
		(Epoch 06/08) Block Loss: 2.5179e-05
		(Epoch 07/08) Block Loss: 2.5172e-05
		(Epoch 08/08) Block Loss: 2.5164e-05
	(1/3) Block 22/28, mlp.gate_proj | Tuning Non-Factorized Weights...
		(Epoch 01/08) Block Loss: 2.5286e-05
		(Epoch 02/08) Block Loss: 2.5066e-05
		(Epoch 03/08) Block Loss: 2.4924e-05
		(Epoch 04/08) Block Loss: 2.4821e-05
		(Epoch 05/08) Block Loss: 2.4734e-05
		(Epoch 06/08) Block Loss: 2.4674e-05
		(Epoch 07/08) Block Loss: 2.4635e-05
		(Epoch 08/08) Block Loss: 2.4618e-05
	(2/3) Block 22/28, mlp.gate_proj | Initialization via ADMM...
		ADMM weight recon error: raw=862.9618, norm=0.3329, per_el=2.7433e-04, out_err=0.0815, ADMM time=1.40s
	(3/3) Block 22/28, mlp.gate_proj | Tuning Factorized Weights...
		(Epoch 01/08) Block Loss: 2.9338e-05
		(Epoch 02/08) Block Loss: 2.8254e-05
		(Epoch 03/08) Block Loss: 2.8032e-05
		(Epoch 04/08) Block Loss: 2.7973e-05
		(Epoch 05/08) Block Loss: 2.7934e-05
		(Epoch 06/08) Block Loss: 2.7858e-05
		(Epoch 07/08) Block Loss: 2.7785e-05
		(Epoch 08/08) Block Loss: 2.7573e-05
	(1/3) Block 22/28, mlp.up_proj | Tuning Non-Factorized Weights...
		(Epoch 01/08) Block Loss: 2.7099e-05
		(Epoch 02/08) Block Loss: 2.6749e-05
		(Epoch 03/08) Block Loss: 2.6567e-05
		(Epoch 04/08) Block Loss: 2.6452e-05
		(Epoch 05/08) Block Loss: 2.6364e-05
		(Epoch 06/08) Block Loss: 2.6308e-05
		(Epoch 07/08) Block Loss: 2.6274e-05
		(Epoch 08/08) Block Loss: 2.6259e-05
	(2/3) Block 22/28, mlp.up_proj | Initialization via ADMM...
		ADMM weight recon error: raw=1269.3606, norm=0.3623, per_el=4.0352e-04, out_err=0.1540, ADMM time=1.38s
	(3/3) Block 22/28, mlp.up_proj | Tuning Factorized Weights...
		(Epoch 01/08) Block Loss: 3.1962e-05
		(Epoch 02/08) Block Loss: 3.0893e-05
		(Epoch 03/08) Block Loss: 3.0698e-05
		(Epoch 04/08) Block Loss: 3.0605e-05
		(Epoch 05/08) Block Loss: 3.0538e-05
		(Epoch 06/08) Block Loss: 3.0481e-05
		(Epoch 07/08) Block Loss: 3.0376e-05
		(Epoch 08/08) Block Loss: 3.0115e-05
Compressing Layers:  79%|████████████████████████████████████████████████████████████████████████████████████                       | 22/28 [32:26<08:51, 88.53s/it]Compressing Layers:  82%|███████████████████████████████████████████████████████████████████████████████████████▉                   | 23/28 [33:51<07:16, 87.29s/it]	(1/3) Block 22/28, mlp.down_proj | Tuning Non-Factorized Weights...
		(Epoch 01/08) Block Loss: 2.9419e-05
		(Epoch 02/08) Block Loss: 2.9034e-05
		(Epoch 03/08) Block Loss: 2.8844e-05
		(Epoch 04/08) Block Loss: 2.8732e-05
		(Epoch 05/08) Block Loss: 2.8654e-05
		(Epoch 06/08) Block Loss: 2.8607e-05
		(Epoch 07/08) Block Loss: 2.8581e-05
		(Epoch 08/08) Block Loss: 2.8570e-05
	(2/3) Block 22/28, mlp.down_proj | Initialization via ADMM...
		ADMM weight recon error: raw=1095.3883, norm=0.3475, per_el=3.4821e-04, out_err=0.1951, ADMM time=1.10s
	(3/3) Block 22/28, mlp.down_proj | Tuning Factorized Weights...
		(Epoch 01/08) Block Loss: 3.8420e-05
		(Epoch 02/08) Block Loss: 3.8020e-05
		(Epoch 03/08) Block Loss: 3.8234e-05
		(Epoch 04/08) Block Loss: 3.8439e-05
		(Epoch 05/08) Block Loss: 3.8574e-05
		(Epoch 06/08) Block Loss: 3.8436e-05
		(Epoch 07/08) Block Loss: 3.8337e-05
		(Epoch 08/08) Block Loss: 3.7856e-05
		Block 21: relative block output error = 0.0539
Using sequence length: 2048 (model max: 2048)
		Block 21: Test Data PPL        = 22.057
	[refresh_stats] block 22: re-estimating i_norm from the compressed-prefix inputs
	(1/3) Block 23/28, self_attn.q_proj | Tuning Non-Factorized Weights...
		(Epoch 01/08) Block Loss: 3.3665e-05
		(Epoch 02/08) Block Loss: 3.1654e-05
		(Epoch 03/08) Block Loss: 3.0680e-05
		(Epoch 04/08) Block Loss: 2.9977e-05
		(Epoch 05/08) Block Loss: 2.9528e-05
		(Epoch 06/08) Block Loss: 2.9260e-05
		(Epoch 07/08) Block Loss: 2.9118e-05
		(Epoch 08/08) Block Loss: 2.9066e-05
	(2/3) Block 23/28, self_attn.q_proj | Initialization via ADMM...
		ADMM weight recon error: raw=612.7418, norm=0.2553, per_el=2.9218e-04, out_err=0.0883, ADMM time=1.02s
	(3/3) Block 23/28, self_attn.q_proj | Tuning Factorized Weights...
		(Epoch 01/08) Block Loss: 2.9955e-05
		(Epoch 02/08) Block Loss: 2.9656e-05
		(Epoch 03/08) Block Loss: 2.9582e-05
		(Epoch 04/08) Block Loss: 2.9542e-05
		(Epoch 05/08) Block Loss: 2.9506e-05
		(Epoch 06/08) Block Loss: 2.9477e-05
		(Epoch 07/08) Block Loss: 2.9452e-05
		(Epoch 08/08) Block Loss: 2.9427e-05
	(1/3) Block 23/28, self_attn.v_proj | Tuning Non-Factorized Weights...
		(Epoch 01/08) Block Loss: 2.9422e-05
		(Epoch 02/08) Block Loss: 2.8752e-05
		(Epoch 03/08) Block Loss: 2.8311e-05
		(Epoch 04/08) Block Loss: 2.7991e-05
		(Epoch 05/08) Block Loss: 2.7757e-05
		(Epoch 06/08) Block Loss: 2.7602e-05
		(Epoch 07/08) Block Loss: 2.7514e-05
		(Epoch 08/08) Block Loss: 2.7480e-05
	(2/3) Block 23/28, self_attn.v_proj | Initialization via ADMM...
		ADMM weight recon error: raw=296.8015, norm=0.3313, per_el=2.8305e-04, out_err=0.2802, ADMM time=0.88s
	(3/3) Block 23/28, self_attn.v_proj | Tuning Factorized Weights...
		(Epoch 01/08) Block Loss: 3.0743e-05
		(Epoch 02/08) Block Loss: 2.9892e-05
		(Epoch 03/08) Block Loss: 2.9611e-05
		(Epoch 04/08) Block Loss: 2.9457e-05
		(Epoch 05/08) Block Loss: 2.9375e-05
		(Epoch 06/08) Block Loss: 2.9323e-05
		(Epoch 07/08) Block Loss: 2.9286e-05
		(Epoch 08/08) Block Loss: 2.9243e-05
	(1/3) Block 23/28, self_attn.o_proj | Tuning Non-Factorized Weights...
		(Epoch 01/08) Block Loss: 2.8918e-05
		(Epoch 02/08) Block Loss: 2.8314e-05
		(Epoch 03/08) Block Loss: 2.7985e-05
		(Epoch 04/08) Block Loss: 2.7739e-05
		(Epoch 05/08) Block Loss: 2.7563e-05
		(Epoch 06/08) Block Loss: 2.7447e-05
		(Epoch 07/08) Block Loss: 2.7379e-05
		(Epoch 08/08) Block Loss: 2.7351e-05
	(2/3) Block 23/28, self_attn.o_proj | Initialization via ADMM...
		ADMM weight recon error: raw=476.5585, norm=0.3255, per_el=2.2724e-04, out_err=0.2026, ADMM time=1.00s
	(3/3) Block 23/28, self_attn.o_proj | Tuning Factorized Weights...
		(Epoch 01/08) Block Loss: 3.0125e-05
		(Epoch 02/08) Block Loss: 2.9690e-05
		(Epoch 03/08) Block Loss: 2.9646e-05
		(Epoch 04/08) Block Loss: 2.9627e-05
		(Epoch 05/08) Block Loss: 2.9600e-05
		(Epoch 06/08) Block Loss: 2.9448e-05
		(Epoch 07/08) Block Loss: 2.9425e-05
		(Epoch 08/08) Block Loss: 2.9261e-05
	(1/3) Block 23/28, self_attn.k_proj | Tuning Non-Factorized Weights...
		(Epoch 01/08) Block Loss: 2.8937e-05
		(Epoch 02/08) Block Loss: 2.8461e-05
		(Epoch 03/08) Block Loss: 2.8201e-05
		(Epoch 04/08) Block Loss: 2.8023e-05
		(Epoch 05/08) Block Loss: 2.7890e-05
		(Epoch 06/08) Block Loss: 2.7803e-05
		(Epoch 07/08) Block Loss: 2.7751e-05
		(Epoch 08/08) Block Loss: 2.7729e-05
	(2/3) Block 23/28, self_attn.k_proj | Initialization via ADMM...
		ADMM weight recon error: raw=215.4850, norm=0.2912, per_el=2.0550e-04, out_err=0.1177, ADMM time=0.88s
	(3/3) Block 23/28, self_attn.k_proj | Tuning Factorized Weights...
		(Epoch 01/08) Block Loss: 2.8162e-05
		(Epoch 02/08) Block Loss: 2.8034e-05
		(Epoch 03/08) Block Loss: 2.7995e-05
		(Epoch 04/08) Block Loss: 2.7978e-05
		(Epoch 05/08) Block Loss: 2.7966e-05
		(Epoch 06/08) Block Loss: 2.7958e-05
		(Epoch 07/08) Block Loss: 2.7950e-05
		(Epoch 08/08) Block Loss: 2.7942e-05
	(1/3) Block 23/28, mlp.gate_proj | Tuning Non-Factorized Weights...
		(Epoch 01/08) Block Loss: 2.8052e-05
		(Epoch 02/08) Block Loss: 2.7816e-05
		(Epoch 03/08) Block Loss: 2.7663e-05
		(Epoch 04/08) Block Loss: 2.7550e-05
		(Epoch 05/08) Block Loss: 2.7456e-05
		(Epoch 06/08) Block Loss: 2.7393e-05
		(Epoch 07/08) Block Loss: 2.7353e-05
		(Epoch 08/08) Block Loss: 2.7335e-05
	(2/3) Block 23/28, mlp.gate_proj | Initialization via ADMM...
		ADMM weight recon error: raw=920.8505, norm=0.3385, per_el=2.9273e-04, out_err=0.0933, ADMM time=1.34s
	(3/3) Block 23/28, mlp.gate_proj | Tuning Factorized Weights...
		(Epoch 01/08) Block Loss: 3.2375e-05
		(Epoch 02/08) Block Loss: 3.1195e-05
		(Epoch 03/08) Block Loss: 3.0934e-05
		(Epoch 04/08) Block Loss: 3.0845e-05
		(Epoch 05/08) Block Loss: 3.0793e-05
		(Epoch 06/08) Block Loss: 3.0707e-05
		(Epoch 07/08) Block Loss: 3.0618e-05
		(Epoch 08/08) Block Loss: 3.0381e-05
	(1/3) Block 23/28, mlp.up_proj | Tuning Non-Factorized Weights...
		(Epoch 01/08) Block Loss: 2.9933e-05
		(Epoch 02/08) Block Loss: 2.9573e-05
		(Epoch 03/08) Block Loss: 2.9378e-05
		(Epoch 04/08) Block Loss: 2.9253e-05
		(Epoch 05/08) Block Loss: 2.9158e-05
		(Epoch 06/08) Block Loss: 2.9098e-05
		(Epoch 07/08) Block Loss: 2.9062e-05
		(Epoch 08/08) Block Loss: 2.9048e-05
	(2/3) Block 23/28, mlp.up_proj | Initialization via ADMM...
		ADMM weight recon error: raw=1365.5439, norm=0.3616, per_el=4.3409e-04, out_err=0.1851, ADMM time=1.34s
	(3/3) Block 23/28, mlp.up_proj | Tuning Factorized Weights...
		(Epoch 01/08) Block Loss: 3.4103e-05
		(Epoch 02/08) Block Loss: 3.3035e-05
		(Epoch 03/08) Block Loss: 3.2789e-05
		(Epoch 04/08) Block Loss: 3.2744e-05
		(Epoch 05/08) Block Loss: 3.2680e-05
		(Epoch 06/08) Block Loss: 3.2504e-05
		(Epoch 07/08) Block Loss: 3.2468e-05
		(Epoch 08/08) Block Loss: 3.2226e-05
	(1/3) Block 23/28, mlp.down_proj | Tuning Non-Factorized Weights...
		(Epoch 01/08) Block Loss: 3.1715e-05
		(Epoch 02/08) Block Loss: 3.1412e-05
		(Epoch 03/08) Block Loss: 3.1251e-05
		(Epoch 04/08) Block Loss: 3.1153e-05
		(Epoch 05/08) Block Loss: 3.1081e-05
		(Epoch 06/08) Block Loss: 3.1037e-05
		(Epoch 07/08) Block Loss: 3.1013e-05
		(Epoch 08/08) Block Loss: 3.1003e-05
	(2/3) Block 23/28, mlp.down_proj | Initialization via ADMM...
		ADMM weight recon error: raw=1185.2767, norm=0.3398, per_el=3.7679e-04, out_err=0.1723, ADMM time=1.37s
	(3/3) Block 23/28, mlp.down_proj | Tuning Factorized Weights...
		(Epoch 01/08) Block Loss: 3.9929e-05
		(Epoch 02/08) Block Loss: 3.9686e-05
		(Epoch 03/08) Block Loss: 3.9919e-05
		(Epoch 04/08) Block Loss: 4.0246e-05
		(Epoch 05/08) Block Loss: 4.0293e-05
		(Epoch 06/08) Block Loss: 4.0048e-05
		(Epoch 07/08) Block Loss: 4.0012e-05
		(Epoch 08/08) Block Loss: 3.9570e-05
		Block 22: relative block output error = 0.0526
Using sequence length: 2048 (model max: 2048)
		Block 22: Test Data PPL        = 22.721
	[refresh_stats] block 23: re-estimating i_norm from the compressed-prefix inputs
	(1/3) Block 24/28, self_attn.q_proj | Tuning Non-Factorized Weights...
		(Epoch 01/08) Block Loss: 3.7033e-05
		(Epoch 02/08) Block Loss: 3.5115e-05
		(Epoch 03/08) Block Loss: 3.4087e-05
		(Epoch 04/08) Block Loss: 3.3417e-05
		(Epoch 05/08) Block Loss: 3.2971e-05
		(Epoch 06/08) Block Loss: 3.2695e-05
Compressing Layers:  86%|███████████████████████████████████████████████████████████████████████████████████████████▋               | 24/28 [35:15<05:45, 86.37s/it]		(Epoch 07/08) Block Loss: 3.2548e-05
		(Epoch 08/08) Block Loss: 3.2495e-05
	(2/3) Block 24/28, self_attn.q_proj | Initialization via ADMM...
		ADMM weight recon error: raw=537.5363, norm=0.2709, per_el=2.5632e-04, out_err=0.0709, ADMM time=1.18s
	(3/3) Block 24/28, self_attn.q_proj | Tuning Factorized Weights...
		(Epoch 01/08) Block Loss: 3.3116e-05
		(Epoch 02/08) Block Loss: 3.2925e-05
		(Epoch 03/08) Block Loss: 3.2873e-05
		(Epoch 04/08) Block Loss: 3.2848e-05
		(Epoch 05/08) Block Loss: 3.2826e-05
		(Epoch 06/08) Block Loss: 3.2805e-05
		(Epoch 07/08) Block Loss: 3.2786e-05
		(Epoch 08/08) Block Loss: 3.2766e-05
	(1/3) Block 24/28, self_attn.v_proj | Tuning Non-Factorized Weights...
		(Epoch 01/08) Block Loss: 3.2748e-05
		(Epoch 02/08) Block Loss: 3.2058e-05
		(Epoch 03/08) Block Loss: 3.1595e-05
		(Epoch 04/08) Block Loss: 3.1261e-05
		(Epoch 05/08) Block Loss: 3.1013e-05
		(Epoch 06/08) Block Loss: 3.0855e-05
		(Epoch 07/08) Block Loss: 3.0765e-05
		(Epoch 08/08) Block Loss: 3.0729e-05
	(2/3) Block 24/28, self_attn.v_proj | Initialization via ADMM...
		ADMM weight recon error: raw=293.2366, norm=0.3442, per_el=2.7965e-04, out_err=0.2984, ADMM time=1.03s
	(3/3) Block 24/28, self_attn.v_proj | Tuning Factorized Weights...
		(Epoch 01/08) Block Loss: 3.3936e-05
		(Epoch 02/08) Block Loss: 3.3322e-05
		(Epoch 03/08) Block Loss: 3.3079e-05
		(Epoch 04/08) Block Loss: 3.2938e-05
		(Epoch 05/08) Block Loss: 3.2859e-05
		(Epoch 06/08) Block Loss: 3.2812e-05
		(Epoch 07/08) Block Loss: 3.2781e-05
		(Epoch 08/08) Block Loss: 3.2749e-05
	(1/3) Block 24/28, self_attn.o_proj | Tuning Non-Factorized Weights...
		(Epoch 01/08) Block Loss: 3.2354e-05
		(Epoch 02/08) Block Loss: 3.1681e-05
		(Epoch 03/08) Block Loss: 3.1307e-05
		(Epoch 04/08) Block Loss: 3.1051e-05
		(Epoch 05/08) Block Loss: 3.0859e-05
		(Epoch 06/08) Block Loss: 3.0736e-05
		(Epoch 07/08) Block Loss: 3.0664e-05
		(Epoch 08/08) Block Loss: 3.0635e-05
	(2/3) Block 24/28, self_attn.o_proj | Initialization via ADMM...
		ADMM weight recon error: raw=513.5570, norm=0.3451, per_el=2.4488e-04, out_err=0.2247, ADMM time=1.13s
	(3/3) Block 24/28, self_attn.o_proj | Tuning Factorized Weights...
		(Epoch 01/08) Block Loss: 3.3034e-05
		(Epoch 02/08) Block Loss: 3.2664e-05
		(Epoch 03/08) Block Loss: 3.2593e-05
		(Epoch 04/08) Block Loss: 3.2578e-05
		(Epoch 05/08) Block Loss: 3.2556e-05
		(Epoch 06/08) Block Loss: 3.2470e-05
		(Epoch 07/08) Block Loss: 3.2459e-05
		(Epoch 08/08) Block Loss: 3.2299e-05
	(1/3) Block 24/28, self_attn.k_proj | Tuning Non-Factorized Weights...
		(Epoch 01/08) Block Loss: 3.2017e-05
		(Epoch 02/08) Block Loss: 3.1566e-05
		(Epoch 03/08) Block Loss: 3.1311e-05
		(Epoch 04/08) Block Loss: 3.1137e-05
		(Epoch 05/08) Block Loss: 3.1001e-05
		(Epoch 06/08) Block Loss: 3.0913e-05
		(Epoch 07/08) Block Loss: 3.0860e-05
		(Epoch 08/08) Block Loss: 3.0838e-05
	(2/3) Block 24/28, self_attn.k_proj | Initialization via ADMM...
		ADMM weight recon error: raw=218.6388, norm=0.3123, per_el=2.0851e-04, out_err=0.1053, ADMM time=0.96s
	(3/3) Block 24/28, self_attn.k_proj | Tuning Factorized Weights...
		(Epoch 01/08) Block Loss: 3.1184e-05
		(Epoch 02/08) Block Loss: 3.1092e-05
		(Epoch 03/08) Block Loss: 3.1066e-05
		(Epoch 04/08) Block Loss: 3.1050e-05
		(Epoch 05/08) Block Loss: 3.1042e-05
		(Epoch 06/08) Block Loss: 3.1036e-05
		(Epoch 07/08) Block Loss: 3.1031e-05
		(Epoch 08/08) Block Loss: 3.1025e-05
	(1/3) Block 24/28, mlp.gate_proj | Tuning Non-Factorized Weights...
		(Epoch 01/08) Block Loss: 3.1139e-05
		(Epoch 02/08) Block Loss: 3.0897e-05
		(Epoch 03/08) Block Loss: 3.0738e-05
		(Epoch 04/08) Block Loss: 3.0622e-05
		(Epoch 05/08) Block Loss: 3.0525e-05
		(Epoch 06/08) Block Loss: 3.0460e-05
		(Epoch 07/08) Block Loss: 3.0420e-05
		(Epoch 08/08) Block Loss: 3.0401e-05
	(2/3) Block 24/28, mlp.gate_proj | Initialization via ADMM...
		ADMM weight recon error: raw=961.3481, norm=0.3376, per_el=3.0560e-04, out_err=0.0972, ADMM time=1.39s
	(3/3) Block 24/28, mlp.gate_proj | Tuning Factorized Weights...
		(Epoch 01/08) Block Loss: 3.5741e-05
		(Epoch 02/08) Block Loss: 3.4582e-05
		(Epoch 03/08) Block Loss: 3.4292e-05
		(Epoch 04/08) Block Loss: 3.4194e-05
		(Epoch 05/08) Block Loss: 3.4138e-05
		(Epoch 06/08) Block Loss: 3.4029e-05
		(Epoch 07/08) Block Loss: 3.3933e-05
		(Epoch 08/08) Block Loss: 3.3701e-05
	(1/3) Block 24/28, mlp.up_proj | Tuning Non-Factorized Weights...
		(Epoch 01/08) Block Loss: 3.3253e-05
		(Epoch 02/08) Block Loss: 3.2878e-05
		(Epoch 03/08) Block Loss: 3.2669e-05
		(Epoch 04/08) Block Loss: 3.2533e-05
		(Epoch 05/08) Block Loss: 3.2431e-05
		(Epoch 06/08) Block Loss: 3.2367e-05
		(Epoch 07/08) Block Loss: 3.2329e-05
		(Epoch 08/08) Block Loss: 3.2314e-05
	(2/3) Block 24/28, mlp.up_proj | Initialization via ADMM...
		ADMM weight recon error: raw=1395.6848, norm=0.3575, per_el=4.4368e-04, out_err=0.1938, ADMM time=1.32s
	(3/3) Block 24/28, mlp.up_proj | Tuning Factorized Weights...
		(Epoch 01/08) Block Loss: 3.7265e-05
		(Epoch 02/08) Block Loss: 3.6214e-05
		(Epoch 03/08) Block Loss: 3.5933e-05
		(Epoch 04/08) Block Loss: 3.5798e-05
		(Epoch 05/08) Block Loss: 3.5722e-05
		(Epoch 06/08) Block Loss: 3.5673e-05
		(Epoch 07/08) Block Loss: 3.5579e-05
		(Epoch 08/08) Block Loss: 3.5340e-05
	(1/3) Block 24/28, mlp.down_proj | Tuning Non-Factorized Weights...
		(Epoch 01/08) Block Loss: 3.4907e-05
		(Epoch 02/08) Block Loss: 3.4631e-05
		(Epoch 03/08) Block Loss: 3.4475e-05
		(Epoch 04/08) Block Loss: 3.4376e-05
		(Epoch 05/08) Block Loss: 3.4304e-05
		(Epoch 06/08) Block Loss: 3.4259e-05
		(Epoch 07/08) Block Loss: 3.4234e-05
		(Epoch 08/08) Block Loss: 3.4225e-05
	(2/3) Block 24/28, mlp.down_proj | Initialization via ADMM...
		ADMM weight recon error: raw=1221.2983, norm=0.3333, per_el=3.8824e-04, out_err=0.1809, ADMM time=1.29s
	(3/3) Block 24/28, mlp.down_proj | Tuning Factorized Weights...
		(Epoch 01/08) Block Loss: 4.1960e-05
		(Epoch 02/08) Block Loss: 4.1743e-05
		(Epoch 03/08) Block Loss: 4.1911e-05
		(Epoch 04/08) Block Loss: 4.2129e-05
		(Epoch 05/08) Block Loss: 4.2336e-05
		(Epoch 06/08) Block Loss: 4.2003e-05
		(Epoch 07/08) Block Loss: 4.2055e-05
		(Epoch 08/08) Block Loss: 4.1634e-05
		Block 23: relative block output error = 0.0529
Using sequence length: 2048 (model max: 2048)
		Block 23: Test Data PPL        = 23.407
	[refresh_stats] block 24: re-estimating i_norm from the compressed-prefix inputs
	(1/3) Block 25/28, self_attn.q_proj | Tuning Non-Factorized Weights...
		(Epoch 01/08) Block Loss: 4.0556e-05
		(Epoch 02/08) Block Loss: 3.8673e-05
		(Epoch 03/08) Block Loss: 3.7653e-05
		(Epoch 04/08) Block Loss: 3.6981e-05
		(Epoch 05/08) Block Loss: 3.6529e-05
		(Epoch 06/08) Block Loss: 3.6252e-05
		(Epoch 07/08) Block Loss: 3.6104e-05
		(Epoch 08/08) Block Loss: 3.6050e-05
	(2/3) Block 25/28, self_attn.q_proj | Initialization via ADMM...
		ADMM weight recon error: raw=549.8821, norm=0.2387, per_el=2.6220e-04, out_err=0.0562, ADMM time=1.19s
	(3/3) Block 25/28, self_attn.q_proj | Tuning Factorized Weights...
		(Epoch 01/08) Block Loss: 3.6527e-05
		(Epoch 02/08) Block Loss: 3.6391e-05
		(Epoch 03/08) Block Loss: 3.6352e-05
		(Epoch 04/08) Block Loss: 3.6328e-05
		(Epoch 05/08) Block Loss: 3.6305e-05
		(Epoch 06/08) Block Loss: 3.6284e-05
		(Epoch 07/08) Block Loss: 3.6269e-05
		(Epoch 08/08) Block Loss: 3.6250e-05
	(1/3) Block 25/28, self_attn.v_proj | Tuning Non-Factorized Weights...
		(Epoch 01/08) Block Loss: 3.6253e-05
		(Epoch 02/08) Block Loss: 3.5558e-05
		(Epoch 03/08) Block Loss: 3.5084e-05
		(Epoch 04/08) Block Loss: 3.4727e-05
		(Epoch 05/08) Block Loss: 3.4471e-05
		(Epoch 06/08) Block Loss: 3.4307e-05
		(Epoch 07/08) Block Loss: 3.4214e-05
		(Epoch 08/08) Block Loss: 3.4178e-05
	(2/3) Block 25/28, self_attn.v_proj | Initialization via ADMM...
		ADMM weight recon error: raw=269.9898, norm=0.3230, per_el=2.5748e-04, out_err=0.2693, ADMM time=0.94s
	(3/3) Block 25/28, self_attn.v_proj | Tuning Factorized Weights...
		(Epoch 01/08) Block Loss: 3.7927e-05
		(Epoch 02/08) Block Loss: 3.6983e-05
		(Epoch 03/08) Block Loss: 3.6669e-05
		(Epoch 04/08) Block Loss: 3.6490e-05
		(Epoch 05/08) Block Loss: 3.6388e-05
Compressing Layers:  89%|███████████████████████████████████████████████████████████████████████████████████████████████▌           | 25/28 [36:39<04:17, 85.76s/it]		(Epoch 06/08) Block Loss: 3.6323e-05
		(Epoch 07/08) Block Loss: 3.6280e-05
		(Epoch 08/08) Block Loss: 3.6243e-05
	(1/3) Block 25/28, self_attn.o_proj | Tuning Non-Factorized Weights...
		(Epoch 01/08) Block Loss: 3.5845e-05
		(Epoch 02/08) Block Loss: 3.5125e-05
		(Epoch 03/08) Block Loss: 3.4721e-05
		(Epoch 04/08) Block Loss: 3.4447e-05
		(Epoch 05/08) Block Loss: 3.4242e-05
		(Epoch 06/08) Block Loss: 3.4110e-05
		(Epoch 07/08) Block Loss: 3.4035e-05
		(Epoch 08/08) Block Loss: 3.4004e-05
	(2/3) Block 25/28, self_attn.o_proj | Initialization via ADMM...
		ADMM weight recon error: raw=505.1855, norm=0.3359, per_el=2.4089e-04, out_err=0.1564, ADMM time=1.14s
	(3/3) Block 25/28, self_attn.o_proj | Tuning Factorized Weights...
		(Epoch 01/08) Block Loss: 3.6657e-05
		(Epoch 02/08) Block Loss: 3.6310e-05
		(Epoch 03/08) Block Loss: 3.6229e-05
		(Epoch 04/08) Block Loss: 3.6202e-05
		(Epoch 05/08) Block Loss: 3.6187e-05
		(Epoch 06/08) Block Loss: 3.6075e-05
		(Epoch 07/08) Block Loss: 3.6070e-05
		(Epoch 08/08) Block Loss: 3.5898e-05
	(1/3) Block 25/28, self_attn.k_proj | Tuning Non-Factorized Weights...
		(Epoch 01/08) Block Loss: 3.5655e-05
		(Epoch 02/08) Block Loss: 3.5200e-05
		(Epoch 03/08) Block Loss: 3.4933e-05
		(Epoch 04/08) Block Loss: 3.4750e-05
		(Epoch 05/08) Block Loss: 3.4606e-05
		(Epoch 06/08) Block Loss: 3.4513e-05
		(Epoch 07/08) Block Loss: 3.4457e-05
		(Epoch 08/08) Block Loss: 3.4434e-05
	(2/3) Block 25/28, self_attn.k_proj | Initialization via ADMM...
		ADMM weight recon error: raw=200.8148, norm=0.2852, per_el=1.9151e-04, out_err=0.0870, ADMM time=0.99s
	(3/3) Block 25/28, self_attn.k_proj | Tuning Factorized Weights...
		(Epoch 01/08) Block Loss: 3.4748e-05
		(Epoch 02/08) Block Loss: 3.4667e-05
		(Epoch 03/08) Block Loss: 3.4641e-05
		(Epoch 04/08) Block Loss: 3.4627e-05
		(Epoch 05/08) Block Loss: 3.4619e-05
		(Epoch 06/08) Block Loss: 3.4611e-05
		(Epoch 07/08) Block Loss: 3.4606e-05
		(Epoch 08/08) Block Loss: 3.4601e-05
	(1/3) Block 25/28, mlp.gate_proj | Tuning Non-Factorized Weights...
		(Epoch 01/08) Block Loss: 3.4722e-05
		(Epoch 02/08) Block Loss: 3.4461e-05
		(Epoch 03/08) Block Loss: 3.4290e-05
		(Epoch 04/08) Block Loss: 3.4164e-05
		(Epoch 05/08) Block Loss: 3.4059e-05
		(Epoch 06/08) Block Loss: 3.3988e-05
		(Epoch 07/08) Block Loss: 3.3944e-05
		(Epoch 08/08) Block Loss: 3.3925e-05
	(2/3) Block 25/28, mlp.gate_proj | Initialization via ADMM...
		ADMM weight recon error: raw=952.3671, norm=0.3421, per_el=3.0275e-04, out_err=0.1084, ADMM time=1.44s
	(3/3) Block 25/28, mlp.gate_proj | Tuning Factorized Weights...
		(Epoch 01/08) Block Loss: 3.9236e-05
		(Epoch 02/08) Block Loss: 3.8279e-05
		(Epoch 03/08) Block Loss: 3.8015e-05
		(Epoch 04/08) Block Loss: 3.7919e-05
		(Epoch 05/08) Block Loss: 3.7888e-05
		(Epoch 06/08) Block Loss: 3.7771e-05
		(Epoch 07/08) Block Loss: 3.7727e-05
		(Epoch 08/08) Block Loss: 3.7443e-05
	(1/3) Block 25/28, mlp.up_proj | Tuning Non-Factorized Weights...
		(Epoch 01/08) Block Loss: 3.6989e-05
		(Epoch 02/08) Block Loss: 3.6590e-05
		(Epoch 03/08) Block Loss: 3.6364e-05
		(Epoch 04/08) Block Loss: 3.6216e-05
		(Epoch 05/08) Block Loss: 3.6105e-05
		(Epoch 06/08) Block Loss: 3.6034e-05
		(Epoch 07/08) Block Loss: 3.5993e-05
		(Epoch 08/08) Block Loss: 3.5977e-05
	(2/3) Block 25/28, mlp.up_proj | Initialization via ADMM...
		ADMM weight recon error: raw=1424.5054, norm=0.3576, per_el=4.5284e-04, out_err=0.2144, ADMM time=1.42s
	(3/3) Block 25/28, mlp.up_proj | Tuning Factorized Weights...
		(Epoch 01/08) Block Loss: 4.1143e-05
		(Epoch 02/08) Block Loss: 4.0134e-05
		(Epoch 03/08) Block Loss: 3.9858e-05
		(Epoch 04/08) Block Loss: 3.9737e-05
		(Epoch 05/08) Block Loss: 3.9690e-05
		(Epoch 06/08) Block Loss: 3.9543e-05
		(Epoch 07/08) Block Loss: 3.9485e-05
		(Epoch 08/08) Block Loss: 3.9237e-05
	(1/3) Block 25/28, mlp.down_proj | Tuning Non-Factorized Weights...
		(Epoch 01/08) Block Loss: 3.8823e-05
		(Epoch 02/08) Block Loss: 3.8535e-05
		(Epoch 03/08) Block Loss: 3.8368e-05
		(Epoch 04/08) Block Loss: 3.8258e-05
		(Epoch 05/08) Block Loss: 3.8178e-05
		(Epoch 06/08) Block Loss: 3.8128e-05
		(Epoch 07/08) Block Loss: 3.8101e-05
		(Epoch 08/08) Block Loss: 3.8090e-05
	(2/3) Block 25/28, mlp.down_proj | Initialization via ADMM...
		ADMM weight recon error: raw=1240.6649, norm=0.3300, per_el=3.9440e-04, out_err=0.1709, ADMM time=1.29s
	(3/3) Block 25/28, mlp.down_proj | Tuning Factorized Weights...
		(Epoch 01/08) Block Loss: 4.5453e-05
		(Epoch 02/08) Block Loss: 4.5136e-05
		(Epoch 03/08) Block Loss: 4.5203e-05
		(Epoch 04/08) Block Loss: 4.5378e-05
		(Epoch 05/08) Block Loss: 4.5452e-05
		(Epoch 06/08) Block Loss: 4.5298e-05
		(Epoch 07/08) Block Loss: 4.5194e-05
		(Epoch 08/08) Block Loss: 4.4801e-05
		Block 24: relative block output error = 0.0480
Using sequence length: 2048 (model max: 2048)
		Block 24: Test Data PPL        = 24.184
	[refresh_stats] block 25: re-estimating i_norm from the compressed-prefix inputs
	(1/3) Block 26/28, self_attn.q_proj | Tuning Non-Factorized Weights...
		(Epoch 01/08) Block Loss: 4.9123e-05
		(Epoch 02/08) Block Loss: 4.6926e-05
		(Epoch 03/08) Block Loss: 4.5742e-05
		(Epoch 04/08) Block Loss: 4.4922e-05
		(Epoch 05/08) Block Loss: 4.4379e-05
		(Epoch 06/08) Block Loss: 4.4045e-05
		(Epoch 07/08) Block Loss: 4.3864e-05
		(Epoch 08/08) Block Loss: 4.3798e-05
	(2/3) Block 26/28, self_attn.q_proj | Initialization via ADMM...
		ADMM weight recon error: raw=538.0765, norm=0.2272, per_el=2.5657e-04, out_err=0.0570, ADMM time=1.18s
	(3/3) Block 26/28, self_attn.q_proj | Tuning Factorized Weights...
		(Epoch 01/08) Block Loss: 4.4566e-05
		(Epoch 02/08) Block Loss: 4.4319e-05
		(Epoch 03/08) Block Loss: 4.4259e-05
		(Epoch 04/08) Block Loss: 4.4222e-05
		(Epoch 05/08) Block Loss: 4.4191e-05
		(Epoch 06/08) Block Loss: 4.4163e-05
		(Epoch 07/08) Block Loss: 4.4142e-05
		(Epoch 08/08) Block Loss: 4.4114e-05
	(1/3) Block 26/28, self_attn.v_proj | Tuning Non-Factorized Weights...
		(Epoch 01/08) Block Loss: 4.4140e-05
		(Epoch 02/08) Block Loss: 4.3269e-05
		(Epoch 03/08) Block Loss: 4.2679e-05
		(Epoch 04/08) Block Loss: 4.2246e-05
		(Epoch 05/08) Block Loss: 4.1925e-05
		(Epoch 06/08) Block Loss: 4.1720e-05
		(Epoch 07/08) Block Loss: 4.1602e-05
		(Epoch 08/08) Block Loss: 4.1556e-05
	(2/3) Block 26/28, self_attn.v_proj | Initialization via ADMM...
		ADMM weight recon error: raw=322.1671, norm=0.3171, per_el=3.0724e-04, out_err=0.2315, ADMM time=0.97s
	(3/3) Block 26/28, self_attn.v_proj | Tuning Factorized Weights...
		(Epoch 01/08) Block Loss: 4.6762e-05
		(Epoch 02/08) Block Loss: 4.5476e-05
		(Epoch 03/08) Block Loss: 4.5022e-05
		(Epoch 04/08) Block Loss: 4.4780e-05
		(Epoch 05/08) Block Loss: 4.4635e-05
		(Epoch 06/08) Block Loss: 4.4545e-05
		(Epoch 07/08) Block Loss: 4.4491e-05
		(Epoch 08/08) Block Loss: 4.4435e-05
	(1/3) Block 26/28, self_attn.o_proj | Tuning Non-Factorized Weights...
		(Epoch 01/08) Block Loss: 4.3840e-05
		(Epoch 02/08) Block Loss: 4.2871e-05
		(Epoch 03/08) Block Loss: 4.2354e-05
		(Epoch 04/08) Block Loss: 4.2004e-05
		(Epoch 05/08) Block Loss: 4.1745e-05
		(Epoch 06/08) Block Loss: 4.1577e-05
		(Epoch 07/08) Block Loss: 4.1481e-05
		(Epoch 08/08) Block Loss: 4.1442e-05
	(2/3) Block 26/28, self_attn.o_proj | Initialization via ADMM...
		ADMM weight recon error: raw=542.6957, norm=0.3261, per_el=2.5878e-04, out_err=0.1710, ADMM time=1.15s
	(3/3) Block 26/28, self_attn.o_proj | Tuning Factorized Weights...
		(Epoch 01/08) Block Loss: 4.4795e-05
		(Epoch 02/08) Block Loss: 4.4326e-05
		(Epoch 03/08) Block Loss: 4.4181e-05
		(Epoch 04/08) Block Loss: 4.4134e-05
		(Epoch 05/08) Block Loss: 4.4093e-05
		(Epoch 06/08) Block Loss: 4.3959e-05
		(Epoch 07/08) Block Loss: 4.3880e-05
		(Epoch 08/08) Block Loss: 4.3725e-05
	(1/3) Block 26/28, self_attn.k_proj | Tuning Non-Factorized Weights...
		(Epoch 01/08) Block Loss: 4.3456e-05
		(Epoch 02/08) Block Loss: 4.2874e-05
		(Epoch 03/08) Block Loss: 4.2533e-05
		(Epoch 04/08) Block Loss: 4.2296e-05
		(Epoch 05/08) Block Loss: 4.2113e-05
		(Epoch 06/08) Block Loss: 4.1993e-05
		(Epoch 07/08) Block Loss: 4.1922e-05
		(Epoch 08/08) Block Loss: 4.1893e-05
Compressing Layers:  93%|███████████████████████████████████████████████████████████████████████████████████████████████████▎       | 26/28 [38:03<02:50, 85.24s/it]	(2/3) Block 26/28, self_attn.k_proj | Initialization via ADMM...
		ADMM weight recon error: raw=175.8229, norm=0.2836, per_el=1.6768e-04, out_err=0.0850, ADMM time=1.03s
	(3/3) Block 26/28, self_attn.k_proj | Tuning Factorized Weights...
		(Epoch 01/08) Block Loss: 4.2328e-05
		(Epoch 02/08) Block Loss: 4.2205e-05
		(Epoch 03/08) Block Loss: 4.2171e-05
		(Epoch 04/08) Block Loss: 4.2152e-05
		(Epoch 05/08) Block Loss: 4.2141e-05
		(Epoch 06/08) Block Loss: 4.2133e-05
		(Epoch 07/08) Block Loss: 4.2124e-05
		(Epoch 08/08) Block Loss: 4.2117e-05
	(1/3) Block 26/28, mlp.gate_proj | Tuning Non-Factorized Weights...
		(Epoch 01/08) Block Loss: 4.2260e-05
		(Epoch 02/08) Block Loss: 4.1926e-05
		(Epoch 03/08) Block Loss: 4.1706e-05
		(Epoch 04/08) Block Loss: 4.1543e-05
		(Epoch 05/08) Block Loss: 4.1409e-05
		(Epoch 06/08) Block Loss: 4.1319e-05
		(Epoch 07/08) Block Loss: 4.1263e-05
		(Epoch 08/08) Block Loss: 4.1239e-05
	(2/3) Block 26/28, mlp.gate_proj | Initialization via ADMM...
		ADMM weight recon error: raw=913.6763, norm=0.3419, per_el=2.9045e-04, out_err=0.1128, ADMM time=1.34s
	(3/3) Block 26/28, mlp.gate_proj | Tuning Factorized Weights...
		(Epoch 01/08) Block Loss: 4.7257e-05
		(Epoch 02/08) Block Loss: 4.6265e-05
		(Epoch 03/08) Block Loss: 4.6001e-05
		(Epoch 04/08) Block Loss: 4.5892e-05
		(Epoch 05/08) Block Loss: 4.5871e-05
		(Epoch 06/08) Block Loss: 4.5753e-05
		(Epoch 07/08) Block Loss: 4.5648e-05
		(Epoch 08/08) Block Loss: 4.5388e-05
	(1/3) Block 26/28, mlp.up_proj | Tuning Non-Factorized Weights...
		(Epoch 01/08) Block Loss: 4.4861e-05
		(Epoch 02/08) Block Loss: 4.4383e-05
		(Epoch 03/08) Block Loss: 4.4108e-05
		(Epoch 04/08) Block Loss: 4.3928e-05
		(Epoch 05/08) Block Loss: 4.3791e-05
		(Epoch 06/08) Block Loss: 4.3704e-05
		(Epoch 07/08) Block Loss: 4.3654e-05
		(Epoch 08/08) Block Loss: 4.3634e-05
	(2/3) Block 26/28, mlp.up_proj | Initialization via ADMM...
		ADMM weight recon error: raw=1435.7544, norm=0.3575, per_el=4.5641e-04, out_err=0.1973, ADMM time=1.35s
	(3/3) Block 26/28, mlp.up_proj | Tuning Factorized Weights...
		(Epoch 01/08) Block Loss: 5.0081e-05
		(Epoch 02/08) Block Loss: 4.8876e-05
		(Epoch 03/08) Block Loss: 4.8511e-05
		(Epoch 04/08) Block Loss: 4.8341e-05
		(Epoch 05/08) Block Loss: 4.8263e-05
		(Epoch 06/08) Block Loss: 4.8153e-05
		(Epoch 07/08) Block Loss: 4.8053e-05
		(Epoch 08/08) Block Loss: 4.7794e-05
	(1/3) Block 26/28, mlp.down_proj | Tuning Non-Factorized Weights...
		(Epoch 01/08) Block Loss: 4.7295e-05
		(Epoch 02/08) Block Loss: 4.6937e-05
		(Epoch 03/08) Block Loss: 4.6726e-05
		(Epoch 04/08) Block Loss: 4.6588e-05
		(Epoch 05/08) Block Loss: 4.6486e-05
		(Epoch 06/08) Block Loss: 4.6422e-05
		(Epoch 07/08) Block Loss: 4.6387e-05
		(Epoch 08/08) Block Loss: 4.6374e-05
	(2/3) Block 26/28, mlp.down_proj | Initialization via ADMM...
		ADMM weight recon error: raw=1244.2316, norm=0.3366, per_el=3.9553e-04, out_err=0.1967, ADMM time=1.35s
	(3/3) Block 26/28, mlp.down_proj | Tuning Factorized Weights...
		(Epoch 01/08) Block Loss: 5.4951e-05
		(Epoch 02/08) Block Loss: 5.4482e-05
		(Epoch 03/08) Block Loss: 5.4461e-05
		(Epoch 04/08) Block Loss: 5.4517e-05
		(Epoch 05/08) Block Loss: 5.4710e-05
		(Epoch 06/08) Block Loss: 5.4348e-05
		(Epoch 07/08) Block Loss: 5.4364e-05
		(Epoch 08/08) Block Loss: 5.3892e-05
		Block 25: relative block output error = 0.0479
Using sequence length: 2048 (model max: 2048)
		Block 25: Test Data PPL        = 25.252
	[refresh_stats] block 26: re-estimating i_norm from the compressed-prefix inputs
	(1/3) Block 27/28, self_attn.q_proj | Tuning Non-Factorized Weights...
		(Epoch 01/08) Block Loss: 6.0774e-05
		(Epoch 02/08) Block Loss: 5.7952e-05
		(Epoch 03/08) Block Loss: 5.6452e-05
		(Epoch 04/08) Block Loss: 5.5393e-05
		(Epoch 05/08) Block Loss: 5.4706e-05
		(Epoch 06/08) Block Loss: 5.4283e-05
		(Epoch 07/08) Block Loss: 5.4048e-05
		(Epoch 08/08) Block Loss: 5.3960e-05
	(2/3) Block 27/28, self_attn.q_proj | Initialization via ADMM...
		ADMM weight recon error: raw=667.4136, norm=0.2411, per_el=3.1825e-04, out_err=0.1018, ADMM time=1.13s
	(3/3) Block 27/28, self_attn.q_proj | Tuning Factorized Weights...
		(Epoch 01/08) Block Loss: 5.5741e-05
		(Epoch 02/08) Block Loss: 5.4897e-05
		(Epoch 03/08) Block Loss: 5.4752e-05
		(Epoch 04/08) Block Loss: 5.4675e-05
		(Epoch 05/08) Block Loss: 5.4619e-05
		(Epoch 06/08) Block Loss: 5.4577e-05
		(Epoch 07/08) Block Loss: 5.4541e-05
		(Epoch 08/08) Block Loss: 5.4505e-05
	(1/3) Block 27/28, self_attn.v_proj | Tuning Non-Factorized Weights...
		(Epoch 01/08) Block Loss: 5.4655e-05
		(Epoch 02/08) Block Loss: 5.3562e-05
		(Epoch 03/08) Block Loss: 5.2796e-05
		(Epoch 04/08) Block Loss: 5.2216e-05
		(Epoch 05/08) Block Loss: 5.1803e-05
		(Epoch 06/08) Block Loss: 5.1538e-05
		(Epoch 07/08) Block Loss: 5.1384e-05
		(Epoch 08/08) Block Loss: 5.1323e-05
	(2/3) Block 27/28, self_attn.v_proj | Initialization via ADMM...
		ADMM weight recon error: raw=311.8557, norm=0.3318, per_el=2.9741e-04, out_err=0.2245, ADMM time=1.00s
	(3/3) Block 27/28, self_attn.v_proj | Tuning Factorized Weights...
		(Epoch 01/08) Block Loss: 5.8491e-05
		(Epoch 02/08) Block Loss: 5.6686e-05
		(Epoch 03/08) Block Loss: 5.6035e-05
		(Epoch 04/08) Block Loss: 5.5700e-05
		(Epoch 05/08) Block Loss: 5.5491e-05
		(Epoch 06/08) Block Loss: 5.5353e-05
		(Epoch 07/08) Block Loss: 5.5284e-05
		(Epoch 08/08) Block Loss: 5.5229e-05
	(1/3) Block 27/28, self_attn.o_proj | Tuning Non-Factorized Weights...
		(Epoch 01/08) Block Loss: 5.4387e-05
		(Epoch 02/08) Block Loss: 5.2981e-05
		(Epoch 03/08) Block Loss: 5.2259e-05
		(Epoch 04/08) Block Loss: 5.1784e-05
		(Epoch 05/08) Block Loss: 5.1434e-05
		(Epoch 06/08) Block Loss: 5.1205e-05
		(Epoch 07/08) Block Loss: 5.1073e-05
		(Epoch 08/08) Block Loss: 5.1019e-05
	(2/3) Block 27/28, self_attn.o_proj | Initialization via ADMM...
		ADMM weight recon error: raw=526.7758, norm=0.3228, per_el=2.5119e-04, out_err=0.1403, ADMM time=1.14s
	(3/3) Block 27/28, self_attn.o_proj | Tuning Factorized Weights...
		(Epoch 01/08) Block Loss: 5.6316e-05
		(Epoch 02/08) Block Loss: 5.5580e-05
		(Epoch 03/08) Block Loss: 5.5363e-05
		(Epoch 04/08) Block Loss: 5.5290e-05
		(Epoch 05/08) Block Loss: 5.5235e-05
		(Epoch 06/08) Block Loss: 5.5155e-05
		(Epoch 07/08) Block Loss: 5.5070e-05
		(Epoch 08/08) Block Loss: 5.4893e-05
	(1/3) Block 27/28, self_attn.k_proj | Tuning Non-Factorized Weights...
		(Epoch 01/08) Block Loss: 5.4360e-05
		(Epoch 02/08) Block Loss: 5.3485e-05
		(Epoch 03/08) Block Loss: 5.2982e-05
		(Epoch 04/08) Block Loss: 5.2634e-05
		(Epoch 05/08) Block Loss: 5.2371e-05
		(Epoch 06/08) Block Loss: 5.2197e-05
		(Epoch 07/08) Block Loss: 5.2095e-05
		(Epoch 08/08) Block Loss: 5.2052e-05
	(2/3) Block 27/28, self_attn.k_proj | Initialization via ADMM...
		ADMM weight recon error: raw=169.6783, norm=0.2847, per_el=1.6182e-04, out_err=0.0898, ADMM time=1.00s
	(3/3) Block 27/28, self_attn.k_proj | Tuning Factorized Weights...
		(Epoch 01/08) Block Loss: 5.2590e-05
		(Epoch 02/08) Block Loss: 5.2431e-05
		(Epoch 03/08) Block Loss: 5.2381e-05
		(Epoch 04/08) Block Loss: 5.2360e-05
		(Epoch 05/08) Block Loss: 5.2341e-05
		(Epoch 06/08) Block Loss: 5.2331e-05
		(Epoch 07/08) Block Loss: 5.2321e-05
		(Epoch 08/08) Block Loss: 5.2309e-05
	(1/3) Block 27/28, mlp.gate_proj | Tuning Non-Factorized Weights...
		(Epoch 01/08) Block Loss: 5.2527e-05
		(Epoch 02/08) Block Loss: 5.2054e-05
		(Epoch 03/08) Block Loss: 5.1739e-05
		(Epoch 04/08) Block Loss: 5.1502e-05
		(Epoch 05/08) Block Loss: 5.1311e-05
		(Epoch 06/08) Block Loss: 5.1181e-05
		(Epoch 07/08) Block Loss: 5.1101e-05
		(Epoch 08/08) Block Loss: 5.1066e-05
	(2/3) Block 27/28, mlp.gate_proj | Initialization via ADMM...
		ADMM weight recon error: raw=881.4028, norm=0.3400, per_el=2.8019e-04, out_err=0.0910, ADMM time=1.12s
	(3/3) Block 27/28, mlp.gate_proj | Tuning Factorized Weights...
		(Epoch 01/08) Block Loss: 5.8968e-05
		(Epoch 02/08) Block Loss: 5.7759e-05
		(Epoch 03/08) Block Loss: 5.7395e-05
		(Epoch 04/08) Block Loss: 5.7231e-05
		(Epoch 05/08) Block Loss: 5.7165e-05
		(Epoch 06/08) Block Loss: 5.7026e-05
		(Epoch 07/08) Block Loss: 5.6878e-05
Compressing Layers:  96%|███████████████████████████████████████████████████████████████████████████████████████████████████████▏   | 27/28 [39:27<01:24, 84.68s/it]		(Epoch 08/08) Block Loss: 5.6577e-05
	(1/3) Block 27/28, mlp.up_proj | Tuning Non-Factorized Weights...
		(Epoch 01/08) Block Loss: 5.5913e-05
		(Epoch 02/08) Block Loss: 5.5219e-05
		(Epoch 03/08) Block Loss: 5.4829e-05
		(Epoch 04/08) Block Loss: 5.4570e-05
		(Epoch 05/08) Block Loss: 5.4376e-05
		(Epoch 06/08) Block Loss: 5.4252e-05
		(Epoch 07/08) Block Loss: 5.4180e-05
		(Epoch 08/08) Block Loss: 5.4151e-05
	(2/3) Block 27/28, mlp.up_proj | Initialization via ADMM...
		ADMM weight recon error: raw=1405.8434, norm=0.3616, per_el=4.4691e-04, out_err=0.1437, ADMM time=1.19s
	(3/3) Block 27/28, mlp.up_proj | Tuning Factorized Weights...
		(Epoch 01/08) Block Loss: 6.3569e-05
		(Epoch 02/08) Block Loss: 6.1923e-05
		(Epoch 03/08) Block Loss: 6.1325e-05
		(Epoch 04/08) Block Loss: 6.1003e-05
		(Epoch 05/08) Block Loss: 6.0870e-05
		(Epoch 06/08) Block Loss: 6.0724e-05
		(Epoch 07/08) Block Loss: 6.0581e-05
		(Epoch 08/08) Block Loss: 6.0283e-05
	(1/3) Block 27/28, mlp.down_proj | Tuning Non-Factorized Weights...
		(Epoch 01/08) Block Loss: 5.9624e-05
		(Epoch 02/08) Block Loss: 5.9047e-05
		(Epoch 03/08) Block Loss: 5.8709e-05
		(Epoch 04/08) Block Loss: 5.8489e-05
		(Epoch 05/08) Block Loss: 5.8328e-05
		(Epoch 06/08) Block Loss: 5.8228e-05
		(Epoch 07/08) Block Loss: 5.8173e-05
		(Epoch 08/08) Block Loss: 5.8151e-05
	(2/3) Block 27/28, mlp.down_proj | Initialization via ADMM...
		ADMM weight recon error: raw=1174.0663, norm=0.3494, per_el=3.7323e-04, out_err=0.1929, ADMM time=1.10s
	(3/3) Block 27/28, mlp.down_proj | Tuning Factorized Weights...
		(Epoch 01/08) Block Loss: 7.1105e-05
		(Epoch 02/08) Block Loss: 7.0198e-05
		(Epoch 03/08) Block Loss: 7.0215e-05
		(Epoch 04/08) Block Loss: 7.0001e-05
		(Epoch 05/08) Block Loss: 6.9916e-05
		(Epoch 06/08) Block Loss: 6.9480e-05
		(Epoch 07/08) Block Loss: 6.9660e-05
		(Epoch 08/08) Block Loss: 6.8878e-05
		Block 26: relative block output error = 0.0457
Using sequence length: 2048 (model max: 2048)
		Block 26: Test Data PPL        = 26.999
	[refresh_stats] block 27: re-estimating i_norm from the compressed-prefix inputs
	(1/3) Block 28/28, self_attn.q_proj | Tuning Non-Factorized Weights...
		(Epoch 01/08) Block Loss: 1.0930e-04
		(Epoch 02/08) Block Loss: 1.0396e-04
		(Epoch 03/08) Block Loss: 1.0120e-04
		(Epoch 04/08) Block Loss: 9.9298e-05
		(Epoch 05/08) Block Loss: 9.8036e-05
		(Epoch 06/08) Block Loss: 9.7234e-05
		(Epoch 07/08) Block Loss: 9.6802e-05
		(Epoch 08/08) Block Loss: 9.6638e-05
	(2/3) Block 28/28, self_attn.q_proj | Initialization via ADMM...
		ADMM weight recon error: raw=656.9099, norm=0.3233, per_el=3.1324e-04, out_err=0.0704, ADMM time=0.98s
	(3/3) Block 28/28, self_attn.q_proj | Tuning Factorized Weights...
		(Epoch 01/08) Block Loss: 9.7819e-05
		(Epoch 02/08) Block Loss: 9.7361e-05
		(Epoch 03/08) Block Loss: 9.7240e-05
		(Epoch 04/08) Block Loss: 9.7160e-05
		(Epoch 05/08) Block Loss: 9.7097e-05
		(Epoch 06/08) Block Loss: 9.7034e-05
		(Epoch 07/08) Block Loss: 9.7003e-05
		(Epoch 08/08) Block Loss: 9.6974e-05
	(1/3) Block 28/28, self_attn.v_proj | Tuning Non-Factorized Weights...
		(Epoch 01/08) Block Loss: 9.7762e-05
		(Epoch 02/08) Block Loss: 9.5615e-05
		(Epoch 03/08) Block Loss: 9.4229e-05
		(Epoch 04/08) Block Loss: 9.3144e-05
		(Epoch 05/08) Block Loss: 9.2370e-05
		(Epoch 06/08) Block Loss: 9.1859e-05
		(Epoch 07/08) Block Loss: 9.1560e-05
		(Epoch 08/08) Block Loss: 9.1443e-05
	(2/3) Block 28/28, self_attn.v_proj | Initialization via ADMM...
		ADMM weight recon error: raw=421.4453, norm=0.3763, per_el=4.0192e-04, out_err=0.3696, ADMM time=0.85s
	(3/3) Block 28/28, self_attn.v_proj | Tuning Factorized Weights...
		(Epoch 01/08) Block Loss: 1.0493e-04
		(Epoch 02/08) Block Loss: 1.0171e-04
		(Epoch 03/08) Block Loss: 1.0063e-04
		(Epoch 04/08) Block Loss: 1.0005e-04
		(Epoch 05/08) Block Loss: 9.9681e-05
		(Epoch 06/08) Block Loss: 9.9461e-05
		(Epoch 07/08) Block Loss: 9.9354e-05
		(Epoch 08/08) Block Loss: 9.9296e-05
	(1/3) Block 28/28, self_attn.o_proj | Tuning Non-Factorized Weights...
		(Epoch 01/08) Block Loss: 9.8382e-05
		(Epoch 02/08) Block Loss: 9.5980e-05
		(Epoch 03/08) Block Loss: 9.4666e-05
		(Epoch 04/08) Block Loss: 9.3638e-05
		(Epoch 05/08) Block Loss: 9.2936e-05
		(Epoch 06/08) Block Loss: 9.2477e-05
		(Epoch 07/08) Block Loss: 9.2225e-05
		(Epoch 08/08) Block Loss: 9.2118e-05
	(2/3) Block 28/28, self_attn.o_proj | Initialization via ADMM...
		ADMM weight recon error: raw=648.4226, norm=0.3555, per_el=3.0919e-04, out_err=0.2530, ADMM time=0.97s
	(3/3) Block 28/28, self_attn.o_proj | Tuning Factorized Weights...
		(Epoch 01/08) Block Loss: 9.9268e-05
		(Epoch 02/08) Block Loss: 9.8184e-05
		(Epoch 03/08) Block Loss: 9.7923e-05
		(Epoch 04/08) Block Loss: 9.7509e-05
		(Epoch 05/08) Block Loss: 9.7372e-05
		(Epoch 06/08) Block Loss: 9.7129e-05
		(Epoch 07/08) Block Loss: 9.7053e-05
		(Epoch 08/08) Block Loss: 9.6789e-05
	(1/3) Block 28/28, self_attn.k_proj | Tuning Non-Factorized Weights...
		(Epoch 01/08) Block Loss: 9.6369e-05
		(Epoch 02/08) Block Loss: 9.4737e-05
		(Epoch 03/08) Block Loss: 9.3767e-05
		(Epoch 04/08) Block Loss: 9.3025e-05
		(Epoch 05/08) Block Loss: 9.2498e-05
		(Epoch 06/08) Block Loss: 9.2147e-05
		(Epoch 07/08) Block Loss: 9.1946e-05
		(Epoch 08/08) Block Loss: 9.1858e-05
	(2/3) Block 28/28, self_attn.k_proj | Initialization via ADMM...
		ADMM weight recon error: raw=313.0447, norm=0.3525, per_el=2.9854e-04, out_err=0.0551, ADMM time=0.85s
	(3/3) Block 28/28, self_attn.k_proj | Tuning Factorized Weights...
		(Epoch 01/08) Block Loss: 9.2902e-05
		(Epoch 02/08) Block Loss: 9.2396e-05
		(Epoch 03/08) Block Loss: 9.2296e-05
		(Epoch 04/08) Block Loss: 9.2252e-05
		(Epoch 05/08) Block Loss: 9.2221e-05
		(Epoch 06/08) Block Loss: 9.2206e-05
		(Epoch 07/08) Block Loss: 9.2194e-05
		(Epoch 08/08) Block Loss: 9.2187e-05
	(1/3) Block 28/28, mlp.gate_proj | Tuning Non-Factorized Weights...
		(Epoch 01/08) Block Loss: 9.2613e-05
		(Epoch 02/08) Block Loss: 9.1663e-05
		(Epoch 03/08) Block Loss: 9.1000e-05
		(Epoch 04/08) Block Loss: 9.0500e-05
		(Epoch 05/08) Block Loss: 9.0105e-05
		(Epoch 06/08) Block Loss: 8.9832e-05
		(Epoch 07/08) Block Loss: 8.9667e-05
		(Epoch 08/08) Block Loss: 8.9594e-05
	(2/3) Block 28/28, mlp.gate_proj | Initialization via ADMM...
		ADMM weight recon error: raw=1017.3177, norm=0.3277, per_el=3.2340e-04, out_err=0.0316, ADMM time=1.11s
	(3/3) Block 28/28, mlp.gate_proj | Tuning Factorized Weights...
		(Epoch 01/08) Block Loss: 1.0436e-04
		(Epoch 02/08) Block Loss: 1.0176e-04
		(Epoch 03/08) Block Loss: 1.0089e-04
		(Epoch 04/08) Block Loss: 1.0029e-04
		(Epoch 05/08) Block Loss: 9.9951e-05
		(Epoch 06/08) Block Loss: 9.9704e-05
		(Epoch 07/08) Block Loss: 9.9485e-05
		(Epoch 08/08) Block Loss: 9.9165e-05
	(1/3) Block 28/28, mlp.up_proj | Tuning Non-Factorized Weights...
		(Epoch 01/08) Block Loss: 9.8300e-05
		(Epoch 02/08) Block Loss: 9.6928e-05
		(Epoch 03/08) Block Loss: 9.6146e-05
		(Epoch 04/08) Block Loss: 9.5617e-05
		(Epoch 05/08) Block Loss: 9.5228e-05
		(Epoch 06/08) Block Loss: 9.4974e-05
		(Epoch 07/08) Block Loss: 9.4830e-05
		(Epoch 08/08) Block Loss: 9.4768e-05
	(2/3) Block 28/28, mlp.up_proj | Initialization via ADMM...
		ADMM weight recon error: raw=1268.4017, norm=0.3508, per_el=4.0321e-04, out_err=0.0825, ADMM time=1.10s
	(3/3) Block 28/28, mlp.up_proj | Tuning Factorized Weights...
		(Epoch 01/08) Block Loss: 1.0630e-04
		(Epoch 02/08) Block Loss: 1.0432e-04
		(Epoch 03/08) Block Loss: 1.0347e-04
		(Epoch 04/08) Block Loss: 1.0302e-04
		(Epoch 05/08) Block Loss: 1.0274e-04
		(Epoch 06/08) Block Loss: 1.0250e-04
		(Epoch 07/08) Block Loss: 1.0232e-04
		(Epoch 08/08) Block Loss: 1.0209e-04
	(1/3) Block 28/28, mlp.down_proj | Tuning Non-Factorized Weights...
		(Epoch 01/08) Block Loss: 1.0095e-04
		(Epoch 02/08) Block Loss: 1.0013e-04
		(Epoch 03/08) Block Loss: 9.9620e-05
		(Epoch 04/08) Block Loss: 9.9271e-05
		(Epoch 05/08) Block Loss: 9.9016e-05
		(Epoch 06/08) Block Loss: 9.8847e-05
		(Epoch 07/08) Block Loss: 9.8753e-05
		(Epoch 08/08) Block Loss: 9.8710e-05
	(2/3) Block 28/28, mlp.down_proj | Initialization via ADMM...
Compressing Layers:  96%|███████████████████████████████████████████████████████████████████████████████████████████████████████▏   | 27/28 [40:47<01:30, 90.67s/it]
		ADMM weight recon error: raw=822.6486, norm=0.3360, per_el=2.6151e-04, out_err=0.0272, ADMM time=1.10s
	(3/3) Block 28/28, mlp.down_proj | Tuning Factorized Weights...
		(Epoch 01/08) Block Loss: 1.1824e-04
		(Epoch 02/08) Block Loss: 1.1638e-04
		(Epoch 03/08) Block Loss: 1.1583e-04
		(Epoch 04/08) Block Loss: 1.1529e-04
		(Epoch 05/08) Block Loss: 1.1509e-04
		(Epoch 06/08) Block Loss: 1.1474e-04
		(Epoch 07/08) Block Loss: 1.1445e-04
		(Epoch 08/08) Block Loss: 1.1399e-04
		Block 27: relative block output error = 0.0655
Using sequence length: 2048 (model max: 2048)
		Block 27: Test Data PPL        = 31.464
Stopping after block 27 (block_indices=None)
mean weight err 0.3171 | mean out err 0.1604
Precomputing teacher logits (FP model):   0%|                                                                                               | 0/128 [00:00<?, ?it/s]Precomputing teacher logits (FP model):   1%|▋                                                                                      | 1/128 [00:00<00:51,  2.48it/s]Precomputing teacher logits (FP model):   2%|█▎                                                                                     | 2/128 [00:00<00:51,  2.47it/s]Precomputing teacher logits (FP model):   2%|██                                                                                     | 3/128 [00:01<00:50,  2.47it/s]Precomputing teacher logits (FP model):   3%|██▋                                                                                    | 4/128 [00:01<00:49,  2.48it/s]Precomputing teacher logits (FP model):   4%|███▍                                                                                   | 5/128 [00:02<00:49,  2.49it/s]Precomputing teacher logits (FP model):   5%|████                                                                                   | 6/128 [00:02<00:48,  2.50it/s]Precomputing teacher logits (FP model):   5%|████▊                                                                                  | 7/128 [00:02<00:48,  2.49it/s]Precomputing teacher logits (FP model):   6%|█████▍                                                                                 | 8/128 [00:03<00:48,  2.50it/s]Precomputing teacher logits (FP model):   7%|██████                                                                                 | 9/128 [00:03<00:47,  2.50it/s]Precomputing teacher logits (FP model):   8%|██████▋                                                                               | 10/128 [00:04<00:47,  2.50it/s]Precomputing teacher logits (FP model):   9%|███████▍                                                                              | 11/128 [00:04<00:46,  2.50it/s]Precomputing teacher logits (FP model):   9%|████████                                                                              | 12/128 [00:04<00:46,  2.50it/s]Precomputing teacher logits (FP model):  10%|████████▋                                                                             | 13/128 [00:05<00:46,  2.50it/s]Precomputing teacher logits (FP model):  11%|█████████▍                                                                            | 14/128 [00:05<00:45,  2.50it/s]Precomputing teacher logits (FP model):  12%|██████████                                                                            | 15/128 [00:06<00:45,  2.51it/s]Precomputing teacher logits (FP model):  12%|██████████▊                                                                           | 16/128 [00:06<00:44,  2.51it/s]Precomputing teacher logits (FP model):  13%|███████████▍                                                                          | 17/128 [00:06<00:44,  2.52it/s]Precomputing teacher logits (FP model):  14%|████████████                                                                          | 18/128 [00:07<00:43,  2.52it/s]Precomputing teacher logits (FP model):  15%|████████████▊                                                                         | 19/128 [00:07<00:43,  2.52it/s]Precomputing teacher logits (FP model):  16%|█████████████▍                                                                        | 20/128 [00:07<00:42,  2.52it/s]Precomputing teacher logits (FP model):  16%|██████████████                                                                        | 21/128 [00:08<00:42,  2.52it/s]Precomputing teacher logits (FP model):  17%|██████████████▊                                                                       | 22/128 [00:08<00:42,  2.52it/s]Precomputing teacher logits (FP model):  18%|███████████████▍                                                                      | 23/128 [00:09<00:41,  2.52it/s]Precomputing teacher logits (FP model):  19%|████████████████▏                                                                     | 24/128 [00:09<00:41,  2.52it/s]Precomputing teacher logits (FP model):  20%|████████████████▊                                                                     | 25/128 [00:09<00:40,  2.52it/s]Precomputing teacher logits (FP model):  20%|█████████████████▍                                                                    | 26/128 [00:10<00:40,  2.52it/s]Precomputing teacher logits (FP model):  21%|██████████████████▏                                                                   | 27/128 [00:10<00:40,  2.52it/s]Precomputing teacher logits (FP model):  22%|██████████████████▊                                                                   | 28/128 [00:11<00:39,  2.52it/s]Precomputing teacher logits (FP model):  23%|███████████████████▍                                                                  | 29/128 [00:11<00:39,  2.52it/s]Precomputing teacher logits (FP model):  23%|████████████████████▏                                                                 | 30/128 [00:11<00:38,  2.53it/s]Precomputing teacher logits (FP model):  24%|████████████████████▊                                                                 | 31/128 [00:12<00:38,  2.53it/s]Precomputing teacher logits (FP model):  25%|█████████████████████▌                                                                | 32/128 [00:12<00:37,  2.53it/s]Precomputing teacher logits (FP model):  26%|██████████████████████▏                                                               | 33/128 [00:13<00:37,  2.53it/s]Precomputing teacher logits (FP model):  27%|██████████████████████▊                                                               | 34/128 [00:13<00:37,  2.53it/s]Precomputing teacher logits (FP model):  27%|███████████████████████▌                                                              | 35/128 [00:13<00:36,  2.53it/s]Precomputing teacher logits (FP model):  28%|████████████████████████▏                                                             | 36/128 [00:14<00:36,  2.53it/s]Precomputing teacher logits (FP model):  29%|████████████████████████▊                                                             | 37/128 [00:14<00:36,  2.52it/s]Precomputing teacher logits (FP model):  30%|█████████████████████████▌                                                            | 38/128 [00:15<00:35,  2.52it/s]Precomputing teacher logits (FP model):  30%|██████████████████████████▏                                                           | 39/128 [00:15<00:35,  2.51it/s]Precomputing teacher logits (FP model):  31%|██████████████████████████▉                                                           | 40/128 [00:15<00:34,  2.51it/s]Precomputing teacher logits (FP model):  32%|███████████████████████████▌                                                          | 41/128 [00:16<00:34,  2.52it/s]Precomputing teacher logits (FP model):  33%|████████████████████████████▏                                                         | 42/128 [00:16<00:34,  2.52it/s]Precomputing teacher logits (FP model):  34%|████████████████████████████▉                                                         | 43/128 [00:17<00:33,  2.52it/s]Precomputing teacher logits (FP model):  34%|█████████████████████████████▌                                                        | 44/128 [00:17<00:33,  2.52it/s]Precomputing teacher logits (FP model):  35%|██████████████████████████████▏                                                       | 45/128 [00:17<00:32,  2.53it/s]Precomputing teacher logits (FP model):  36%|██████████████████████████████▉                                                       | 46/128 [00:18<00:32,  2.53it/s]Precomputing teacher logits (FP model):  37%|███████████████████████████████▌                                                      | 47/128 [00:18<00:32,  2.52it/s]Precomputing teacher logits (FP model):  38%|████████████████████████████████▎                                                     | 48/128 [00:19<00:31,  2.52it/s]Precomputing teacher logits (FP model):  38%|████████████████████████████████▉                                                     | 49/128 [00:19<00:31,  2.53it/s]Precomputing teacher logits (FP model):  39%|█████████████████████████████████▌                                                    | 50/128 [00:19<00:30,  2.52it/s]Precomputing teacher logits (FP model):  40%|██████████████████████████████████▎                                                   | 51/128 [00:20<00:30,  2.53it/s]Precomputing teacher logits (FP model):  41%|██████████████████████████████████▉                                                   | 52/128 [00:20<00:29,  2.54it/s]Precomputing teacher logits (FP model):  41%|███████████████████████████████████▌                                                  | 53/128 [00:21<00:29,  2.54it/s]Precomputing teacher logits (FP model):  42%|████████████████████████████████████▎                                                 | 54/128 [00:21<00:29,  2.53it/s]Precomputing teacher logits (FP model):  43%|████████████████████████████████████▉                                                 | 55/128 [00:21<00:28,  2.54it/s]Precomputing teacher logits (FP model):  44%|█████████████████████████████████████▋                                                | 56/128 [00:22<00:28,  2.54it/s]Precomputing teacher logits (FP model):  45%|██████████████████████████████████████▎                                               | 57/128 [00:22<00:28,  2.53it/s]Precomputing teacher logits (FP model):  45%|██████████████████████████████████████▉                                               | 58/128 [00:23<00:27,  2.54it/s]Precomputing teacher logits (FP model):  46%|███████████████████████████████████████▋                                              | 59/128 [00:23<00:27,  2.54it/s]Precomputing teacher logits (FP model):  47%|████████████████████████████████████████▎                                             | 60/128 [00:23<00:26,  2.54it/s]Precomputing teacher logits (FP model):  48%|████████████████████████████████████████▉                                             | 61/128 [00:24<00:26,  2.53it/s]Precomputing teacher logits (FP model):  48%|█████████████████████████████████████████▋                                            | 62/128 [00:24<00:26,  2.54it/s]Precomputing teacher logits (FP model):  49%|██████████████████████████████████████████▎                                           | 63/128 [00:24<00:25,  2.54it/s]Precomputing teacher logits (FP model):  50%|███████████████████████████████████████████                                           | 64/128 [00:25<00:25,  2.54it/s]Precomputing teacher logits (FP model):  51%|███████████████████████████████████████████▋                                          | 65/128 [00:25<00:24,  2.53it/s]Precomputing teacher logits (FP model):  52%|████████████████████████████████████████████▎                                         | 66/128 [00:26<00:24,  2.54it/s]Precomputing teacher logits (FP model):  52%|█████████████████████████████████████████████                                         | 67/128 [00:26<00:24,  2.54it/s]Precomputing teacher logits (FP model):  53%|█████████████████████████████████████████████▋                                        | 68/128 [00:26<00:23,  2.53it/s]Precomputing teacher logits (FP model):  54%|██████████████████████████████████████████████▎                                       | 69/128 [00:27<00:23,  2.53it/s]Precomputing teacher logits (FP model):  55%|███████████████████████████████████████████████                                       | 70/128 [00:27<00:22,  2.54it/s]Precomputing teacher logits (FP model):  55%|███████████████████████████████████████████████▋                                      | 71/128 [00:28<00:22,  2.54it/s]Precomputing teacher logits (FP model):  56%|████████████████████████████████████████████████▍                                     | 72/128 [00:28<00:22,  2.53it/s]Precomputing teacher logits (FP model):  57%|█████████████████████████████████████████████████                                     | 73/128 [00:28<00:21,  2.53it/s]Precomputing teacher logits (FP model):  58%|█████████████████████████████████████████████████▋                                    | 74/128 [00:29<00:21,  2.54it/s]Precomputing teacher logits (FP model):  59%|██████████████████████████████████████████████████▍                                   | 75/128 [00:29<00:20,  2.53it/s]Precomputing teacher logits (FP model):  59%|███████████████████████████████████████████████████                                   | 76/128 [00:30<00:20,  2.54it/s]Precomputing teacher logits (FP model):  60%|███████████████████████████████████████████████████▋                                  | 77/128 [00:30<00:20,  2.54it/s]Precomputing teacher logits (FP model):  61%|████████████████████████████████████████████████████▍                                 | 78/128 [00:30<00:19,  2.54it/s]Precomputing teacher logits (FP model):  62%|█████████████████████████████████████████████████████                                 | 79/128 [00:31<00:19,  2.54it/s]Precomputing teacher logits (FP model):  62%|█████████████████████████████████████████████████████▊                                | 80/128 [00:31<00:18,  2.54it/s]Precomputing teacher logits (FP model):  63%|██████████████████████████████████████████████████████▍                               | 81/128 [00:32<00:18,  2.54it/s]Precomputing teacher logits (FP model):  64%|███████████████████████████████████████████████████████                               | 82/128 [00:32<00:18,  2.54it/s]Precomputing teacher logits (FP model):  65%|███████████████████████████████████████████████████████▊                              | 83/128 [00:32<00:17,  2.54it/s]Precomputing teacher logits (FP model):  66%|████████████████████████████████████████████████████████▍                             | 84/128 [00:33<00:17,  2.55it/s]Precomputing teacher logits (FP model):  66%|█████████████████████████████████████████████████████████                             | 85/128 [00:33<00:16,  2.55it/s]Precomputing teacher logits (FP model):  67%|█████████████████████████████████████████████████████████▊                            | 86/128 [00:34<00:16,  2.55it/s]Precomputing teacher logits (FP model):  68%|██████████████████████████████████████████████████████████▍                           | 87/128 [00:34<00:16,  2.55it/s]Precomputing teacher logits (FP model):  69%|███████████████████████████████████████████████████████████▏                          | 88/128 [00:34<00:15,  2.55it/s]Precomputing teacher logits (FP model):  70%|███████████████████████████████████████████████████████████▊                          | 89/128 [00:35<00:15,  2.54it/s]Precomputing teacher logits (FP model):  70%|████████████████████████████████████████████████████████████▍                         | 90/128 [00:35<00:14,  2.55it/s]Precomputing teacher logits (FP model):  71%|█████████████████████████████████████████████████████████████▏                        | 91/128 [00:36<00:14,  2.55it/s]Precomputing teacher logits (FP model):  72%|█████████████████████████████████████████████████████████████▊                        | 92/128 [00:36<00:14,  2.55it/s]Precomputing teacher logits (FP model):  73%|██████████████████████████████████████████████████████████████▍                       | 93/128 [00:36<00:13,  2.55it/s]Precomputing teacher logits (FP model):  73%|███████████████████████████████████████████████████████████████▏                      | 94/128 [00:37<00:13,  2.55it/s]Precomputing teacher logits (FP model):  74%|███████████████████████████████████████████████████████████████▊                      | 95/128 [00:37<00:12,  2.55it/s]Precomputing teacher logits (FP model):  75%|████████████████████████████████████████████████████████████████▌                     | 96/128 [00:37<00:12,  2.55it/s]Precomputing teacher logits (FP model):  76%|█████████████████████████████████████████████████████████████████▏                    | 97/128 [00:38<00:12,  2.55it/s]Precomputing teacher logits (FP model):  77%|█████████████████████████████████████████████████████████████████▊                    | 98/128 [00:38<00:11,  2.55it/s]Precomputing teacher logits (FP model):  77%|██████████████████████████████████████████████████████████████████▌                   | 99/128 [00:39<00:11,  2.55it/s]Precomputing teacher logits (FP model):  78%|██████████████████████████████████████████████████████████████████▍                  | 100/128 [00:39<00:10,  2.55it/s]Precomputing teacher logits (FP model):  79%|███████████████████████████████████████████████████████████████████                  | 101/128 [00:39<00:10,  2.55it/s]Precomputing teacher logits (FP model):  80%|███████████████████████████████████████████████████████████████████▋                 | 102/128 [00:40<00:10,  2.55it/s]Precomputing teacher logits (FP model):  80%|████████████████████████████████████████████████████████████████████▍                | 103/128 [00:40<00:09,  2.55it/s]Precomputing teacher logits (FP model):  81%|█████████████████████████████████████████████████████████████████████                | 104/128 [00:41<00:09,  2.55it/s]Precomputing teacher logits (FP model):  82%|█████████████████████████████████████████████████████████████████████▋               | 105/128 [00:41<00:09,  2.55it/s]Precomputing teacher logits (FP model):  83%|██████████████████████████████████████████████████████████████████████▍              | 106/128 [00:41<00:08,  2.55it/s]Precomputing teacher logits (FP model):  84%|███████████████████████████████████████████████████████████████████████              | 107/128 [00:42<00:08,  2.55it/s]Precomputing teacher logits (FP model):  84%|███████████████████████████████████████████████████████████████████████▋             | 108/128 [00:42<00:07,  2.55it/s]Precomputing teacher logits (FP model):  85%|████████████████████████████████████████████████████████████████████████▍            | 109/128 [00:43<00:07,  2.55it/s]Precomputing teacher logits (FP model):  86%|█████████████████████████████████████████████████████████████████████████            | 110/128 [00:43<00:07,  2.55it/s]Precomputing teacher logits (FP model):  87%|█████████████████████████████████████████████████████████████████████████▋           | 111/128 [00:43<00:06,  2.55it/s]Precomputing teacher logits (FP model):  88%|██████████████████████████████████████████████████████████████████████████▍          | 112/128 [00:44<00:06,  2.55it/s]Precomputing teacher logits (FP model):  88%|███████████████████████████████████████████████████████████████████████████          | 113/128 [00:44<00:05,  2.55it/s]Precomputing teacher logits (FP model):  89%|███████████████████████████████████████████████████████████████████████████▋         | 114/128 [00:45<00:05,  2.55it/s]Precomputing teacher logits (FP model):  90%|████████████████████████████████████████████████████████████████████████████▎        | 115/128 [00:45<00:05,  2.55it/s]Precomputing teacher logits (FP model):  91%|█████████████████████████████████████████████████████████████████████████████        | 116/128 [00:45<00:04,  2.55it/s]Precomputing teacher logits (FP model):  91%|█████████████████████████████████████████████████████████████████████████████▋       | 117/128 [00:46<00:04,  2.55it/s]Precomputing teacher logits (FP model):  92%|██████████████████████████████████████████████████████████████████████████████▎      | 118/128 [00:46<00:03,  2.55it/s]Precomputing teacher logits (FP model):  93%|███████████████████████████████████████████████████████████████████████████████      | 119/128 [00:47<00:03,  2.55it/s]Precomputing teacher logits (FP model):  94%|███████████████████████████████████████████████████████████████████████████████▋     | 120/128 [00:47<00:03,  2.55it/s]Precomputing teacher logits (FP model):  95%|████████████████████████████████████████████████████████████████████████████████▎    | 121/128 [00:47<00:02,  2.55it/s]Precomputing teacher logits (FP model):  95%|█████████████████████████████████████████████████████████████████████████████████    | 122/128 [00:48<00:02,  2.55it/s]Precomputing teacher logits (FP model):  96%|█████████████████████████████████████████████████████████████████████████████████▋   | 123/128 [00:48<00:01,  2.55it/s]Precomputing teacher logits (FP model):  97%|██████████████████████████████████████████████████████████████████████████████████▎  | 124/128 [00:48<00:01,  2.55it/s]Precomputing teacher logits (FP model):  98%|███████████████████████████████████████████████████████████████████████████████████  | 125/128 [00:49<00:01,  2.55it/s]Precomputing teacher logits (FP model):  98%|███████████████████████████████████████████████████████████████████████████████████▋ | 126/128 [00:49<00:00,  2.55it/s]Precomputing teacher logits (FP model):  99%|████████████████████████████████████████████████████████████████████████████████████▎| 127/128 [00:50<00:00,  2.55it/s]Precomputing teacher logits (FP model): 100%|█████████████████████████████████████████████████████████████████████████████████████| 128/128 [00:50<00:00,  2.55it/s]Precomputing teacher logits (FP model): 100%|█████████████████████████████████████████████████████████████████████████████████████| 128/128 [00:50<00:00,  2.53it/s]
Token indices sequence length is longer than the specified maximum sequence length for this model (299078 > 131072). Running this sequence through the model will result in indexing errors
GPU memory (from _compute_teacher_logits_cache): 4.90 -> 1.71 GiB (-3.19 GiB)
Total number of scale parameters to tune: 392
Epoch 1 - Loss: 2.9200
Epoch 2 - Loss: 2.8783
Epoch 3 - Loss: 2.8613
Epoch 4 - Loss: 2.8497
Epoch 5 - Loss: 2.8425
Epoch 6 - Loss: 2.8379
Epoch 7 - Loss: 2.8352
Epoch 8 - Loss: 2.8340
GPU memory (from compress_model_recon): 11.66 -> 6.55 GiB (-5.11 GiB)
Using sequence length: 2048 (model max: 2048)
Evaluating perplexity on wikitext2 - num_samples=146, seqlen=2048
Evaluating PPL for wikitext2 (PPL: N/A):   0%|                                                                                              | 0/146 [00:00<?, ?it/s]Evaluating PPL for wikitext2 (PPL: 81.9615):   0%|                                                                                          | 0/146 [00:00<?, ?it/s]Evaluating PPL for wikitext2 (PPL: 48.5606):   0%|                                                                                          | 0/146 [00:00<?, ?it/s]Evaluating PPL for wikitext2 (PPL: 46.9441):   0%|                                                                                          | 0/146 [00:00<?, ?it/s]Evaluating PPL for wikitext2 (PPL: 46.9441):   2%|█▋                                                                                | 3/146 [00:00<00:05, 27.52it/s]Evaluating PPL for wikitext2 (PPL: 43.3597):   2%|█▋                                                                                | 3/146 [00:00<00:05, 27.52it/s]Evaluating PPL for wikitext2 (PPL: 37.5247):   2%|█▋                                                                                | 3/146 [00:00<00:05, 27.52it/s]Evaluating PPL for wikitext2 (PPL: 32.1803):   2%|█▋                                                                                | 3/146 [00:00<00:05, 27.52it/s]Evaluating PPL for wikitext2 (PPL: 32.1803):   4%|███▎                                                                              | 6/146 [00:00<00:04, 28.64it/s]Evaluating PPL for wikitext2 (PPL: 27.5765):   4%|███▎                                                                              | 6/146 [00:00<00:04, 28.64it/s]Evaluating PPL for wikitext2 (PPL: 26.7654):   4%|███▎                                                                              | 6/146 [00:00<00:04, 28.64it/s]Evaluating PPL for wikitext2 (PPL: 26.9344):   4%|███▎                                                                              | 6/146 [00:00<00:04, 28.64it/s]Evaluating PPL for wikitext2 (PPL: 26.9344):   6%|█████                                                                             | 9/146 [00:00<00:04, 28.75it/s]Evaluating PPL for wikitext2 (PPL: 27.3680):   6%|█████                                                                             | 9/146 [00:00<00:04, 28.75it/s]Evaluating PPL for wikitext2 (PPL: 27.3758):   6%|█████                                                                             | 9/146 [00:00<00:04, 28.75it/s]Evaluating PPL for wikitext2 (PPL: 27.2400):   6%|█████                                                                             | 9/146 [00:00<00:04, 28.75it/s]Evaluating PPL for wikitext2 (PPL: 27.2400):   8%|██████▋                                                                          | 12/146 [00:00<00:04, 29.01it/s]Evaluating PPL for wikitext2 (PPL: 26.5132):   8%|██████▋                                                                          | 12/146 [00:00<00:04, 29.01it/s]Evaluating PPL for wikitext2 (PPL: 26.2550):   8%|██████▋                                                                          | 12/146 [00:00<00:04, 29.01it/s]Evaluating PPL for wikitext2 (PPL: 25.8711):   8%|██████▋                                                                          | 12/146 [00:00<00:04, 29.01it/s]Evaluating PPL for wikitext2 (PPL: 25.8711):  10%|████████▎                                                                        | 15/146 [00:00<00:04, 28.77it/s]Evaluating PPL for wikitext2 (PPL: 25.9419):  10%|████████▎                                                                        | 15/146 [00:00<00:04, 28.77it/s]Evaluating PPL for wikitext2 (PPL: 26.1243):  10%|████████▎                                                                        | 15/146 [00:00<00:04, 28.77it/s]Evaluating PPL for wikitext2 (PPL: 25.9926):  10%|████████▎                                                                        | 15/146 [00:00<00:04, 28.77it/s]Evaluating PPL for wikitext2 (PPL: 25.9926):  12%|█████████▉                                                                       | 18/146 [00:00<00:04, 28.98it/s]Evaluating PPL for wikitext2 (PPL: 25.6423):  12%|█████████▉                                                                       | 18/146 [00:00<00:04, 28.98it/s]Evaluating PPL for wikitext2 (PPL: 25.1732):  12%|█████████▉                                                                       | 18/146 [00:00<00:04, 28.98it/s]Evaluating PPL for wikitext2 (PPL: 25.1648):  12%|█████████▉                                                                       | 18/146 [00:00<00:04, 28.98it/s]Evaluating PPL for wikitext2 (PPL: 25.1648):  14%|███████████▋                                                                     | 21/146 [00:00<00:04, 29.08it/s]Evaluating PPL for wikitext2 (PPL: 25.5896):  14%|███████████▋                                                                     | 21/146 [00:00<00:04, 29.08it/s]Evaluating PPL for wikitext2 (PPL: 25.6157):  14%|███████████▋                                                                     | 21/146 [00:00<00:04, 29.08it/s]Evaluating PPL for wikitext2 (PPL: 25.8408):  14%|███████████▋                                                                     | 21/146 [00:00<00:04, 29.08it/s]Evaluating PPL for wikitext2 (PPL: 25.8408):  16%|█████████████▎                                                                   | 24/146 [00:00<00:04, 29.18it/s]Evaluating PPL for wikitext2 (PPL: 25.9683):  16%|█████████████▎                                                                   | 24/146 [00:00<00:04, 29.18it/s]Evaluating PPL for wikitext2 (PPL: 26.2122):  16%|█████████████▎                                                                   | 24/146 [00:00<00:04, 29.18it/s]Evaluating PPL for wikitext2 (PPL: 26.4249):  16%|█████████████▎                                                                   | 24/146 [00:00<00:04, 29.18it/s]Evaluating PPL for wikitext2 (PPL: 26.4249):  18%|██████████████▉                                                                  | 27/146 [00:00<00:04, 29.25it/s]Evaluating PPL for wikitext2 (PPL: 26.9678):  18%|██████████████▉                                                                  | 27/146 [00:00<00:04, 29.25it/s]Evaluating PPL for wikitext2 (PPL: 27.3062):  18%|██████████████▉                                                                  | 27/146 [00:00<00:04, 29.25it/s]Evaluating PPL for wikitext2 (PPL: 27.3253):  18%|██████████████▉                                                                  | 27/146 [00:01<00:04, 29.25it/s]Evaluating PPL for wikitext2 (PPL: 27.3253):  21%|████████████████▋                                                                | 30/146 [00:01<00:03, 29.33it/s]Evaluating PPL for wikitext2 (PPL: 27.2469):  21%|████████████████▋                                                                | 30/146 [00:01<00:03, 29.33it/s]Evaluating PPL for wikitext2 (PPL: 27.2267):  21%|████████████████▋                                                                | 30/146 [00:01<00:03, 29.33it/s]Evaluating PPL for wikitext2 (PPL: 26.9897):  21%|████████████████▋                                                                | 30/146 [00:01<00:03, 29.33it/s]Evaluating PPL for wikitext2 (PPL: 26.9897):  23%|██████████████████▎                                                              | 33/146 [00:01<00:03, 29.33it/s]Evaluating PPL for wikitext2 (PPL: 27.1775):  23%|██████████████████▎                                                              | 33/146 [00:01<00:03, 29.33it/s]Evaluating PPL for wikitext2 (PPL: 27.1005):  23%|██████████████████▎                                                              | 33/146 [00:01<00:03, 29.33it/s]Evaluating PPL for wikitext2 (PPL: 27.1221):  23%|██████████████████▎                                                              | 33/146 [00:01<00:03, 29.33it/s]Evaluating PPL for wikitext2 (PPL: 27.1221):  25%|███████████████████▉                                                             | 36/146 [00:01<00:03, 29.35it/s]Evaluating PPL for wikitext2 (PPL: 26.5641):  25%|███████████████████▉                                                             | 36/146 [00:01<00:03, 29.35it/s]Evaluating PPL for wikitext2 (PPL: 26.1534):  25%|███████████████████▉                                                             | 36/146 [00:01<00:03, 29.35it/s]Evaluating PPL for wikitext2 (PPL: 25.9250):  25%|███████████████████▉                                                             | 36/146 [00:01<00:03, 29.35it/s]Evaluating PPL for wikitext2 (PPL: 25.9250):  27%|█████████████████████▋                                                           | 39/146 [00:01<00:03, 29.34it/s]Evaluating PPL for wikitext2 (PPL: 25.5896):  27%|█████████████████████▋                                                           | 39/146 [00:01<00:03, 29.34it/s]Evaluating PPL for wikitext2 (PPL: 25.4486):  27%|█████████████████████▋                                                           | 39/146 [00:01<00:03, 29.34it/s]Evaluating PPL for wikitext2 (PPL: 25.4378):  27%|█████████████████████▋                                                           | 39/146 [00:01<00:03, 29.34it/s]Evaluating PPL for wikitext2 (PPL: 25.4378):  29%|███████████████████████▎                                                         | 42/146 [00:01<00:03, 29.34it/s]Evaluating PPL for wikitext2 (PPL: 25.7248):  29%|███████████████████████▎                                                         | 42/146 [00:01<00:03, 29.34it/s]Evaluating PPL for wikitext2 (PPL: 26.1036):  29%|███████████████████████▎                                                         | 42/146 [00:01<00:03, 29.34it/s]Evaluating PPL for wikitext2 (PPL: 26.3882):  29%|███████████████████████▎                                                         | 42/146 [00:01<00:03, 29.34it/s]Evaluating PPL for wikitext2 (PPL: 26.3882):  31%|████████████████████████▉                                                        | 45/146 [00:01<00:03, 29.34it/s]Evaluating PPL for wikitext2 (PPL: 26.7268):  31%|████████████████████████▉                                                        | 45/146 [00:01<00:03, 29.34it/s]Evaluating PPL for wikitext2 (PPL: 26.9204):  31%|████████████████████████▉                                                        | 45/146 [00:01<00:03, 29.34it/s]Evaluating PPL for wikitext2 (PPL: 27.0368):  31%|████████████████████████▉                                                        | 45/146 [00:01<00:03, 29.34it/s]Evaluating PPL for wikitext2 (PPL: 27.0368):  33%|██████████████████████████▋                                                      | 48/146 [00:01<00:03, 29.36it/s]Evaluating PPL for wikitext2 (PPL: 27.1144):  33%|██████████████████████████▋                                                      | 48/146 [00:01<00:03, 29.36it/s]Evaluating PPL for wikitext2 (PPL: 27.0027):  33%|██████████████████████████▋                                                      | 48/146 [00:01<00:03, 29.36it/s]Evaluating PPL for wikitext2 (PPL: 27.0446):  33%|██████████████████████████▋                                                      | 48/146 [00:01<00:03, 29.36it/s]Evaluating PPL for wikitext2 (PPL: 27.0446):  35%|████████████████████████████▎                                                    | 51/146 [00:01<00:03, 29.08it/s]Evaluating PPL for wikitext2 (PPL: 26.8338):  35%|████████████████████████████▎                                                    | 51/146 [00:01<00:03, 29.08it/s]Evaluating PPL for wikitext2 (PPL: 26.6876):  35%|████████████████████████████▎                                                    | 51/146 [00:01<00:03, 29.08it/s]Evaluating PPL for wikitext2 (PPL: 26.4249):  35%|████████████████████████████▎                                                    | 51/146 [00:01<00:03, 29.08it/s]Evaluating PPL for wikitext2 (PPL: 26.4249):  37%|█████████████████████████████▉                                                   | 54/146 [00:01<00:03, 29.06it/s]Evaluating PPL for wikitext2 (PPL: 26.1296):  37%|█████████████████████████████▉                                                   | 54/146 [00:01<00:03, 29.06it/s]Evaluating PPL for wikitext2 (PPL: 25.9130):  37%|█████████████████████████████▉                                                   | 54/146 [00:01<00:03, 29.06it/s]Evaluating PPL for wikitext2 (PPL: 25.5861):  37%|█████████████████████████████▉                                                   | 54/146 [00:01<00:03, 29.06it/s]Evaluating PPL for wikitext2 (PPL: 25.5861):  39%|███████████████████████████████▌                                                 | 57/146 [00:01<00:03, 29.07it/s]Evaluating PPL for wikitext2 (PPL: 25.2133):  39%|███████████████████████████████▌                                                 | 57/146 [00:01<00:03, 29.07it/s]Evaluating PPL for wikitext2 (PPL: 25.0631):  39%|███████████████████████████████▌                                                 | 57/146 [00:02<00:03, 29.07it/s]Evaluating PPL for wikitext2 (PPL: 25.0816):  39%|███████████████████████████████▌                                                 | 57/146 [00:02<00:03, 29.07it/s]Evaluating PPL for wikitext2 (PPL: 25.0816):  41%|█████████████████████████████████▎                                               | 60/146 [00:02<00:02, 29.14it/s]Evaluating PPL for wikitext2 (PPL: 25.2543):  41%|█████████████████████████████████▎                                               | 60/146 [00:02<00:02, 29.14it/s]Evaluating PPL for wikitext2 (PPL: 25.3969):  41%|█████████████████████████████████▎                                               | 60/146 [00:02<00:02, 29.14it/s]Evaluating PPL for wikitext2 (PPL: 25.5231):  41%|█████████████████████████████████▎                                               | 60/146 [00:02<00:02, 29.14it/s]Evaluating PPL for wikitext2 (PPL: 25.5231):  43%|██████████████████████████████████▉                                              | 63/146 [00:02<00:02, 29.13it/s]Evaluating PPL for wikitext2 (PPL: 25.7400):  43%|██████████████████████████████████▉                                              | 63/146 [00:02<00:02, 29.13it/s]Evaluating PPL for wikitext2 (PPL: 25.7656):  43%|██████████████████████████████████▉                                              | 63/146 [00:02<00:02, 29.13it/s]Evaluating PPL for wikitext2 (PPL: 25.7842):  43%|██████████████████████████████████▉                                              | 63/146 [00:02<00:02, 29.13it/s]Evaluating PPL for wikitext2 (PPL: 25.7842):  45%|████████████████████████████████████▌                                            | 66/146 [00:02<00:02, 29.16it/s]Evaluating PPL for wikitext2 (PPL: 25.9170):  45%|████████████████████████████████████▌                                            | 66/146 [00:02<00:02, 29.16it/s]Evaluating PPL for wikitext2 (PPL: 25.9867):  45%|████████████████████████████████████▌                                            | 66/146 [00:02<00:02, 29.16it/s]Evaluating PPL for wikitext2 (PPL: 26.0191):  45%|████████████████████████████████████▌                                            | 66/146 [00:02<00:02, 29.16it/s]Evaluating PPL for wikitext2 (PPL: 26.0191):  47%|██████████████████████████████████████▎                                          | 69/146 [00:02<00:02, 29.20it/s]Evaluating PPL for wikitext2 (PPL: 25.9810):  47%|██████████████████████████████████████▎                                          | 69/146 [00:02<00:02, 29.20it/s]Evaluating PPL for wikitext2 (PPL: 25.9269):  47%|██████████████████████████████████████▎                                          | 69/146 [00:02<00:02, 29.20it/s]Evaluating PPL for wikitext2 (PPL: 26.0547):  47%|██████████████████████████████████████▎                                          | 69/146 [00:02<00:02, 29.20it/s]Evaluating PPL for wikitext2 (PPL: 26.0547):  49%|███████████████████████████████████████▉                                         | 72/146 [00:02<00:02, 29.24it/s]Evaluating PPL for wikitext2 (PPL: 26.1853):  49%|███████████████████████████████████████▉                                         | 72/146 [00:02<00:02, 29.24it/s]Evaluating PPL for wikitext2 (PPL: 26.3518):  49%|███████████████████████████████████████▉                                         | 72/146 [00:02<00:02, 29.24it/s]Evaluating PPL for wikitext2 (PPL: 26.3772):  49%|███████████████████████████████████████▉                                         | 72/146 [00:02<00:02, 29.24it/s]Evaluating PPL for wikitext2 (PPL: 26.3772):  51%|█████████████████████████████████████████▌                                       | 75/146 [00:02<00:02, 29.24it/s]Evaluating PPL for wikitext2 (PPL: 26.3044):  51%|█████████████████████████████████████████▌                                       | 75/146 [00:02<00:02, 29.24it/s]Evaluating PPL for wikitext2 (PPL: 26.2444):  51%|█████████████████████████████████████████▌                                       | 75/146 [00:02<00:02, 29.24it/s]Evaluating PPL for wikitext2 (PPL: 26.1703):  51%|█████████████████████████████████████████▌                                       | 75/146 [00:02<00:02, 29.24it/s]Evaluating PPL for wikitext2 (PPL: 26.1703):  53%|███████████████████████████████████████████▎                                     | 78/146 [00:02<00:02, 29.21it/s]Evaluating PPL for wikitext2 (PPL: 26.1758):  53%|███████████████████████████████████████████▎                                     | 78/146 [00:02<00:02, 29.21it/s]Evaluating PPL for wikitext2 (PPL: 26.2426):  53%|███████████████████████████████████████████▎                                     | 78/146 [00:02<00:02, 29.21it/s]Evaluating PPL for wikitext2 (PPL: 26.2623):  53%|███████████████████████████████████████████▎                                     | 78/146 [00:02<00:02, 29.21it/s]Evaluating PPL for wikitext2 (PPL: 26.2623):  55%|████████████████████████████████████████████▉                                    | 81/146 [00:02<00:02, 29.21it/s]Evaluating PPL for wikitext2 (PPL: 26.2314):  55%|████████████████████████████████████████████▉                                    | 81/146 [00:02<00:02, 29.21it/s]Evaluating PPL for wikitext2 (PPL: 25.9902):  55%|████████████████████████████████████████████▉                                    | 81/146 [00:02<00:02, 29.21it/s]Evaluating PPL for wikitext2 (PPL: 25.8287):  55%|████████████████████████████████████████████▉                                    | 81/146 [00:02<00:02, 29.21it/s]Evaluating PPL for wikitext2 (PPL: 25.8287):  58%|██████████████████████████████████████████████▌                                  | 84/146 [00:02<00:02, 29.23it/s]Evaluating PPL for wikitext2 (PPL: 25.7619):  58%|██████████████████████████████████████████████▌                                  | 84/146 [00:02<00:02, 29.23it/s]Evaluating PPL for wikitext2 (PPL: 25.7482):  58%|██████████████████████████████████████████████▌                                  | 84/146 [00:02<00:02, 29.23it/s]Evaluating PPL for wikitext2 (PPL: 25.7163):  58%|██████████████████████████████████████████████▌                                  | 84/146 [00:02<00:02, 29.23it/s]Evaluating PPL for wikitext2 (PPL: 25.7163):  60%|████████████████████████████████████████████████▎                                | 87/146 [00:02<00:02, 29.23it/s]Evaluating PPL for wikitext2 (PPL: 25.7354):  60%|████████████████████████████████████████████████▎                                | 87/146 [00:03<00:02, 29.23it/s]Evaluating PPL for wikitext2 (PPL: 25.7994):  60%|████████████████████████████████████████████████▎                                | 87/146 [00:03<00:02, 29.23it/s]Evaluating PPL for wikitext2 (PPL: 25.8576):  60%|████████████████████████████████████████████████▎                                | 87/146 [00:03<00:02, 29.23it/s]Evaluating PPL for wikitext2 (PPL: 25.8576):  62%|█████████████████████████████████████████████████▉                               | 90/146 [00:03<00:01, 29.20it/s]Evaluating PPL for wikitext2 (PPL: 26.0038):  62%|█████████████████████████████████████████████████▉                               | 90/146 [00:03<00:01, 29.20it/s]Evaluating PPL for wikitext2 (PPL: 26.2410):  62%|█████████████████████████████████████████████████▉                               | 90/146 [00:03<00:01, 29.20it/s]Evaluating PPL for wikitext2 (PPL: 26.4574):  62%|█████████████████████████████████████████████████▉                               | 90/146 [00:03<00:01, 29.20it/s]Evaluating PPL for wikitext2 (PPL: 26.4574):  64%|███████████████████████████████████████████████████▌                             | 93/146 [00:03<00:01, 29.24it/s]Evaluating PPL for wikitext2 (PPL: 26.5825):  64%|███████████████████████████████████████████████████▌                             | 93/146 [00:03<00:01, 29.24it/s]Evaluating PPL for wikitext2 (PPL: 26.7538):  64%|███████████████████████████████████████████████████▌                             | 93/146 [00:03<00:01, 29.24it/s]Evaluating PPL for wikitext2 (PPL: 26.9052):  64%|███████████████████████████████████████████████████▌                             | 93/146 [00:03<00:01, 29.24it/s]Evaluating PPL for wikitext2 (PPL: 26.9052):  66%|█████████████████████████████████████████████████████▎                           | 96/146 [00:03<00:01, 29.27it/s]Evaluating PPL for wikitext2 (PPL: 26.9021):  66%|█████████████████████████████████████████████████████▎                           | 96/146 [00:03<00:01, 29.27it/s]Evaluating PPL for wikitext2 (PPL: 27.0065):  66%|█████████████████████████████████████████████████████▎                           | 96/146 [00:03<00:01, 29.27it/s]Evaluating PPL for wikitext2 (PPL: 27.0067):  66%|█████████████████████████████████████████████████████▎                           | 96/146 [00:03<00:01, 29.27it/s]Evaluating PPL for wikitext2 (PPL: 27.0067):  68%|██████████████████████████████████████████████████████▉                          | 99/146 [00:03<00:01, 29.29it/s]Evaluating PPL for wikitext2 (PPL: 27.0703):  68%|██████████████████████████████████████████████████████▉                          | 99/146 [00:03<00:01, 29.29it/s]Evaluating PPL for wikitext2 (PPL: 27.0825):  68%|██████████████████████████████████████████████████████▉                          | 99/146 [00:03<00:01, 29.29it/s]Evaluating PPL for wikitext2 (PPL: 27.0985):  68%|██████████████████████████████████████████████████████▉                          | 99/146 [00:03<00:01, 29.29it/s]Evaluating PPL for wikitext2 (PPL: 27.0985):  70%|███████████████████████████████████████████████████████▉                        | 102/146 [00:03<00:01, 29.25it/s]Evaluating PPL for wikitext2 (PPL: 27.1761):  70%|███████████████████████████████████████████████████████▉                        | 102/146 [00:03<00:01, 29.25it/s]Evaluating PPL for wikitext2 (PPL: 27.2196):  70%|███████████████████████████████████████████████████████▉                        | 102/146 [00:03<00:01, 29.25it/s]Evaluating PPL for wikitext2 (PPL: 27.3151):  70%|███████████████████████████████████████████████████████▉                        | 102/146 [00:03<00:01, 29.25it/s]Evaluating PPL for wikitext2 (PPL: 27.3151):  72%|█████████████████████████████████████████████████████████▌                      | 105/146 [00:03<00:01, 29.25it/s]Evaluating PPL for wikitext2 (PPL: 27.3890):  72%|█████████████████████████████████████████████████████████▌                      | 105/146 [00:03<00:01, 29.25it/s]Evaluating PPL for wikitext2 (PPL: 27.5099):  72%|█████████████████████████████████████████████████████████▌                      | 105/146 [00:03<00:01, 29.25it/s]Evaluating PPL for wikitext2 (PPL: 27.5452):  72%|█████████████████████████████████████████████████████████▌                      | 105/146 [00:03<00:01, 29.25it/s]Evaluating PPL for wikitext2 (PPL: 27.5452):  74%|███████████████████████████████████████████████████████████▏                    | 108/146 [00:03<00:01, 29.27it/s]Evaluating PPL for wikitext2 (PPL: 27.4970):  74%|███████████████████████████████████████████████████████████▏                    | 108/146 [00:03<00:01, 29.27it/s]Evaluating PPL for wikitext2 (PPL: 27.5279):  74%|███████████████████████████████████████████████████████████▏                    | 108/146 [00:03<00:01, 29.27it/s]Evaluating PPL for wikitext2 (PPL: 27.5427):  74%|███████████████████████████████████████████████████████████▏                    | 108/146 [00:03<00:01, 29.27it/s]Evaluating PPL for wikitext2 (PPL: 27.5427):  76%|████████████████████████████████████████████████████████████▊                   | 111/146 [00:03<00:01, 29.26it/s]Evaluating PPL for wikitext2 (PPL: 27.5304):  76%|████████████████████████████████████████████████████████████▊                   | 111/146 [00:03<00:01, 29.26it/s]Evaluating PPL for wikitext2 (PPL: 27.5678):  76%|████████████████████████████████████████████████████████████▊                   | 111/146 [00:03<00:01, 29.26it/s]Evaluating PPL for wikitext2 (PPL: 27.6008):  76%|████████████████████████████████████████████████████████████▊                   | 111/146 [00:03<00:01, 29.26it/s]Evaluating PPL for wikitext2 (PPL: 27.6008):  78%|██████████████████████████████████████████████████████████████▍                 | 114/146 [00:03<00:01, 29.25it/s]Evaluating PPL for wikitext2 (PPL: 27.6145):  78%|██████████████████████████████████████████████████████████████▍                 | 114/146 [00:03<00:01, 29.25it/s]Evaluating PPL for wikitext2 (PPL: 27.6914):  78%|██████████████████████████████████████████████████████████████▍                 | 114/146 [00:03<00:01, 29.25it/s]Evaluating PPL for wikitext2 (PPL: 27.7671):  78%|██████████████████████████████████████████████████████████████▍                 | 114/146 [00:04<00:01, 29.25it/s]Evaluating PPL for wikitext2 (PPL: 27.7671):  80%|████████████████████████████████████████████████████████████████                | 117/146 [00:04<00:00, 29.24it/s]Evaluating PPL for wikitext2 (PPL: 27.7828):  80%|████████████████████████████████████████████████████████████████                | 117/146 [00:04<00:00, 29.24it/s]Evaluating PPL for wikitext2 (PPL: 27.6926):  80%|████████████████████████████████████████████████████████████████                | 117/146 [00:04<00:00, 29.24it/s]Evaluating PPL for wikitext2 (PPL: 27.6258):  80%|████████████████████████████████████████████████████████████████                | 117/146 [00:04<00:00, 29.24it/s]Evaluating PPL for wikitext2 (PPL: 27.6258):  82%|█████████████████████████████████████████████████████████████████▊              | 120/146 [00:04<00:00, 29.27it/s]Evaluating PPL for wikitext2 (PPL: 27.6744):  82%|█████████████████████████████████████████████████████████████████▊              | 120/146 [00:04<00:00, 29.27it/s]Evaluating PPL for wikitext2 (PPL: 27.5947):  82%|█████████████████████████████████████████████████████████████████▊              | 120/146 [00:04<00:00, 29.27it/s]Evaluating PPL for wikitext2 (PPL: 27.5130):  82%|█████████████████████████████████████████████████████████████████▊              | 120/146 [00:04<00:00, 29.27it/s]Evaluating PPL for wikitext2 (PPL: 27.5130):  84%|███████████████████████████████████████████████████████████████████▍            | 123/146 [00:04<00:00, 29.26it/s]Evaluating PPL for wikitext2 (PPL: 27.4606):  84%|███████████████████████████████████████████████████████████████████▍            | 123/146 [00:04<00:00, 29.26it/s]Evaluating PPL for wikitext2 (PPL: 27.4571):  84%|███████████████████████████████████████████████████████████████████▍            | 123/146 [00:04<00:00, 29.26it/s]Evaluating PPL for wikitext2 (PPL: 27.5150):  84%|███████████████████████████████████████████████████████████████████▍            | 123/146 [00:04<00:00, 29.26it/s]Evaluating PPL for wikitext2 (PPL: 27.5150):  86%|█████████████████████████████████████████████████████████████████████           | 126/146 [00:04<00:00, 29.21it/s]Evaluating PPL for wikitext2 (PPL: 27.5010):  86%|█████████████████████████████████████████████████████████████████████           | 126/146 [00:04<00:00, 29.21it/s]Evaluating PPL for wikitext2 (PPL: 27.4805):  86%|█████████████████████████████████████████████████████████████████████           | 126/146 [00:04<00:00, 29.21it/s]Evaluating PPL for wikitext2 (PPL: 27.3674):  86%|█████████████████████████████████████████████████████████████████████           | 126/146 [00:04<00:00, 29.21it/s]Evaluating PPL for wikitext2 (PPL: 27.3674):  88%|██████████████████████████████████████████████████████████████████████▋         | 129/146 [00:04<00:00, 29.23it/s]Evaluating PPL for wikitext2 (PPL: 27.2793):  88%|██████████████████████████████████████████████████████████████████████▋         | 129/146 [00:04<00:00, 29.23it/s]Evaluating PPL for wikitext2 (PPL: 27.2222):  88%|██████████████████████████████████████████████████████████████████████▋         | 129/146 [00:04<00:00, 29.23it/s]Evaluating PPL for wikitext2 (PPL: 27.2110):  88%|██████████████████████████████████████████████████████████████████████▋         | 129/146 [00:04<00:00, 29.23it/s]Evaluating PPL for wikitext2 (PPL: 27.2110):  90%|████████████████████████████████████████████████████████████████████████▎       | 132/146 [00:04<00:00, 29.26it/s]Evaluating PPL for wikitext2 (PPL: 27.1713):  90%|████████████████████████████████████████████████████████████████████████▎       | 132/146 [00:04<00:00, 29.26it/s]Evaluating PPL for wikitext2 (PPL: 27.1259):  90%|████████████████████████████████████████████████████████████████████████▎       | 132/146 [00:04<00:00, 29.26it/s]Evaluating PPL for wikitext2 (PPL: 27.1849):  90%|████████████████████████████████████████████████████████████████████████▎       | 132/146 [00:04<00:00, 29.26it/s]Evaluating PPL for wikitext2 (PPL: 27.1849):  92%|█████████████████████████████████████████████████████████████████████████▉      | 135/146 [00:04<00:00, 29.20it/s]Evaluating PPL for wikitext2 (PPL: 27.1838):  92%|█████████████████████████████████████████████████████████████████████████▉      | 135/146 [00:04<00:00, 29.20it/s]Evaluating PPL for wikitext2 (PPL: 27.1083):  92%|█████████████████████████████████████████████████████████████████████████▉      | 135/146 [00:04<00:00, 29.20it/s]Evaluating PPL for wikitext2 (PPL: 26.9700):  92%|█████████████████████████████████████████████████████████████████████████▉      | 135/146 [00:04<00:00, 29.20it/s]Evaluating PPL for wikitext2 (PPL: 26.9700):  95%|███████████████████████████████████████████████████████████████████████████▌    | 138/146 [00:04<00:00, 28.54it/s]Evaluating PPL for wikitext2 (PPL: 26.8615):  95%|███████████████████████████████████████████████████████████████████████████▌    | 138/146 [00:04<00:00, 28.54it/s]Evaluating PPL for wikitext2 (PPL: 26.9046):  95%|███████████████████████████████████████████████████████████████████████████▌    | 138/146 [00:04<00:00, 28.54it/s]Evaluating PPL for wikitext2 (PPL: 26.9772):  95%|███████████████████████████████████████████████████████████████████████████▌    | 138/146 [00:04<00:00, 28.54it/s]Evaluating PPL for wikitext2 (PPL: 26.9772):  97%|█████████████████████████████████████████████████████████████████████████████▎  | 141/146 [00:04<00:00, 28.36it/s]Evaluating PPL for wikitext2 (PPL: 27.0340):  97%|█████████████████████████████████████████████████████████████████████████████▎  | 141/146 [00:04<00:00, 28.36it/s]Evaluating PPL for wikitext2 (PPL: 27.1109):  97%|█████████████████████████████████████████████████████████████████████████████▎  | 141/146 [00:04<00:00, 28.36it/s]Evaluating PPL for wikitext2 (PPL: 27.1633):  97%|█████████████████████████████████████████████████████████████████████████████▎  | 141/146 [00:04<00:00, 28.36it/s]Evaluating PPL for wikitext2 (PPL: 27.1633):  99%|██████████████████████████████████████████████████████████████████████████████▉ | 144/146 [00:04<00:00, 28.42it/s]Evaluating PPL for wikitext2 (PPL: 27.2268):  99%|██████████████████████████████████████████████████████████████████████████████▉ | 144/146 [00:04<00:00, 28.42it/s]Evaluating PPL for wikitext2 (PPL: 27.2721):  99%|██████████████████████████████████████████████████████████████████████████████▉ | 144/146 [00:05<00:00, 28.42it/s]Evaluating PPL for wikitext2 (PPL: 27.2721): 100%|████████████████████████████████████████████████████████████████████████████████| 146/146 [00:05<00:00, 29.09it/s]
Perplexity on wikitext2: 27.2721
{
 "arm": "nanoquant",
 "eval": {
  "wikitext2": {
   "ppl": 27.27211570739746
  }
 },
 "mean_out_err": 0.16043136408098957,
 "mean_weight_err": 0.3171055450569871,
 "total_time": 2828.353896856308
}
