Token indices sequence length is longer than the specified maximum sequence length for this model (2518423 > 131072). Running this sequence through the model will result in indexing errors
Loading model 'Qwen/Qwen3-0.6B-Base'...
Qwen3ForCausalLM(
  (model): Qwen3Model(
    (embed_tokens): Embedding(151936, 1024)
    (layers): ModuleList(
      (0-27): 28 x Qwen3DecoderLayer(
        (self_attn): Qwen3Attention(
          (q_proj): Linear(in_features=1024, out_features=2048, bias=False)
          (k_proj): Linear(in_features=1024, out_features=1024, bias=False)
          (v_proj): Linear(in_features=1024, out_features=1024, bias=False)
          (o_proj): Linear(in_features=2048, out_features=1024, bias=False)
          (q_norm): Qwen3RMSNorm((128,), eps=1e-06)
          (k_norm): Qwen3RMSNorm((128,), eps=1e-06)
        )
        (mlp): Qwen3MLP(
          (gate_proj): Linear(in_features=1024, out_features=3072, bias=False)
          (up_proj): Linear(in_features=1024, out_features=3072, bias=False)
          (down_proj): Linear(in_features=3072, out_features=1024, bias=False)
          (act_fn): SiLUActivation()
        )
        (input_layernorm): Qwen3RMSNorm((1024,), eps=1e-06)
        (post_attention_layernorm): Qwen3RMSNorm((1024,), eps=1e-06)
      )
    )
    (norm): Qwen3RMSNorm((1024,), eps=1e-06)
    (rotary_emb): Qwen3RotaryEmbedding()
  )
  (lm_head): Linear(in_features=1024, out_features=151936, bias=False)
)
Rank calculation: Bits = (1.00), Scales: 2
factorized bpw = 0.9729
Loading model 'Qwen/Qwen3-0.6B-Base'...
Qwen3ForCausalLM(
  (model): Qwen3Model(
    (embed_tokens): Embedding(151936, 1024)
    (layers): ModuleList(
      (0-27): 28 x Qwen3DecoderLayer(
        (self_attn): Qwen3Attention(
          (q_proj): Linear(in_features=1024, out_features=2048, bias=False)
          (k_proj): Linear(in_features=1024, out_features=1024, bias=False)
          (v_proj): Linear(in_features=1024, out_features=1024, bias=False)
          (o_proj): Linear(in_features=2048, out_features=1024, bias=False)
          (q_norm): Qwen3RMSNorm((128,), eps=1e-06)
          (k_norm): Qwen3RMSNorm((128,), eps=1e-06)
        )
        (mlp): Qwen3MLP(
          (gate_proj): Linear(in_features=1024, out_features=3072, bias=False)
          (up_proj): Linear(in_features=1024, out_features=3072, bias=False)
          (down_proj): Linear(in_features=3072, out_features=1024, bias=False)
          (act_fn): SiLUActivation()
        )
        (input_layernorm): Qwen3RMSNorm((1024,), eps=1e-06)
        (post_attention_layernorm): Qwen3RMSNorm((1024,), eps=1e-06)
      )
    )
    (norm): Qwen3RMSNorm((1024,), eps=1e-06)
    (rotary_emb): Qwen3RotaryEmbedding()
  )
  (lm_head): Linear(in_features=1024, out_features=151936, bias=False)
)

Processing dataset: Salesforce/wikitext (config: wikitext-2-raw-v1)
Attempting to generate 128 samples...
Applying special handling for wikitext: concatenating all documents.
Slicing concatenated wikitext:   0%|                                                                                                        | 0/128 [00:00<?, ?it/s]Slicing concatenated wikitext:  20%|██████████████████▎                                                                           | 25/128 [00:00<00:00, 248.93it/s]Slicing concatenated wikitext: 100%|█████████████████████████████████████████████████████████████████████████████████████████████| 128/128 [00:00<00:00, 948.86it/s]

Shuffling the final combined dataset (128 samples)...

Creating Hugging Face Dataset...
Calibration dataloader created with shape: torch.Size([128, 2048])
Loading cached calibration statistics from stats_q06.pt
Applying covariance shrinkage (strength: 0.4)...
Attaching statistics to 196 layers...
Registered i_norm and o_norm buffers to 196 layers
Rank calculation: Bits = (1.00), Scales: 2
Caching initial inputs & kwargs using Catcher...
Capturing inputs...
Initial input caching finished.
Compressing Layers:   0%|                                                                                                                    | 0/28 [00:00<?, ?it/s]Token indices sequence length is longer than the specified maximum sequence length for this model (299078 > 131072). Running this sequence through the model will result in indexing errors
Compressing Layers:   4%|███▊                                                                                                       | 1/28 [01:43<46:43, 103.84s/it]	(1/3) Block 1/28, self_attn.q_proj | Tuning Non-Factorized Weights...
		(Epoch 01/08) Block Loss: 0.0000e+00
		(Epoch 02/08) Block Loss: 0.0000e+00
		(Epoch 03/08) Block Loss: 0.0000e+00
		(Epoch 04/08) Block Loss: 0.0000e+00
		(Epoch 05/08) Block Loss: 0.0000e+00
		(Epoch 06/08) Block Loss: 0.0000e+00
		(Epoch 07/08) Block Loss: 0.0000e+00
		(Epoch 08/08) Block Loss: 0.0000e+00
	(2/3) Block 1/28, self_attn.q_proj | Initialization via ADMM...
		ADMM weight recon error: raw=679.4387, norm=0.3217, per_el=3.2398e-04, out_err=0.0636, ADMM time=2.17s
	(3/3) Block 1/28, self_attn.q_proj | Tuning Factorized Weights...
		(Epoch 01/08) Block Loss: 3.6140e-06
		(Epoch 02/08) Block Loss: 2.4988e-06
		(Epoch 03/08) Block Loss: 2.0583e-06
		(Epoch 04/08) Block Loss: 1.7999e-06
		(Epoch 05/08) Block Loss: 1.6436e-06
		(Epoch 06/08) Block Loss: 1.5382e-06
		(Epoch 07/08) Block Loss: 1.4624e-06
		(Epoch 08/08) Block Loss: 1.4064e-06
	(1/3) Block 1/28, self_attn.v_proj | Tuning Non-Factorized Weights...
		(Epoch 01/08) Block Loss: 1.8125e-06
		(Epoch 02/08) Block Loss: 1.3035e-06
		(Epoch 03/08) Block Loss: 1.0768e-06
		(Epoch 04/08) Block Loss: 8.9554e-07
		(Epoch 05/08) Block Loss: 8.0117e-07
		(Epoch 06/08) Block Loss: 7.1185e-07
		(Epoch 07/08) Block Loss: 6.7885e-07
		(Epoch 08/08) Block Loss: 6.6613e-07
	(2/3) Block 1/28, self_attn.v_proj | Initialization via ADMM...
		ADMM weight recon error: raw=291.0007, norm=0.3809, per_el=2.7752e-04, out_err=0.3596, ADMM time=1.64s
	(3/3) Block 1/28, self_attn.v_proj | Tuning Factorized Weights...
		(Epoch 01/08) Block Loss: 1.0591e-04
		(Epoch 02/08) Block Loss: 8.2346e-05
		(Epoch 03/08) Block Loss: 7.6003e-05
		(Epoch 04/08) Block Loss: 7.5074e-05
		(Epoch 05/08) Block Loss: 7.5780e-05
		(Epoch 06/08) Block Loss: 7.5325e-05
		(Epoch 07/08) Block Loss: 7.5682e-05
		(Epoch 08/08) Block Loss: 7.2880e-05
	(1/3) Block 1/28, self_attn.o_proj | Tuning Non-Factorized Weights...
		(Epoch 01/08) Block Loss: 5.1696e-05
		(Epoch 02/08) Block Loss: 3.6812e-05
		(Epoch 03/08) Block Loss: 3.0743e-05
		(Epoch 04/08) Block Loss: 2.7522e-05
		(Epoch 05/08) Block Loss: 2.5605e-05
		(Epoch 06/08) Block Loss: 2.4539e-05
		(Epoch 07/08) Block Loss: 2.4008e-05
		(Epoch 08/08) Block Loss: 2.3831e-05
	(2/3) Block 1/28, self_attn.o_proj | Initialization via ADMM...
		ADMM weight recon error: raw=569.6755, norm=0.3978, per_el=2.7164e-04, out_err=0.1725, ADMM time=1.69s
	(3/3) Block 1/28, self_attn.o_proj | Tuning Factorized Weights...
		(Epoch 01/08) Block Loss: 1.0664e-04
		(Epoch 02/08) Block Loss: 9.0193e-05
		(Epoch 03/08) Block Loss: 8.3214e-05
		(Epoch 04/08) Block Loss: 8.0192e-05
		(Epoch 05/08) Block Loss: 7.8995e-05
		(Epoch 06/08) Block Loss: 7.8017e-05
		(Epoch 07/08) Block Loss: 7.7710e-05
		(Epoch 08/08) Block Loss: 7.6575e-05
	(1/3) Block 1/28, self_attn.k_proj | Tuning Non-Factorized Weights...
		(Epoch 01/08) Block Loss: 6.2477e-05
		(Epoch 02/08) Block Loss: 5.0867e-05
		(Epoch 03/08) Block Loss: 4.5249e-05
		(Epoch 04/08) Block Loss: 4.2003e-05
		(Epoch 05/08) Block Loss: 3.9990e-05
		(Epoch 06/08) Block Loss: 3.8847e-05
		(Epoch 07/08) Block Loss: 3.8279e-05
		(Epoch 08/08) Block Loss: 3.8091e-05
	(2/3) Block 1/28, self_attn.k_proj | Initialization via ADMM...
		ADMM weight recon error: raw=307.8553, norm=0.3042, per_el=2.9359e-04, out_err=0.0451, ADMM time=1.60s
	(3/3) Block 1/28, self_attn.k_proj | Tuning Factorized Weights...
		(Epoch 01/08) Block Loss: 4.1047e-05
		(Epoch 02/08) Block Loss: 4.0229e-05
		(Epoch 03/08) Block Loss: 3.9873e-05
		(Epoch 04/08) Block Loss: 3.9658e-05
		(Epoch 05/08) Block Loss: 3.9520e-05
		(Epoch 06/08) Block Loss: 3.9441e-05
		(Epoch 07/08) Block Loss: 3.9393e-05
		(Epoch 08/08) Block Loss: 3.9366e-05
	(1/3) Block 1/28, mlp.gate_proj | Tuning Non-Factorized Weights...
		(Epoch 01/08) Block Loss: 3.8427e-05
		(Epoch 02/08) Block Loss: 3.5724e-05
		(Epoch 03/08) Block Loss: 3.3935e-05
		(Epoch 04/08) Block Loss: 3.2744e-05
		(Epoch 05/08) Block Loss: 3.1906e-05
		(Epoch 06/08) Block Loss: 3.1399e-05
		(Epoch 07/08) Block Loss: 3.1131e-05
		(Epoch 08/08) Block Loss: 3.1033e-05
	(2/3) Block 1/28, mlp.gate_proj | Initialization via ADMM...
		ADMM weight recon error: raw=1424.8906, norm=0.3227, per_el=4.5296e-04, out_err=0.0610, ADMM time=2.09s
	(3/3) Block 1/28, mlp.gate_proj | Tuning Factorized Weights...
		(Epoch 01/08) Block Loss: 4.8146e-05
		(Epoch 02/08) Block Loss: 4.2601e-05
		(Epoch 03/08) Block Loss: 4.1382e-05
		(Epoch 04/08) Block Loss: 4.0948e-05
		(Epoch 05/08) Block Loss: 4.0737e-05
		(Epoch 06/08) Block Loss: 4.0548e-05
		(Epoch 07/08) Block Loss: 4.0347e-05
		(Epoch 08/08) Block Loss: 3.9852e-05
	(1/3) Block 1/28, mlp.up_proj | Tuning Non-Factorized Weights...
		(Epoch 01/08) Block Loss: 3.7336e-05
		(Epoch 02/08) Block Loss: 3.5314e-05
		(Epoch 03/08) Block Loss: 3.4220e-05
		(Epoch 04/08) Block Loss: 3.3521e-05
		(Epoch 05/08) Block Loss: 3.3016e-05
		(Epoch 06/08) Block Loss: 3.2706e-05
		(Epoch 07/08) Block Loss: 3.2536e-05
		(Epoch 08/08) Block Loss: 3.2471e-05
	(2/3) Block 1/28, mlp.up_proj | Initialization via ADMM...
		ADMM weight recon error: raw=816.3781, norm=0.3495, per_el=2.5952e-04, out_err=0.2407, ADMM time=1.97s
	(3/3) Block 1/28, mlp.up_proj | Tuning Factorized Weights...
		(Epoch 01/08) Block Loss: 6.2238e-05
		(Epoch 02/08) Block Loss: 5.3718e-05
		(Epoch 03/08) Block Loss: 5.1683e-05
		(Epoch 04/08) Block Loss: 5.1046e-05
		(Epoch 05/08) Block Loss: 5.0887e-05
		(Epoch 06/08) Block Loss: 5.0412e-05
		(Epoch 07/08) Block Loss: 5.0118e-05
		(Epoch 08/08) Block Loss: 4.9124e-05
	(1/3) Block 1/28, mlp.down_proj | Tuning Non-Factorized Weights...
		(Epoch 01/08) Block Loss: 4.4880e-05
		(Epoch 02/08) Block Loss: 4.2452e-05
		(Epoch 03/08) Block Loss: 4.1261e-05
		(Epoch 04/08) Block Loss: 4.0565e-05
		(Epoch 05/08) Block Loss: 4.0111e-05
		(Epoch 06/08) Block Loss: 3.9848e-05
		(Epoch 07/08) Block Loss: 3.9711e-05
		(Epoch 08/08) Block Loss: 3.9663e-05
	(2/3) Block 1/28, mlp.down_proj | Initialization via ADMM...
		ADMM weight recon error: raw=857.6745, norm=0.3527, per_el=2.7265e-04, out_err=0.2468, ADMM time=2.12s
	(3/3) Block 1/28, mlp.down_proj | Tuning Factorized Weights...
		(Epoch 01/08) Block Loss: 8.6310e-05
		(Epoch 02/08) Block Loss: 8.1209e-05
		(Epoch 03/08) Block Loss: 7.9776e-05
		(Epoch 04/08) Block Loss: 7.9308e-05
		(Epoch 05/08) Block Loss: 7.9233e-05
		(Epoch 06/08) Block Loss: 7.9009e-05
		(Epoch 07/08) Block Loss: 7.8825e-05
		(Epoch 08/08) Block Loss: 7.7681e-05
		Block 0: relative block output error = 0.1242
Using sequence length: 2048 (model max: 2048)
		Block 0: Test Data PPL        = 18.095
	(1/3) Block 2/28, self_attn.q_proj | Tuning Non-Factorized Weights...
		(Epoch 01/08) Block Loss: 3.1188e-05
		(Epoch 02/08) Block Loss: 2.6487e-05
		(Epoch 03/08) Block Loss: 2.4326e-05
		(Epoch 04/08) Block Loss: 2.3095e-05
		(Epoch 05/08) Block Loss: 2.2306e-05
		(Epoch 06/08) Block Loss: 2.1846e-05
		(Epoch 07/08) Block Loss: 2.1596e-05
		(Epoch 08/08) Block Loss: 2.1508e-05
	(2/3) Block 2/28, self_attn.q_proj | Initialization via ADMM...
		ADMM weight recon error: raw=571.0001, norm=0.2810, per_el=2.7227e-04, out_err=0.0780, ADMM time=1.80s
	(3/3) Block 2/28, self_attn.q_proj | Tuning Factorized Weights...
		(Epoch 01/08) Block Loss: 2.2409e-05
		(Epoch 02/08) Block Loss: 2.2054e-05
		(Epoch 03/08) Block Loss: 2.1944e-05
		(Epoch 04/08) Block Loss: 2.1881e-05
		(Epoch 05/08) Block Loss: 2.1840e-05
		(Epoch 06/08) Block Loss: 2.1809e-05
		(Epoch 07/08) Block Loss: 2.1787e-05
		(Epoch 08/08) Block Loss: 2.1770e-05
	(1/3) Block 2/28, self_attn.v_proj | Tuning Non-Factorized Weights...
		(Epoch 01/08) Block Loss: 2.1676e-05
		(Epoch 02/08) Block Loss: 2.0565e-05
		(Epoch 03/08) Block Loss: 1.9877e-05
		(Epoch 04/08) Block Loss: 1.9345e-05
		(Epoch 05/08) Block Loss: 1.8995e-05
		(Epoch 06/08) Block Loss: 1.8736e-05
		(Epoch 07/08) Block Loss: 1.8604e-05
		(Epoch 08/08) Block Loss: 1.8554e-05
	(2/3) Block 2/28, self_attn.v_proj | Initialization via ADMM...
		ADMM weight recon error: raw=308.3997, norm=0.3521, per_el=2.9411e-04, out_err=0.2421, ADMM time=2.04s
	(3/3) Block 2/28, self_attn.v_proj | Tuning Factorized Weights...
Token indices sequence length is longer than the specified maximum sequence length for this model (299078 > 131072). Running this sequence through the model will result in indexing errors
Compressing Layers:   7%|███████▋                                                                                                   | 2/28 [03:22<43:35, 100.61s/it]		(Epoch 01/08) Block Loss: 2.1941e-05
		(Epoch 02/08) Block Loss: 2.0968e-05
		(Epoch 03/08) Block Loss: 2.0743e-05
		(Epoch 04/08) Block Loss: 2.0726e-05
		(Epoch 05/08) Block Loss: 2.0665e-05
		(Epoch 06/08) Block Loss: 2.0637e-05
		(Epoch 07/08) Block Loss: 2.0604e-05
		(Epoch 08/08) Block Loss: 2.0501e-05
	(1/3) Block 2/28, self_attn.o_proj | Tuning Non-Factorized Weights...
		(Epoch 01/08) Block Loss: 2.0017e-05
		(Epoch 02/08) Block Loss: 1.9183e-05
		(Epoch 03/08) Block Loss: 1.8707e-05
		(Epoch 04/08) Block Loss: 1.8374e-05
		(Epoch 05/08) Block Loss: 1.8126e-05
		(Epoch 06/08) Block Loss: 1.7947e-05
		(Epoch 07/08) Block Loss: 1.7850e-05
		(Epoch 08/08) Block Loss: 1.7810e-05
	(2/3) Block 2/28, self_attn.o_proj | Initialization via ADMM...
		ADMM weight recon error: raw=471.3370, norm=0.3021, per_el=2.2475e-04, out_err=0.1661, ADMM time=1.03s
	(3/3) Block 2/28, self_attn.o_proj | Tuning Factorized Weights...
		(Epoch 01/08) Block Loss: 2.1541e-05
		(Epoch 02/08) Block Loss: 2.0658e-05
		(Epoch 03/08) Block Loss: 2.0539e-05
		(Epoch 04/08) Block Loss: 2.0534e-05
		(Epoch 05/08) Block Loss: 2.0525e-05
		(Epoch 06/08) Block Loss: 2.0466e-05
		(Epoch 07/08) Block Loss: 2.0413e-05
		(Epoch 08/08) Block Loss: 2.0169e-05
	(1/3) Block 2/28, self_attn.k_proj | Tuning Non-Factorized Weights...
		(Epoch 01/08) Block Loss: 1.9479e-05
		(Epoch 02/08) Block Loss: 1.8747e-05
		(Epoch 03/08) Block Loss: 1.8368e-05
		(Epoch 04/08) Block Loss: 1.8123e-05
		(Epoch 05/08) Block Loss: 1.7929e-05
		(Epoch 06/08) Block Loss: 1.7802e-05
		(Epoch 07/08) Block Loss: 1.7728e-05
		(Epoch 08/08) Block Loss: 1.7696e-05
	(2/3) Block 2/28, self_attn.k_proj | Initialization via ADMM...
		ADMM weight recon error: raw=272.9133, norm=0.3006, per_el=2.6027e-04, out_err=0.0637, ADMM time=1.83s
	(3/3) Block 2/28, self_attn.k_proj | Tuning Factorized Weights...
		(Epoch 01/08) Block Loss: 1.8480e-05
		(Epoch 02/08) Block Loss: 1.8217e-05
		(Epoch 03/08) Block Loss: 1.8133e-05
		(Epoch 04/08) Block Loss: 1.8091e-05
		(Epoch 05/08) Block Loss: 1.8066e-05
		(Epoch 06/08) Block Loss: 1.8050e-05
		(Epoch 07/08) Block Loss: 1.8037e-05
		(Epoch 08/08) Block Loss: 1.8024e-05
	(1/3) Block 2/28, mlp.gate_proj | Tuning Non-Factorized Weights...
		(Epoch 01/08) Block Loss: 1.8146e-05
		(Epoch 02/08) Block Loss: 1.7802e-05
		(Epoch 03/08) Block Loss: 1.7570e-05
		(Epoch 04/08) Block Loss: 1.7409e-05
		(Epoch 05/08) Block Loss: 1.7271e-05
		(Epoch 06/08) Block Loss: 1.7177e-05
		(Epoch 07/08) Block Loss: 1.7120e-05
		(Epoch 08/08) Block Loss: 1.7093e-05
	(2/3) Block 2/28, mlp.gate_proj | Initialization via ADMM...
		ADMM weight recon error: raw=2129.4827, norm=0.3466, per_el=6.7694e-04, out_err=0.0266, ADMM time=2.12s
	(3/3) Block 2/28, mlp.gate_proj | Tuning Factorized Weights...
		(Epoch 01/08) Block Loss: 2.6833e-05
		(Epoch 02/08) Block Loss: 2.3985e-05
		(Epoch 03/08) Block Loss: 2.3215e-05
		(Epoch 04/08) Block Loss: 2.2881e-05
		(Epoch 05/08) Block Loss: 2.2711e-05
		(Epoch 06/08) Block Loss: 2.2613e-05
		(Epoch 07/08) Block Loss: 2.2512e-05
		(Epoch 08/08) Block Loss: 2.2333e-05
	(1/3) Block 2/28, mlp.up_proj | Tuning Non-Factorized Weights...
		(Epoch 01/08) Block Loss: 2.1307e-05
		(Epoch 02/08) Block Loss: 2.0478e-05
		(Epoch 03/08) Block Loss: 2.0103e-05
		(Epoch 04/08) Block Loss: 1.9882e-05
		(Epoch 05/08) Block Loss: 1.9717e-05
		(Epoch 06/08) Block Loss: 1.9613e-05
		(Epoch 07/08) Block Loss: 1.9553e-05
		(Epoch 08/08) Block Loss: 1.9527e-05
	(2/3) Block 2/28, mlp.up_proj | Initialization via ADMM...
		ADMM weight recon error: raw=671.0367, norm=0.3539, per_el=2.1332e-04, out_err=0.2426, ADMM time=1.81s
	(3/3) Block 2/28, mlp.up_proj | Tuning Factorized Weights...
		(Epoch 01/08) Block Loss: 3.2530e-05
		(Epoch 02/08) Block Loss: 2.9312e-05
		(Epoch 03/08) Block Loss: 2.8437e-05
		(Epoch 04/08) Block Loss: 2.8105e-05
		(Epoch 05/08) Block Loss: 2.7930e-05
		(Epoch 06/08) Block Loss: 2.7791e-05
		(Epoch 07/08) Block Loss: 2.7651e-05
		(Epoch 08/08) Block Loss: 2.7306e-05
	(1/3) Block 2/28, mlp.down_proj | Tuning Non-Factorized Weights...
		(Epoch 01/08) Block Loss: 2.5708e-05
		(Epoch 02/08) Block Loss: 2.4694e-05
		(Epoch 03/08) Block Loss: 2.4221e-05
		(Epoch 04/08) Block Loss: 2.3954e-05
		(Epoch 05/08) Block Loss: 2.3780e-05
		(Epoch 06/08) Block Loss: 2.3679e-05
		(Epoch 07/08) Block Loss: 2.3625e-05
		(Epoch 08/08) Block Loss: 2.3605e-05
	(2/3) Block 2/28, mlp.down_proj | Initialization via ADMM...
		ADMM weight recon error: raw=648.7912, norm=0.3526, per_el=2.0625e-04, out_err=0.2361, ADMM time=1.76s
	(3/3) Block 2/28, mlp.down_proj | Tuning Factorized Weights...
		(Epoch 01/08) Block Loss: 3.9960e-05
		(Epoch 02/08) Block Loss: 3.8374e-05
		(Epoch 03/08) Block Loss: 3.8163e-05
		(Epoch 04/08) Block Loss: 3.8166e-05
		(Epoch 05/08) Block Loss: 3.8172e-05
		(Epoch 06/08) Block Loss: 3.8127e-05
		(Epoch 07/08) Block Loss: 3.8008e-05
		(Epoch 08/08) Block Loss: 3.7516e-05
		Block 1: relative block output error = 0.0953
Using sequence length: 2048 (model max: 2048)
		Block 1: Test Data PPL        = 14.266
	(1/3) Block 3/28, self_attn.q_proj | Tuning Non-Factorized Weights...
		(Epoch 01/08) Block Loss: 4.8717e-05
		(Epoch 02/08) Block Loss: 3.1128e-05
		(Epoch 03/08) Block Loss: 2.6321e-05
		(Epoch 04/08) Block Loss: 2.4579e-05
		(Epoch 05/08) Block Loss: 2.3606e-05
		(Epoch 06/08) Block Loss: 2.3175e-05
		(Epoch 07/08) Block Loss: 2.2784e-05
		(Epoch 08/08) Block Loss: 2.2524e-05
	(2/3) Block 3/28, self_attn.q_proj | Initialization via ADMM...
		ADMM weight recon error: raw=531.5305, norm=0.2734, per_el=2.5345e-04, out_err=0.0766, ADMM time=1.71s
	(3/3) Block 3/28, self_attn.q_proj | Tuning Factorized Weights...
		(Epoch 01/08) Block Loss: 2.3384e-05
		(Epoch 02/08) Block Loss: 2.3116e-05
		(Epoch 03/08) Block Loss: 2.3027e-05
		(Epoch 04/08) Block Loss: 2.2974e-05
		(Epoch 05/08) Block Loss: 2.2939e-05
		(Epoch 06/08) Block Loss: 2.2912e-05
		(Epoch 07/08) Block Loss: 2.2891e-05
		(Epoch 08/08) Block Loss: 2.2873e-05
	(1/3) Block 3/28, self_attn.v_proj | Tuning Non-Factorized Weights...
		(Epoch 01/08) Block Loss: 2.9325e-05
		(Epoch 02/08) Block Loss: 2.7350e-05
		(Epoch 03/08) Block Loss: 2.4391e-05
		(Epoch 04/08) Block Loss: 2.3191e-05
		(Epoch 05/08) Block Loss: 2.1424e-05
		(Epoch 06/08) Block Loss: 2.0730e-05
		(Epoch 07/08) Block Loss: 2.0395e-05
		(Epoch 08/08) Block Loss: 2.0292e-05
	(2/3) Block 3/28, self_attn.v_proj | Initialization via ADMM...
		ADMM weight recon error: raw=287.0784, norm=0.3450, per_el=2.7378e-04, out_err=0.2367, ADMM time=1.31s
	(3/3) Block 3/28, self_attn.v_proj | Tuning Factorized Weights...
		(Epoch 01/08) Block Loss: 4.9172e-05
		(Epoch 02/08) Block Loss: 2.6181e-05
		(Epoch 03/08) Block Loss: 2.4577e-05
		(Epoch 04/08) Block Loss: 2.3899e-05
		(Epoch 05/08) Block Loss: 2.3725e-05
		(Epoch 06/08) Block Loss: 2.3464e-05
		(Epoch 07/08) Block Loss: 2.3330e-05
		(Epoch 08/08) Block Loss: 2.3301e-05
	(1/3) Block 3/28, self_attn.o_proj | Tuning Non-Factorized Weights...
		(Epoch 01/08) Block Loss: 2.4981e-05
		(Epoch 02/08) Block Loss: 2.4041e-05
		(Epoch 03/08) Block Loss: 2.2839e-05
		(Epoch 04/08) Block Loss: 2.1623e-05
		(Epoch 05/08) Block Loss: 2.0875e-05
		(Epoch 06/08) Block Loss: 2.0282e-05
		(Epoch 07/08) Block Loss: 2.0050e-05
		(Epoch 08/08) Block Loss: 1.9917e-05
	(2/3) Block 3/28, self_attn.o_proj | Initialization via ADMM...
		ADMM weight recon error: raw=421.0619, norm=0.2974, per_el=2.0078e-04, out_err=0.1812, ADMM time=1.56s
	(3/3) Block 3/28, self_attn.o_proj | Tuning Factorized Weights...
		(Epoch 01/08) Block Loss: 2.5774e-05
		(Epoch 02/08) Block Loss: 2.4538e-05
		(Epoch 03/08) Block Loss: 2.3984e-05
		(Epoch 04/08) Block Loss: 2.3714e-05
		(Epoch 05/08) Block Loss: 2.3529e-05
		(Epoch 06/08) Block Loss: 2.3436e-05
		(Epoch 07/08) Block Loss: 2.3310e-05
		(Epoch 08/08) Block Loss: 2.3226e-05
	(1/3) Block 3/28, self_attn.k_proj | Tuning Non-Factorized Weights...
		(Epoch 01/08) Block Loss: 2.2193e-05
		(Epoch 02/08) Block Loss: 2.1090e-05
		(Epoch 03/08) Block Loss: 2.0718e-05
		(Epoch 04/08) Block Loss: 2.0344e-05
		(Epoch 05/08) Block Loss: 2.0088e-05
		(Epoch 06/08) Block Loss: 1.9951e-05
Token indices sequence length is longer than the specified maximum sequence length for this model (299078 > 131072). Running this sequence through the model will result in indexing errors
Compressing Layers:  11%|███████████▌                                                                                                | 3/28 [04:58<41:01, 98.47s/it]		(Epoch 07/08) Block Loss: 1.9847e-05
		(Epoch 08/08) Block Loss: 1.9816e-05
	(2/3) Block 3/28, self_attn.k_proj | Initialization via ADMM...
		ADMM weight recon error: raw=256.4263, norm=0.2982, per_el=2.4455e-04, out_err=0.0609, ADMM time=1.38s
	(3/3) Block 3/28, self_attn.k_proj | Tuning Factorized Weights...
		(Epoch 01/08) Block Loss: 2.0517e-05
		(Epoch 02/08) Block Loss: 2.0322e-05
		(Epoch 03/08) Block Loss: 2.0255e-05
		(Epoch 04/08) Block Loss: 2.0217e-05
		(Epoch 05/08) Block Loss: 2.0194e-05
		(Epoch 06/08) Block Loss: 2.0180e-05
		(Epoch 07/08) Block Loss: 2.0170e-05
		(Epoch 08/08) Block Loss: 2.0160e-05
	(1/3) Block 3/28, mlp.gate_proj | Tuning Non-Factorized Weights...
		(Epoch 01/08) Block Loss: 2.0619e-05
		(Epoch 02/08) Block Loss: 1.9995e-05
		(Epoch 03/08) Block Loss: 1.9725e-05
		(Epoch 04/08) Block Loss: 1.9560e-05
		(Epoch 05/08) Block Loss: 1.9458e-05
		(Epoch 06/08) Block Loss: 1.9292e-05
		(Epoch 07/08) Block Loss: 1.9224e-05
		(Epoch 08/08) Block Loss: 1.9185e-05
	(2/3) Block 3/28, mlp.gate_proj | Initialization via ADMM...
		ADMM weight recon error: raw=1679.6094, norm=0.3280, per_el=5.3393e-04, out_err=0.0391, ADMM time=2.12s
	(3/3) Block 3/28, mlp.gate_proj | Tuning Factorized Weights...
		(Epoch 01/08) Block Loss: 1.1124e-04
		(Epoch 02/08) Block Loss: 2.7618e-05
		(Epoch 03/08) Block Loss: 2.6544e-05
		(Epoch 04/08) Block Loss: 2.6067e-05
		(Epoch 05/08) Block Loss: 2.5802e-05
		(Epoch 06/08) Block Loss: 2.5634e-05
		(Epoch 07/08) Block Loss: 2.5541e-05
		(Epoch 08/08) Block Loss: 2.5370e-05
	(1/3) Block 3/28, mlp.up_proj | Tuning Non-Factorized Weights...
		(Epoch 01/08) Block Loss: 2.4555e-05
		(Epoch 02/08) Block Loss: 2.3470e-05
		(Epoch 03/08) Block Loss: 2.3032e-05
		(Epoch 04/08) Block Loss: 2.2779e-05
		(Epoch 05/08) Block Loss: 2.2589e-05
		(Epoch 06/08) Block Loss: 2.2420e-05
		(Epoch 07/08) Block Loss: 2.2338e-05
		(Epoch 08/08) Block Loss: 2.2292e-05
	(2/3) Block 3/28, mlp.up_proj | Initialization via ADMM...
		ADMM weight recon error: raw=666.9214, norm=0.3459, per_el=2.1201e-04, out_err=0.2555, ADMM time=1.61s
	(3/3) Block 3/28, mlp.up_proj | Tuning Factorized Weights...
		(Epoch 01/08) Block Loss: 6.3023e-05
		(Epoch 02/08) Block Loss: 3.3306e-05
		(Epoch 03/08) Block Loss: 3.2202e-05
		(Epoch 04/08) Block Loss: 3.1737e-05
		(Epoch 05/08) Block Loss: 3.1512e-05
		(Epoch 06/08) Block Loss: 3.1301e-05
		(Epoch 07/08) Block Loss: 3.1071e-05
		(Epoch 08/08) Block Loss: 3.0783e-05
	(1/3) Block 3/28, mlp.down_proj | Tuning Non-Factorized Weights...
		(Epoch 01/08) Block Loss: 2.9507e-05
		(Epoch 02/08) Block Loss: 2.8350e-05
		(Epoch 03/08) Block Loss: 2.7826e-05
		(Epoch 04/08) Block Loss: 2.7509e-05
		(Epoch 05/08) Block Loss: 2.7314e-05
		(Epoch 06/08) Block Loss: 2.7195e-05
		(Epoch 07/08) Block Loss: 2.7124e-05
		(Epoch 08/08) Block Loss: 2.7096e-05
	(2/3) Block 3/28, mlp.down_proj | Initialization via ADMM...
		ADMM weight recon error: raw=687.4807, norm=0.3437, per_el=2.1854e-04, out_err=0.2736, ADMM time=2.17s
	(3/3) Block 3/28, mlp.down_proj | Tuning Factorized Weights...
		(Epoch 01/08) Block Loss: 1.1834e-03
		(Epoch 02/08) Block Loss: 1.0564e-03
		(Epoch 03/08) Block Loss: 9.5134e-04
		(Epoch 04/08) Block Loss: 8.8165e-04
		(Epoch 05/08) Block Loss: 8.2921e-04
		(Epoch 06/08) Block Loss: 7.9328e-04
		(Epoch 07/08) Block Loss: 7.7994e-04
		(Epoch 08/08) Block Loss: 7.7533e-04
		Block 2: relative block output error = 0.0149
Using sequence length: 2048 (model max: 2048)
		Block 2: Test Data PPL        = 18.548
	(1/3) Block 4/28, self_attn.q_proj | Tuning Non-Factorized Weights...
		(Epoch 01/08) Block Loss: 5.1824e-04
		(Epoch 02/08) Block Loss: 4.9924e-04
		(Epoch 03/08) Block Loss: 4.5089e-04
		(Epoch 04/08) Block Loss: 3.9595e-04
		(Epoch 05/08) Block Loss: 3.5420e-04
		(Epoch 06/08) Block Loss: 3.2455e-04
		(Epoch 07/08) Block Loss: 3.0966e-04
		(Epoch 08/08) Block Loss: 3.0513e-04
	(2/3) Block 4/28, self_attn.q_proj | Initialization via ADMM...
		ADMM weight recon error: raw=557.2426, norm=0.2843, per_el=2.6571e-04, out_err=0.0591, ADMM time=1.77s
	(3/3) Block 4/28, self_attn.q_proj | Tuning Factorized Weights...
		(Epoch 01/08) Block Loss: 3.0659e-04
		(Epoch 02/08) Block Loss: 3.0579e-04
		(Epoch 03/08) Block Loss: 3.0547e-04
		(Epoch 04/08) Block Loss: 3.0519e-04
		(Epoch 05/08) Block Loss: 3.0502e-04
		(Epoch 06/08) Block Loss: 3.0486e-04
		(Epoch 07/08) Block Loss: 3.0478e-04
		(Epoch 08/08) Block Loss: 3.0474e-04
	(1/3) Block 4/28, self_attn.v_proj | Tuning Non-Factorized Weights...
		(Epoch 01/08) Block Loss: 2.7516e-04
		(Epoch 02/08) Block Loss: 1.9711e-04
		(Epoch 03/08) Block Loss: 1.3043e-04
		(Epoch 04/08) Block Loss: 8.4106e-05
		(Epoch 05/08) Block Loss: 6.0606e-05
		(Epoch 06/08) Block Loss: 5.1600e-05
		(Epoch 07/08) Block Loss: 4.8567e-05
		(Epoch 08/08) Block Loss: 4.7644e-05
	(2/3) Block 4/28, self_attn.v_proj | Initialization via ADMM...
		ADMM weight recon error: raw=338.5569, norm=0.3319, per_el=3.2287e-04, out_err=0.2455, ADMM time=1.31s
	(3/3) Block 4/28, self_attn.v_proj | Tuning Factorized Weights...
		(Epoch 01/08) Block Loss: 5.3323e-05
		(Epoch 02/08) Block Loss: 5.1266e-05
		(Epoch 03/08) Block Loss: 4.9973e-05
		(Epoch 04/08) Block Loss: 4.9431e-05
		(Epoch 05/08) Block Loss: 4.9051e-05
		(Epoch 06/08) Block Loss: 4.8804e-05
		(Epoch 07/08) Block Loss: 4.8651e-05
		(Epoch 08/08) Block Loss: 4.8559e-05
	(1/3) Block 4/28, self_attn.o_proj | Tuning Non-Factorized Weights...
		(Epoch 01/08) Block Loss: 4.3017e-05
		(Epoch 02/08) Block Loss: 3.6073e-05
		(Epoch 03/08) Block Loss: 3.3517e-05
		(Epoch 04/08) Block Loss: 3.2418e-05
		(Epoch 05/08) Block Loss: 3.0934e-05
		(Epoch 06/08) Block Loss: 3.0184e-05
		(Epoch 07/08) Block Loss: 2.9825e-05
		(Epoch 08/08) Block Loss: 2.9740e-05
	(2/3) Block 4/28, self_attn.o_proj | Initialization via ADMM...
		ADMM weight recon error: raw=516.7212, norm=0.2949, per_el=2.4639e-04, out_err=0.1557, ADMM time=1.53s
	(3/3) Block 4/28, self_attn.o_proj | Tuning Factorized Weights...
		(Epoch 01/08) Block Loss: 3.8776e-05
		(Epoch 02/08) Block Loss: 3.3751e-05
		(Epoch 03/08) Block Loss: 3.3023e-05
		(Epoch 04/08) Block Loss: 3.2763e-05
		(Epoch 05/08) Block Loss: 3.2605e-05
		(Epoch 06/08) Block Loss: 3.2473e-05
		(Epoch 07/08) Block Loss: 3.2372e-05
		(Epoch 08/08) Block Loss: 3.2097e-05
	(1/3) Block 4/28, self_attn.k_proj | Tuning Non-Factorized Weights...
		(Epoch 01/08) Block Loss: 3.1445e-05
		(Epoch 02/08) Block Loss: 3.0210e-05
		(Epoch 03/08) Block Loss: 2.9492e-05
		(Epoch 04/08) Block Loss: 2.9062e-05
		(Epoch 05/08) Block Loss: 2.8691e-05
		(Epoch 06/08) Block Loss: 2.8482e-05
		(Epoch 07/08) Block Loss: 2.8304e-05
		(Epoch 08/08) Block Loss: 2.8257e-05
	(2/3) Block 4/28, self_attn.k_proj | Initialization via ADMM...
		ADMM weight recon error: raw=269.9633, norm=0.3013, per_el=2.5746e-04, out_err=0.0942, ADMM time=1.47s
	(3/3) Block 4/28, self_attn.k_proj | Tuning Factorized Weights...
		(Epoch 01/08) Block Loss: 2.9416e-05
		(Epoch 02/08) Block Loss: 2.9070e-05
		(Epoch 03/08) Block Loss: 2.8942e-05
		(Epoch 04/08) Block Loss: 2.8884e-05
		(Epoch 05/08) Block Loss: 2.8838e-05
		(Epoch 06/08) Block Loss: 2.8801e-05
		(Epoch 07/08) Block Loss: 2.8787e-05
		(Epoch 08/08) Block Loss: 2.8777e-05
	(1/3) Block 4/28, mlp.gate_proj | Tuning Non-Factorized Weights...
		(Epoch 01/08) Block Loss: 2.9040e-05
		(Epoch 02/08) Block Loss: 2.8518e-05
		(Epoch 03/08) Block Loss: 2.8095e-05
		(Epoch 04/08) Block Loss: 2.7865e-05
		(Epoch 05/08) Block Loss: 2.7624e-05
		(Epoch 06/08) Block Loss: 2.7496e-05
		(Epoch 07/08) Block Loss: 2.7357e-05
		(Epoch 08/08) Block Loss: 2.7320e-05
	(2/3) Block 4/28, mlp.gate_proj | Initialization via ADMM...
		ADMM weight recon error: raw=1795.7927, norm=0.3301, per_el=5.7087e-04, out_err=0.0404, ADMM time=2.14s
	(3/3) Block 4/28, mlp.gate_proj | Tuning Factorized Weights...
		(Epoch 01/08) Block Loss: 3.7198e-05
		(Epoch 02/08) Block Loss: 3.4243e-05
		(Epoch 03/08) Block Loss: 3.3369e-05
		(Epoch 04/08) Block Loss: 3.2969e-05
		(Epoch 05/08) Block Loss: 3.2724e-05
		(Epoch 06/08) Block Loss: 3.2617e-05
		(Epoch 07/08) Block Loss: 3.2499e-05
		(Epoch 08/08) Block Loss: 3.2326e-05
Token indices sequence length is longer than the specified maximum sequence length for this model (299078 > 131072). Running this sequence through the model will result in indexing errors
Compressing Layers:  14%|███████████████▍                                                                                            | 4/28 [06:35<39:15, 98.14s/it]	(1/3) Block 4/28, mlp.up_proj | Tuning Non-Factorized Weights...
		(Epoch 01/08) Block Loss: 3.1738e-05
		(Epoch 02/08) Block Loss: 3.0991e-05
		(Epoch 03/08) Block Loss: 3.0535e-05
		(Epoch 04/08) Block Loss: 3.0290e-05
		(Epoch 05/08) Block Loss: 3.0057e-05
		(Epoch 06/08) Block Loss: 2.9931e-05
		(Epoch 07/08) Block Loss: 2.9832e-05
		(Epoch 08/08) Block Loss: 2.9799e-05
	(2/3) Block 4/28, mlp.up_proj | Initialization via ADMM...
		ADMM weight recon error: raw=734.9862, norm=0.3305, per_el=2.3365e-04, out_err=0.2054, ADMM time=2.27s
	(3/3) Block 4/28, mlp.up_proj | Tuning Factorized Weights...
		(Epoch 01/08) Block Loss: 4.3743e-05
		(Epoch 02/08) Block Loss: 4.0591e-05
		(Epoch 03/08) Block Loss: 3.9722e-05
		(Epoch 04/08) Block Loss: 3.9336e-05
		(Epoch 05/08) Block Loss: 3.9135e-05
		(Epoch 06/08) Block Loss: 3.8994e-05
		(Epoch 07/08) Block Loss: 3.8845e-05
		(Epoch 08/08) Block Loss: 3.8434e-05
	(1/3) Block 4/28, mlp.down_proj | Tuning Non-Factorized Weights...
		(Epoch 01/08) Block Loss: 3.6968e-05
		(Epoch 02/08) Block Loss: 3.5882e-05
		(Epoch 03/08) Block Loss: 3.5294e-05
		(Epoch 04/08) Block Loss: 3.4988e-05
		(Epoch 05/08) Block Loss: 3.4762e-05
		(Epoch 06/08) Block Loss: 3.4635e-05
		(Epoch 07/08) Block Loss: 3.4552e-05
		(Epoch 08/08) Block Loss: 3.4527e-05
	(2/3) Block 4/28, mlp.down_proj | Initialization via ADMM...
		ADMM weight recon error: raw=704.9875, norm=0.3313, per_el=2.2411e-04, out_err=0.2332, ADMM time=1.85s
	(3/3) Block 4/28, mlp.down_proj | Tuning Factorized Weights...
		(Epoch 01/08) Block Loss: 5.1872e-05
		(Epoch 02/08) Block Loss: 4.9677e-05
		(Epoch 03/08) Block Loss: 4.9488e-05
		(Epoch 04/08) Block Loss: 4.9798e-05
		(Epoch 05/08) Block Loss: 4.9630e-05
		(Epoch 06/08) Block Loss: 4.9566e-05
		(Epoch 07/08) Block Loss: 4.9686e-05
		(Epoch 08/08) Block Loss: 4.8901e-05
		Block 3: relative block output error = 0.0014
Using sequence length: 2048 (model max: 2048)
		Block 3: Test Data PPL        = 16.057
	(1/3) Block 5/28, self_attn.q_proj | Tuning Non-Factorized Weights...
		(Epoch 01/08) Block Loss: 3.6186e-05
		(Epoch 02/08) Block Loss: 3.2471e-05
		(Epoch 03/08) Block Loss: 3.0492e-05
		(Epoch 04/08) Block Loss: 2.9322e-05
		(Epoch 05/08) Block Loss: 2.8557e-05
		(Epoch 06/08) Block Loss: 2.8091e-05
		(Epoch 07/08) Block Loss: 2.7847e-05
		(Epoch 08/08) Block Loss: 2.7758e-05
	(2/3) Block 5/28, self_attn.q_proj | Initialization via ADMM...
		ADMM weight recon error: raw=579.0938, norm=0.3120, per_el=2.7613e-04, out_err=0.0705, ADMM time=1.69s
	(3/3) Block 5/28, self_attn.q_proj | Tuning Factorized Weights...
		(Epoch 01/08) Block Loss: 2.9430e-05
		(Epoch 02/08) Block Loss: 2.8750e-05
		(Epoch 03/08) Block Loss: 2.8584e-05
		(Epoch 04/08) Block Loss: 2.8489e-05
		(Epoch 05/08) Block Loss: 2.8425e-05
		(Epoch 06/08) Block Loss: 2.8386e-05
		(Epoch 07/08) Block Loss: 2.8358e-05
		(Epoch 08/08) Block Loss: 2.8338e-05
	(1/3) Block 5/28, self_attn.v_proj | Tuning Non-Factorized Weights...
		(Epoch 01/08) Block Loss: 2.8319e-05
		(Epoch 02/08) Block Loss: 2.7270e-05
		(Epoch 03/08) Block Loss: 2.6485e-05
		(Epoch 04/08) Block Loss: 2.5934e-05
		(Epoch 05/08) Block Loss: 2.5548e-05
		(Epoch 06/08) Block Loss: 2.5291e-05
		(Epoch 07/08) Block Loss: 2.5150e-05
		(Epoch 08/08) Block Loss: 2.5094e-05
	(2/3) Block 5/28, self_attn.v_proj | Initialization via ADMM...
		ADMM weight recon error: raw=346.4887, norm=0.3686, per_el=3.3044e-04, out_err=0.2931, ADMM time=1.69s
	(3/3) Block 5/28, self_attn.v_proj | Tuning Factorized Weights...
		(Epoch 01/08) Block Loss: 3.1384e-05
		(Epoch 02/08) Block Loss: 3.0146e-05
		(Epoch 03/08) Block Loss: 2.9613e-05
		(Epoch 04/08) Block Loss: 2.9340e-05
		(Epoch 05/08) Block Loss: 2.9191e-05
		(Epoch 06/08) Block Loss: 2.9103e-05
		(Epoch 07/08) Block Loss: 2.9049e-05
		(Epoch 08/08) Block Loss: 2.8999e-05
	(1/3) Block 5/28, self_attn.o_proj | Tuning Non-Factorized Weights...
		(Epoch 01/08) Block Loss: 2.7992e-05
		(Epoch 02/08) Block Loss: 2.6763e-05
		(Epoch 03/08) Block Loss: 2.6138e-05
		(Epoch 04/08) Block Loss: 2.5729e-05
		(Epoch 05/08) Block Loss: 2.5440e-05
		(Epoch 06/08) Block Loss: 2.5230e-05
		(Epoch 07/08) Block Loss: 2.5114e-05
		(Epoch 08/08) Block Loss: 2.5067e-05
	(2/3) Block 5/28, self_attn.o_proj | Initialization via ADMM...
		ADMM weight recon error: raw=526.7377, norm=0.3325, per_el=2.5117e-04, out_err=0.2820, ADMM time=1.86s
	(3/3) Block 5/28, self_attn.o_proj | Tuning Factorized Weights...
		(Epoch 01/08) Block Loss: 2.9952e-05
		(Epoch 02/08) Block Loss: 2.9056e-05
		(Epoch 03/08) Block Loss: 2.8744e-05
		(Epoch 04/08) Block Loss: 2.8696e-05
		(Epoch 05/08) Block Loss: 2.8627e-05
		(Epoch 06/08) Block Loss: 2.8560e-05
		(Epoch 07/08) Block Loss: 2.8517e-05
		(Epoch 08/08) Block Loss: 2.8262e-05
	(1/3) Block 5/28, self_attn.k_proj | Tuning Non-Factorized Weights...
		(Epoch 01/08) Block Loss: 2.7517e-05
		(Epoch 02/08) Block Loss: 2.6611e-05
		(Epoch 03/08) Block Loss: 2.6153e-05
		(Epoch 04/08) Block Loss: 2.5858e-05
		(Epoch 05/08) Block Loss: 2.5633e-05
		(Epoch 06/08) Block Loss: 2.5483e-05
		(Epoch 07/08) Block Loss: 2.5396e-05
		(Epoch 08/08) Block Loss: 2.5359e-05
	(2/3) Block 5/28, self_attn.k_proj | Initialization via ADMM...
		ADMM weight recon error: raw=268.1352, norm=0.3103, per_el=2.5571e-04, out_err=0.0671, ADMM time=1.60s
	(3/3) Block 5/28, self_attn.k_proj | Tuning Factorized Weights...
		(Epoch 01/08) Block Loss: 2.6480e-05
		(Epoch 02/08) Block Loss: 2.6065e-05
		(Epoch 03/08) Block Loss: 2.5971e-05
		(Epoch 04/08) Block Loss: 2.5919e-05
		(Epoch 05/08) Block Loss: 2.5885e-05
		(Epoch 06/08) Block Loss: 2.5865e-05
		(Epoch 07/08) Block Loss: 2.5851e-05
		(Epoch 08/08) Block Loss: 2.5841e-05
	(1/3) Block 5/28, mlp.gate_proj | Tuning Non-Factorized Weights...
		(Epoch 01/08) Block Loss: 2.5988e-05
		(Epoch 02/08) Block Loss: 2.5573e-05
		(Epoch 03/08) Block Loss: 2.5309e-05
		(Epoch 04/08) Block Loss: 2.5127e-05
		(Epoch 05/08) Block Loss: 2.4971e-05
		(Epoch 06/08) Block Loss: 2.4866e-05
		(Epoch 07/08) Block Loss: 2.4800e-05
		(Epoch 08/08) Block Loss: 2.4771e-05
	(2/3) Block 5/28, mlp.gate_proj | Initialization via ADMM...
		ADMM weight recon error: raw=1571.7112, norm=0.3411, per_el=4.9963e-04, out_err=0.0513, ADMM time=2.36s
	(3/3) Block 5/28, mlp.gate_proj | Tuning Factorized Weights...
		(Epoch 01/08) Block Loss: 3.3900e-05
		(Epoch 02/08) Block Loss: 3.1212e-05
		(Epoch 03/08) Block Loss: 3.0459e-05
		(Epoch 04/08) Block Loss: 3.0150e-05
		(Epoch 05/08) Block Loss: 2.9998e-05
		(Epoch 06/08) Block Loss: 2.9892e-05
		(Epoch 07/08) Block Loss: 2.9796e-05
		(Epoch 08/08) Block Loss: 2.9627e-05
	(1/3) Block 5/28, mlp.up_proj | Tuning Non-Factorized Weights...
		(Epoch 01/08) Block Loss: 2.8900e-05
		(Epoch 02/08) Block Loss: 2.8187e-05
		(Epoch 03/08) Block Loss: 2.7840e-05
		(Epoch 04/08) Block Loss: 2.7632e-05
		(Epoch 05/08) Block Loss: 2.7472e-05
		(Epoch 06/08) Block Loss: 2.7371e-05
		(Epoch 07/08) Block Loss: 2.7310e-05
		(Epoch 08/08) Block Loss: 2.7284e-05
	(2/3) Block 5/28, mlp.up_proj | Initialization via ADMM...
		ADMM weight recon error: raw=745.7529, norm=0.3558, per_el=2.3707e-04, out_err=0.2529, ADMM time=2.12s
	(3/3) Block 5/28, mlp.up_proj | Tuning Factorized Weights...
		(Epoch 01/08) Block Loss: 4.0435e-05
		(Epoch 02/08) Block Loss: 3.7608e-05
		(Epoch 03/08) Block Loss: 3.6934e-05
		(Epoch 04/08) Block Loss: 3.6636e-05
		(Epoch 05/08) Block Loss: 3.6635e-05
		(Epoch 06/08) Block Loss: 3.6331e-05
		(Epoch 07/08) Block Loss: 3.6182e-05
		(Epoch 08/08) Block Loss: 3.5802e-05
	(1/3) Block 5/28, mlp.down_proj | Tuning Non-Factorized Weights...
		(Epoch 01/08) Block Loss: 3.4233e-05
		(Epoch 02/08) Block Loss: 3.3211e-05
		(Epoch 03/08) Block Loss: 3.2715e-05
		(Epoch 04/08) Block Loss: 3.2433e-05
		(Epoch 05/08) Block Loss: 3.2250e-05
		(Epoch 06/08) Block Loss: 3.2145e-05
		(Epoch 07/08) Block Loss: 3.2088e-05
		(Epoch 08/08) Block Loss: 3.2068e-05
	(2/3) Block 5/28, mlp.down_proj | Initialization via ADMM...
		ADMM weight recon error: raw=700.7484, norm=0.3476, per_el=2.2276e-04, out_err=0.2722, ADMM time=1.89s
	(3/3) Block 5/28, mlp.down_proj | Tuning Factorized Weights...
Token indices sequence length is longer than the specified maximum sequence length for this model (299078 > 131072). Running this sequence through the model will result in indexing errors
Compressing Layers:  18%|███████████████████▎                                                                                        | 5/28 [08:15<37:48, 98.62s/it]Token indices sequence length is longer than the specified maximum sequence length for this model (299078 > 131072). Running this sequence through the model will result in indexing errors
Compressing Layers:  21%|███████████████████████▏                                                                                    | 6/28 [09:51<35:53, 97.89s/it]		(Epoch 01/08) Block Loss: 4.9848e-05
		(Epoch 02/08) Block Loss: 4.8482e-05
		(Epoch 03/08) Block Loss: 4.8327e-05
		(Epoch 04/08) Block Loss: 4.8433e-05
		(Epoch 05/08) Block Loss: 4.8493e-05
		(Epoch 06/08) Block Loss: 4.8459e-05
		(Epoch 07/08) Block Loss: 4.8355e-05
		(Epoch 08/08) Block Loss: 4.7813e-05
		Block 4: relative block output error = 0.0017
Using sequence length: 2048 (model max: 2048)
		Block 4: Test Data PPL        = 16.160
	(1/3) Block 6/28, self_attn.q_proj | Tuning Non-Factorized Weights...
		(Epoch 01/08) Block Loss: 3.6380e-05
		(Epoch 02/08) Block Loss: 3.2811e-05
		(Epoch 03/08) Block Loss: 3.1099e-05
		(Epoch 04/08) Block Loss: 3.0090e-05
		(Epoch 05/08) Block Loss: 2.9411e-05
		(Epoch 06/08) Block Loss: 2.9000e-05
		(Epoch 07/08) Block Loss: 2.8783e-05
		(Epoch 08/08) Block Loss: 2.8706e-05
	(2/3) Block 6/28, self_attn.q_proj | Initialization via ADMM...
		ADMM weight recon error: raw=593.7485, norm=0.2969, per_el=2.8312e-04, out_err=0.0719, ADMM time=1.63s
	(3/3) Block 6/28, self_attn.q_proj | Tuning Factorized Weights...
		(Epoch 01/08) Block Loss: 3.0073e-05
		(Epoch 02/08) Block Loss: 2.9576e-05
		(Epoch 03/08) Block Loss: 2.9436e-05
		(Epoch 04/08) Block Loss: 2.9357e-05
		(Epoch 05/08) Block Loss: 2.9304e-05
		(Epoch 06/08) Block Loss: 2.9270e-05
		(Epoch 07/08) Block Loss: 2.9244e-05
		(Epoch 08/08) Block Loss: 2.9220e-05
	(1/3) Block 6/28, self_attn.v_proj | Tuning Non-Factorized Weights...
		(Epoch 01/08) Block Loss: 2.9153e-05
		(Epoch 02/08) Block Loss: 2.8146e-05
		(Epoch 03/08) Block Loss: 2.7482e-05
		(Epoch 04/08) Block Loss: 2.7029e-05
		(Epoch 05/08) Block Loss: 2.6685e-05
		(Epoch 06/08) Block Loss: 2.6466e-05
		(Epoch 07/08) Block Loss: 2.6342e-05
		(Epoch 08/08) Block Loss: 2.6292e-05
	(2/3) Block 6/28, self_attn.v_proj | Initialization via ADMM...
		ADMM weight recon error: raw=311.2091, norm=0.3653, per_el=2.9679e-04, out_err=0.2661, ADMM time=1.63s
	(3/3) Block 6/28, self_attn.v_proj | Tuning Factorized Weights...
		(Epoch 01/08) Block Loss: 3.1567e-05
		(Epoch 02/08) Block Loss: 3.0545e-05
		(Epoch 03/08) Block Loss: 3.0087e-05
		(Epoch 04/08) Block Loss: 2.9865e-05
		(Epoch 05/08) Block Loss: 2.9745e-05
		(Epoch 06/08) Block Loss: 2.9682e-05
		(Epoch 07/08) Block Loss: 2.9644e-05
		(Epoch 08/08) Block Loss: 2.9597e-05
	(1/3) Block 6/28, self_attn.o_proj | Tuning Non-Factorized Weights...
		(Epoch 01/08) Block Loss: 2.8767e-05
		(Epoch 02/08) Block Loss: 2.7733e-05
		(Epoch 03/08) Block Loss: 2.7202e-05
		(Epoch 04/08) Block Loss: 2.6853e-05
		(Epoch 05/08) Block Loss: 2.6588e-05
		(Epoch 06/08) Block Loss: 2.6417e-05
		(Epoch 07/08) Block Loss: 2.6318e-05
		(Epoch 08/08) Block Loss: 2.6278e-05
	(2/3) Block 6/28, self_attn.o_proj | Initialization via ADMM...
		ADMM weight recon error: raw=545.3823, norm=0.3478, per_el=2.6006e-04, out_err=0.2426, ADMM time=1.59s
	(3/3) Block 6/28, self_attn.o_proj | Tuning Factorized Weights...
		(Epoch 01/08) Block Loss: 3.1569e-05
		(Epoch 02/08) Block Loss: 3.0787e-05
		(Epoch 03/08) Block Loss: 3.0609e-05
		(Epoch 04/08) Block Loss: 3.0605e-05
		(Epoch 05/08) Block Loss: 3.0601e-05
		(Epoch 06/08) Block Loss: 3.0536e-05
		(Epoch 07/08) Block Loss: 3.0554e-05
		(Epoch 08/08) Block Loss: 3.0259e-05
	(1/3) Block 6/28, self_attn.k_proj | Tuning Non-Factorized Weights...
		(Epoch 01/08) Block Loss: 2.9178e-05
		(Epoch 02/08) Block Loss: 2.8239e-05
		(Epoch 03/08) Block Loss: 2.7780e-05
		(Epoch 04/08) Block Loss: 2.7492e-05
		(Epoch 05/08) Block Loss: 2.7276e-05
		(Epoch 06/08) Block Loss: 2.7138e-05
		(Epoch 07/08) Block Loss: 2.7057e-05
		(Epoch 08/08) Block Loss: 2.7024e-05
	(2/3) Block 6/28, self_attn.k_proj | Initialization via ADMM...
		ADMM weight recon error: raw=266.3494, norm=0.3156, per_el=2.5401e-04, out_err=0.0770, ADMM time=1.70s
	(3/3) Block 6/28, self_attn.k_proj | Tuning Factorized Weights...
		(Epoch 01/08) Block Loss: 2.7891e-05
		(Epoch 02/08) Block Loss: 2.7624e-05
		(Epoch 03/08) Block Loss: 2.7544e-05
		(Epoch 04/08) Block Loss: 2.7503e-05
		(Epoch 05/08) Block Loss: 2.7477e-05
		(Epoch 06/08) Block Loss: 2.7461e-05
		(Epoch 07/08) Block Loss: 2.7451e-05
		(Epoch 08/08) Block Loss: 2.7443e-05
	(1/3) Block 6/28, mlp.gate_proj | Tuning Non-Factorized Weights...
		(Epoch 01/08) Block Loss: 2.7570e-05
		(Epoch 02/08) Block Loss: 2.7199e-05
		(Epoch 03/08) Block Loss: 2.6957e-05
		(Epoch 04/08) Block Loss: 2.6791e-05
		(Epoch 05/08) Block Loss: 2.6649e-05
		(Epoch 06/08) Block Loss: 2.6555e-05
		(Epoch 07/08) Block Loss: 2.6495e-05
		(Epoch 08/08) Block Loss: 2.6468e-05
	(2/3) Block 6/28, mlp.gate_proj | Initialization via ADMM...
		ADMM weight recon error: raw=1254.5989, norm=0.3351, per_el=3.9883e-04, out_err=0.0770, ADMM time=2.13s
	(3/3) Block 6/28, mlp.gate_proj | Tuning Factorized Weights...
		(Epoch 01/08) Block Loss: 3.4123e-05
		(Epoch 02/08) Block Loss: 3.2442e-05
		(Epoch 03/08) Block Loss: 3.2019e-05
		(Epoch 04/08) Block Loss: 3.1859e-05
		(Epoch 05/08) Block Loss: 3.1771e-05
		(Epoch 06/08) Block Loss: 3.1705e-05
		(Epoch 07/08) Block Loss: 3.1617e-05
		(Epoch 08/08) Block Loss: 3.1383e-05
	(1/3) Block 6/28, mlp.up_proj | Tuning Non-Factorized Weights...
		(Epoch 01/08) Block Loss: 3.0517e-05
		(Epoch 02/08) Block Loss: 2.9853e-05
		(Epoch 03/08) Block Loss: 2.9526e-05
		(Epoch 04/08) Block Loss: 2.9328e-05
		(Epoch 05/08) Block Loss: 2.9178e-05
		(Epoch 06/08) Block Loss: 2.9083e-05
		(Epoch 07/08) Block Loss: 2.9027e-05
		(Epoch 08/08) Block Loss: 2.9004e-05
	(2/3) Block 6/28, mlp.up_proj | Initialization via ADMM...
		ADMM weight recon error: raw=832.6683, norm=0.3516, per_el=2.6470e-04, out_err=0.2577, ADMM time=1.97s
	(3/3) Block 6/28, mlp.up_proj | Tuning Factorized Weights...
		(Epoch 01/08) Block Loss: 4.0782e-05
		(Epoch 02/08) Block Loss: 3.8500e-05
		(Epoch 03/08) Block Loss: 3.7944e-05
		(Epoch 04/08) Block Loss: 3.7773e-05
		(Epoch 05/08) Block Loss: 3.7713e-05
		(Epoch 06/08) Block Loss: 3.7569e-05
		(Epoch 07/08) Block Loss: 3.7502e-05
		(Epoch 08/08) Block Loss: 3.7057e-05
	(1/3) Block 6/28, mlp.down_proj | Tuning Non-Factorized Weights...
		(Epoch 01/08) Block Loss: 3.5575e-05
		(Epoch 02/08) Block Loss: 3.4656e-05
		(Epoch 03/08) Block Loss: 3.4196e-05
		(Epoch 04/08) Block Loss: 3.3928e-05
		(Epoch 05/08) Block Loss: 3.3753e-05
		(Epoch 06/08) Block Loss: 3.3651e-05
		(Epoch 07/08) Block Loss: 3.3597e-05
		(Epoch 08/08) Block Loss: 3.3578e-05
	(2/3) Block 6/28, mlp.down_proj | Initialization via ADMM...
		ADMM weight recon error: raw=787.9963, norm=0.3444, per_el=2.5050e-04, out_err=0.2989, ADMM time=2.17s
	(3/3) Block 6/28, mlp.down_proj | Tuning Factorized Weights...
		(Epoch 01/08) Block Loss: 4.8221e-05
		(Epoch 02/08) Block Loss: 4.7038e-05
		(Epoch 03/08) Block Loss: 4.6838e-05
		(Epoch 04/08) Block Loss: 4.6848e-05
		(Epoch 05/08) Block Loss: 4.6870e-05
		(Epoch 06/08) Block Loss: 4.6798e-05
		(Epoch 07/08) Block Loss: 4.6700e-05
		(Epoch 08/08) Block Loss: 4.6182e-05
		Block 5: relative block output error = 0.0023
Using sequence length: 2048 (model max: 2048)
		Block 5: Test Data PPL        = 16.548
	(1/3) Block 7/28, self_attn.q_proj | Tuning Non-Factorized Weights...
		(Epoch 01/08) Block Loss: 3.0584e-05
		(Epoch 02/08) Block Loss: 2.8175e-05
		(Epoch 03/08) Block Loss: 2.7041e-05
		(Epoch 04/08) Block Loss: 2.6115e-05
		(Epoch 05/08) Block Loss: 2.5553e-05
		(Epoch 06/08) Block Loss: 2.5241e-05
		(Epoch 07/08) Block Loss: 2.5076e-05
		(Epoch 08/08) Block Loss: 2.5016e-05
	(2/3) Block 7/28, self_attn.q_proj | Initialization via ADMM...
		ADMM weight recon error: raw=475.6312, norm=0.2427, per_el=2.2680e-04, out_err=0.0514, ADMM time=1.72s
	(3/3) Block 7/28, self_attn.q_proj | Tuning Factorized Weights...
		(Epoch 01/08) Block Loss: 2.5868e-05
		(Epoch 02/08) Block Loss: 2.5603e-05
		(Epoch 03/08) Block Loss: 2.5527e-05
		(Epoch 04/08) Block Loss: 2.5486e-05
		(Epoch 05/08) Block Loss: 2.5456e-05
		(Epoch 06/08) Block Loss: 2.5433e-05
		(Epoch 07/08) Block Loss: 2.5413e-05
		(Epoch 08/08) Block Loss: 2.5397e-05
	(1/3) Block 7/28, self_attn.v_proj | Tuning Non-Factorized Weights...
		(Epoch 01/08) Block Loss: 2.5392e-05
		(Epoch 02/08) Block Loss: 2.4765e-05
Token indices sequence length is longer than the specified maximum sequence length for this model (299078 > 131072). Running this sequence through the model will result in indexing errors
Compressing Layers:  25%|███████████████████████████                                                                                 | 7/28 [11:29<34:17, 97.96s/it]		(Epoch 03/08) Block Loss: 2.4258e-05
		(Epoch 04/08) Block Loss: 2.3801e-05
		(Epoch 05/08) Block Loss: 2.3518e-05
		(Epoch 06/08) Block Loss: 2.3342e-05
		(Epoch 07/08) Block Loss: 2.3243e-05
		(Epoch 08/08) Block Loss: 2.3205e-05
	(2/3) Block 7/28, self_attn.v_proj | Initialization via ADMM...
		ADMM weight recon error: raw=305.0999, norm=0.3564, per_el=2.9097e-04, out_err=0.2896, ADMM time=1.85s
	(3/3) Block 7/28, self_attn.v_proj | Tuning Factorized Weights...
		(Epoch 01/08) Block Loss: 2.7172e-05
		(Epoch 02/08) Block Loss: 2.6144e-05
		(Epoch 03/08) Block Loss: 2.5803e-05
		(Epoch 04/08) Block Loss: 2.5610e-05
		(Epoch 05/08) Block Loss: 2.5515e-05
		(Epoch 06/08) Block Loss: 2.5467e-05
		(Epoch 07/08) Block Loss: 2.5431e-05
		(Epoch 08/08) Block Loss: 2.5391e-05
	(1/3) Block 7/28, self_attn.o_proj | Tuning Non-Factorized Weights...
		(Epoch 01/08) Block Loss: 2.4908e-05
		(Epoch 02/08) Block Loss: 2.4166e-05
		(Epoch 03/08) Block Loss: 2.3818e-05
		(Epoch 04/08) Block Loss: 2.3481e-05
		(Epoch 05/08) Block Loss: 2.3266e-05
		(Epoch 06/08) Block Loss: 2.3129e-05
		(Epoch 07/08) Block Loss: 2.3050e-05
		(Epoch 08/08) Block Loss: 2.3018e-05
	(2/3) Block 7/28, self_attn.o_proj | Initialization via ADMM...
		ADMM weight recon error: raw=438.1719, norm=0.3222, per_el=2.0894e-04, out_err=0.1965, ADMM time=1.70s
	(3/3) Block 7/28, self_attn.o_proj | Tuning Factorized Weights...
		(Epoch 01/08) Block Loss: 2.5775e-05
		(Epoch 02/08) Block Loss: 2.5261e-05
		(Epoch 03/08) Block Loss: 2.5158e-05
		(Epoch 04/08) Block Loss: 2.5106e-05
		(Epoch 05/08) Block Loss: 2.5149e-05
		(Epoch 06/08) Block Loss: 2.5010e-05
		(Epoch 07/08) Block Loss: 2.4986e-05
		(Epoch 08/08) Block Loss: 2.4828e-05
	(1/3) Block 7/28, self_attn.k_proj | Tuning Non-Factorized Weights...
		(Epoch 01/08) Block Loss: 2.4475e-05
		(Epoch 02/08) Block Loss: 2.3923e-05
		(Epoch 03/08) Block Loss: 2.3628e-05
		(Epoch 04/08) Block Loss: 2.3426e-05
		(Epoch 05/08) Block Loss: 2.3271e-05
		(Epoch 06/08) Block Loss: 2.3171e-05
		(Epoch 07/08) Block Loss: 2.3110e-05
		(Epoch 08/08) Block Loss: 2.3084e-05
	(2/3) Block 7/28, self_attn.k_proj | Initialization via ADMM...
		ADMM weight recon error: raw=226.0840, norm=0.2717, per_el=2.1561e-04, out_err=0.0780, ADMM time=1.51s
	(3/3) Block 7/28, self_attn.k_proj | Tuning Factorized Weights...
		(Epoch 01/08) Block Loss: 2.3595e-05
		(Epoch 02/08) Block Loss: 2.3485e-05
		(Epoch 03/08) Block Loss: 2.3446e-05
		(Epoch 04/08) Block Loss: 2.3423e-05
		(Epoch 05/08) Block Loss: 2.3410e-05
		(Epoch 06/08) Block Loss: 2.3400e-05
		(Epoch 07/08) Block Loss: 2.3391e-05
		(Epoch 08/08) Block Loss: 2.3382e-05
	(1/3) Block 7/28, mlp.gate_proj | Tuning Non-Factorized Weights...
		(Epoch 01/08) Block Loss: 2.3516e-05
		(Epoch 02/08) Block Loss: 2.3242e-05
		(Epoch 03/08) Block Loss: 2.3065e-05
		(Epoch 04/08) Block Loss: 2.2938e-05
		(Epoch 05/08) Block Loss: 2.2830e-05
		(Epoch 06/08) Block Loss: 2.2756e-05
		(Epoch 07/08) Block Loss: 2.2710e-05
		(Epoch 08/08) Block Loss: 2.2688e-05
	(2/3) Block 7/28, mlp.gate_proj | Initialization via ADMM...
		ADMM weight recon error: raw=1203.8942, norm=0.3405, per_el=3.8271e-04, out_err=0.0681, ADMM time=2.14s
	(3/3) Block 7/28, mlp.gate_proj | Tuning Factorized Weights...
		(Epoch 01/08) Block Loss: 2.8281e-05
		(Epoch 02/08) Block Loss: 2.7173e-05
		(Epoch 03/08) Block Loss: 2.6856e-05
		(Epoch 04/08) Block Loss: 2.6738e-05
		(Epoch 05/08) Block Loss: 2.6689e-05
		(Epoch 06/08) Block Loss: 2.6633e-05
		(Epoch 07/08) Block Loss: 2.6567e-05
		(Epoch 08/08) Block Loss: 2.6379e-05
	(1/3) Block 7/28, mlp.up_proj | Tuning Non-Factorized Weights...
		(Epoch 01/08) Block Loss: 2.5797e-05
		(Epoch 02/08) Block Loss: 2.5304e-05
		(Epoch 03/08) Block Loss: 2.5060e-05
		(Epoch 04/08) Block Loss: 2.4912e-05
		(Epoch 05/08) Block Loss: 2.4799e-05
		(Epoch 06/08) Block Loss: 2.4727e-05
		(Epoch 07/08) Block Loss: 2.4684e-05
		(Epoch 08/08) Block Loss: 2.4666e-05
	(2/3) Block 7/28, mlp.up_proj | Initialization via ADMM...
		ADMM weight recon error: raw=840.8709, norm=0.3551, per_el=2.6731e-04, out_err=0.2641, ADMM time=2.33s
	(3/3) Block 7/28, mlp.up_proj | Tuning Factorized Weights...
		(Epoch 01/08) Block Loss: 3.3647e-05
		(Epoch 02/08) Block Loss: 3.2016e-05
		(Epoch 03/08) Block Loss: 3.1622e-05
		(Epoch 04/08) Block Loss: 3.1602e-05
		(Epoch 05/08) Block Loss: 3.1558e-05
		(Epoch 06/08) Block Loss: 3.1357e-05
		(Epoch 07/08) Block Loss: 3.1323e-05
		(Epoch 08/08) Block Loss: 3.0890e-05
	(1/3) Block 7/28, mlp.down_proj | Tuning Non-Factorized Weights...
		(Epoch 01/08) Block Loss: 2.9820e-05
		(Epoch 02/08) Block Loss: 2.9140e-05
		(Epoch 03/08) Block Loss: 2.8796e-05
		(Epoch 04/08) Block Loss: 2.8595e-05
		(Epoch 05/08) Block Loss: 2.8461e-05
		(Epoch 06/08) Block Loss: 2.8384e-05
		(Epoch 07/08) Block Loss: 2.8343e-05
		(Epoch 08/08) Block Loss: 2.8329e-05
	(2/3) Block 7/28, mlp.down_proj | Initialization via ADMM...
		ADMM weight recon error: raw=737.2616, norm=0.3315, per_el=2.3437e-04, out_err=0.2841, ADMM time=1.87s
	(3/3) Block 7/28, mlp.down_proj | Tuning Factorized Weights...
		(Epoch 01/08) Block Loss: 3.8597e-05
		(Epoch 02/08) Block Loss: 3.7818e-05
		(Epoch 03/08) Block Loss: 3.7723e-05
		(Epoch 04/08) Block Loss: 3.7759e-05
		(Epoch 05/08) Block Loss: 3.7767e-05
		(Epoch 06/08) Block Loss: 3.7716e-05
		(Epoch 07/08) Block Loss: 3.7655e-05
		(Epoch 08/08) Block Loss: 3.7240e-05
		Block 6: relative block output error = 0.0027
Using sequence length: 2048 (model max: 2048)
		Block 6: Test Data PPL        = 16.767
	(1/3) Block 8/28, self_attn.q_proj | Tuning Non-Factorized Weights...
		(Epoch 01/08) Block Loss: 3.9394e-05
		(Epoch 02/08) Block Loss: 3.6579e-05
		(Epoch 03/08) Block Loss: 3.5177e-05
		(Epoch 04/08) Block Loss: 3.4134e-05
		(Epoch 05/08) Block Loss: 3.3466e-05
		(Epoch 06/08) Block Loss: 3.3069e-05
		(Epoch 07/08) Block Loss: 3.2856e-05
		(Epoch 08/08) Block Loss: 3.2780e-05
	(2/3) Block 8/28, self_attn.q_proj | Initialization via ADMM...
		ADMM weight recon error: raw=527.2963, norm=0.2969, per_el=2.5143e-04, out_err=0.0694, ADMM time=1.66s
	(3/3) Block 8/28, self_attn.q_proj | Tuning Factorized Weights...
		(Epoch 01/08) Block Loss: 3.4173e-05
		(Epoch 02/08) Block Loss: 3.3624e-05
		(Epoch 03/08) Block Loss: 3.3487e-05
		(Epoch 04/08) Block Loss: 3.3404e-05
		(Epoch 05/08) Block Loss: 3.3345e-05
		(Epoch 06/08) Block Loss: 3.3302e-05
		(Epoch 07/08) Block Loss: 3.3273e-05
		(Epoch 08/08) Block Loss: 3.3247e-05
	(1/3) Block 8/28, self_attn.v_proj | Tuning Non-Factorized Weights...
		(Epoch 01/08) Block Loss: 3.3276e-05
		(Epoch 02/08) Block Loss: 3.2345e-05
		(Epoch 03/08) Block Loss: 3.1758e-05
		(Epoch 04/08) Block Loss: 3.1245e-05
		(Epoch 05/08) Block Loss: 3.0905e-05
		(Epoch 06/08) Block Loss: 3.0686e-05
		(Epoch 07/08) Block Loss: 3.0560e-05
		(Epoch 08/08) Block Loss: 3.0512e-05
	(2/3) Block 8/28, self_attn.v_proj | Initialization via ADMM...
		ADMM weight recon error: raw=289.9655, norm=0.3519, per_el=2.7653e-04, out_err=0.2893, ADMM time=1.69s
	(3/3) Block 8/28, self_attn.v_proj | Tuning Factorized Weights...
		(Epoch 01/08) Block Loss: 3.6375e-05
		(Epoch 02/08) Block Loss: 3.5236e-05
		(Epoch 03/08) Block Loss: 3.4790e-05
		(Epoch 04/08) Block Loss: 3.4545e-05
		(Epoch 05/08) Block Loss: 3.4415e-05
		(Epoch 06/08) Block Loss: 3.4344e-05
		(Epoch 07/08) Block Loss: 3.4307e-05
		(Epoch 08/08) Block Loss: 3.4230e-05
	(1/3) Block 8/28, self_attn.o_proj | Tuning Non-Factorized Weights...
		(Epoch 01/08) Block Loss: 3.3351e-05
		(Epoch 02/08) Block Loss: 3.2230e-05
		(Epoch 03/08) Block Loss: 3.1687e-05
		(Epoch 04/08) Block Loss: 3.1312e-05
		(Epoch 05/08) Block Loss: 3.1029e-05
		(Epoch 06/08) Block Loss: 3.0852e-05
		(Epoch 07/08) Block Loss: 3.0746e-05
		(Epoch 08/08) Block Loss: 3.0705e-05
	(2/3) Block 8/28, self_attn.o_proj | Initialization via ADMM...
		ADMM weight recon error: raw=432.2891, norm=0.3123, per_el=2.0613e-04, out_err=0.2874, ADMM time=1.87s
	(3/3) Block 8/28, self_attn.o_proj | Tuning Factorized Weights...
		(Epoch 01/08) Block Loss: 3.5511e-05
		(Epoch 02/08) Block Loss: 3.4735e-05
		(Epoch 03/08) Block Loss: 3.4497e-05
		(Epoch 04/08) Block Loss: 3.4385e-05
Token indices sequence length is longer than the specified maximum sequence length for this model (299078 > 131072). Running this sequence through the model will result in indexing errors
Compressing Layers:  29%|██████████████████████████████▊                                                                             | 8/28 [13:08<32:47, 98.35s/it]		(Epoch 05/08) Block Loss: 3.4364e-05
		(Epoch 06/08) Block Loss: 3.4295e-05
		(Epoch 07/08) Block Loss: 3.4183e-05
		(Epoch 08/08) Block Loss: 3.3991e-05
	(1/3) Block 8/28, self_attn.k_proj | Tuning Non-Factorized Weights...
		(Epoch 01/08) Block Loss: 3.3252e-05
		(Epoch 02/08) Block Loss: 3.2397e-05
		(Epoch 03/08) Block Loss: 3.1972e-05
		(Epoch 04/08) Block Loss: 3.1696e-05
		(Epoch 05/08) Block Loss: 3.1488e-05
		(Epoch 06/08) Block Loss: 3.1354e-05
		(Epoch 07/08) Block Loss: 3.1274e-05
		(Epoch 08/08) Block Loss: 3.1241e-05
	(2/3) Block 8/28, self_attn.k_proj | Initialization via ADMM...
		ADMM weight recon error: raw=232.0123, norm=0.3085, per_el=2.2126e-04, out_err=0.0794, ADMM time=1.54s
	(3/3) Block 8/28, self_attn.k_proj | Tuning Factorized Weights...
		(Epoch 01/08) Block Loss: 3.2301e-05
		(Epoch 02/08) Block Loss: 3.1873e-05
		(Epoch 03/08) Block Loss: 3.1793e-05
		(Epoch 04/08) Block Loss: 3.1748e-05
		(Epoch 05/08) Block Loss: 3.1722e-05
		(Epoch 06/08) Block Loss: 3.1705e-05
		(Epoch 07/08) Block Loss: 3.1694e-05
		(Epoch 08/08) Block Loss: 3.1686e-05
	(1/3) Block 8/28, mlp.gate_proj | Tuning Non-Factorized Weights...
		(Epoch 01/08) Block Loss: 3.1829e-05
		(Epoch 02/08) Block Loss: 3.1466e-05
		(Epoch 03/08) Block Loss: 3.1236e-05
		(Epoch 04/08) Block Loss: 3.1072e-05
		(Epoch 05/08) Block Loss: 3.0934e-05
		(Epoch 06/08) Block Loss: 3.0841e-05
		(Epoch 07/08) Block Loss: 3.0781e-05
		(Epoch 08/08) Block Loss: 3.0755e-05
	(2/3) Block 8/28, mlp.gate_proj | Initialization via ADMM...
		ADMM weight recon error: raw=1152.7089, norm=0.3275, per_el=3.6644e-04, out_err=0.0677, ADMM time=2.36s
	(3/3) Block 8/28, mlp.gate_proj | Tuning Factorized Weights...
		(Epoch 01/08) Block Loss: 3.6929e-05
		(Epoch 02/08) Block Loss: 3.5848e-05
		(Epoch 03/08) Block Loss: 3.5540e-05
		(Epoch 04/08) Block Loss: 3.5417e-05
		(Epoch 05/08) Block Loss: 3.5357e-05
		(Epoch 06/08) Block Loss: 3.5273e-05
		(Epoch 07/08) Block Loss: 3.5178e-05
		(Epoch 08/08) Block Loss: 3.4970e-05
	(1/3) Block 8/28, mlp.up_proj | Tuning Non-Factorized Weights...
		(Epoch 01/08) Block Loss: 3.4338e-05
		(Epoch 02/08) Block Loss: 3.3782e-05
		(Epoch 03/08) Block Loss: 3.3501e-05
		(Epoch 04/08) Block Loss: 3.3326e-05
		(Epoch 05/08) Block Loss: 3.3191e-05
		(Epoch 06/08) Block Loss: 3.3105e-05
		(Epoch 07/08) Block Loss: 3.3052e-05
		(Epoch 08/08) Block Loss: 3.3030e-05
	(2/3) Block 8/28, mlp.up_proj | Initialization via ADMM...
		ADMM weight recon error: raw=824.4775, norm=0.3505, per_el=2.6209e-04, out_err=0.2500, ADMM time=2.12s
	(3/3) Block 8/28, mlp.up_proj | Tuning Factorized Weights...
		(Epoch 01/08) Block Loss: 4.3608e-05
		(Epoch 02/08) Block Loss: 4.1774e-05
		(Epoch 03/08) Block Loss: 4.1318e-05
		(Epoch 04/08) Block Loss: 4.1149e-05
		(Epoch 05/08) Block Loss: 4.1173e-05
		(Epoch 06/08) Block Loss: 4.0882e-05
		(Epoch 07/08) Block Loss: 4.0871e-05
		(Epoch 08/08) Block Loss: 4.0408e-05
	(1/3) Block 8/28, mlp.down_proj | Tuning Non-Factorized Weights...
		(Epoch 01/08) Block Loss: 3.9226e-05
		(Epoch 02/08) Block Loss: 3.8433e-05
		(Epoch 03/08) Block Loss: 3.8023e-05
		(Epoch 04/08) Block Loss: 3.7781e-05
		(Epoch 05/08) Block Loss: 3.7621e-05
		(Epoch 06/08) Block Loss: 3.7528e-05
		(Epoch 07/08) Block Loss: 3.7479e-05
		(Epoch 08/08) Block Loss: 3.7461e-05
	(2/3) Block 8/28, mlp.down_proj | Initialization via ADMM...
		ADMM weight recon error: raw=718.4008, norm=0.3326, per_el=2.2837e-04, out_err=0.2726, ADMM time=2.33s
	(3/3) Block 8/28, mlp.down_proj | Tuning Factorized Weights...
		(Epoch 01/08) Block Loss: 4.9237e-05
		(Epoch 02/08) Block Loss: 4.8368e-05
		(Epoch 03/08) Block Loss: 4.8554e-05
		(Epoch 04/08) Block Loss: 4.8535e-05
		(Epoch 05/08) Block Loss: 4.8822e-05
		(Epoch 06/08) Block Loss: 4.8362e-05
		(Epoch 07/08) Block Loss: 4.8262e-05
		(Epoch 08/08) Block Loss: 4.7698e-05
		Block 7: relative block output error = 0.0031
Using sequence length: 2048 (model max: 2048)
		Block 7: Test Data PPL        = 16.890
	(1/3) Block 9/28, self_attn.q_proj | Tuning Non-Factorized Weights...
		(Epoch 01/08) Block Loss: 2.5969e-05
		(Epoch 02/08) Block Loss: 2.4169e-05
		(Epoch 03/08) Block Loss: 2.3264e-05
		(Epoch 04/08) Block Loss: 2.2680e-05
		(Epoch 05/08) Block Loss: 2.2290e-05
		(Epoch 06/08) Block Loss: 2.2056e-05
		(Epoch 07/08) Block Loss: 2.1929e-05
		(Epoch 08/08) Block Loss: 2.1883e-05
	(2/3) Block 9/28, self_attn.q_proj | Initialization via ADMM...
		ADMM weight recon error: raw=521.1631, norm=0.2692, per_el=2.4851e-04, out_err=0.0745, ADMM time=1.73s
	(3/3) Block 9/28, self_attn.q_proj | Tuning Factorized Weights...
		(Epoch 01/08) Block Loss: 2.2648e-05
		(Epoch 02/08) Block Loss: 2.2377e-05
		(Epoch 03/08) Block Loss: 2.2317e-05
		(Epoch 04/08) Block Loss: 2.2281e-05
		(Epoch 05/08) Block Loss: 2.2257e-05
		(Epoch 06/08) Block Loss: 2.2237e-05
		(Epoch 07/08) Block Loss: 2.2222e-05
		(Epoch 08/08) Block Loss: 2.2207e-05
	(1/3) Block 9/28, self_attn.v_proj | Tuning Non-Factorized Weights...
		(Epoch 01/08) Block Loss: 2.2208e-05
		(Epoch 02/08) Block Loss: 2.1624e-05
		(Epoch 03/08) Block Loss: 2.1250e-05
		(Epoch 04/08) Block Loss: 2.0962e-05
		(Epoch 05/08) Block Loss: 2.0750e-05
		(Epoch 06/08) Block Loss: 2.0617e-05
		(Epoch 07/08) Block Loss: 2.0541e-05
		(Epoch 08/08) Block Loss: 2.0511e-05
	(2/3) Block 9/28, self_attn.v_proj | Initialization via ADMM...
		ADMM weight recon error: raw=290.4779, norm=0.3542, per_el=2.7702e-04, out_err=0.2325, ADMM time=1.51s
	(3/3) Block 9/28, self_attn.v_proj | Tuning Factorized Weights...
		(Epoch 01/08) Block Loss: 2.3011e-05
		(Epoch 02/08) Block Loss: 2.2591e-05
		(Epoch 03/08) Block Loss: 2.2409e-05
		(Epoch 04/08) Block Loss: 2.2302e-05
		(Epoch 05/08) Block Loss: 2.2246e-05
		(Epoch 06/08) Block Loss: 2.2208e-05
		(Epoch 07/08) Block Loss: 2.2187e-05
		(Epoch 08/08) Block Loss: 2.2165e-05
	(1/3) Block 9/28, self_attn.o_proj | Tuning Non-Factorized Weights...
		(Epoch 01/08) Block Loss: 2.1827e-05
		(Epoch 02/08) Block Loss: 2.1247e-05
		(Epoch 03/08) Block Loss: 2.0935e-05
		(Epoch 04/08) Block Loss: 2.0725e-05
		(Epoch 05/08) Block Loss: 2.0564e-05
		(Epoch 06/08) Block Loss: 2.0461e-05
		(Epoch 07/08) Block Loss: 2.0399e-05
		(Epoch 08/08) Block Loss: 2.0373e-05
	(2/3) Block 9/28, self_attn.o_proj | Initialization via ADMM...
		ADMM weight recon error: raw=418.5832, norm=0.3152, per_el=1.9960e-04, out_err=0.2179, ADMM time=1.68s
	(3/3) Block 9/28, self_attn.o_proj | Tuning Factorized Weights...
		(Epoch 01/08) Block Loss: 2.2485e-05
		(Epoch 02/08) Block Loss: 2.2129e-05
		(Epoch 03/08) Block Loss: 2.2024e-05
		(Epoch 04/08) Block Loss: 2.2002e-05
		(Epoch 05/08) Block Loss: 2.2006e-05
		(Epoch 06/08) Block Loss: 2.1949e-05
		(Epoch 07/08) Block Loss: 2.1916e-05
		(Epoch 08/08) Block Loss: 2.1825e-05
	(1/3) Block 9/28, self_attn.k_proj | Tuning Non-Factorized Weights...
		(Epoch 01/08) Block Loss: 2.1537e-05
		(Epoch 02/08) Block Loss: 2.1119e-05
		(Epoch 03/08) Block Loss: 2.0897e-05
		(Epoch 04/08) Block Loss: 2.0748e-05
		(Epoch 05/08) Block Loss: 2.0629e-05
		(Epoch 06/08) Block Loss: 2.0552e-05
		(Epoch 07/08) Block Loss: 2.0505e-05
		(Epoch 08/08) Block Loss: 2.0485e-05
	(2/3) Block 9/28, self_attn.k_proj | Initialization via ADMM...
		ADMM weight recon error: raw=218.1080, norm=0.2754, per_el=2.0800e-04, out_err=0.0843, ADMM time=1.54s
	(3/3) Block 9/28, self_attn.k_proj | Tuning Factorized Weights...
		(Epoch 01/08) Block Loss: 2.0856e-05
		(Epoch 02/08) Block Loss: 2.0783e-05
		(Epoch 03/08) Block Loss: 2.0756e-05
		(Epoch 04/08) Block Loss: 2.0740e-05
		(Epoch 05/08) Block Loss: 2.0730e-05
		(Epoch 06/08) Block Loss: 2.0723e-05
		(Epoch 07/08) Block Loss: 2.0717e-05
		(Epoch 08/08) Block Loss: 2.0710e-05
	(1/3) Block 9/28, mlp.gate_proj | Tuning Non-Factorized Weights...
		(Epoch 01/08) Block Loss: 2.0817e-05
		(Epoch 02/08) Block Loss: 2.0606e-05
		(Epoch 03/08) Block Loss: 2.0472e-05
		(Epoch 04/08) Block Loss: 2.0375e-05
		(Epoch 05/08) Block Loss: 2.0292e-05
		(Epoch 06/08) Block Loss: 2.0235e-05
		(Epoch 07/08) Block Loss: 2.0199e-05
		(Epoch 08/08) Block Loss: 2.0183e-05
	(2/3) Block 9/28, mlp.gate_proj | Initialization via ADMM...
Token indices sequence length is longer than the specified maximum sequence length for this model (299078 > 131072). Running this sequence through the model will result in indexing errors
Compressing Layers:  32%|██████████████████████████████████▋                                                                         | 9/28 [14:45<30:57, 97.78s/it]		ADMM weight recon error: raw=1114.7743, norm=0.3271, per_el=3.5438e-04, out_err=0.0690, ADMM time=2.04s
	(3/3) Block 9/28, mlp.gate_proj | Tuning Factorized Weights...
		(Epoch 01/08) Block Loss: 2.3999e-05
		(Epoch 02/08) Block Loss: 2.3280e-05
		(Epoch 03/08) Block Loss: 2.3108e-05
		(Epoch 04/08) Block Loss: 2.3041e-05
		(Epoch 05/08) Block Loss: 2.3011e-05
		(Epoch 06/08) Block Loss: 2.2951e-05
		(Epoch 07/08) Block Loss: 2.2908e-05
		(Epoch 08/08) Block Loss: 2.2753e-05
	(1/3) Block 9/28, mlp.up_proj | Tuning Non-Factorized Weights...
		(Epoch 01/08) Block Loss: 2.2367e-05
		(Epoch 02/08) Block Loss: 2.2030e-05
		(Epoch 03/08) Block Loss: 2.1859e-05
		(Epoch 04/08) Block Loss: 2.1753e-05
		(Epoch 05/08) Block Loss: 2.1670e-05
		(Epoch 06/08) Block Loss: 2.1617e-05
		(Epoch 07/08) Block Loss: 2.1584e-05
		(Epoch 08/08) Block Loss: 2.1570e-05
	(2/3) Block 9/28, mlp.up_proj | Initialization via ADMM...
		ADMM weight recon error: raw=817.9796, norm=0.3502, per_el=2.6003e-04, out_err=0.2462, ADMM time=1.94s
	(3/3) Block 9/28, mlp.up_proj | Tuning Factorized Weights...
		(Epoch 01/08) Block Loss: 2.7548e-05
		(Epoch 02/08) Block Loss: 2.6562e-05
		(Epoch 03/08) Block Loss: 2.6363e-05
		(Epoch 04/08) Block Loss: 2.6288e-05
		(Epoch 05/08) Block Loss: 2.6329e-05
		(Epoch 06/08) Block Loss: 2.6114e-05
		(Epoch 07/08) Block Loss: 2.6072e-05
		(Epoch 08/08) Block Loss: 2.5816e-05
	(1/3) Block 9/28, mlp.down_proj | Tuning Non-Factorized Weights...
		(Epoch 01/08) Block Loss: 2.5144e-05
		(Epoch 02/08) Block Loss: 2.4710e-05
		(Epoch 03/08) Block Loss: 2.4484e-05
		(Epoch 04/08) Block Loss: 2.4349e-05
		(Epoch 05/08) Block Loss: 2.4257e-05
		(Epoch 06/08) Block Loss: 2.4204e-05
		(Epoch 07/08) Block Loss: 2.4175e-05
		(Epoch 08/08) Block Loss: 2.4164e-05
	(2/3) Block 9/28, mlp.down_proj | Initialization via ADMM...
		ADMM weight recon error: raw=710.3949, norm=0.3241, per_el=2.2583e-04, out_err=0.2799, ADMM time=2.17s
	(3/3) Block 9/28, mlp.down_proj | Tuning Factorized Weights...
		(Epoch 01/08) Block Loss: 3.0850e-05
		(Epoch 02/08) Block Loss: 3.0370e-05
		(Epoch 03/08) Block Loss: 3.0424e-05
		(Epoch 04/08) Block Loss: 3.0457e-05
		(Epoch 05/08) Block Loss: 3.0495e-05
		(Epoch 06/08) Block Loss: 3.0383e-05
		(Epoch 07/08) Block Loss: 3.0323e-05
		(Epoch 08/08) Block Loss: 3.0013e-05
		Block 8: relative block output error = 0.0036
Using sequence length: 2048 (model max: 2048)
		Block 8: Test Data PPL        = 17.003
	(1/3) Block 10/28, self_attn.q_proj | Tuning Non-Factorized Weights...
		(Epoch 01/08) Block Loss: 2.2720e-05
		(Epoch 02/08) Block Loss: 2.1428e-05
		(Epoch 03/08) Block Loss: 2.0860e-05
		(Epoch 04/08) Block Loss: 2.0241e-05
		(Epoch 05/08) Block Loss: 1.9927e-05
		(Epoch 06/08) Block Loss: 1.9737e-05
		(Epoch 07/08) Block Loss: 1.9631e-05
		(Epoch 08/08) Block Loss: 1.9592e-05
	(2/3) Block 10/28, self_attn.q_proj | Initialization via ADMM...
		ADMM weight recon error: raw=529.5816, norm=0.2747, per_el=2.5252e-04, out_err=0.0606, ADMM time=2.13s
	(3/3) Block 10/28, self_attn.q_proj | Tuning Factorized Weights...
		(Epoch 01/08) Block Loss: 2.0295e-05
		(Epoch 02/08) Block Loss: 2.0056e-05
		(Epoch 03/08) Block Loss: 1.9996e-05
		(Epoch 04/08) Block Loss: 1.9958e-05
		(Epoch 05/08) Block Loss: 1.9934e-05
		(Epoch 06/08) Block Loss: 1.9914e-05
		(Epoch 07/08) Block Loss: 1.9897e-05
		(Epoch 08/08) Block Loss: 1.9879e-05
	(1/3) Block 10/28, self_attn.v_proj | Tuning Non-Factorized Weights...
		(Epoch 01/08) Block Loss: 1.9959e-05
		(Epoch 02/08) Block Loss: 1.9493e-05
		(Epoch 03/08) Block Loss: 1.9168e-05
		(Epoch 04/08) Block Loss: 1.8926e-05
		(Epoch 05/08) Block Loss: 1.8742e-05
		(Epoch 06/08) Block Loss: 1.8623e-05
		(Epoch 07/08) Block Loss: 1.8553e-05
		(Epoch 08/08) Block Loss: 1.8526e-05
	(2/3) Block 10/28, self_attn.v_proj | Initialization via ADMM...
		ADMM weight recon error: raw=285.0508, norm=0.3636, per_el=2.7185e-04, out_err=0.3048, ADMM time=1.85s
	(3/3) Block 10/28, self_attn.v_proj | Tuning Factorized Weights...
		(Epoch 01/08) Block Loss: 2.2063e-05
		(Epoch 02/08) Block Loss: 2.1475e-05
		(Epoch 03/08) Block Loss: 2.1210e-05
		(Epoch 04/08) Block Loss: 2.1068e-05
		(Epoch 05/08) Block Loss: 2.1005e-05
		(Epoch 06/08) Block Loss: 2.0952e-05
		(Epoch 07/08) Block Loss: 2.0923e-05
		(Epoch 08/08) Block Loss: 2.0886e-05
	(1/3) Block 10/28, self_attn.o_proj | Tuning Non-Factorized Weights...
		(Epoch 01/08) Block Loss: 2.0311e-05
		(Epoch 02/08) Block Loss: 1.9656e-05
		(Epoch 03/08) Block Loss: 1.9345e-05
		(Epoch 04/08) Block Loss: 1.9131e-05
		(Epoch 05/08) Block Loss: 1.8971e-05
		(Epoch 06/08) Block Loss: 1.8867e-05
		(Epoch 07/08) Block Loss: 1.8809e-05
		(Epoch 08/08) Block Loss: 1.8785e-05
	(2/3) Block 10/28, self_attn.o_proj | Initialization via ADMM...
		ADMM weight recon error: raw=431.8467, norm=0.3175, per_el=2.0592e-04, out_err=0.2484, ADMM time=1.72s
	(3/3) Block 10/28, self_attn.o_proj | Tuning Factorized Weights...
		(Epoch 01/08) Block Loss: 2.1646e-05
		(Epoch 02/08) Block Loss: 2.1153e-05
		(Epoch 03/08) Block Loss: 2.0998e-05
		(Epoch 04/08) Block Loss: 2.0978e-05
		(Epoch 05/08) Block Loss: 2.0965e-05
		(Epoch 06/08) Block Loss: 2.0838e-05
		(Epoch 07/08) Block Loss: 2.0800e-05
		(Epoch 08/08) Block Loss: 2.0698e-05
	(1/3) Block 10/28, self_attn.k_proj | Tuning Non-Factorized Weights...
		(Epoch 01/08) Block Loss: 2.0267e-05
		(Epoch 02/08) Block Loss: 1.9769e-05
		(Epoch 03/08) Block Loss: 1.9527e-05
		(Epoch 04/08) Block Loss: 1.9363e-05
		(Epoch 05/08) Block Loss: 1.9242e-05
		(Epoch 06/08) Block Loss: 1.9163e-05
		(Epoch 07/08) Block Loss: 1.9117e-05
		(Epoch 08/08) Block Loss: 1.9098e-05
	(2/3) Block 10/28, self_attn.k_proj | Initialization via ADMM...
		ADMM weight recon error: raw=226.3202, norm=0.2916, per_el=2.1584e-04, out_err=0.0878, ADMM time=1.65s
	(3/3) Block 10/28, self_attn.k_proj | Tuning Factorized Weights...
		(Epoch 01/08) Block Loss: 1.9423e-05
		(Epoch 02/08) Block Loss: 1.9338e-05
		(Epoch 03/08) Block Loss: 1.9312e-05
		(Epoch 04/08) Block Loss: 1.9300e-05
		(Epoch 05/08) Block Loss: 1.9290e-05
		(Epoch 06/08) Block Loss: 1.9284e-05
		(Epoch 07/08) Block Loss: 1.9280e-05
		(Epoch 08/08) Block Loss: 1.9275e-05
	(1/3) Block 10/28, mlp.gate_proj | Tuning Non-Factorized Weights...
		(Epoch 01/08) Block Loss: 1.9370e-05
		(Epoch 02/08) Block Loss: 1.9166e-05
		(Epoch 03/08) Block Loss: 1.9035e-05
		(Epoch 04/08) Block Loss: 1.8937e-05
		(Epoch 05/08) Block Loss: 1.8857e-05
		(Epoch 06/08) Block Loss: 1.8802e-05
		(Epoch 07/08) Block Loss: 1.8767e-05
		(Epoch 08/08) Block Loss: 1.8752e-05
	(2/3) Block 10/28, mlp.gate_proj | Initialization via ADMM...
		ADMM weight recon error: raw=1145.7657, norm=0.3169, per_el=3.6423e-04, out_err=0.0644, ADMM time=2.16s
	(3/3) Block 10/28, mlp.gate_proj | Tuning Factorized Weights...
		(Epoch 01/08) Block Loss: 2.1800e-05
		(Epoch 02/08) Block Loss: 2.1253e-05
		(Epoch 03/08) Block Loss: 2.1132e-05
		(Epoch 04/08) Block Loss: 2.1082e-05
		(Epoch 05/08) Block Loss: 2.1045e-05
		(Epoch 06/08) Block Loss: 2.1004e-05
		(Epoch 07/08) Block Loss: 2.0962e-05
		(Epoch 08/08) Block Loss: 2.0824e-05
	(1/3) Block 10/28, mlp.up_proj | Tuning Non-Factorized Weights...
		(Epoch 01/08) Block Loss: 2.0510e-05
		(Epoch 02/08) Block Loss: 2.0213e-05
		(Epoch 03/08) Block Loss: 2.0062e-05
		(Epoch 04/08) Block Loss: 1.9966e-05
		(Epoch 05/08) Block Loss: 1.9892e-05
		(Epoch 06/08) Block Loss: 1.9843e-05
		(Epoch 07/08) Block Loss: 1.9813e-05
		(Epoch 08/08) Block Loss: 1.9800e-05
	(2/3) Block 10/28, mlp.up_proj | Initialization via ADMM...
		ADMM weight recon error: raw=842.8212, norm=0.3512, per_el=2.6793e-04, out_err=0.2136, ADMM time=2.32s
	(3/3) Block 10/28, mlp.up_proj | Tuning Factorized Weights...
		(Epoch 01/08) Block Loss: 2.5077e-05
		(Epoch 02/08) Block Loss: 2.4210e-05
		(Epoch 03/08) Block Loss: 2.4026e-05
		(Epoch 04/08) Block Loss: 2.4049e-05
		(Epoch 05/08) Block Loss: 2.3981e-05
		(Epoch 06/08) Block Loss: 2.3842e-05
		(Epoch 07/08) Block Loss: 2.3819e-05
		(Epoch 08/08) Block Loss: 2.3550e-05
	(1/3) Block 10/28, mlp.down_proj | Tuning Non-Factorized Weights...
		(Epoch 01/08) Block Loss: 2.2943e-05
		(Epoch 02/08) Block Loss: 2.2538e-05
Token indices sequence length is longer than the specified maximum sequence length for this model (299078 > 131072). Running this sequence through the model will result in indexing errors
Compressing Layers:  36%|██████████████████████████████████████▏                                                                    | 10/28 [16:24<29:25, 98.09s/it]Token indices sequence length is longer than the specified maximum sequence length for this model (299078 > 131072). Running this sequence through the model will result in indexing errors
Compressing Layers:  39%|██████████████████████████████████████████                                                                 | 11/28 [18:05<28:01, 98.93s/it]		(Epoch 03/08) Block Loss: 2.2331e-05
		(Epoch 04/08) Block Loss: 2.2208e-05
		(Epoch 05/08) Block Loss: 2.2124e-05
		(Epoch 06/08) Block Loss: 2.2075e-05
		(Epoch 07/08) Block Loss: 2.2048e-05
		(Epoch 08/08) Block Loss: 2.2038e-05
	(2/3) Block 10/28, mlp.down_proj | Initialization via ADMM...
		ADMM weight recon error: raw=678.7583, norm=0.3263, per_el=2.1577e-04, out_err=0.2776, ADMM time=1.88s
	(3/3) Block 10/28, mlp.down_proj | Tuning Factorized Weights...
		(Epoch 01/08) Block Loss: 2.8210e-05
		(Epoch 02/08) Block Loss: 2.7702e-05
		(Epoch 03/08) Block Loss: 2.7745e-05
		(Epoch 04/08) Block Loss: 2.7787e-05
		(Epoch 05/08) Block Loss: 2.7704e-05
		(Epoch 06/08) Block Loss: 2.7626e-05
		(Epoch 07/08) Block Loss: 2.7562e-05
		(Epoch 08/08) Block Loss: 2.7270e-05
		Block 9: relative block output error = 0.0041
Using sequence length: 2048 (model max: 2048)
		Block 9: Test Data PPL        = 17.239
	(1/3) Block 11/28, self_attn.q_proj | Tuning Non-Factorized Weights...
		(Epoch 01/08) Block Loss: 2.3253e-05
		(Epoch 02/08) Block Loss: 2.1849e-05
		(Epoch 03/08) Block Loss: 2.1147e-05
		(Epoch 04/08) Block Loss: 2.0681e-05
		(Epoch 05/08) Block Loss: 2.0371e-05
		(Epoch 06/08) Block Loss: 2.0176e-05
		(Epoch 07/08) Block Loss: 2.0067e-05
		(Epoch 08/08) Block Loss: 2.0026e-05
	(2/3) Block 11/28, self_attn.q_proj | Initialization via ADMM...
		ADMM weight recon error: raw=518.4900, norm=0.2880, per_el=2.4724e-04, out_err=0.0632, ADMM time=1.80s
	(3/3) Block 11/28, self_attn.q_proj | Tuning Factorized Weights...
		(Epoch 01/08) Block Loss: 2.0863e-05
		(Epoch 02/08) Block Loss: 2.0525e-05
		(Epoch 03/08) Block Loss: 2.0460e-05
		(Epoch 04/08) Block Loss: 2.0421e-05
		(Epoch 05/08) Block Loss: 2.0397e-05
		(Epoch 06/08) Block Loss: 2.0375e-05
		(Epoch 07/08) Block Loss: 2.0359e-05
		(Epoch 08/08) Block Loss: 2.0343e-05
	(1/3) Block 11/28, self_attn.v_proj | Tuning Non-Factorized Weights...
		(Epoch 01/08) Block Loss: 2.0454e-05
		(Epoch 02/08) Block Loss: 1.9997e-05
		(Epoch 03/08) Block Loss: 1.9699e-05
		(Epoch 04/08) Block Loss: 1.9441e-05
		(Epoch 05/08) Block Loss: 1.9267e-05
		(Epoch 06/08) Block Loss: 1.9151e-05
		(Epoch 07/08) Block Loss: 1.9083e-05
		(Epoch 08/08) Block Loss: 1.9054e-05
	(2/3) Block 11/28, self_attn.v_proj | Initialization via ADMM...
		ADMM weight recon error: raw=270.0579, norm=0.3445, per_el=2.5755e-04, out_err=0.2653, ADMM time=1.69s
	(3/3) Block 11/28, self_attn.v_proj | Tuning Factorized Weights...
		(Epoch 01/08) Block Loss: 2.2406e-05
		(Epoch 02/08) Block Loss: 2.1665e-05
		(Epoch 03/08) Block Loss: 2.1415e-05
		(Epoch 04/08) Block Loss: 2.1285e-05
		(Epoch 05/08) Block Loss: 2.1216e-05
		(Epoch 06/08) Block Loss: 2.1175e-05
		(Epoch 07/08) Block Loss: 2.1140e-05
		(Epoch 08/08) Block Loss: 2.1104e-05
	(1/3) Block 11/28, self_attn.o_proj | Tuning Non-Factorized Weights...
		(Epoch 01/08) Block Loss: 2.0641e-05
		(Epoch 02/08) Block Loss: 2.0038e-05
		(Epoch 03/08) Block Loss: 1.9745e-05
		(Epoch 04/08) Block Loss: 1.9544e-05
		(Epoch 05/08) Block Loss: 1.9393e-05
		(Epoch 06/08) Block Loss: 1.9294e-05
		(Epoch 07/08) Block Loss: 1.9235e-05
		(Epoch 08/08) Block Loss: 1.9210e-05
	(2/3) Block 11/28, self_attn.o_proj | Initialization via ADMM...
		ADMM weight recon error: raw=408.8013, norm=0.3135, per_el=1.9493e-04, out_err=0.2640, ADMM time=1.85s
	(3/3) Block 11/28, self_attn.o_proj | Tuning Factorized Weights...
		(Epoch 01/08) Block Loss: 2.2471e-05
		(Epoch 02/08) Block Loss: 2.1857e-05
		(Epoch 03/08) Block Loss: 2.1674e-05
		(Epoch 04/08) Block Loss: 2.1606e-05
		(Epoch 05/08) Block Loss: 2.1545e-05
		(Epoch 06/08) Block Loss: 2.1502e-05
		(Epoch 07/08) Block Loss: 2.1448e-05
		(Epoch 08/08) Block Loss: 2.1301e-05
	(1/3) Block 11/28, self_attn.k_proj | Tuning Non-Factorized Weights...
		(Epoch 01/08) Block Loss: 2.0846e-05
		(Epoch 02/08) Block Loss: 2.0348e-05
		(Epoch 03/08) Block Loss: 2.0106e-05
		(Epoch 04/08) Block Loss: 1.9946e-05
		(Epoch 05/08) Block Loss: 1.9824e-05
		(Epoch 06/08) Block Loss: 1.9746e-05
		(Epoch 07/08) Block Loss: 1.9699e-05
		(Epoch 08/08) Block Loss: 1.9679e-05
	(2/3) Block 11/28, self_attn.k_proj | Initialization via ADMM...
		ADMM weight recon error: raw=236.1323, norm=0.2966, per_el=2.2519e-04, out_err=0.0857, ADMM time=1.58s
	(3/3) Block 11/28, self_attn.k_proj | Tuning Factorized Weights...
		(Epoch 01/08) Block Loss: 2.0044e-05
		(Epoch 02/08) Block Loss: 1.9965e-05
		(Epoch 03/08) Block Loss: 1.9938e-05
		(Epoch 04/08) Block Loss: 1.9922e-05
		(Epoch 05/08) Block Loss: 1.9913e-05
		(Epoch 06/08) Block Loss: 1.9905e-05
		(Epoch 07/08) Block Loss: 1.9899e-05
		(Epoch 08/08) Block Loss: 1.9895e-05
	(1/3) Block 11/28, mlp.gate_proj | Tuning Non-Factorized Weights...
		(Epoch 01/08) Block Loss: 2.0000e-05
		(Epoch 02/08) Block Loss: 1.9797e-05
		(Epoch 03/08) Block Loss: 1.9667e-05
		(Epoch 04/08) Block Loss: 1.9573e-05
		(Epoch 05/08) Block Loss: 1.9492e-05
		(Epoch 06/08) Block Loss: 1.9436e-05
		(Epoch 07/08) Block Loss: 1.9401e-05
		(Epoch 08/08) Block Loss: 1.9385e-05
	(2/3) Block 11/28, mlp.gate_proj | Initialization via ADMM...
		ADMM weight recon error: raw=1130.3168, norm=0.3126, per_el=3.5932e-04, out_err=0.0677, ADMM time=2.38s
	(3/3) Block 11/28, mlp.gate_proj | Tuning Factorized Weights...
		(Epoch 01/08) Block Loss: 2.2499e-05
		(Epoch 02/08) Block Loss: 2.2000e-05
		(Epoch 03/08) Block Loss: 2.1915e-05
		(Epoch 04/08) Block Loss: 2.1927e-05
		(Epoch 05/08) Block Loss: 2.1892e-05
		(Epoch 06/08) Block Loss: 2.1812e-05
		(Epoch 07/08) Block Loss: 2.1796e-05
		(Epoch 08/08) Block Loss: 2.1612e-05
	(1/3) Block 11/28, mlp.up_proj | Tuning Non-Factorized Weights...
		(Epoch 01/08) Block Loss: 2.1247e-05
		(Epoch 02/08) Block Loss: 2.0930e-05
		(Epoch 03/08) Block Loss: 2.0773e-05
		(Epoch 04/08) Block Loss: 2.0671e-05
		(Epoch 05/08) Block Loss: 2.0593e-05
		(Epoch 06/08) Block Loss: 2.0542e-05
		(Epoch 07/08) Block Loss: 2.0511e-05
		(Epoch 08/08) Block Loss: 2.0498e-05
	(2/3) Block 11/28, mlp.up_proj | Initialization via ADMM...
		ADMM weight recon error: raw=824.4379, norm=0.3529, per_el=2.6208e-04, out_err=0.1713, ADMM time=2.12s
	(3/3) Block 11/28, mlp.up_proj | Tuning Factorized Weights...
		(Epoch 01/08) Block Loss: 2.5703e-05
		(Epoch 02/08) Block Loss: 2.4725e-05
		(Epoch 03/08) Block Loss: 2.4569e-05
		(Epoch 04/08) Block Loss: 2.4590e-05
		(Epoch 05/08) Block Loss: 2.4553e-05
		(Epoch 06/08) Block Loss: 2.4362e-05
		(Epoch 07/08) Block Loss: 2.4439e-05
		(Epoch 08/08) Block Loss: 2.4107e-05
	(1/3) Block 11/28, mlp.down_proj | Tuning Non-Factorized Weights...
		(Epoch 01/08) Block Loss: 2.3503e-05
		(Epoch 02/08) Block Loss: 2.3114e-05
		(Epoch 03/08) Block Loss: 2.2916e-05
		(Epoch 04/08) Block Loss: 2.2799e-05
		(Epoch 05/08) Block Loss: 2.2718e-05
		(Epoch 06/08) Block Loss: 2.2670e-05
		(Epoch 07/08) Block Loss: 2.2644e-05
		(Epoch 08/08) Block Loss: 2.2633e-05
	(2/3) Block 11/28, mlp.down_proj | Initialization via ADMM...
		ADMM weight recon error: raw=645.9406, norm=0.3336, per_el=2.0534e-04, out_err=0.2419, ADMM time=2.03s
	(3/3) Block 11/28, mlp.down_proj | Tuning Factorized Weights...
		(Epoch 01/08) Block Loss: 2.8871e-05
		(Epoch 02/08) Block Loss: 2.8290e-05
		(Epoch 03/08) Block Loss: 2.8405e-05
		(Epoch 04/08) Block Loss: 2.8394e-05
		(Epoch 05/08) Block Loss: 2.8600e-05
		(Epoch 06/08) Block Loss: 2.8269e-05
		(Epoch 07/08) Block Loss: 2.8169e-05
		(Epoch 08/08) Block Loss: 2.7853e-05
		Block 10: relative block output error = 0.0053
Using sequence length: 2048 (model max: 2048)
		Block 10: Test Data PPL        = 17.638
	(1/3) Block 12/28, self_attn.q_proj | Tuning Non-Factorized Weights...
		(Epoch 01/08) Block Loss: 2.5833e-05
		(Epoch 02/08) Block Loss: 2.4330e-05
		(Epoch 03/08) Block Loss: 2.3612e-05
		(Epoch 04/08) Block Loss: 2.3140e-05
		(Epoch 05/08) Block Loss: 2.2821e-05
		(Epoch 06/08) Block Loss: 2.2623e-05
		(Epoch 07/08) Block Loss: 2.2514e-05
		(Epoch 08/08) Block Loss: 2.2472e-05
	(2/3) Block 12/28, self_attn.q_proj | Initialization via ADMM...
		ADMM weight recon error: raw=483.2672, norm=0.2288, per_el=2.3044e-04, out_err=0.0415, ADMM time=1.79s
	(3/3) Block 12/28, self_attn.q_proj | Tuning Factorized Weights...
Token indices sequence length is longer than the specified maximum sequence length for this model (299078 > 131072). Running this sequence through the model will result in indexing errors
Compressing Layers:  43%|█████████████████████████████████████████████▍                                                            | 12/28 [19:48<26:44, 100.28s/it]		(Epoch 01/08) Block Loss: 2.3184e-05
		(Epoch 02/08) Block Loss: 2.2995e-05
		(Epoch 03/08) Block Loss: 2.2941e-05
		(Epoch 04/08) Block Loss: 2.2909e-05
		(Epoch 05/08) Block Loss: 2.2894e-05
		(Epoch 06/08) Block Loss: 2.2872e-05
		(Epoch 07/08) Block Loss: 2.2854e-05
		(Epoch 08/08) Block Loss: 2.2831e-05
	(1/3) Block 12/28, self_attn.v_proj | Tuning Non-Factorized Weights...
		(Epoch 01/08) Block Loss: 2.2906e-05
		(Epoch 02/08) Block Loss: 2.2434e-05
		(Epoch 03/08) Block Loss: 2.2152e-05
		(Epoch 04/08) Block Loss: 2.1875e-05
		(Epoch 05/08) Block Loss: 2.1698e-05
		(Epoch 06/08) Block Loss: 2.1583e-05
		(Epoch 07/08) Block Loss: 2.1513e-05
		(Epoch 08/08) Block Loss: 2.1484e-05
	(2/3) Block 12/28, self_attn.v_proj | Initialization via ADMM...
		ADMM weight recon error: raw=253.4656, norm=0.3580, per_el=2.4172e-04, out_err=0.2483, ADMM time=1.69s
	(3/3) Block 12/28, self_attn.v_proj | Tuning Factorized Weights...
		(Epoch 01/08) Block Loss: 2.5643e-05
		(Epoch 02/08) Block Loss: 2.4925e-05
		(Epoch 03/08) Block Loss: 2.4606e-05
		(Epoch 04/08) Block Loss: 2.4439e-05
		(Epoch 05/08) Block Loss: 2.4362e-05
		(Epoch 06/08) Block Loss: 2.4311e-05
		(Epoch 07/08) Block Loss: 2.4294e-05
		(Epoch 08/08) Block Loss: 2.4242e-05
	(1/3) Block 12/28, self_attn.o_proj | Tuning Non-Factorized Weights...
		(Epoch 01/08) Block Loss: 2.3508e-05
		(Epoch 02/08) Block Loss: 2.2759e-05
		(Epoch 03/08) Block Loss: 2.2421e-05
		(Epoch 04/08) Block Loss: 2.2194e-05
		(Epoch 05/08) Block Loss: 2.2031e-05
		(Epoch 06/08) Block Loss: 2.1925e-05
		(Epoch 07/08) Block Loss: 2.1863e-05
		(Epoch 08/08) Block Loss: 2.1836e-05
	(2/3) Block 12/28, self_attn.o_proj | Initialization via ADMM...
		ADMM weight recon error: raw=368.7595, norm=0.3136, per_el=1.7584e-04, out_err=0.1898, ADMM time=1.73s
	(3/3) Block 12/28, self_attn.o_proj | Tuning Factorized Weights...
		(Epoch 01/08) Block Loss: 2.5772e-05
		(Epoch 02/08) Block Loss: 2.5039e-05
		(Epoch 03/08) Block Loss: 2.4865e-05
		(Epoch 04/08) Block Loss: 2.4854e-05
		(Epoch 05/08) Block Loss: 2.4791e-05
		(Epoch 06/08) Block Loss: 2.4761e-05
		(Epoch 07/08) Block Loss: 2.4723e-05
		(Epoch 08/08) Block Loss: 2.4548e-05
	(1/3) Block 12/28, self_attn.k_proj | Tuning Non-Factorized Weights...
		(Epoch 01/08) Block Loss: 2.3855e-05
		(Epoch 02/08) Block Loss: 2.3271e-05
		(Epoch 03/08) Block Loss: 2.3001e-05
		(Epoch 04/08) Block Loss: 2.2806e-05
		(Epoch 05/08) Block Loss: 2.2668e-05
		(Epoch 06/08) Block Loss: 2.2582e-05
		(Epoch 07/08) Block Loss: 2.2531e-05
		(Epoch 08/08) Block Loss: 2.2511e-05
	(2/3) Block 12/28, self_attn.k_proj | Initialization via ADMM...
		ADMM weight recon error: raw=213.6034, norm=0.2753, per_el=2.0371e-04, out_err=0.0718, ADMM time=1.72s
	(3/3) Block 12/28, self_attn.k_proj | Tuning Factorized Weights...
		(Epoch 01/08) Block Loss: 2.2845e-05
		(Epoch 02/08) Block Loss: 2.2788e-05
		(Epoch 03/08) Block Loss: 2.2763e-05
		(Epoch 04/08) Block Loss: 2.2750e-05
		(Epoch 05/08) Block Loss: 2.2742e-05
		(Epoch 06/08) Block Loss: 2.2735e-05
		(Epoch 07/08) Block Loss: 2.2730e-05
		(Epoch 08/08) Block Loss: 2.2726e-05
	(1/3) Block 12/28, mlp.gate_proj | Tuning Non-Factorized Weights...
		(Epoch 01/08) Block Loss: 2.2822e-05
		(Epoch 02/08) Block Loss: 2.2607e-05
		(Epoch 03/08) Block Loss: 2.2478e-05
		(Epoch 04/08) Block Loss: 2.2361e-05
		(Epoch 05/08) Block Loss: 2.2273e-05
		(Epoch 06/08) Block Loss: 2.2214e-05
		(Epoch 07/08) Block Loss: 2.2178e-05
		(Epoch 08/08) Block Loss: 2.2162e-05
	(2/3) Block 12/28, mlp.gate_proj | Initialization via ADMM...
		ADMM weight recon error: raw=986.6688, norm=0.3146, per_el=3.1365e-04, out_err=0.0730, ADMM time=2.12s
	(3/3) Block 12/28, mlp.gate_proj | Tuning Factorized Weights...
		(Epoch 01/08) Block Loss: 2.4929e-05
		(Epoch 02/08) Block Loss: 2.4454e-05
		(Epoch 03/08) Block Loss: 2.4380e-05
		(Epoch 04/08) Block Loss: 2.4427e-05
		(Epoch 05/08) Block Loss: 2.4348e-05
		(Epoch 06/08) Block Loss: 2.4296e-05
		(Epoch 07/08) Block Loss: 2.4269e-05
		(Epoch 08/08) Block Loss: 2.4102e-05
	(1/3) Block 12/28, mlp.up_proj | Tuning Non-Factorized Weights...
		(Epoch 01/08) Block Loss: 2.3779e-05
		(Epoch 02/08) Block Loss: 2.3491e-05
		(Epoch 03/08) Block Loss: 2.3344e-05
		(Epoch 04/08) Block Loss: 2.3245e-05
		(Epoch 05/08) Block Loss: 2.3169e-05
		(Epoch 06/08) Block Loss: 2.3119e-05
		(Epoch 07/08) Block Loss: 2.3088e-05
		(Epoch 08/08) Block Loss: 2.3074e-05
	(2/3) Block 12/28, mlp.up_proj | Initialization via ADMM...
		ADMM weight recon error: raw=868.4464, norm=0.3479, per_el=2.7607e-04, out_err=0.2054, ADMM time=2.06s
	(3/3) Block 12/28, mlp.up_proj | Tuning Factorized Weights...
		(Epoch 01/08) Block Loss: 2.8430e-05
		(Epoch 02/08) Block Loss: 2.7559e-05
		(Epoch 03/08) Block Loss: 2.7505e-05
		(Epoch 04/08) Block Loss: 2.7474e-05
		(Epoch 05/08) Block Loss: 2.7493e-05
		(Epoch 06/08) Block Loss: 2.7325e-05
		(Epoch 07/08) Block Loss: 2.7222e-05
		(Epoch 08/08) Block Loss: 2.6957e-05
	(1/3) Block 12/28, mlp.down_proj | Tuning Non-Factorized Weights...
		(Epoch 01/08) Block Loss: 2.6270e-05
		(Epoch 02/08) Block Loss: 2.5851e-05
		(Epoch 03/08) Block Loss: 2.5638e-05
		(Epoch 04/08) Block Loss: 2.5510e-05
		(Epoch 05/08) Block Loss: 2.5424e-05
		(Epoch 06/08) Block Loss: 2.5372e-05
		(Epoch 07/08) Block Loss: 2.5344e-05
		(Epoch 08/08) Block Loss: 2.5333e-05
	(2/3) Block 12/28, mlp.down_proj | Initialization via ADMM...
		ADMM weight recon error: raw=706.3541, norm=0.3222, per_el=2.2454e-04, out_err=0.2853, ADMM time=1.96s
	(3/3) Block 12/28, mlp.down_proj | Tuning Factorized Weights...
		(Epoch 01/08) Block Loss: 3.1401e-05
		(Epoch 02/08) Block Loss: 3.0838e-05
		(Epoch 03/08) Block Loss: 3.0907e-05
		(Epoch 04/08) Block Loss: 3.1174e-05
		(Epoch 05/08) Block Loss: 3.1057e-05
		(Epoch 06/08) Block Loss: 3.0590e-05
		(Epoch 07/08) Block Loss: 3.0610e-05
		(Epoch 08/08) Block Loss: 3.0294e-05
		Block 11: relative block output error = 0.0066
Using sequence length: 2048 (model max: 2048)
		Block 11: Test Data PPL        = 17.914
	(1/3) Block 13/28, self_attn.q_proj | Tuning Non-Factorized Weights...
		(Epoch 01/08) Block Loss: 2.7662e-05
		(Epoch 02/08) Block Loss: 2.6207e-05
		(Epoch 03/08) Block Loss: 2.5474e-05
		(Epoch 04/08) Block Loss: 2.4999e-05
		(Epoch 05/08) Block Loss: 2.4676e-05
		(Epoch 06/08) Block Loss: 2.4475e-05
		(Epoch 07/08) Block Loss: 2.4363e-05
		(Epoch 08/08) Block Loss: 2.4320e-05
	(2/3) Block 13/28, self_attn.q_proj | Initialization via ADMM...
		ADMM weight recon error: raw=516.9986, norm=0.2606, per_el=2.4652e-04, out_err=0.0621, ADMM time=1.97s
	(3/3) Block 13/28, self_attn.q_proj | Tuning Factorized Weights...
		(Epoch 01/08) Block Loss: 2.5095e-05
		(Epoch 02/08) Block Loss: 2.4904e-05
		(Epoch 03/08) Block Loss: 2.4844e-05
		(Epoch 04/08) Block Loss: 2.4805e-05
		(Epoch 05/08) Block Loss: 2.4782e-05
		(Epoch 06/08) Block Loss: 2.4758e-05
		(Epoch 07/08) Block Loss: 2.4740e-05
		(Epoch 08/08) Block Loss: 2.4715e-05
	(1/3) Block 13/28, self_attn.v_proj | Tuning Non-Factorized Weights...
		(Epoch 01/08) Block Loss: 2.4789e-05
		(Epoch 02/08) Block Loss: 2.4286e-05
		(Epoch 03/08) Block Loss: 2.3955e-05
		(Epoch 04/08) Block Loss: 2.3712e-05
		(Epoch 05/08) Block Loss: 2.3530e-05
		(Epoch 06/08) Block Loss: 2.3410e-05
		(Epoch 07/08) Block Loss: 2.3338e-05
		(Epoch 08/08) Block Loss: 2.3309e-05
	(2/3) Block 13/28, self_attn.v_proj | Initialization via ADMM...
		ADMM weight recon error: raw=217.8045, norm=0.2912, per_el=2.0771e-04, out_err=0.1471, ADMM time=1.71s
	(3/3) Block 13/28, self_attn.v_proj | Tuning Factorized Weights...
		(Epoch 01/08) Block Loss: 2.5371e-05
		(Epoch 02/08) Block Loss: 2.5015e-05
		(Epoch 03/08) Block Loss: 2.4849e-05
		(Epoch 04/08) Block Loss: 2.4756e-05
		(Epoch 05/08) Block Loss: 2.4705e-05
		(Epoch 06/08) Block Loss: 2.4675e-05
		(Epoch 07/08) Block Loss: 2.4654e-05
		(Epoch 08/08) Block Loss: 2.4626e-05
	(1/3) Block 13/28, self_attn.o_proj | Tuning Non-Factorized Weights...
		(Epoch 01/08) Block Loss: 2.4400e-05
		(Epoch 02/08) Block Loss: 2.3910e-05
		(Epoch 03/08) Block Loss: 2.3646e-05
		(Epoch 04/08) Block Loss: 2.3462e-05
		(Epoch 05/08) Block Loss: 2.3321e-05
Token indices sequence length is longer than the specified maximum sequence length for this model (299078 > 131072). Running this sequence through the model will result in indexing errors
Compressing Layers:  46%|█████████████████████████████████████████████████▏                                                        | 13/28 [21:31<25:14, 100.97s/it]		(Epoch 06/08) Block Loss: 2.3225e-05
		(Epoch 07/08) Block Loss: 2.3167e-05
		(Epoch 08/08) Block Loss: 2.3143e-05
	(2/3) Block 13/28, self_attn.o_proj | Initialization via ADMM...
		ADMM weight recon error: raw=340.2689, norm=0.2893, per_el=1.6225e-04, out_err=0.2261, ADMM time=1.84s
	(3/3) Block 13/28, self_attn.o_proj | Tuning Factorized Weights...
		(Epoch 01/08) Block Loss: 2.5537e-05
		(Epoch 02/08) Block Loss: 2.5091e-05
		(Epoch 03/08) Block Loss: 2.4959e-05
		(Epoch 04/08) Block Loss: 2.4909e-05
		(Epoch 05/08) Block Loss: 2.4876e-05
		(Epoch 06/08) Block Loss: 2.4812e-05
		(Epoch 07/08) Block Loss: 2.4770e-05
		(Epoch 08/08) Block Loss: 2.4667e-05
	(1/3) Block 13/28, self_attn.k_proj | Tuning Non-Factorized Weights...
		(Epoch 01/08) Block Loss: 2.4386e-05
		(Epoch 02/08) Block Loss: 2.3995e-05
		(Epoch 03/08) Block Loss: 2.3795e-05
		(Epoch 04/08) Block Loss: 2.3652e-05
		(Epoch 05/08) Block Loss: 2.3544e-05
		(Epoch 06/08) Block Loss: 2.3472e-05
		(Epoch 07/08) Block Loss: 2.3428e-05
		(Epoch 08/08) Block Loss: 2.3409e-05
	(2/3) Block 13/28, self_attn.k_proj | Initialization via ADMM...
		ADMM weight recon error: raw=195.5418, norm=0.2701, per_el=1.8648e-04, out_err=0.0652, ADMM time=1.70s
	(3/3) Block 13/28, self_attn.k_proj | Tuning Factorized Weights...
		(Epoch 01/08) Block Loss: 2.3818e-05
		(Epoch 02/08) Block Loss: 2.3744e-05
		(Epoch 03/08) Block Loss: 2.3713e-05
		(Epoch 04/08) Block Loss: 2.3697e-05
		(Epoch 05/08) Block Loss: 2.3685e-05
		(Epoch 06/08) Block Loss: 2.3678e-05
		(Epoch 07/08) Block Loss: 2.3673e-05
		(Epoch 08/08) Block Loss: 2.3666e-05
	(1/3) Block 13/28, mlp.gate_proj | Tuning Non-Factorized Weights...
		(Epoch 01/08) Block Loss: 2.3774e-05
		(Epoch 02/08) Block Loss: 2.3581e-05
		(Epoch 03/08) Block Loss: 2.3461e-05
		(Epoch 04/08) Block Loss: 2.3370e-05
		(Epoch 05/08) Block Loss: 2.3294e-05
		(Epoch 06/08) Block Loss: 2.3241e-05
		(Epoch 07/08) Block Loss: 2.3206e-05
		(Epoch 08/08) Block Loss: 2.3190e-05
	(2/3) Block 13/28, mlp.gate_proj | Initialization via ADMM...
		ADMM weight recon error: raw=894.9854, norm=0.3108, per_el=2.8451e-04, out_err=0.0701, ADMM time=1.94s
	(3/3) Block 13/28, mlp.gate_proj | Tuning Factorized Weights...
		(Epoch 01/08) Block Loss: 2.5806e-05
		(Epoch 02/08) Block Loss: 2.5333e-05
		(Epoch 03/08) Block Loss: 2.5285e-05
		(Epoch 04/08) Block Loss: 2.5299e-05
		(Epoch 05/08) Block Loss: 2.5285e-05
		(Epoch 06/08) Block Loss: 2.5243e-05
		(Epoch 07/08) Block Loss: 2.5215e-05
		(Epoch 08/08) Block Loss: 2.5054e-05
	(1/3) Block 13/28, mlp.up_proj | Tuning Non-Factorized Weights...
		(Epoch 01/08) Block Loss: 2.4752e-05
		(Epoch 02/08) Block Loss: 2.4486e-05
		(Epoch 03/08) Block Loss: 2.4350e-05
		(Epoch 04/08) Block Loss: 2.4263e-05
		(Epoch 05/08) Block Loss: 2.4194e-05
		(Epoch 06/08) Block Loss: 2.4147e-05
		(Epoch 07/08) Block Loss: 2.4118e-05
		(Epoch 08/08) Block Loss: 2.4105e-05
	(2/3) Block 13/28, mlp.up_proj | Initialization via ADMM...
		ADMM weight recon error: raw=853.0916, norm=0.3508, per_el=2.7119e-04, out_err=0.2214, ADMM time=2.02s
	(3/3) Block 13/28, mlp.up_proj | Tuning Factorized Weights...
		(Epoch 01/08) Block Loss: 2.9724e-05
		(Epoch 02/08) Block Loss: 2.8949e-05
		(Epoch 03/08) Block Loss: 2.8933e-05
		(Epoch 04/08) Block Loss: 2.8997e-05
		(Epoch 05/08) Block Loss: 2.8969e-05
		(Epoch 06/08) Block Loss: 2.8754e-05
		(Epoch 07/08) Block Loss: 2.8779e-05
		(Epoch 08/08) Block Loss: 2.8368e-05
	(1/3) Block 13/28, mlp.down_proj | Tuning Non-Factorized Weights...
		(Epoch 01/08) Block Loss: 2.7561e-05
		(Epoch 02/08) Block Loss: 2.7116e-05
		(Epoch 03/08) Block Loss: 2.6891e-05
		(Epoch 04/08) Block Loss: 2.6757e-05
		(Epoch 05/08) Block Loss: 2.6666e-05
		(Epoch 06/08) Block Loss: 2.6612e-05
		(Epoch 07/08) Block Loss: 2.6583e-05
		(Epoch 08/08) Block Loss: 2.6572e-05
	(2/3) Block 13/28, mlp.down_proj | Initialization via ADMM...
		ADMM weight recon error: raw=700.8942, norm=0.3198, per_el=2.2281e-04, out_err=0.2660, ADMM time=2.28s
	(3/3) Block 13/28, mlp.down_proj | Tuning Factorized Weights...
		(Epoch 01/08) Block Loss: 3.2452e-05
		(Epoch 02/08) Block Loss: 3.1921e-05
		(Epoch 03/08) Block Loss: 3.2006e-05
		(Epoch 04/08) Block Loss: 3.2044e-05
		(Epoch 05/08) Block Loss: 3.2012e-05
		(Epoch 06/08) Block Loss: 3.1758e-05
		(Epoch 07/08) Block Loss: 3.1795e-05
		(Epoch 08/08) Block Loss: 3.1422e-05
		Block 12: relative block output error = 0.0071
Using sequence length: 2048 (model max: 2048)
		Block 12: Test Data PPL        = 18.175
	(1/3) Block 14/28, self_attn.q_proj | Tuning Non-Factorized Weights...
		(Epoch 01/08) Block Loss: 2.5799e-05
		(Epoch 02/08) Block Loss: 2.4485e-05
		(Epoch 03/08) Block Loss: 2.3822e-05
		(Epoch 04/08) Block Loss: 2.3395e-05
		(Epoch 05/08) Block Loss: 2.3100e-05
		(Epoch 06/08) Block Loss: 2.2917e-05
		(Epoch 07/08) Block Loss: 2.2815e-05
		(Epoch 08/08) Block Loss: 2.2776e-05
	(2/3) Block 14/28, self_attn.q_proj | Initialization via ADMM...
		ADMM weight recon error: raw=418.8246, norm=0.2276, per_el=1.9971e-04, out_err=0.0506, ADMM time=1.76s
	(3/3) Block 14/28, self_attn.q_proj | Tuning Factorized Weights...
		(Epoch 01/08) Block Loss: 2.3480e-05
		(Epoch 02/08) Block Loss: 2.3303e-05
		(Epoch 03/08) Block Loss: 2.3267e-05
		(Epoch 04/08) Block Loss: 2.3239e-05
		(Epoch 05/08) Block Loss: 2.3222e-05
		(Epoch 06/08) Block Loss: 2.3202e-05
		(Epoch 07/08) Block Loss: 2.3182e-05
		(Epoch 08/08) Block Loss: 2.3155e-05
	(1/3) Block 14/28, self_attn.v_proj | Tuning Non-Factorized Weights...
		(Epoch 01/08) Block Loss: 2.3211e-05
		(Epoch 02/08) Block Loss: 2.2754e-05
		(Epoch 03/08) Block Loss: 2.2457e-05
		(Epoch 04/08) Block Loss: 2.2242e-05
		(Epoch 05/08) Block Loss: 2.2076e-05
		(Epoch 06/08) Block Loss: 2.1966e-05
		(Epoch 07/08) Block Loss: 2.1900e-05
		(Epoch 08/08) Block Loss: 2.1872e-05
	(2/3) Block 14/28, self_attn.v_proj | Initialization via ADMM...
		ADMM weight recon error: raw=225.3505, norm=0.3045, per_el=2.1491e-04, out_err=0.1630, ADMM time=2.09s
	(3/3) Block 14/28, self_attn.v_proj | Tuning Factorized Weights...
		(Epoch 01/08) Block Loss: 2.3985e-05
		(Epoch 02/08) Block Loss: 2.3603e-05
		(Epoch 03/08) Block Loss: 2.3436e-05
		(Epoch 04/08) Block Loss: 2.3357e-05
		(Epoch 05/08) Block Loss: 2.3319e-05
		(Epoch 06/08) Block Loss: 2.3285e-05
		(Epoch 07/08) Block Loss: 2.3266e-05
		(Epoch 08/08) Block Loss: 2.3229e-05
	(1/3) Block 14/28, self_attn.o_proj | Tuning Non-Factorized Weights...
		(Epoch 01/08) Block Loss: 2.2972e-05
		(Epoch 02/08) Block Loss: 2.2509e-05
		(Epoch 03/08) Block Loss: 2.2261e-05
		(Epoch 04/08) Block Loss: 2.2094e-05
		(Epoch 05/08) Block Loss: 2.1963e-05
		(Epoch 06/08) Block Loss: 2.1875e-05
		(Epoch 07/08) Block Loss: 2.1821e-05
		(Epoch 08/08) Block Loss: 2.1798e-05
	(2/3) Block 14/28, self_attn.o_proj | Initialization via ADMM...
		ADMM weight recon error: raw=313.2894, norm=0.2858, per_el=1.4939e-04, out_err=0.2792, ADMM time=1.18s
	(3/3) Block 14/28, self_attn.o_proj | Tuning Factorized Weights...
		(Epoch 01/08) Block Loss: 2.4669e-05
		(Epoch 02/08) Block Loss: 2.4070e-05
		(Epoch 03/08) Block Loss: 2.3879e-05
		(Epoch 04/08) Block Loss: 2.3801e-05
		(Epoch 05/08) Block Loss: 2.3736e-05
		(Epoch 06/08) Block Loss: 2.3691e-05
		(Epoch 07/08) Block Loss: 2.3640e-05
		(Epoch 08/08) Block Loss: 2.3523e-05
	(1/3) Block 14/28, self_attn.k_proj | Tuning Non-Factorized Weights...
		(Epoch 01/08) Block Loss: 2.3164e-05
		(Epoch 02/08) Block Loss: 2.2753e-05
		(Epoch 03/08) Block Loss: 2.2545e-05
		(Epoch 04/08) Block Loss: 2.2411e-05
		(Epoch 05/08) Block Loss: 2.2306e-05
		(Epoch 06/08) Block Loss: 2.2237e-05
		(Epoch 07/08) Block Loss: 2.2195e-05
		(Epoch 08/08) Block Loss: 2.2177e-05
	(2/3) Block 14/28, self_attn.k_proj | Initialization via ADMM...
		ADMM weight recon error: raw=170.6653, norm=0.2618, per_el=1.6276e-04, out_err=0.0601, ADMM time=1.76s
	(3/3) Block 14/28, self_attn.k_proj | Tuning Factorized Weights...
		(Epoch 01/08) Block Loss: 2.2527e-05
		(Epoch 02/08) Block Loss: 2.2465e-05
		(Epoch 03/08) Block Loss: 2.2441e-05
		(Epoch 04/08) Block Loss: 2.2428e-05
		(Epoch 05/08) Block Loss: 2.2420e-05
		(Epoch 06/08) Block Loss: 2.2414e-05
Token indices sequence length is longer than the specified maximum sequence length for this model (299078 > 131072). Running this sequence through the model will result in indexing errors
Compressing Layers:  50%|█████████████████████████████████████████████████████                                                     | 14/28 [23:14<23:43, 101.68s/it]		(Epoch 07/08) Block Loss: 2.2410e-05
		(Epoch 08/08) Block Loss: 2.2405e-05
	(1/3) Block 14/28, mlp.gate_proj | Tuning Non-Factorized Weights...
		(Epoch 01/08) Block Loss: 2.2503e-05
		(Epoch 02/08) Block Loss: 2.2322e-05
		(Epoch 03/08) Block Loss: 2.2206e-05
		(Epoch 04/08) Block Loss: 2.2125e-05
		(Epoch 05/08) Block Loss: 2.2053e-05
		(Epoch 06/08) Block Loss: 2.2004e-05
		(Epoch 07/08) Block Loss: 2.1972e-05
		(Epoch 08/08) Block Loss: 2.1957e-05
	(2/3) Block 14/28, mlp.gate_proj | Initialization via ADMM...
		ADMM weight recon error: raw=806.3220, norm=0.3036, per_el=2.5632e-04, out_err=0.0746, ADMM time=2.12s
	(3/3) Block 14/28, mlp.gate_proj | Tuning Factorized Weights...
		(Epoch 01/08) Block Loss: 2.4269e-05
		(Epoch 02/08) Block Loss: 2.3894e-05
		(Epoch 03/08) Block Loss: 2.3858e-05
		(Epoch 04/08) Block Loss: 2.3898e-05
		(Epoch 05/08) Block Loss: 2.3844e-05
		(Epoch 06/08) Block Loss: 2.3826e-05
		(Epoch 07/08) Block Loss: 2.3800e-05
		(Epoch 08/08) Block Loss: 2.3672e-05
	(1/3) Block 14/28, mlp.up_proj | Tuning Non-Factorized Weights...
		(Epoch 01/08) Block Loss: 2.3396e-05
		(Epoch 02/08) Block Loss: 2.3159e-05
		(Epoch 03/08) Block Loss: 2.3036e-05
		(Epoch 04/08) Block Loss: 2.2957e-05
		(Epoch 05/08) Block Loss: 2.2893e-05
		(Epoch 06/08) Block Loss: 2.2851e-05
		(Epoch 07/08) Block Loss: 2.2825e-05
		(Epoch 08/08) Block Loss: 2.2813e-05
	(2/3) Block 14/28, mlp.up_proj | Initialization via ADMM...
		ADMM weight recon error: raw=776.3688, norm=0.3441, per_el=2.4680e-04, out_err=0.2122, ADMM time=2.01s
	(3/3) Block 14/28, mlp.up_proj | Tuning Factorized Weights...
		(Epoch 01/08) Block Loss: 2.7267e-05
		(Epoch 02/08) Block Loss: 2.6664e-05
		(Epoch 03/08) Block Loss: 2.6709e-05
		(Epoch 04/08) Block Loss: 2.6820e-05
		(Epoch 05/08) Block Loss: 2.6550e-05
		(Epoch 06/08) Block Loss: 2.6598e-05
		(Epoch 07/08) Block Loss: 2.6600e-05
		(Epoch 08/08) Block Loss: 2.6233e-05
	(1/3) Block 14/28, mlp.down_proj | Tuning Non-Factorized Weights...
		(Epoch 01/08) Block Loss: 2.5611e-05
		(Epoch 02/08) Block Loss: 2.5270e-05
		(Epoch 03/08) Block Loss: 2.5097e-05
		(Epoch 04/08) Block Loss: 2.4994e-05
		(Epoch 05/08) Block Loss: 2.4923e-05
		(Epoch 06/08) Block Loss: 2.4880e-05
		(Epoch 07/08) Block Loss: 2.4857e-05
		(Epoch 08/08) Block Loss: 2.4848e-05
	(2/3) Block 14/28, mlp.down_proj | Initialization via ADMM...
		ADMM weight recon error: raw=636.6141, norm=0.3133, per_el=2.0237e-04, out_err=0.2824, ADMM time=2.00s
	(3/3) Block 14/28, mlp.down_proj | Tuning Factorized Weights...
		(Epoch 01/08) Block Loss: 2.9633e-05
		(Epoch 02/08) Block Loss: 2.9272e-05
		(Epoch 03/08) Block Loss: 2.9417e-05
		(Epoch 04/08) Block Loss: 2.9307e-05
		(Epoch 05/08) Block Loss: 2.9290e-05
		(Epoch 06/08) Block Loss: 2.9241e-05
		(Epoch 07/08) Block Loss: 2.9224e-05
		(Epoch 08/08) Block Loss: 2.8952e-05
		Block 13: relative block output error = 0.0081
Using sequence length: 2048 (model max: 2048)
		Block 13: Test Data PPL        = 18.463
	(1/3) Block 15/28, self_attn.q_proj | Tuning Non-Factorized Weights...
		(Epoch 01/08) Block Loss: 2.2963e-05
		(Epoch 02/08) Block Loss: 2.1844e-05
		(Epoch 03/08) Block Loss: 2.1261e-05
		(Epoch 04/08) Block Loss: 2.0895e-05
		(Epoch 05/08) Block Loss: 2.0639e-05
		(Epoch 06/08) Block Loss: 2.0480e-05
		(Epoch 07/08) Block Loss: 2.0391e-05
		(Epoch 08/08) Block Loss: 2.0357e-05
	(2/3) Block 15/28, self_attn.q_proj | Initialization via ADMM...
		ADMM weight recon error: raw=439.9035, norm=0.2488, per_el=2.0976e-04, out_err=0.0589, ADMM time=1.86s
	(3/3) Block 15/28, self_attn.q_proj | Tuning Factorized Weights...
		(Epoch 01/08) Block Loss: 2.0832e-05
		(Epoch 02/08) Block Loss: 2.0728e-05
		(Epoch 03/08) Block Loss: 2.0696e-05
		(Epoch 04/08) Block Loss: 2.0676e-05
		(Epoch 05/08) Block Loss: 2.0659e-05
		(Epoch 06/08) Block Loss: 2.0646e-05
		(Epoch 07/08) Block Loss: 2.0631e-05
		(Epoch 08/08) Block Loss: 2.0614e-05
	(1/3) Block 15/28, self_attn.v_proj | Tuning Non-Factorized Weights...
		(Epoch 01/08) Block Loss: 2.0667e-05
		(Epoch 02/08) Block Loss: 2.0272e-05
		(Epoch 03/08) Block Loss: 2.0009e-05
		(Epoch 04/08) Block Loss: 1.9825e-05
		(Epoch 05/08) Block Loss: 1.9679e-05
		(Epoch 06/08) Block Loss: 1.9584e-05
		(Epoch 07/08) Block Loss: 1.9527e-05
		(Epoch 08/08) Block Loss: 1.9503e-05
	(2/3) Block 15/28, self_attn.v_proj | Initialization via ADMM...
		ADMM weight recon error: raw=221.6859, norm=0.3339, per_el=2.1142e-04, out_err=0.1963, ADMM time=1.45s
	(3/3) Block 15/28, self_attn.v_proj | Tuning Factorized Weights...
		(Epoch 01/08) Block Loss: 2.1542e-05
		(Epoch 02/08) Block Loss: 2.1225e-05
		(Epoch 03/08) Block Loss: 2.1090e-05
		(Epoch 04/08) Block Loss: 2.1022e-05
		(Epoch 05/08) Block Loss: 2.0981e-05
		(Epoch 06/08) Block Loss: 2.0954e-05
		(Epoch 07/08) Block Loss: 2.0946e-05
		(Epoch 08/08) Block Loss: 2.0913e-05
	(1/3) Block 15/28, self_attn.o_proj | Tuning Non-Factorized Weights...
		(Epoch 01/08) Block Loss: 2.0614e-05
		(Epoch 02/08) Block Loss: 2.0166e-05
		(Epoch 03/08) Block Loss: 1.9935e-05
		(Epoch 04/08) Block Loss: 1.9783e-05
		(Epoch 05/08) Block Loss: 1.9663e-05
		(Epoch 06/08) Block Loss: 1.9586e-05
		(Epoch 07/08) Block Loss: 1.9538e-05
		(Epoch 08/08) Block Loss: 1.9518e-05
	(2/3) Block 15/28, self_attn.o_proj | Initialization via ADMM...
		ADMM weight recon error: raw=316.1541, norm=0.3017, per_el=1.5075e-04, out_err=0.2308, ADMM time=2.17s
	(3/3) Block 15/28, self_attn.o_proj | Tuning Factorized Weights...
		(Epoch 01/08) Block Loss: 2.1471e-05
		(Epoch 02/08) Block Loss: 2.1146e-05
		(Epoch 03/08) Block Loss: 2.1075e-05
		(Epoch 04/08) Block Loss: 2.1068e-05
		(Epoch 05/08) Block Loss: 2.1034e-05
		(Epoch 06/08) Block Loss: 2.1023e-05
		(Epoch 07/08) Block Loss: 2.0980e-05
		(Epoch 08/08) Block Loss: 2.0889e-05
	(1/3) Block 15/28, self_attn.k_proj | Tuning Non-Factorized Weights...
		(Epoch 01/08) Block Loss: 2.0605e-05
		(Epoch 02/08) Block Loss: 2.0278e-05
		(Epoch 03/08) Block Loss: 2.0105e-05
		(Epoch 04/08) Block Loss: 1.9991e-05
		(Epoch 05/08) Block Loss: 1.9901e-05
		(Epoch 06/08) Block Loss: 1.9842e-05
		(Epoch 07/08) Block Loss: 1.9805e-05
		(Epoch 08/08) Block Loss: 1.9789e-05
	(2/3) Block 15/28, self_attn.k_proj | Initialization via ADMM...
		ADMM weight recon error: raw=172.2681, norm=0.2658, per_el=1.6429e-04, out_err=0.0617, ADMM time=1.60s
	(3/3) Block 15/28, self_attn.k_proj | Tuning Factorized Weights...
		(Epoch 01/08) Block Loss: 2.0041e-05
		(Epoch 02/08) Block Loss: 2.0002e-05
		(Epoch 03/08) Block Loss: 1.9985e-05
		(Epoch 04/08) Block Loss: 1.9976e-05
		(Epoch 05/08) Block Loss: 1.9970e-05
		(Epoch 06/08) Block Loss: 1.9967e-05
		(Epoch 07/08) Block Loss: 1.9963e-05
		(Epoch 08/08) Block Loss: 1.9959e-05
	(1/3) Block 15/28, mlp.gate_proj | Tuning Non-Factorized Weights...
		(Epoch 01/08) Block Loss: 2.0053e-05
		(Epoch 02/08) Block Loss: 1.9896e-05
		(Epoch 03/08) Block Loss: 1.9796e-05
		(Epoch 04/08) Block Loss: 1.9725e-05
		(Epoch 05/08) Block Loss: 1.9662e-05
		(Epoch 06/08) Block Loss: 1.9620e-05
		(Epoch 07/08) Block Loss: 1.9591e-05
		(Epoch 08/08) Block Loss: 1.9578e-05
	(2/3) Block 15/28, mlp.gate_proj | Initialization via ADMM...
		ADMM weight recon error: raw=743.7267, norm=0.3018, per_el=2.3642e-04, out_err=0.0775, ADMM time=2.02s
	(3/3) Block 15/28, mlp.gate_proj | Tuning Factorized Weights...
		(Epoch 01/08) Block Loss: 2.1595e-05
		(Epoch 02/08) Block Loss: 2.1347e-05
		(Epoch 03/08) Block Loss: 2.1336e-05
		(Epoch 04/08) Block Loss: 2.1348e-05
		(Epoch 05/08) Block Loss: 2.1339e-05
		(Epoch 06/08) Block Loss: 2.1326e-05
		(Epoch 07/08) Block Loss: 2.1288e-05
		(Epoch 08/08) Block Loss: 2.1177e-05
	(1/3) Block 15/28, mlp.up_proj | Tuning Non-Factorized Weights...
		(Epoch 01/08) Block Loss: 2.0902e-05
		(Epoch 02/08) Block Loss: 2.0690e-05
		(Epoch 03/08) Block Loss: 2.0580e-05
		(Epoch 04/08) Block Loss: 2.0510e-05
		(Epoch 05/08) Block Loss: 2.0454e-05
		(Epoch 06/08) Block Loss: 2.0417e-05
		(Epoch 07/08) Block Loss: 2.0393e-05
		(Epoch 08/08) Block Loss: 2.0382e-05
	(2/3) Block 15/28, mlp.up_proj | Initialization via ADMM...
Token indices sequence length is longer than the specified maximum sequence length for this model (299078 > 131072). Running this sequence through the model will result in indexing errors
Compressing Layers:  54%|████████████████████████████████████████████████████████▊                                                 | 15/28 [24:54<21:56, 101.26s/it]Token indices sequence length is longer than the specified maximum sequence length for this model (299078 > 131072). Running this sequence through the model will result in indexing errors
		ADMM weight recon error: raw=721.8143, norm=0.3444, per_el=2.2946e-04, out_err=0.1930, ADMM time=2.21s
	(3/3) Block 15/28, mlp.up_proj | Tuning Factorized Weights...
		(Epoch 01/08) Block Loss: 2.4169e-05
		(Epoch 02/08) Block Loss: 2.3696e-05
		(Epoch 03/08) Block Loss: 2.3796e-05
		(Epoch 04/08) Block Loss: 2.3829e-05
		(Epoch 05/08) Block Loss: 2.3633e-05
		(Epoch 06/08) Block Loss: 2.3664e-05
		(Epoch 07/08) Block Loss: 2.3619e-05
		(Epoch 08/08) Block Loss: 2.3383e-05
	(1/3) Block 15/28, mlp.down_proj | Tuning Non-Factorized Weights...
		(Epoch 01/08) Block Loss: 2.2808e-05
		(Epoch 02/08) Block Loss: 2.2516e-05
		(Epoch 03/08) Block Loss: 2.2372e-05
		(Epoch 04/08) Block Loss: 2.2286e-05
		(Epoch 05/08) Block Loss: 2.2227e-05
		(Epoch 06/08) Block Loss: 2.2192e-05
		(Epoch 07/08) Block Loss: 2.2172e-05
		(Epoch 08/08) Block Loss: 2.2164e-05
	(2/3) Block 15/28, mlp.down_proj | Initialization via ADMM...
		ADMM weight recon error: raw=616.1620, norm=0.3157, per_el=1.9587e-04, out_err=0.2681, ADMM time=1.16s
	(3/3) Block 15/28, mlp.down_proj | Tuning Factorized Weights...
		(Epoch 01/08) Block Loss: 2.6444e-05
		(Epoch 02/08) Block Loss: 2.6138e-05
		(Epoch 03/08) Block Loss: 2.6176e-05
		(Epoch 04/08) Block Loss: 2.6236e-05
		(Epoch 05/08) Block Loss: 2.6235e-05
		(Epoch 06/08) Block Loss: 2.6218e-05
		(Epoch 07/08) Block Loss: 2.6176e-05
		(Epoch 08/08) Block Loss: 2.5941e-05
		Block 14: relative block output error = 0.0087
Using sequence length: 2048 (model max: 2048)
		Block 14: Test Data PPL        = 18.624
	(1/3) Block 16/28, self_attn.q_proj | Tuning Non-Factorized Weights...
		(Epoch 01/08) Block Loss: 3.0543e-05
		(Epoch 02/08) Block Loss: 2.9096e-05
		(Epoch 03/08) Block Loss: 2.8361e-05
		(Epoch 04/08) Block Loss: 2.7882e-05
		(Epoch 05/08) Block Loss: 2.7553e-05
		(Epoch 06/08) Block Loss: 2.7350e-05
		(Epoch 07/08) Block Loss: 2.7234e-05
		(Epoch 08/08) Block Loss: 2.7188e-05
	(2/3) Block 16/28, self_attn.q_proj | Initialization via ADMM...
		ADMM weight recon error: raw=424.5245, norm=0.2317, per_el=2.0243e-04, out_err=0.0555, ADMM time=2.06s
	(3/3) Block 16/28, self_attn.q_proj | Tuning Factorized Weights...
		(Epoch 01/08) Block Loss: 2.7817e-05
		(Epoch 02/08) Block Loss: 2.7681e-05
		(Epoch 03/08) Block Loss: 2.7636e-05
		(Epoch 04/08) Block Loss: 2.7609e-05
		(Epoch 05/08) Block Loss: 2.7584e-05
		(Epoch 06/08) Block Loss: 2.7571e-05
		(Epoch 07/08) Block Loss: 2.7543e-05
		(Epoch 08/08) Block Loss: 2.7525e-05
	(1/3) Block 16/28, self_attn.v_proj | Tuning Non-Factorized Weights...
		(Epoch 01/08) Block Loss: 2.7632e-05
		(Epoch 02/08) Block Loss: 2.7118e-05
		(Epoch 03/08) Block Loss: 2.6784e-05
		(Epoch 04/08) Block Loss: 2.6539e-05
		(Epoch 05/08) Block Loss: 2.6350e-05
		(Epoch 06/08) Block Loss: 2.6226e-05
		(Epoch 07/08) Block Loss: 2.6149e-05
		(Epoch 08/08) Block Loss: 2.6116e-05
	(2/3) Block 16/28, self_attn.v_proj | Initialization via ADMM...
		ADMM weight recon error: raw=233.6246, norm=0.3245, per_el=2.2280e-04, out_err=0.2777, ADMM time=1.66s
	(3/3) Block 16/28, self_attn.v_proj | Tuning Factorized Weights...
		(Epoch 01/08) Block Loss: 2.9556e-05
		(Epoch 02/08) Block Loss: 2.8899e-05
		(Epoch 03/08) Block Loss: 2.8629e-05
		(Epoch 04/08) Block Loss: 2.8487e-05
		(Epoch 05/08) Block Loss: 2.8410e-05
		(Epoch 06/08) Block Loss: 2.8371e-05
		(Epoch 07/08) Block Loss: 2.8335e-05
		(Epoch 08/08) Block Loss: 2.8287e-05
	(1/3) Block 16/28, self_attn.o_proj | Tuning Non-Factorized Weights...
		(Epoch 01/08) Block Loss: 2.7858e-05
		(Epoch 02/08) Block Loss: 2.7250e-05
		(Epoch 03/08) Block Loss: 2.6943e-05
		(Epoch 04/08) Block Loss: 2.6738e-05
		(Epoch 05/08) Block Loss: 2.6580e-05
		(Epoch 06/08) Block Loss: 2.6475e-05
		(Epoch 07/08) Block Loss: 2.6411e-05
		(Epoch 08/08) Block Loss: 2.6382e-05
	(2/3) Block 16/28, self_attn.o_proj | Initialization via ADMM...
		ADMM weight recon error: raw=322.9880, norm=0.2823, per_el=1.5401e-04, out_err=0.1948, ADMM time=2.02s
	(3/3) Block 16/28, self_attn.o_proj | Tuning Factorized Weights...
		(Epoch 01/08) Block Loss: 2.9384e-05
		(Epoch 02/08) Block Loss: 2.8850e-05
		(Epoch 03/08) Block Loss: 2.8714e-05
		(Epoch 04/08) Block Loss: 2.8675e-05
		(Epoch 05/08) Block Loss: 2.8624e-05
		(Epoch 06/08) Block Loss: 2.8599e-05
		(Epoch 07/08) Block Loss: 2.8532e-05
		(Epoch 08/08) Block Loss: 2.8395e-05
	(1/3) Block 16/28, self_attn.k_proj | Tuning Non-Factorized Weights...
		(Epoch 01/08) Block Loss: 2.7951e-05
		(Epoch 02/08) Block Loss: 2.7490e-05
		(Epoch 03/08) Block Loss: 2.7253e-05
		(Epoch 04/08) Block Loss: 2.7099e-05
		(Epoch 05/08) Block Loss: 2.6979e-05
		(Epoch 06/08) Block Loss: 2.6898e-05
		(Epoch 07/08) Block Loss: 2.6848e-05
		(Epoch 08/08) Block Loss: 2.6826e-05
	(2/3) Block 16/28, self_attn.k_proj | Initialization via ADMM...
		ADMM weight recon error: raw=161.0999, norm=0.2797, per_el=1.5364e-04, out_err=0.0832, ADMM time=1.56s
	(3/3) Block 16/28, self_attn.k_proj | Tuning Factorized Weights...
		(Epoch 01/08) Block Loss: 2.7201e-05
		(Epoch 02/08) Block Loss: 2.7141e-05
		(Epoch 03/08) Block Loss: 2.7117e-05
		(Epoch 04/08) Block Loss: 2.7101e-05
		(Epoch 05/08) Block Loss: 2.7093e-05
		(Epoch 06/08) Block Loss: 2.7086e-05
		(Epoch 07/08) Block Loss: 2.7082e-05
		(Epoch 08/08) Block Loss: 2.7076e-05
	(1/3) Block 16/28, mlp.gate_proj | Tuning Non-Factorized Weights...
		(Epoch 01/08) Block Loss: 2.7209e-05
		(Epoch 02/08) Block Loss: 2.6999e-05
		(Epoch 03/08) Block Loss: 2.6866e-05
		(Epoch 04/08) Block Loss: 2.6772e-05
		(Epoch 05/08) Block Loss: 2.6690e-05
		(Epoch 06/08) Block Loss: 2.6632e-05
		(Epoch 07/08) Block Loss: 2.6593e-05
		(Epoch 08/08) Block Loss: 2.6575e-05
	(2/3) Block 16/28, mlp.gate_proj | Initialization via ADMM...
		ADMM weight recon error: raw=763.9343, norm=0.3061, per_el=2.4285e-04, out_err=0.0707, ADMM time=2.01s
	(3/3) Block 16/28, mlp.gate_proj | Tuning Factorized Weights...
		(Epoch 01/08) Block Loss: 2.9497e-05
		(Epoch 02/08) Block Loss: 2.9092e-05
		(Epoch 03/08) Block Loss: 2.9071e-05
		(Epoch 04/08) Block Loss: 2.9097e-05
		(Epoch 05/08) Block Loss: 2.9062e-05
		(Epoch 06/08) Block Loss: 2.9052e-05
		(Epoch 07/08) Block Loss: 2.9025e-05
		(Epoch 08/08) Block Loss: 2.8826e-05
	(1/3) Block 16/28, mlp.up_proj | Tuning Non-Factorized Weights...
		(Epoch 01/08) Block Loss: 2.8442e-05
		(Epoch 02/08) Block Loss: 2.8149e-05
		(Epoch 03/08) Block Loss: 2.8000e-05
		(Epoch 04/08) Block Loss: 2.7906e-05
		(Epoch 05/08) Block Loss: 2.7831e-05
		(Epoch 06/08) Block Loss: 2.7780e-05
		(Epoch 07/08) Block Loss: 2.7748e-05
		(Epoch 08/08) Block Loss: 2.7733e-05
	(2/3) Block 16/28, mlp.up_proj | Initialization via ADMM...
		ADMM weight recon error: raw=759.8209, norm=0.3492, per_el=2.4154e-04, out_err=0.1772, ADMM time=2.03s
	(3/3) Block 16/28, mlp.up_proj | Tuning Factorized Weights...
		(Epoch 01/08) Block Loss: 3.3183e-05
		(Epoch 02/08) Block Loss: 3.2403e-05
		(Epoch 03/08) Block Loss: 3.2317e-05
		(Epoch 04/08) Block Loss: 3.2492e-05
		(Epoch 05/08) Block Loss: 3.2240e-05
		(Epoch 06/08) Block Loss: 3.2286e-05
		(Epoch 07/08) Block Loss: 3.2201e-05
		(Epoch 08/08) Block Loss: 3.1910e-05
	(1/3) Block 16/28, mlp.down_proj | Tuning Non-Factorized Weights...
		(Epoch 01/08) Block Loss: 3.1113e-05
		(Epoch 02/08) Block Loss: 3.0702e-05
		(Epoch 03/08) Block Loss: 3.0501e-05
		(Epoch 04/08) Block Loss: 3.0381e-05
		(Epoch 05/08) Block Loss: 3.0299e-05
		(Epoch 06/08) Block Loss: 3.0250e-05
		(Epoch 07/08) Block Loss: 3.0222e-05
		(Epoch 08/08) Block Loss: 3.0211e-05
	(2/3) Block 16/28, mlp.down_proj | Initialization via ADMM...
		ADMM weight recon error: raw=606.1633, norm=0.3131, per_el=1.9269e-04, out_err=0.2554, ADMM time=1.93s
	(3/3) Block 16/28, mlp.down_proj | Tuning Factorized Weights...
		(Epoch 01/08) Block Loss: 3.6218e-05
		(Epoch 02/08) Block Loss: 3.5732e-05
		(Epoch 03/08) Block Loss: 3.5744e-05
		(Epoch 04/08) Block Loss: 3.5788e-05
		(Epoch 05/08) Block Loss: 3.5785e-05
		(Epoch 06/08) Block Loss: 3.5757e-05
		(Epoch 07/08) Block Loss: 3.5695e-05
		(Epoch 08/08) Block Loss: 3.5411e-05
		Block 15: relative block output error = 0.0110
Using sequence length: 2048 (model max: 2048)
		Block 15: Test Data PPL        = 18.846
Compressing Layers:  57%|████████████████████████████████████████████████████████████▌                                             | 16/28 [26:36<20:16, 101.34s/it]Token indices sequence length is longer than the specified maximum sequence length for this model (299078 > 131072). Running this sequence through the model will result in indexing errors
Compressing Layers:  61%|████████████████████████████████████████████████████████████████▎                                         | 17/28 [28:18<18:37, 101.61s/it]	(1/3) Block 17/28, self_attn.q_proj | Tuning Non-Factorized Weights...
		(Epoch 01/08) Block Loss: 2.1431e-05
		(Epoch 02/08) Block Loss: 2.0316e-05
		(Epoch 03/08) Block Loss: 1.9775e-05
		(Epoch 04/08) Block Loss: 1.9435e-05
		(Epoch 05/08) Block Loss: 1.9197e-05
		(Epoch 06/08) Block Loss: 1.9049e-05
		(Epoch 07/08) Block Loss: 1.8962e-05
		(Epoch 08/08) Block Loss: 1.8928e-05
	(2/3) Block 17/28, self_attn.q_proj | Initialization via ADMM...
		ADMM weight recon error: raw=447.0492, norm=0.2070, per_el=2.1317e-04, out_err=0.0513, ADMM time=1.98s
	(3/3) Block 17/28, self_attn.q_proj | Tuning Factorized Weights...
		(Epoch 01/08) Block Loss: 1.9498e-05
		(Epoch 02/08) Block Loss: 1.9353e-05
		(Epoch 03/08) Block Loss: 1.9316e-05
		(Epoch 04/08) Block Loss: 1.9296e-05
		(Epoch 05/08) Block Loss: 1.9283e-05
		(Epoch 06/08) Block Loss: 1.9272e-05
		(Epoch 07/08) Block Loss: 1.9256e-05
		(Epoch 08/08) Block Loss: 1.9238e-05
	(1/3) Block 17/28, self_attn.v_proj | Tuning Non-Factorized Weights...
		(Epoch 01/08) Block Loss: 1.9323e-05
		(Epoch 02/08) Block Loss: 1.8949e-05
		(Epoch 03/08) Block Loss: 1.8709e-05
		(Epoch 04/08) Block Loss: 1.8533e-05
		(Epoch 05/08) Block Loss: 1.8397e-05
		(Epoch 06/08) Block Loss: 1.8307e-05
		(Epoch 07/08) Block Loss: 1.8250e-05
		(Epoch 08/08) Block Loss: 1.8225e-05
	(2/3) Block 17/28, self_attn.v_proj | Initialization via ADMM...
		ADMM weight recon error: raw=228.6483, norm=0.3229, per_el=2.1806e-04, out_err=0.2559, ADMM time=1.61s
	(3/3) Block 17/28, self_attn.v_proj | Tuning Factorized Weights...
		(Epoch 01/08) Block Loss: 2.0430e-05
		(Epoch 02/08) Block Loss: 2.0057e-05
		(Epoch 03/08) Block Loss: 1.9882e-05
		(Epoch 04/08) Block Loss: 1.9787e-05
		(Epoch 05/08) Block Loss: 1.9730e-05
		(Epoch 06/08) Block Loss: 1.9693e-05
		(Epoch 07/08) Block Loss: 1.9677e-05
		(Epoch 08/08) Block Loss: 1.9644e-05
	(1/3) Block 17/28, self_attn.o_proj | Tuning Non-Factorized Weights...
		(Epoch 01/08) Block Loss: 1.9369e-05
		(Epoch 02/08) Block Loss: 1.8949e-05
		(Epoch 03/08) Block Loss: 1.8736e-05
		(Epoch 04/08) Block Loss: 1.8596e-05
		(Epoch 05/08) Block Loss: 1.8484e-05
		(Epoch 06/08) Block Loss: 1.8409e-05
		(Epoch 07/08) Block Loss: 1.8361e-05
		(Epoch 08/08) Block Loss: 1.8340e-05
	(2/3) Block 17/28, self_attn.o_proj | Initialization via ADMM...
		ADMM weight recon error: raw=327.6048, norm=0.2904, per_el=1.5621e-04, out_err=0.2007, ADMM time=2.22s
	(3/3) Block 17/28, self_attn.o_proj | Tuning Factorized Weights...
		(Epoch 01/08) Block Loss: 2.0610e-05
		(Epoch 02/08) Block Loss: 2.0150e-05
		(Epoch 03/08) Block Loss: 2.0014e-05
		(Epoch 04/08) Block Loss: 1.9972e-05
		(Epoch 05/08) Block Loss: 1.9938e-05
		(Epoch 06/08) Block Loss: 1.9904e-05
		(Epoch 07/08) Block Loss: 1.9858e-05
		(Epoch 08/08) Block Loss: 1.9767e-05
	(1/3) Block 17/28, self_attn.k_proj | Tuning Non-Factorized Weights...
		(Epoch 01/08) Block Loss: 1.9479e-05
		(Epoch 02/08) Block Loss: 1.9144e-05
		(Epoch 03/08) Block Loss: 1.8976e-05
		(Epoch 04/08) Block Loss: 1.8867e-05
		(Epoch 05/08) Block Loss: 1.8780e-05
		(Epoch 06/08) Block Loss: 1.8722e-05
		(Epoch 07/08) Block Loss: 1.8684e-05
		(Epoch 08/08) Block Loss: 1.8667e-05
	(2/3) Block 17/28, self_attn.k_proj | Initialization via ADMM...
		ADMM weight recon error: raw=162.3539, norm=0.2585, per_el=1.5483e-04, out_err=0.0773, ADMM time=1.86s
	(3/3) Block 17/28, self_attn.k_proj | Tuning Factorized Weights...
		(Epoch 01/08) Block Loss: 1.8944e-05
		(Epoch 02/08) Block Loss: 1.8893e-05
		(Epoch 03/08) Block Loss: 1.8875e-05
		(Epoch 04/08) Block Loss: 1.8864e-05
		(Epoch 05/08) Block Loss: 1.8858e-05
		(Epoch 06/08) Block Loss: 1.8853e-05
		(Epoch 07/08) Block Loss: 1.8848e-05
		(Epoch 08/08) Block Loss: 1.8844e-05
	(1/3) Block 17/28, mlp.gate_proj | Tuning Non-Factorized Weights...
		(Epoch 01/08) Block Loss: 1.8959e-05
		(Epoch 02/08) Block Loss: 1.8807e-05
		(Epoch 03/08) Block Loss: 1.8712e-05
		(Epoch 04/08) Block Loss: 1.8646e-05
		(Epoch 05/08) Block Loss: 1.8586e-05
		(Epoch 06/08) Block Loss: 1.8543e-05
		(Epoch 07/08) Block Loss: 1.8514e-05
		(Epoch 08/08) Block Loss: 1.8499e-05
	(2/3) Block 17/28, mlp.gate_proj | Initialization via ADMM...
		ADMM weight recon error: raw=760.1156, norm=0.3065, per_el=2.4163e-04, out_err=0.0611, ADMM time=2.16s
	(3/3) Block 17/28, mlp.gate_proj | Tuning Factorized Weights...
		(Epoch 01/08) Block Loss: 2.0773e-05
		(Epoch 02/08) Block Loss: 2.0443e-05
		(Epoch 03/08) Block Loss: 2.0430e-05
		(Epoch 04/08) Block Loss: 2.0446e-05
		(Epoch 05/08) Block Loss: 2.0438e-05
		(Epoch 06/08) Block Loss: 2.0419e-05
		(Epoch 07/08) Block Loss: 2.0386e-05
		(Epoch 08/08) Block Loss: 2.0254e-05
	(1/3) Block 17/28, mlp.up_proj | Tuning Non-Factorized Weights...
		(Epoch 01/08) Block Loss: 1.9933e-05
		(Epoch 02/08) Block Loss: 1.9708e-05
		(Epoch 03/08) Block Loss: 1.9598e-05
		(Epoch 04/08) Block Loss: 1.9530e-05
		(Epoch 05/08) Block Loss: 1.9474e-05
		(Epoch 06/08) Block Loss: 1.9436e-05
		(Epoch 07/08) Block Loss: 1.9411e-05
		(Epoch 08/08) Block Loss: 1.9399e-05
	(2/3) Block 17/28, mlp.up_proj | Initialization via ADMM...
		ADMM weight recon error: raw=835.8492, norm=0.3653, per_el=2.6571e-04, out_err=0.1560, ADMM time=1.86s
	(3/3) Block 17/28, mlp.up_proj | Tuning Factorized Weights...
		(Epoch 01/08) Block Loss: 2.4835e-05
		(Epoch 02/08) Block Loss: 2.4003e-05
		(Epoch 03/08) Block Loss: 2.3891e-05
		(Epoch 04/08) Block Loss: 2.3902e-05
		(Epoch 05/08) Block Loss: 2.3893e-05
		(Epoch 06/08) Block Loss: 2.3850e-05
		(Epoch 07/08) Block Loss: 2.3786e-05
		(Epoch 08/08) Block Loss: 2.3582e-05
	(1/3) Block 17/28, mlp.down_proj | Tuning Non-Factorized Weights...
		(Epoch 01/08) Block Loss: 2.2619e-05
		(Epoch 02/08) Block Loss: 2.2139e-05
		(Epoch 03/08) Block Loss: 2.1925e-05
		(Epoch 04/08) Block Loss: 2.1805e-05
		(Epoch 05/08) Block Loss: 2.1726e-05
		(Epoch 06/08) Block Loss: 2.1679e-05
		(Epoch 07/08) Block Loss: 2.1654e-05
		(Epoch 08/08) Block Loss: 2.1644e-05
	(2/3) Block 17/28, mlp.down_proj | Initialization via ADMM...
		ADMM weight recon error: raw=669.4663, norm=0.3430, per_el=2.1282e-04, out_err=0.2142, ADMM time=2.13s
	(3/3) Block 17/28, mlp.down_proj | Tuning Factorized Weights...
		(Epoch 01/08) Block Loss: 2.8431e-05
		(Epoch 02/08) Block Loss: 2.7809e-05
		(Epoch 03/08) Block Loss: 2.7815e-05
		(Epoch 04/08) Block Loss: 2.7885e-05
		(Epoch 05/08) Block Loss: 2.7914e-05
		(Epoch 06/08) Block Loss: 2.7896e-05
		(Epoch 07/08) Block Loss: 2.7846e-05
		(Epoch 08/08) Block Loss: 2.7565e-05
		Block 16: relative block output error = 0.0175
Using sequence length: 2048 (model max: 2048)
		Block 16: Test Data PPL        = 19.409
	(1/3) Block 18/28, self_attn.q_proj | Tuning Non-Factorized Weights...
		(Epoch 01/08) Block Loss: 2.1930e-05
		(Epoch 02/08) Block Loss: 2.0495e-05
		(Epoch 03/08) Block Loss: 1.9813e-05
		(Epoch 04/08) Block Loss: 1.9396e-05
		(Epoch 05/08) Block Loss: 1.9114e-05
		(Epoch 06/08) Block Loss: 1.8938e-05
		(Epoch 07/08) Block Loss: 1.8837e-05
		(Epoch 08/08) Block Loss: 1.8799e-05
	(2/3) Block 18/28, self_attn.q_proj | Initialization via ADMM...
		ADMM weight recon error: raw=422.5445, norm=0.2201, per_el=2.0148e-04, out_err=0.0578, ADMM time=1.76s
	(3/3) Block 18/28, self_attn.q_proj | Tuning Factorized Weights...
		(Epoch 01/08) Block Loss: 1.9472e-05
		(Epoch 02/08) Block Loss: 1.9319e-05
		(Epoch 03/08) Block Loss: 1.9270e-05
		(Epoch 04/08) Block Loss: 1.9242e-05
		(Epoch 05/08) Block Loss: 1.9225e-05
		(Epoch 06/08) Block Loss: 1.9205e-05
		(Epoch 07/08) Block Loss: 1.9187e-05
		(Epoch 08/08) Block Loss: 1.9164e-05
	(1/3) Block 18/28, self_attn.v_proj | Tuning Non-Factorized Weights...
		(Epoch 01/08) Block Loss: 1.9238e-05
		(Epoch 02/08) Block Loss: 1.8814e-05
		(Epoch 03/08) Block Loss: 1.8542e-05
		(Epoch 04/08) Block Loss: 1.8342e-05
		(Epoch 05/08) Block Loss: 1.8191e-05
		(Epoch 06/08) Block Loss: 1.8091e-05
		(Epoch 07/08) Block Loss: 1.8029e-05
		(Epoch 08/08) Block Loss: 1.8002e-05
	(2/3) Block 18/28, self_attn.v_proj | Initialization via ADMM...
		ADMM weight recon error: raw=239.2033, norm=0.3181, per_el=2.2812e-04, out_err=0.2994, ADMM time=1.58s
Token indices sequence length is longer than the specified maximum sequence length for this model (299078 > 131072). Running this sequence through the model will result in indexing errors
Compressing Layers:  64%|████████████████████████████████████████████████████████████████████▏                                     | 18/28 [30:01<17:01, 102.16s/it]	(3/3) Block 18/28, self_attn.v_proj | Tuning Factorized Weights...
		(Epoch 01/08) Block Loss: 2.1494e-05
		(Epoch 02/08) Block Loss: 2.0812e-05
		(Epoch 03/08) Block Loss: 2.0518e-05
		(Epoch 04/08) Block Loss: 2.0347e-05
		(Epoch 05/08) Block Loss: 2.0259e-05
		(Epoch 06/08) Block Loss: 2.0204e-05
		(Epoch 07/08) Block Loss: 2.0175e-05
		(Epoch 08/08) Block Loss: 2.0131e-05
	(1/3) Block 18/28, self_attn.o_proj | Tuning Non-Factorized Weights...
		(Epoch 01/08) Block Loss: 1.9614e-05
		(Epoch 02/08) Block Loss: 1.9064e-05
		(Epoch 03/08) Block Loss: 1.8803e-05
		(Epoch 04/08) Block Loss: 1.8634e-05
		(Epoch 05/08) Block Loss: 1.8505e-05
		(Epoch 06/08) Block Loss: 1.8420e-05
		(Epoch 07/08) Block Loss: 1.8367e-05
		(Epoch 08/08) Block Loss: 1.8344e-05
	(2/3) Block 18/28, self_attn.o_proj | Initialization via ADMM...
		ADMM weight recon error: raw=316.5673, norm=0.2806, per_el=1.5095e-04, out_err=0.2664, ADMM time=1.76s
	(3/3) Block 18/28, self_attn.o_proj | Tuning Factorized Weights...
		(Epoch 01/08) Block Loss: 2.1570e-05
		(Epoch 02/08) Block Loss: 2.0898e-05
		(Epoch 03/08) Block Loss: 2.0665e-05
		(Epoch 04/08) Block Loss: 2.0574e-05
		(Epoch 05/08) Block Loss: 2.0518e-05
		(Epoch 06/08) Block Loss: 2.0460e-05
		(Epoch 07/08) Block Loss: 2.0414e-05
		(Epoch 08/08) Block Loss: 2.0274e-05
	(1/3) Block 18/28, self_attn.k_proj | Tuning Non-Factorized Weights...
		(Epoch 01/08) Block Loss: 1.9878e-05
		(Epoch 02/08) Block Loss: 1.9457e-05
		(Epoch 03/08) Block Loss: 1.9244e-05
		(Epoch 04/08) Block Loss: 1.9108e-05
		(Epoch 05/08) Block Loss: 1.9005e-05
		(Epoch 06/08) Block Loss: 1.8937e-05
		(Epoch 07/08) Block Loss: 1.8895e-05
		(Epoch 08/08) Block Loss: 1.8877e-05
	(2/3) Block 18/28, self_attn.k_proj | Initialization via ADMM...
		ADMM weight recon error: raw=166.2408, norm=0.2752, per_el=1.5854e-04, out_err=0.0666, ADMM time=1.72s
	(3/3) Block 18/28, self_attn.k_proj | Tuning Factorized Weights...
		(Epoch 01/08) Block Loss: 1.9184e-05
		(Epoch 02/08) Block Loss: 1.9132e-05
		(Epoch 03/08) Block Loss: 1.9110e-05
		(Epoch 04/08) Block Loss: 1.9099e-05
		(Epoch 05/08) Block Loss: 1.9091e-05
		(Epoch 06/08) Block Loss: 1.9085e-05
		(Epoch 07/08) Block Loss: 1.9080e-05
		(Epoch 08/08) Block Loss: 1.9075e-05
	(1/3) Block 18/28, mlp.gate_proj | Tuning Non-Factorized Weights...
		(Epoch 01/08) Block Loss: 1.9176e-05
		(Epoch 02/08) Block Loss: 1.9005e-05
		(Epoch 03/08) Block Loss: 1.8894e-05
		(Epoch 04/08) Block Loss: 1.8816e-05
		(Epoch 05/08) Block Loss: 1.8749e-05
		(Epoch 06/08) Block Loss: 1.8702e-05
		(Epoch 07/08) Block Loss: 1.8671e-05
		(Epoch 08/08) Block Loss: 1.8656e-05
	(2/3) Block 18/28, mlp.gate_proj | Initialization via ADMM...
		ADMM weight recon error: raw=786.1048, norm=0.3190, per_el=2.4990e-04, out_err=0.0695, ADMM time=2.10s
	(3/3) Block 18/28, mlp.gate_proj | Tuning Factorized Weights...
		(Epoch 01/08) Block Loss: 2.1423e-05
		(Epoch 02/08) Block Loss: 2.0904e-05
		(Epoch 03/08) Block Loss: 2.0850e-05
		(Epoch 04/08) Block Loss: 2.0851e-05
		(Epoch 05/08) Block Loss: 2.0838e-05
		(Epoch 06/08) Block Loss: 2.0814e-05
		(Epoch 07/08) Block Loss: 2.0765e-05
		(Epoch 08/08) Block Loss: 2.0619e-05
	(1/3) Block 18/28, mlp.up_proj | Tuning Non-Factorized Weights...
		(Epoch 01/08) Block Loss: 2.0233e-05
		(Epoch 02/08) Block Loss: 1.9976e-05
		(Epoch 03/08) Block Loss: 1.9847e-05
		(Epoch 04/08) Block Loss: 1.9767e-05
		(Epoch 05/08) Block Loss: 1.9704e-05
		(Epoch 06/08) Block Loss: 1.9663e-05
		(Epoch 07/08) Block Loss: 1.9636e-05
		(Epoch 08/08) Block Loss: 1.9624e-05
	(2/3) Block 18/28, mlp.up_proj | Initialization via ADMM...
		ADMM weight recon error: raw=869.2440, norm=0.3505, per_el=2.7633e-04, out_err=0.1303, ADMM time=1.89s
	(3/3) Block 18/28, mlp.up_proj | Tuning Factorized Weights...
		(Epoch 01/08) Block Loss: 2.3900e-05
		(Epoch 02/08) Block Loss: 2.3102e-05
		(Epoch 03/08) Block Loss: 2.2977e-05
		(Epoch 04/08) Block Loss: 2.2944e-05
		(Epoch 05/08) Block Loss: 2.2905e-05
		(Epoch 06/08) Block Loss: 2.2859e-05
		(Epoch 07/08) Block Loss: 2.2808e-05
		(Epoch 08/08) Block Loss: 2.2619e-05
	(1/3) Block 18/28, mlp.down_proj | Tuning Non-Factorized Weights...
		(Epoch 01/08) Block Loss: 2.2019e-05
		(Epoch 02/08) Block Loss: 2.1709e-05
		(Epoch 03/08) Block Loss: 2.1564e-05
		(Epoch 04/08) Block Loss: 2.1479e-05
		(Epoch 05/08) Block Loss: 2.1420e-05
		(Epoch 06/08) Block Loss: 2.1384e-05
		(Epoch 07/08) Block Loss: 2.1364e-05
		(Epoch 08/08) Block Loss: 2.1355e-05
	(2/3) Block 18/28, mlp.down_proj | Initialization via ADMM...
		ADMM weight recon error: raw=669.0918, norm=0.3372, per_el=2.1270e-04, out_err=0.2398, ADMM time=2.15s
	(3/3) Block 18/28, mlp.down_proj | Tuning Factorized Weights...
		(Epoch 01/08) Block Loss: 2.7983e-05
		(Epoch 02/08) Block Loss: 2.7508e-05
		(Epoch 03/08) Block Loss: 2.7563e-05
		(Epoch 04/08) Block Loss: 2.7650e-05
		(Epoch 05/08) Block Loss: 2.7654e-05
		(Epoch 06/08) Block Loss: 2.7643e-05
		(Epoch 07/08) Block Loss: 2.7596e-05
		(Epoch 08/08) Block Loss: 2.7286e-05
		Block 17: relative block output error = 0.0239
Using sequence length: 2048 (model max: 2048)
		Block 17: Test Data PPL        = 19.927
	(1/3) Block 19/28, self_attn.q_proj | Tuning Non-Factorized Weights...
		(Epoch 01/08) Block Loss: 2.3348e-05
		(Epoch 02/08) Block Loss: 2.1847e-05
		(Epoch 03/08) Block Loss: 2.1131e-05
		(Epoch 04/08) Block Loss: 2.0691e-05
		(Epoch 05/08) Block Loss: 2.0398e-05
		(Epoch 06/08) Block Loss: 2.0217e-05
		(Epoch 07/08) Block Loss: 2.0116e-05
		(Epoch 08/08) Block Loss: 2.0076e-05
	(2/3) Block 19/28, self_attn.q_proj | Initialization via ADMM...
		ADMM weight recon error: raw=442.5855, norm=0.2222, per_el=2.1104e-04, out_err=0.0530, ADMM time=1.85s
	(3/3) Block 19/28, self_attn.q_proj | Tuning Factorized Weights...
		(Epoch 01/08) Block Loss: 2.0666e-05
		(Epoch 02/08) Block Loss: 2.0507e-05
		(Epoch 03/08) Block Loss: 2.0461e-05
		(Epoch 04/08) Block Loss: 2.0437e-05
		(Epoch 05/08) Block Loss: 2.0414e-05
		(Epoch 06/08) Block Loss: 2.0399e-05
		(Epoch 07/08) Block Loss: 2.0385e-05
		(Epoch 08/08) Block Loss: 2.0365e-05
	(1/3) Block 19/28, self_attn.v_proj | Tuning Non-Factorized Weights...
		(Epoch 01/08) Block Loss: 2.0435e-05
		(Epoch 02/08) Block Loss: 1.9992e-05
		(Epoch 03/08) Block Loss: 1.9702e-05
		(Epoch 04/08) Block Loss: 1.9494e-05
		(Epoch 05/08) Block Loss: 1.9336e-05
		(Epoch 06/08) Block Loss: 1.9233e-05
		(Epoch 07/08) Block Loss: 1.9168e-05
		(Epoch 08/08) Block Loss: 1.9141e-05
	(2/3) Block 19/28, self_attn.v_proj | Initialization via ADMM...
		ADMM weight recon error: raw=238.7354, norm=0.3430, per_el=2.2768e-04, out_err=0.3018, ADMM time=1.66s
	(3/3) Block 19/28, self_attn.v_proj | Tuning Factorized Weights...
		(Epoch 01/08) Block Loss: 2.2780e-05
		(Epoch 02/08) Block Loss: 2.1759e-05
		(Epoch 03/08) Block Loss: 2.1433e-05
		(Epoch 04/08) Block Loss: 2.1260e-05
		(Epoch 05/08) Block Loss: 2.1154e-05
		(Epoch 06/08) Block Loss: 2.1100e-05
		(Epoch 07/08) Block Loss: 2.1061e-05
		(Epoch 08/08) Block Loss: 2.1026e-05
	(1/3) Block 19/28, self_attn.o_proj | Tuning Non-Factorized Weights...
		(Epoch 01/08) Block Loss: 2.0560e-05
		(Epoch 02/08) Block Loss: 2.0019e-05
		(Epoch 03/08) Block Loss: 1.9759e-05
		(Epoch 04/08) Block Loss: 1.9590e-05
		(Epoch 05/08) Block Loss: 1.9461e-05
		(Epoch 06/08) Block Loss: 1.9375e-05
		(Epoch 07/08) Block Loss: 1.9322e-05
		(Epoch 08/08) Block Loss: 1.9298e-05
	(2/3) Block 19/28, self_attn.o_proj | Initialization via ADMM...
		ADMM weight recon error: raw=311.5973, norm=0.2951, per_el=1.4858e-04, out_err=0.1753, ADMM time=1.76s
	(3/3) Block 19/28, self_attn.o_proj | Tuning Factorized Weights...
		(Epoch 01/08) Block Loss: 2.1500e-05
		(Epoch 02/08) Block Loss: 2.1068e-05
		(Epoch 03/08) Block Loss: 2.0953e-05
		(Epoch 04/08) Block Loss: 2.0916e-05
		(Epoch 05/08) Block Loss: 2.0890e-05
		(Epoch 06/08) Block Loss: 2.0836e-05
		(Epoch 07/08) Block Loss: 2.0795e-05
		(Epoch 08/08) Block Loss: 2.0694e-05
	(1/3) Block 19/28, self_attn.k_proj | Tuning Non-Factorized Weights...
		(Epoch 01/08) Block Loss: 2.0409e-05
		(Epoch 02/08) Block Loss: 2.0053e-05
		(Epoch 03/08) Block Loss: 1.9868e-05
		(Epoch 04/08) Block Loss: 1.9747e-05
Token indices sequence length is longer than the specified maximum sequence length for this model (299078 > 131072). Running this sequence through the model will result in indexing errors
Compressing Layers:  68%|███████████████████████████████████████████████████████████████████████▉                                  | 19/28 [31:44<15:21, 102.39s/it]		(Epoch 05/08) Block Loss: 1.9652e-05
		(Epoch 06/08) Block Loss: 1.9588e-05
		(Epoch 07/08) Block Loss: 1.9548e-05
		(Epoch 08/08) Block Loss: 1.9529e-05
	(2/3) Block 19/28, self_attn.k_proj | Initialization via ADMM...
		ADMM weight recon error: raw=162.3680, norm=0.2839, per_el=1.5485e-04, out_err=0.0866, ADMM time=1.68s
	(3/3) Block 19/28, self_attn.k_proj | Tuning Factorized Weights...
		(Epoch 01/08) Block Loss: 1.9843e-05
		(Epoch 02/08) Block Loss: 1.9771e-05
		(Epoch 03/08) Block Loss: 1.9749e-05
		(Epoch 04/08) Block Loss: 1.9739e-05
		(Epoch 05/08) Block Loss: 1.9731e-05
		(Epoch 06/08) Block Loss: 1.9725e-05
		(Epoch 07/08) Block Loss: 1.9721e-05
		(Epoch 08/08) Block Loss: 1.9716e-05
	(1/3) Block 19/28, mlp.gate_proj | Tuning Non-Factorized Weights...
		(Epoch 01/08) Block Loss: 1.9831e-05
		(Epoch 02/08) Block Loss: 1.9664e-05
		(Epoch 03/08) Block Loss: 1.9557e-05
		(Epoch 04/08) Block Loss: 1.9481e-05
		(Epoch 05/08) Block Loss: 1.9415e-05
		(Epoch 06/08) Block Loss: 1.9368e-05
		(Epoch 07/08) Block Loss: 1.9336e-05
		(Epoch 08/08) Block Loss: 1.9321e-05
	(2/3) Block 19/28, mlp.gate_proj | Initialization via ADMM...
		ADMM weight recon error: raw=795.2824, norm=0.3228, per_el=2.5281e-04, out_err=0.0692, ADMM time=2.05s
	(3/3) Block 19/28, mlp.gate_proj | Tuning Factorized Weights...
		(Epoch 01/08) Block Loss: 2.2573e-05
		(Epoch 02/08) Block Loss: 2.1932e-05
		(Epoch 03/08) Block Loss: 2.1849e-05
		(Epoch 04/08) Block Loss: 2.1836e-05
		(Epoch 05/08) Block Loss: 2.1815e-05
		(Epoch 06/08) Block Loss: 2.1789e-05
		(Epoch 07/08) Block Loss: 2.1737e-05
		(Epoch 08/08) Block Loss: 2.1577e-05
	(1/3) Block 19/28, mlp.up_proj | Tuning Non-Factorized Weights...
		(Epoch 01/08) Block Loss: 2.1145e-05
		(Epoch 02/08) Block Loss: 2.0867e-05
		(Epoch 03/08) Block Loss: 2.0730e-05
		(Epoch 04/08) Block Loss: 2.0644e-05
		(Epoch 05/08) Block Loss: 2.0578e-05
		(Epoch 06/08) Block Loss: 2.0534e-05
		(Epoch 07/08) Block Loss: 2.0507e-05
		(Epoch 08/08) Block Loss: 2.0494e-05
	(2/3) Block 19/28, mlp.up_proj | Initialization via ADMM...
		ADMM weight recon error: raw=896.5580, norm=0.3569, per_el=2.8501e-04, out_err=0.1189, ADMM time=1.96s
	(3/3) Block 19/28, mlp.up_proj | Tuning Factorized Weights...
		(Epoch 01/08) Block Loss: 2.5441e-05
		(Epoch 02/08) Block Loss: 2.4473e-05
		(Epoch 03/08) Block Loss: 2.4306e-05
		(Epoch 04/08) Block Loss: 2.4264e-05
		(Epoch 05/08) Block Loss: 2.4229e-05
		(Epoch 06/08) Block Loss: 2.4182e-05
		(Epoch 07/08) Block Loss: 2.4100e-05
		(Epoch 08/08) Block Loss: 2.3907e-05
	(1/3) Block 19/28, mlp.down_proj | Tuning Non-Factorized Weights...
		(Epoch 01/08) Block Loss: 2.3197e-05
		(Epoch 02/08) Block Loss: 2.2838e-05
		(Epoch 03/08) Block Loss: 2.2672e-05
		(Epoch 04/08) Block Loss: 2.2577e-05
		(Epoch 05/08) Block Loss: 2.2512e-05
		(Epoch 06/08) Block Loss: 2.2473e-05
		(Epoch 07/08) Block Loss: 2.2451e-05
		(Epoch 08/08) Block Loss: 2.2442e-05
	(2/3) Block 19/28, mlp.down_proj | Initialization via ADMM...
		ADMM weight recon error: raw=732.1027, norm=0.3389, per_el=2.3273e-04, out_err=0.2376, ADMM time=2.13s
	(3/3) Block 19/28, mlp.down_proj | Tuning Factorized Weights...
		(Epoch 01/08) Block Loss: 2.9634e-05
		(Epoch 02/08) Block Loss: 2.9173e-05
		(Epoch 03/08) Block Loss: 2.9273e-05
		(Epoch 04/08) Block Loss: 2.9392e-05
		(Epoch 05/08) Block Loss: 2.9423e-05
		(Epoch 06/08) Block Loss: 2.9416e-05
		(Epoch 07/08) Block Loss: 2.9382e-05
		(Epoch 08/08) Block Loss: 2.9052e-05
		Block 18: relative block output error = 0.0304
Using sequence length: 2048 (model max: 2048)
		Block 18: Test Data PPL        = 20.371
	(1/3) Block 20/28, self_attn.q_proj | Tuning Non-Factorized Weights...
		(Epoch 01/08) Block Loss: 2.2777e-05
		(Epoch 02/08) Block Loss: 2.1242e-05
		(Epoch 03/08) Block Loss: 2.0514e-05
		(Epoch 04/08) Block Loss: 2.0068e-05
		(Epoch 05/08) Block Loss: 1.9766e-05
		(Epoch 06/08) Block Loss: 1.9581e-05
		(Epoch 07/08) Block Loss: 1.9477e-05
		(Epoch 08/08) Block Loss: 1.9436e-05
	(2/3) Block 20/28, self_attn.q_proj | Initialization via ADMM...
		ADMM weight recon error: raw=451.5836, norm=0.2075, per_el=2.1533e-04, out_err=0.0578, ADMM time=1.69s
	(3/3) Block 20/28, self_attn.q_proj | Tuning Factorized Weights...
		(Epoch 01/08) Block Loss: 2.0143e-05
		(Epoch 02/08) Block Loss: 1.9942e-05
		(Epoch 03/08) Block Loss: 1.9891e-05
		(Epoch 04/08) Block Loss: 1.9860e-05
		(Epoch 05/08) Block Loss: 1.9836e-05
		(Epoch 06/08) Block Loss: 1.9818e-05
		(Epoch 07/08) Block Loss: 1.9799e-05
		(Epoch 08/08) Block Loss: 1.9778e-05
	(1/3) Block 20/28, self_attn.v_proj | Tuning Non-Factorized Weights...
		(Epoch 01/08) Block Loss: 1.9847e-05
		(Epoch 02/08) Block Loss: 1.9393e-05
		(Epoch 03/08) Block Loss: 1.9099e-05
		(Epoch 04/08) Block Loss: 1.8890e-05
		(Epoch 05/08) Block Loss: 1.8729e-05
		(Epoch 06/08) Block Loss: 1.8623e-05
		(Epoch 07/08) Block Loss: 1.8557e-05
		(Epoch 08/08) Block Loss: 1.8529e-05
	(2/3) Block 20/28, self_attn.v_proj | Initialization via ADMM...
		ADMM weight recon error: raw=231.8781, norm=0.3239, per_el=2.2114e-04, out_err=0.2948, ADMM time=1.30s
	(3/3) Block 20/28, self_attn.v_proj | Tuning Factorized Weights...
		(Epoch 01/08) Block Loss: 2.1844e-05
		(Epoch 02/08) Block Loss: 2.1126e-05
		(Epoch 03/08) Block Loss: 2.0850e-05
		(Epoch 04/08) Block Loss: 2.0697e-05
		(Epoch 05/08) Block Loss: 2.0609e-05
		(Epoch 06/08) Block Loss: 2.0555e-05
		(Epoch 07/08) Block Loss: 2.0525e-05
		(Epoch 08/08) Block Loss: 2.0495e-05
	(1/3) Block 20/28, self_attn.o_proj | Tuning Non-Factorized Weights...
		(Epoch 01/08) Block Loss: 2.0069e-05
		(Epoch 02/08) Block Loss: 1.9524e-05
		(Epoch 03/08) Block Loss: 1.9256e-05
		(Epoch 04/08) Block Loss: 1.9082e-05
		(Epoch 05/08) Block Loss: 1.8948e-05
		(Epoch 06/08) Block Loss: 1.8859e-05
		(Epoch 07/08) Block Loss: 1.8804e-05
		(Epoch 08/08) Block Loss: 1.8780e-05
	(2/3) Block 20/28, self_attn.o_proj | Initialization via ADMM...
		ADMM weight recon error: raw=337.6436, norm=0.2891, per_el=1.6100e-04, out_err=0.2040, ADMM time=1.87s
	(3/3) Block 20/28, self_attn.o_proj | Tuning Factorized Weights...
		(Epoch 01/08) Block Loss: 2.1159e-05
		(Epoch 02/08) Block Loss: 2.0769e-05
		(Epoch 03/08) Block Loss: 2.0681e-05
		(Epoch 04/08) Block Loss: 2.0682e-05
		(Epoch 05/08) Block Loss: 2.0650e-05
		(Epoch 06/08) Block Loss: 2.0632e-05
		(Epoch 07/08) Block Loss: 2.0593e-05
		(Epoch 08/08) Block Loss: 2.0476e-05
	(1/3) Block 20/28, self_attn.k_proj | Tuning Non-Factorized Weights...
		(Epoch 01/08) Block Loss: 2.0097e-05
		(Epoch 02/08) Block Loss: 1.9700e-05
		(Epoch 03/08) Block Loss: 1.9499e-05
		(Epoch 04/08) Block Loss: 1.9370e-05
		(Epoch 05/08) Block Loss: 1.9269e-05
		(Epoch 06/08) Block Loss: 1.9201e-05
		(Epoch 07/08) Block Loss: 1.9158e-05
		(Epoch 08/08) Block Loss: 1.9139e-05
	(2/3) Block 20/28, self_attn.k_proj | Initialization via ADMM...
		ADMM weight recon error: raw=163.0009, norm=0.2810, per_el=1.5545e-04, out_err=0.0848, ADMM time=1.45s
	(3/3) Block 20/28, self_attn.k_proj | Tuning Factorized Weights...
		(Epoch 01/08) Block Loss: 1.9547e-05
		(Epoch 02/08) Block Loss: 1.9453e-05
		(Epoch 03/08) Block Loss: 1.9422e-05
		(Epoch 04/08) Block Loss: 1.9408e-05
		(Epoch 05/08) Block Loss: 1.9397e-05
		(Epoch 06/08) Block Loss: 1.9390e-05
		(Epoch 07/08) Block Loss: 1.9386e-05
		(Epoch 08/08) Block Loss: 1.9381e-05
	(1/3) Block 20/28, mlp.gate_proj | Tuning Non-Factorized Weights...
		(Epoch 01/08) Block Loss: 1.9502e-05
		(Epoch 02/08) Block Loss: 1.9324e-05
		(Epoch 03/08) Block Loss: 1.9212e-05
		(Epoch 04/08) Block Loss: 1.9133e-05
		(Epoch 05/08) Block Loss: 1.9064e-05
		(Epoch 06/08) Block Loss: 1.9016e-05
		(Epoch 07/08) Block Loss: 1.8983e-05
		(Epoch 08/08) Block Loss: 1.8967e-05
	(2/3) Block 20/28, mlp.gate_proj | Initialization via ADMM...
		ADMM weight recon error: raw=773.6110, norm=0.3223, per_el=2.4592e-04, out_err=0.0650, ADMM time=2.01s
	(3/3) Block 20/28, mlp.gate_proj | Tuning Factorized Weights...
		(Epoch 01/08) Block Loss: 2.2553e-05
		(Epoch 02/08) Block Loss: 2.1791e-05
		(Epoch 03/08) Block Loss: 2.1666e-05
		(Epoch 04/08) Block Loss: 2.1640e-05
		(Epoch 05/08) Block Loss: 2.1612e-05
Token indices sequence length is longer than the specified maximum sequence length for this model (299078 > 131072). Running this sequence through the model will result in indexing errors
Compressing Layers:  71%|███████████████████████████████████████████████████████████████████████████▋                              | 20/28 [33:25<13:35, 101.99s/it]		(Epoch 06/08) Block Loss: 2.1587e-05
		(Epoch 07/08) Block Loss: 2.1531e-05
		(Epoch 08/08) Block Loss: 2.1371e-05
	(1/3) Block 20/28, mlp.up_proj | Tuning Non-Factorized Weights...
		(Epoch 01/08) Block Loss: 2.0930e-05
		(Epoch 02/08) Block Loss: 2.0637e-05
		(Epoch 03/08) Block Loss: 2.0493e-05
		(Epoch 04/08) Block Loss: 2.0404e-05
		(Epoch 05/08) Block Loss: 2.0336e-05
		(Epoch 06/08) Block Loss: 2.0290e-05
		(Epoch 07/08) Block Loss: 2.0261e-05
		(Epoch 08/08) Block Loss: 2.0248e-05
	(2/3) Block 20/28, mlp.up_proj | Initialization via ADMM...
		ADMM weight recon error: raw=984.1083, norm=0.3597, per_el=3.1284e-04, out_err=0.1191, ADMM time=2.24s
	(3/3) Block 20/28, mlp.up_proj | Tuning Factorized Weights...
		(Epoch 01/08) Block Loss: 2.6214e-05
		(Epoch 02/08) Block Loss: 2.5098e-05
		(Epoch 03/08) Block Loss: 2.4897e-05
		(Epoch 04/08) Block Loss: 2.4850e-05
		(Epoch 05/08) Block Loss: 2.4800e-05
		(Epoch 06/08) Block Loss: 2.4766e-05
		(Epoch 07/08) Block Loss: 2.4692e-05
		(Epoch 08/08) Block Loss: 2.4458e-05
	(1/3) Block 20/28, mlp.down_proj | Tuning Non-Factorized Weights...
		(Epoch 01/08) Block Loss: 2.3559e-05
		(Epoch 02/08) Block Loss: 2.3104e-05
		(Epoch 03/08) Block Loss: 2.2894e-05
		(Epoch 04/08) Block Loss: 2.2775e-05
		(Epoch 05/08) Block Loss: 2.2696e-05
		(Epoch 06/08) Block Loss: 2.2649e-05
		(Epoch 07/08) Block Loss: 2.2623e-05
		(Epoch 08/08) Block Loss: 2.2613e-05
	(2/3) Block 20/28, mlp.down_proj | Initialization via ADMM...
		ADMM weight recon error: raw=807.5078, norm=0.3365, per_el=2.5670e-04, out_err=0.2273, ADMM time=2.04s
	(3/3) Block 20/28, mlp.down_proj | Tuning Factorized Weights...
		(Epoch 01/08) Block Loss: 3.1027e-05
		(Epoch 02/08) Block Loss: 3.0424e-05
		(Epoch 03/08) Block Loss: 3.0511e-05
		(Epoch 04/08) Block Loss: 3.0647e-05
		(Epoch 05/08) Block Loss: 3.0699e-05
		(Epoch 06/08) Block Loss: 3.0703e-05
		(Epoch 07/08) Block Loss: 3.0661e-05
		(Epoch 08/08) Block Loss: 3.0315e-05
		Block 19: relative block output error = 0.0419
Using sequence length: 2048 (model max: 2048)
		Block 19: Test Data PPL        = 21.558
	(1/3) Block 21/28, self_attn.q_proj | Tuning Non-Factorized Weights...
		(Epoch 01/08) Block Loss: 2.9178e-05
		(Epoch 02/08) Block Loss: 2.7136e-05
		(Epoch 03/08) Block Loss: 2.6156e-05
		(Epoch 04/08) Block Loss: 2.5541e-05
		(Epoch 05/08) Block Loss: 2.5142e-05
		(Epoch 06/08) Block Loss: 2.4897e-05
		(Epoch 07/08) Block Loss: 2.4764e-05
		(Epoch 08/08) Block Loss: 2.4714e-05
	(2/3) Block 21/28, self_attn.q_proj | Initialization via ADMM...
		ADMM weight recon error: raw=497.5280, norm=0.2073, per_el=2.3724e-04, out_err=0.0661, ADMM time=2.16s
	(3/3) Block 21/28, self_attn.q_proj | Tuning Factorized Weights...
		(Epoch 01/08) Block Loss: 2.5733e-05
		(Epoch 02/08) Block Loss: 2.5401e-05
		(Epoch 03/08) Block Loss: 2.5315e-05
		(Epoch 04/08) Block Loss: 2.5276e-05
		(Epoch 05/08) Block Loss: 2.5248e-05
		(Epoch 06/08) Block Loss: 2.5222e-05
		(Epoch 07/08) Block Loss: 2.5199e-05
		(Epoch 08/08) Block Loss: 2.5174e-05
	(1/3) Block 21/28, self_attn.v_proj | Tuning Non-Factorized Weights...
		(Epoch 01/08) Block Loss: 2.5199e-05
		(Epoch 02/08) Block Loss: 2.4651e-05
		(Epoch 03/08) Block Loss: 2.4259e-05
		(Epoch 04/08) Block Loss: 2.3958e-05
		(Epoch 05/08) Block Loss: 2.3754e-05
		(Epoch 06/08) Block Loss: 2.3614e-05
		(Epoch 07/08) Block Loss: 2.3536e-05
		(Epoch 08/08) Block Loss: 2.3504e-05
	(2/3) Block 21/28, self_attn.v_proj | Initialization via ADMM...
		ADMM weight recon error: raw=250.9088, norm=0.3200, per_el=2.3929e-04, out_err=0.2949, ADMM time=1.65s
	(3/3) Block 21/28, self_attn.v_proj | Tuning Factorized Weights...
		(Epoch 01/08) Block Loss: 2.7157e-05
		(Epoch 02/08) Block Loss: 2.6245e-05
		(Epoch 03/08) Block Loss: 2.5927e-05
		(Epoch 04/08) Block Loss: 2.5747e-05
		(Epoch 05/08) Block Loss: 2.5652e-05
		(Epoch 06/08) Block Loss: 2.5600e-05
		(Epoch 07/08) Block Loss: 2.5564e-05
		(Epoch 08/08) Block Loss: 2.5522e-05
	(1/3) Block 21/28, self_attn.o_proj | Tuning Non-Factorized Weights...
		(Epoch 01/08) Block Loss: 2.5092e-05
		(Epoch 02/08) Block Loss: 2.4485e-05
		(Epoch 03/08) Block Loss: 2.4168e-05
		(Epoch 04/08) Block Loss: 2.3955e-05
		(Epoch 05/08) Block Loss: 2.3791e-05
		(Epoch 06/08) Block Loss: 2.3681e-05
		(Epoch 07/08) Block Loss: 2.3616e-05
		(Epoch 08/08) Block Loss: 2.3589e-05
	(2/3) Block 21/28, self_attn.o_proj | Initialization via ADMM...
		ADMM weight recon error: raw=415.2146, norm=0.3204, per_el=1.9799e-04, out_err=0.1660, ADMM time=1.62s
	(3/3) Block 21/28, self_attn.o_proj | Tuning Factorized Weights...
		(Epoch 01/08) Block Loss: 2.6204e-05
		(Epoch 02/08) Block Loss: 2.5762e-05
		(Epoch 03/08) Block Loss: 2.5648e-05
		(Epoch 04/08) Block Loss: 2.5594e-05
		(Epoch 05/08) Block Loss: 2.5589e-05
		(Epoch 06/08) Block Loss: 2.5489e-05
		(Epoch 07/08) Block Loss: 2.5472e-05
		(Epoch 08/08) Block Loss: 2.5331e-05
	(1/3) Block 21/28, self_attn.k_proj | Tuning Non-Factorized Weights...
		(Epoch 01/08) Block Loss: 2.5028e-05
		(Epoch 02/08) Block Loss: 2.4578e-05
		(Epoch 03/08) Block Loss: 2.4340e-05
		(Epoch 04/08) Block Loss: 2.4183e-05
		(Epoch 05/08) Block Loss: 2.4060e-05
		(Epoch 06/08) Block Loss: 2.3979e-05
		(Epoch 07/08) Block Loss: 2.3929e-05
		(Epoch 08/08) Block Loss: 2.3907e-05
	(2/3) Block 21/28, self_attn.k_proj | Initialization via ADMM...
		ADMM weight recon error: raw=199.3191, norm=0.2949, per_el=1.9009e-04, out_err=0.1102, ADMM time=2.08s
	(3/3) Block 21/28, self_attn.k_proj | Tuning Factorized Weights...
		(Epoch 01/08) Block Loss: 2.4316e-05
		(Epoch 02/08) Block Loss: 2.4215e-05
		(Epoch 03/08) Block Loss: 2.4182e-05
		(Epoch 04/08) Block Loss: 2.4165e-05
		(Epoch 05/08) Block Loss: 2.4155e-05
		(Epoch 06/08) Block Loss: 2.4148e-05
		(Epoch 07/08) Block Loss: 2.4142e-05
		(Epoch 08/08) Block Loss: 2.4134e-05
	(1/3) Block 21/28, mlp.gate_proj | Tuning Non-Factorized Weights...
		(Epoch 01/08) Block Loss: 2.4265e-05
		(Epoch 02/08) Block Loss: 2.4050e-05
		(Epoch 03/08) Block Loss: 2.3911e-05
		(Epoch 04/08) Block Loss: 2.3813e-05
		(Epoch 05/08) Block Loss: 2.3727e-05
		(Epoch 06/08) Block Loss: 2.3668e-05
		(Epoch 07/08) Block Loss: 2.3630e-05
		(Epoch 08/08) Block Loss: 2.3611e-05
	(2/3) Block 21/28, mlp.gate_proj | Initialization via ADMM...
		ADMM weight recon error: raw=826.3096, norm=0.3311, per_el=2.6268e-04, out_err=0.0766, ADMM time=1.17s
	(3/3) Block 21/28, mlp.gate_proj | Tuning Factorized Weights...
		(Epoch 01/08) Block Loss: 2.8225e-05
		(Epoch 02/08) Block Loss: 2.7194e-05
		(Epoch 03/08) Block Loss: 2.6968e-05
		(Epoch 04/08) Block Loss: 2.6898e-05
		(Epoch 05/08) Block Loss: 2.6854e-05
		(Epoch 06/08) Block Loss: 2.6807e-05
		(Epoch 07/08) Block Loss: 2.6735e-05
		(Epoch 08/08) Block Loss: 2.6557e-05
	(1/3) Block 21/28, mlp.up_proj | Tuning Non-Factorized Weights...
		(Epoch 01/08) Block Loss: 2.6076e-05
		(Epoch 02/08) Block Loss: 2.5715e-05
		(Epoch 03/08) Block Loss: 2.5534e-05
		(Epoch 04/08) Block Loss: 2.5422e-05
		(Epoch 05/08) Block Loss: 2.5335e-05
		(Epoch 06/08) Block Loss: 2.5280e-05
		(Epoch 07/08) Block Loss: 2.5245e-05
		(Epoch 08/08) Block Loss: 2.5230e-05
	(2/3) Block 21/28, mlp.up_proj | Initialization via ADMM...
		ADMM weight recon error: raw=1094.4297, norm=0.3563, per_el=3.4791e-04, out_err=0.1242, ADMM time=2.08s
	(3/3) Block 21/28, mlp.up_proj | Tuning Factorized Weights...
		(Epoch 01/08) Block Loss: 3.1400e-05
		(Epoch 02/08) Block Loss: 3.0200e-05
		(Epoch 03/08) Block Loss: 2.9927e-05
		(Epoch 04/08) Block Loss: 2.9843e-05
		(Epoch 05/08) Block Loss: 2.9778e-05
		(Epoch 06/08) Block Loss: 2.9725e-05
		(Epoch 07/08) Block Loss: 2.9670e-05
		(Epoch 08/08) Block Loss: 2.9401e-05
	(1/3) Block 21/28, mlp.down_proj | Tuning Non-Factorized Weights...
		(Epoch 01/08) Block Loss: 2.8634e-05
		(Epoch 02/08) Block Loss: 2.8198e-05
		(Epoch 03/08) Block Loss: 2.7989e-05
		(Epoch 04/08) Block Loss: 2.7868e-05
		(Epoch 05/08) Block Loss: 2.7786e-05
		(Epoch 06/08) Block Loss: 2.7737e-05
		(Epoch 07/08) Block Loss: 2.7709e-05
		(Epoch 08/08) Block Loss: 2.7699e-05
	(2/3) Block 21/28, mlp.down_proj | Initialization via ADMM...
Token indices sequence length is longer than the specified maximum sequence length for this model (299078 > 131072). Running this sequence through the model will result in indexing errors
Compressing Layers:  75%|███████████████████████████████████████████████████████████████████████████████▌                          | 21/28 [35:16<12:12, 104.63s/it]Token indices sequence length is longer than the specified maximum sequence length for this model (299078 > 131072). Running this sequence through the model will result in indexing errors
Compressing Layers:  79%|███████████████████████████████████████████████████████████████████████████████████▎                      | 22/28 [37:03<10:32, 105.37s/it]		ADMM weight recon error: raw=923.9399, norm=0.3397, per_el=2.9371e-04, out_err=0.2101, ADMM time=1.80s
	(3/3) Block 21/28, mlp.down_proj | Tuning Factorized Weights...
		(Epoch 01/08) Block Loss: 3.7353e-05
		(Epoch 02/08) Block Loss: 3.6777e-05
		(Epoch 03/08) Block Loss: 3.6873e-05
		(Epoch 04/08) Block Loss: 3.7005e-05
		(Epoch 05/08) Block Loss: 3.7065e-05
		(Epoch 06/08) Block Loss: 3.7064e-05
		(Epoch 07/08) Block Loss: 3.7025e-05
		(Epoch 08/08) Block Loss: 3.6623e-05
		Block 20: relative block output error = 0.0495
Using sequence length: 2048 (model max: 2048)
		Block 20: Test Data PPL        = 22.273
	(1/3) Block 22/28, self_attn.q_proj | Tuning Non-Factorized Weights...
		(Epoch 01/08) Block Loss: 3.0667e-05
		(Epoch 02/08) Block Loss: 2.8720e-05
		(Epoch 03/08) Block Loss: 2.7683e-05
		(Epoch 04/08) Block Loss: 2.7048e-05
		(Epoch 05/08) Block Loss: 2.6633e-05
		(Epoch 06/08) Block Loss: 2.6380e-05
		(Epoch 07/08) Block Loss: 2.6244e-05
		(Epoch 08/08) Block Loss: 2.6194e-05
	(2/3) Block 22/28, self_attn.q_proj | Initialization via ADMM...
		ADMM weight recon error: raw=572.6265, norm=0.2309, per_el=2.7305e-04, out_err=0.0886, ADMM time=1.94s
	(3/3) Block 22/28, self_attn.q_proj | Tuning Factorized Weights...
		(Epoch 01/08) Block Loss: 2.7145e-05
		(Epoch 02/08) Block Loss: 2.6845e-05
		(Epoch 03/08) Block Loss: 2.6758e-05
		(Epoch 04/08) Block Loss: 2.6714e-05
		(Epoch 05/08) Block Loss: 2.6682e-05
		(Epoch 06/08) Block Loss: 2.6659e-05
		(Epoch 07/08) Block Loss: 2.6639e-05
		(Epoch 08/08) Block Loss: 2.6614e-05
	(1/3) Block 22/28, self_attn.v_proj | Tuning Non-Factorized Weights...
		(Epoch 01/08) Block Loss: 2.6642e-05
		(Epoch 02/08) Block Loss: 2.6083e-05
		(Epoch 03/08) Block Loss: 2.5630e-05
		(Epoch 04/08) Block Loss: 2.5328e-05
		(Epoch 05/08) Block Loss: 2.5113e-05
		(Epoch 06/08) Block Loss: 2.4975e-05
		(Epoch 07/08) Block Loss: 2.4892e-05
		(Epoch 08/08) Block Loss: 2.4860e-05
	(2/3) Block 22/28, self_attn.v_proj | Initialization via ADMM...
		ADMM weight recon error: raw=261.6350, norm=0.2920, per_el=2.4951e-04, out_err=0.2672, ADMM time=1.45s
	(3/3) Block 22/28, self_attn.v_proj | Tuning Factorized Weights...
		(Epoch 01/08) Block Loss: 2.8353e-05
		(Epoch 02/08) Block Loss: 2.7494e-05
		(Epoch 03/08) Block Loss: 2.7164e-05
		(Epoch 04/08) Block Loss: 2.6991e-05
		(Epoch 05/08) Block Loss: 2.6894e-05
		(Epoch 06/08) Block Loss: 2.6830e-05
		(Epoch 07/08) Block Loss: 2.6793e-05
		(Epoch 08/08) Block Loss: 2.6755e-05
	(1/3) Block 22/28, self_attn.o_proj | Tuning Non-Factorized Weights...
		(Epoch 01/08) Block Loss: 2.6388e-05
		(Epoch 02/08) Block Loss: 2.5773e-05
		(Epoch 03/08) Block Loss: 2.5439e-05
		(Epoch 04/08) Block Loss: 2.5215e-05
		(Epoch 05/08) Block Loss: 2.5046e-05
		(Epoch 06/08) Block Loss: 2.4934e-05
		(Epoch 07/08) Block Loss: 2.4868e-05
		(Epoch 08/08) Block Loss: 2.4840e-05
	(2/3) Block 22/28, self_attn.o_proj | Initialization via ADMM...
		ADMM weight recon error: raw=404.3617, norm=0.2777, per_el=1.9281e-04, out_err=0.1849, ADMM time=1.58s
	(3/3) Block 22/28, self_attn.o_proj | Tuning Factorized Weights...
		(Epoch 01/08) Block Loss: 2.7436e-05
		(Epoch 02/08) Block Loss: 2.7077e-05
		(Epoch 03/08) Block Loss: 2.6974e-05
		(Epoch 04/08) Block Loss: 2.7000e-05
		(Epoch 05/08) Block Loss: 2.6904e-05
		(Epoch 06/08) Block Loss: 2.6873e-05
		(Epoch 07/08) Block Loss: 2.6893e-05
		(Epoch 08/08) Block Loss: 2.6730e-05
	(1/3) Block 22/28, self_attn.k_proj | Tuning Non-Factorized Weights...
		(Epoch 01/08) Block Loss: 2.6426e-05
		(Epoch 02/08) Block Loss: 2.5966e-05
		(Epoch 03/08) Block Loss: 2.5715e-05
		(Epoch 04/08) Block Loss: 2.5546e-05
		(Epoch 05/08) Block Loss: 2.5415e-05
		(Epoch 06/08) Block Loss: 2.5331e-05
		(Epoch 07/08) Block Loss: 2.5279e-05
		(Epoch 08/08) Block Loss: 2.5257e-05
	(2/3) Block 22/28, self_attn.k_proj | Initialization via ADMM...
		ADMM weight recon error: raw=193.7604, norm=0.2752, per_el=1.8478e-04, out_err=0.1215, ADMM time=1.85s
	(3/3) Block 22/28, self_attn.k_proj | Tuning Factorized Weights...
		(Epoch 01/08) Block Loss: 2.5685e-05
		(Epoch 02/08) Block Loss: 2.5594e-05
		(Epoch 03/08) Block Loss: 2.5561e-05
		(Epoch 04/08) Block Loss: 2.5543e-05
		(Epoch 05/08) Block Loss: 2.5531e-05
		(Epoch 06/08) Block Loss: 2.5524e-05
		(Epoch 07/08) Block Loss: 2.5517e-05
		(Epoch 08/08) Block Loss: 2.5511e-05
	(1/3) Block 22/28, mlp.gate_proj | Tuning Non-Factorized Weights...
		(Epoch 01/08) Block Loss: 2.5636e-05
		(Epoch 02/08) Block Loss: 2.5411e-05
		(Epoch 03/08) Block Loss: 2.5267e-05
		(Epoch 04/08) Block Loss: 2.5162e-05
		(Epoch 05/08) Block Loss: 2.5073e-05
		(Epoch 06/08) Block Loss: 2.5013e-05
		(Epoch 07/08) Block Loss: 2.4973e-05
		(Epoch 08/08) Block Loss: 2.4956e-05
	(2/3) Block 22/28, mlp.gate_proj | Initialization via ADMM...
		ADMM weight recon error: raw=858.1170, norm=0.3331, per_el=2.7279e-04, out_err=0.0815, ADMM time=2.11s
	(3/3) Block 22/28, mlp.gate_proj | Tuning Factorized Weights...
		(Epoch 01/08) Block Loss: 2.9772e-05
		(Epoch 02/08) Block Loss: 2.8649e-05
		(Epoch 03/08) Block Loss: 2.8384e-05
		(Epoch 04/08) Block Loss: 2.8294e-05
		(Epoch 05/08) Block Loss: 2.8242e-05
		(Epoch 06/08) Block Loss: 2.8181e-05
		(Epoch 07/08) Block Loss: 2.8107e-05
		(Epoch 08/08) Block Loss: 2.7924e-05
	(1/3) Block 22/28, mlp.up_proj | Tuning Non-Factorized Weights...
		(Epoch 01/08) Block Loss: 2.7490e-05
		(Epoch 02/08) Block Loss: 2.7129e-05
		(Epoch 03/08) Block Loss: 2.6943e-05
		(Epoch 04/08) Block Loss: 2.6824e-05
		(Epoch 05/08) Block Loss: 2.6735e-05
		(Epoch 06/08) Block Loss: 2.6677e-05
		(Epoch 07/08) Block Loss: 2.6642e-05
		(Epoch 08/08) Block Loss: 2.6628e-05
	(2/3) Block 22/28, mlp.up_proj | Initialization via ADMM...
		ADMM weight recon error: raw=1263.2561, norm=0.3605, per_el=4.0158e-04, out_err=0.1536, ADMM time=2.04s
	(3/3) Block 22/28, mlp.up_proj | Tuning Factorized Weights...
		(Epoch 01/08) Block Loss: 3.2495e-05
		(Epoch 02/08) Block Loss: 3.1371e-05
		(Epoch 03/08) Block Loss: 3.1077e-05
		(Epoch 04/08) Block Loss: 3.0964e-05
		(Epoch 05/08) Block Loss: 3.0910e-05
		(Epoch 06/08) Block Loss: 3.0842e-05
		(Epoch 07/08) Block Loss: 3.0779e-05
		(Epoch 08/08) Block Loss: 3.0530e-05
	(1/3) Block 22/28, mlp.down_proj | Tuning Non-Factorized Weights...
		(Epoch 01/08) Block Loss: 2.9894e-05
		(Epoch 02/08) Block Loss: 2.9496e-05
		(Epoch 03/08) Block Loss: 2.9299e-05
		(Epoch 04/08) Block Loss: 2.9182e-05
		(Epoch 05/08) Block Loss: 2.9102e-05
		(Epoch 06/08) Block Loss: 2.9053e-05
		(Epoch 07/08) Block Loss: 2.9026e-05
		(Epoch 08/08) Block Loss: 2.9015e-05
	(2/3) Block 22/28, mlp.down_proj | Initialization via ADMM...
		ADMM weight recon error: raw=1088.3765, norm=0.3453, per_el=3.4599e-04, out_err=0.1944, ADMM time=2.19s
	(3/3) Block 22/28, mlp.down_proj | Tuning Factorized Weights...
		(Epoch 01/08) Block Loss: 3.8863e-05
		(Epoch 02/08) Block Loss: 3.8396e-05
		(Epoch 03/08) Block Loss: 3.8504e-05
		(Epoch 04/08) Block Loss: 3.8610e-05
		(Epoch 05/08) Block Loss: 3.8728e-05
		(Epoch 06/08) Block Loss: 3.8685e-05
		(Epoch 07/08) Block Loss: 3.8602e-05
		(Epoch 08/08) Block Loss: 3.8215e-05
		Block 21: relative block output error = 0.0546
Using sequence length: 2048 (model max: 2048)
		Block 21: Test Data PPL        = 23.020
	(1/3) Block 23/28, self_attn.q_proj | Tuning Non-Factorized Weights...
		(Epoch 01/08) Block Loss: 3.4049e-05
		(Epoch 02/08) Block Loss: 3.2083e-05
		(Epoch 03/08) Block Loss: 3.1046e-05
		(Epoch 04/08) Block Loss: 3.0329e-05
		(Epoch 05/08) Block Loss: 2.9891e-05
		(Epoch 06/08) Block Loss: 2.9615e-05
		(Epoch 07/08) Block Loss: 2.9470e-05
		(Epoch 08/08) Block Loss: 2.9417e-05
	(2/3) Block 23/28, self_attn.q_proj | Initialization via ADMM...
		ADMM weight recon error: raw=610.7150, norm=0.2545, per_el=2.9121e-04, out_err=0.0884, ADMM time=1.86s
	(3/3) Block 23/28, self_attn.q_proj | Tuning Factorized Weights...
		(Epoch 01/08) Block Loss: 3.0386e-05
		(Epoch 02/08) Block Loss: 3.0042e-05
		(Epoch 03/08) Block Loss: 2.9956e-05
		(Epoch 04/08) Block Loss: 2.9908e-05
		(Epoch 05/08) Block Loss: 2.9884e-05
		(Epoch 06/08) Block Loss: 2.9848e-05
		(Epoch 07/08) Block Loss: 2.9827e-05
Token indices sequence length is longer than the specified maximum sequence length for this model (299078 > 131072). Running this sequence through the model will result in indexing errors
Compressing Layers:  82%|███████████████████████████████████████████████████████████████████████████████████████                   | 23/28 [38:47<08:44, 104.86s/it]		(Epoch 08/08) Block Loss: 2.9810e-05
	(1/3) Block 23/28, self_attn.v_proj | Tuning Non-Factorized Weights...
		(Epoch 01/08) Block Loss: 2.9796e-05
		(Epoch 02/08) Block Loss: 2.9110e-05
		(Epoch 03/08) Block Loss: 2.8666e-05
		(Epoch 04/08) Block Loss: 2.8341e-05
		(Epoch 05/08) Block Loss: 2.8102e-05
		(Epoch 06/08) Block Loss: 2.7944e-05
		(Epoch 07/08) Block Loss: 2.7855e-05
		(Epoch 08/08) Block Loss: 2.7821e-05
	(2/3) Block 23/28, self_attn.v_proj | Initialization via ADMM...
		ADMM weight recon error: raw=295.7197, norm=0.3300, per_el=2.8202e-04, out_err=0.2791, ADMM time=1.52s
	(3/3) Block 23/28, self_attn.v_proj | Tuning Factorized Weights...
		(Epoch 01/08) Block Loss: 3.1097e-05
		(Epoch 02/08) Block Loss: 3.0304e-05
		(Epoch 03/08) Block Loss: 3.0032e-05
		(Epoch 04/08) Block Loss: 2.9880e-05
		(Epoch 05/08) Block Loss: 2.9788e-05
		(Epoch 06/08) Block Loss: 2.9734e-05
		(Epoch 07/08) Block Loss: 2.9701e-05
		(Epoch 08/08) Block Loss: 2.9664e-05
	(1/3) Block 23/28, self_attn.o_proj | Tuning Non-Factorized Weights...
		(Epoch 01/08) Block Loss: 2.9303e-05
		(Epoch 02/08) Block Loss: 2.8670e-05
		(Epoch 03/08) Block Loss: 2.8323e-05
		(Epoch 04/08) Block Loss: 2.8083e-05
		(Epoch 05/08) Block Loss: 2.7902e-05
		(Epoch 06/08) Block Loss: 2.7783e-05
		(Epoch 07/08) Block Loss: 2.7714e-05
		(Epoch 08/08) Block Loss: 2.7685e-05
	(2/3) Block 23/28, self_attn.o_proj | Initialization via ADMM...
		ADMM weight recon error: raw=473.4586, norm=0.3234, per_el=2.2576e-04, out_err=0.2010, ADMM time=1.72s
	(3/3) Block 23/28, self_attn.o_proj | Tuning Factorized Weights...
		(Epoch 01/08) Block Loss: 3.0496e-05
		(Epoch 02/08) Block Loss: 3.0043e-05
		(Epoch 03/08) Block Loss: 2.9905e-05
		(Epoch 04/08) Block Loss: 2.9862e-05
		(Epoch 05/08) Block Loss: 2.9855e-05
		(Epoch 06/08) Block Loss: 2.9759e-05
		(Epoch 07/08) Block Loss: 2.9725e-05
		(Epoch 08/08) Block Loss: 2.9609e-05
	(1/3) Block 23/28, self_attn.k_proj | Tuning Non-Factorized Weights...
		(Epoch 01/08) Block Loss: 2.9294e-05
		(Epoch 02/08) Block Loss: 2.8803e-05
		(Epoch 03/08) Block Loss: 2.8540e-05
		(Epoch 04/08) Block Loss: 2.8363e-05
		(Epoch 05/08) Block Loss: 2.8228e-05
		(Epoch 06/08) Block Loss: 2.8139e-05
		(Epoch 07/08) Block Loss: 2.8086e-05
		(Epoch 08/08) Block Loss: 2.8064e-05
	(2/3) Block 23/28, self_attn.k_proj | Initialization via ADMM...
		ADMM weight recon error: raw=215.3965, norm=0.2911, per_el=2.0542e-04, out_err=0.1179, ADMM time=1.67s
	(3/3) Block 23/28, self_attn.k_proj | Tuning Factorized Weights...
		(Epoch 01/08) Block Loss: 2.8539e-05
		(Epoch 02/08) Block Loss: 2.8394e-05
		(Epoch 03/08) Block Loss: 2.8351e-05
		(Epoch 04/08) Block Loss: 2.8329e-05
		(Epoch 05/08) Block Loss: 2.8315e-05
		(Epoch 06/08) Block Loss: 2.8307e-05
		(Epoch 07/08) Block Loss: 2.8301e-05
		(Epoch 08/08) Block Loss: 2.8295e-05
	(1/3) Block 23/28, mlp.gate_proj | Tuning Non-Factorized Weights...
		(Epoch 01/08) Block Loss: 2.8405e-05
		(Epoch 02/08) Block Loss: 2.8166e-05
		(Epoch 03/08) Block Loss: 2.8010e-05
		(Epoch 04/08) Block Loss: 2.7896e-05
		(Epoch 05/08) Block Loss: 2.7802e-05
		(Epoch 06/08) Block Loss: 2.7737e-05
		(Epoch 07/08) Block Loss: 2.7697e-05
		(Epoch 08/08) Block Loss: 2.7679e-05
	(2/3) Block 23/28, mlp.gate_proj | Initialization via ADMM...
		ADMM weight recon error: raw=916.5697, norm=0.3370, per_el=2.9137e-04, out_err=0.0926, ADMM time=1.96s
	(3/3) Block 23/28, mlp.gate_proj | Tuning Factorized Weights...
		(Epoch 01/08) Block Loss: 3.2874e-05
		(Epoch 02/08) Block Loss: 3.1649e-05
		(Epoch 03/08) Block Loss: 3.1317e-05
		(Epoch 04/08) Block Loss: 3.1186e-05
		(Epoch 05/08) Block Loss: 3.1129e-05
		(Epoch 06/08) Block Loss: 3.1050e-05
		(Epoch 07/08) Block Loss: 3.0966e-05
		(Epoch 08/08) Block Loss: 3.0784e-05
	(1/3) Block 23/28, mlp.up_proj | Tuning Non-Factorized Weights...
		(Epoch 01/08) Block Loss: 3.0358e-05
		(Epoch 02/08) Block Loss: 2.9987e-05
		(Epoch 03/08) Block Loss: 2.9786e-05
		(Epoch 04/08) Block Loss: 2.9658e-05
		(Epoch 05/08) Block Loss: 2.9561e-05
		(Epoch 06/08) Block Loss: 2.9500e-05
		(Epoch 07/08) Block Loss: 2.9464e-05
		(Epoch 08/08) Block Loss: 2.9449e-05
	(2/3) Block 23/28, mlp.up_proj | Initialization via ADMM...
		ADMM weight recon error: raw=1360.9741, norm=0.3604, per_el=4.3264e-04, out_err=0.1837, ADMM time=1.86s
	(3/3) Block 23/28, mlp.up_proj | Tuning Factorized Weights...
		(Epoch 01/08) Block Loss: 3.4643e-05
		(Epoch 02/08) Block Loss: 3.3538e-05
		(Epoch 03/08) Block Loss: 3.3239e-05
		(Epoch 04/08) Block Loss: 3.3110e-05
		(Epoch 05/08) Block Loss: 3.3049e-05
		(Epoch 06/08) Block Loss: 3.2967e-05
		(Epoch 07/08) Block Loss: 3.2890e-05
		(Epoch 08/08) Block Loss: 3.2691e-05
	(1/3) Block 23/28, mlp.down_proj | Tuning Non-Factorized Weights...
		(Epoch 01/08) Block Loss: 3.2216e-05
		(Epoch 02/08) Block Loss: 3.1902e-05
		(Epoch 03/08) Block Loss: 3.1736e-05
		(Epoch 04/08) Block Loss: 3.1633e-05
		(Epoch 05/08) Block Loss: 3.1559e-05
		(Epoch 06/08) Block Loss: 3.1514e-05
		(Epoch 07/08) Block Loss: 3.1489e-05
		(Epoch 08/08) Block Loss: 3.1479e-05
	(2/3) Block 23/28, mlp.down_proj | Initialization via ADMM...
		ADMM weight recon error: raw=1181.7124, norm=0.3388, per_el=3.7566e-04, out_err=0.1722, ADMM time=2.20s
	(3/3) Block 23/28, mlp.down_proj | Tuning Factorized Weights...
		(Epoch 01/08) Block Loss: 4.0454e-05
		(Epoch 02/08) Block Loss: 4.0090e-05
		(Epoch 03/08) Block Loss: 4.0169e-05
		(Epoch 04/08) Block Loss: 4.0305e-05
		(Epoch 05/08) Block Loss: 4.0453e-05
		(Epoch 06/08) Block Loss: 4.0306e-05
		(Epoch 07/08) Block Loss: 4.0298e-05
		(Epoch 08/08) Block Loss: 3.9928e-05
		Block 22: relative block output error = 0.0533
Using sequence length: 2048 (model max: 2048)
		Block 22: Test Data PPL        = 23.669
	(1/3) Block 24/28, self_attn.q_proj | Tuning Non-Factorized Weights...
		(Epoch 01/08) Block Loss: 3.7467e-05
		(Epoch 02/08) Block Loss: 3.5528e-05
		(Epoch 03/08) Block Loss: 3.4507e-05
		(Epoch 04/08) Block Loss: 3.3804e-05
		(Epoch 05/08) Block Loss: 3.3353e-05
		(Epoch 06/08) Block Loss: 3.3076e-05
		(Epoch 07/08) Block Loss: 3.2929e-05
		(Epoch 08/08) Block Loss: 3.2876e-05
	(2/3) Block 24/28, self_attn.q_proj | Initialization via ADMM...
		ADMM weight recon error: raw=535.7036, norm=0.2700, per_el=2.5544e-04, out_err=0.0709, ADMM time=1.79s
	(3/3) Block 24/28, self_attn.q_proj | Tuning Factorized Weights...
		(Epoch 01/08) Block Loss: 3.3504e-05
		(Epoch 02/08) Block Loss: 3.3319e-05
		(Epoch 03/08) Block Loss: 3.3264e-05
		(Epoch 04/08) Block Loss: 3.3235e-05
		(Epoch 05/08) Block Loss: 3.3207e-05
		(Epoch 06/08) Block Loss: 3.3194e-05
		(Epoch 07/08) Block Loss: 3.3178e-05
		(Epoch 08/08) Block Loss: 3.3161e-05
	(1/3) Block 24/28, self_attn.v_proj | Tuning Non-Factorized Weights...
		(Epoch 01/08) Block Loss: 3.3144e-05
		(Epoch 02/08) Block Loss: 3.2447e-05
		(Epoch 03/08) Block Loss: 3.1977e-05
		(Epoch 04/08) Block Loss: 3.1636e-05
		(Epoch 05/08) Block Loss: 3.1386e-05
		(Epoch 06/08) Block Loss: 3.1226e-05
		(Epoch 07/08) Block Loss: 3.1135e-05
		(Epoch 08/08) Block Loss: 3.1099e-05
	(2/3) Block 24/28, self_attn.v_proj | Initialization via ADMM...
		ADMM weight recon error: raw=292.7195, norm=0.3436, per_el=2.7916e-04, out_err=0.2969, ADMM time=1.96s
	(3/3) Block 24/28, self_attn.v_proj | Tuning Factorized Weights...
		(Epoch 01/08) Block Loss: 3.4349e-05
		(Epoch 02/08) Block Loss: 3.3795e-05
		(Epoch 03/08) Block Loss: 3.3536e-05
		(Epoch 04/08) Block Loss: 3.3392e-05
		(Epoch 05/08) Block Loss: 3.3312e-05
		(Epoch 06/08) Block Loss: 3.3257e-05
		(Epoch 07/08) Block Loss: 3.3229e-05
		(Epoch 08/08) Block Loss: 3.3200e-05
	(1/3) Block 24/28, self_attn.o_proj | Tuning Non-Factorized Weights...
		(Epoch 01/08) Block Loss: 3.2776e-05
		(Epoch 02/08) Block Loss: 3.2082e-05
		(Epoch 03/08) Block Loss: 3.1700e-05
		(Epoch 04/08) Block Loss: 3.1440e-05
		(Epoch 05/08) Block Loss: 3.1245e-05
		(Epoch 06/08) Block Loss: 3.1120e-05
		(Epoch 07/08) Block Loss: 3.1047e-05
		(Epoch 08/08) Block Loss: 3.1018e-05
	(2/3) Block 24/28, self_attn.o_proj | Initialization via ADMM...
		ADMM weight recon error: raw=511.9030, norm=0.3440, per_el=2.4409e-04, out_err=0.2217, ADMM time=1.04s
Token indices sequence length is longer than the specified maximum sequence length for this model (299078 > 131072). Running this sequence through the model will result in indexing errors
Compressing Layers:  86%|██████████████████████████████████████████████████████████████████████████████████████████▊               | 24/28 [40:32<06:59, 104.84s/it]	(3/3) Block 24/28, self_attn.o_proj | Tuning Factorized Weights...
		(Epoch 01/08) Block Loss: 3.3421e-05
		(Epoch 02/08) Block Loss: 3.3065e-05
		(Epoch 03/08) Block Loss: 3.2952e-05
		(Epoch 04/08) Block Loss: 3.2914e-05
		(Epoch 05/08) Block Loss: 3.2881e-05
		(Epoch 06/08) Block Loss: 3.2831e-05
		(Epoch 07/08) Block Loss: 3.2809e-05
		(Epoch 08/08) Block Loss: 3.2689e-05
	(1/3) Block 24/28, self_attn.k_proj | Tuning Non-Factorized Weights...
		(Epoch 01/08) Block Loss: 3.2417e-05
		(Epoch 02/08) Block Loss: 3.1957e-05
		(Epoch 03/08) Block Loss: 3.1698e-05
		(Epoch 04/08) Block Loss: 3.1520e-05
		(Epoch 05/08) Block Loss: 3.1382e-05
		(Epoch 06/08) Block Loss: 3.1293e-05
		(Epoch 07/08) Block Loss: 3.1240e-05
		(Epoch 08/08) Block Loss: 3.1218e-05
	(2/3) Block 24/28, self_attn.k_proj | Initialization via ADMM...
		ADMM weight recon error: raw=218.4041, norm=0.3120, per_el=2.0829e-04, out_err=0.1053, ADMM time=1.17s
	(3/3) Block 24/28, self_attn.k_proj | Tuning Factorized Weights...
		(Epoch 01/08) Block Loss: 3.1586e-05
		(Epoch 02/08) Block Loss: 3.1483e-05
		(Epoch 03/08) Block Loss: 3.1452e-05
		(Epoch 04/08) Block Loss: 3.1437e-05
		(Epoch 05/08) Block Loss: 3.1428e-05
		(Epoch 06/08) Block Loss: 3.1421e-05
		(Epoch 07/08) Block Loss: 3.1417e-05
		(Epoch 08/08) Block Loss: 3.1411e-05
	(1/3) Block 24/28, mlp.gate_proj | Tuning Non-Factorized Weights...
		(Epoch 01/08) Block Loss: 3.1527e-05
		(Epoch 02/08) Block Loss: 3.1281e-05
		(Epoch 03/08) Block Loss: 3.1120e-05
		(Epoch 04/08) Block Loss: 3.1002e-05
		(Epoch 05/08) Block Loss: 3.0904e-05
		(Epoch 06/08) Block Loss: 3.0837e-05
		(Epoch 07/08) Block Loss: 3.0796e-05
		(Epoch 08/08) Block Loss: 3.0778e-05
	(2/3) Block 24/28, mlp.gate_proj | Initialization via ADMM...
		ADMM weight recon error: raw=956.6194, norm=0.3359, per_el=3.0410e-04, out_err=0.0973, ADMM time=2.03s
	(3/3) Block 24/28, mlp.gate_proj | Tuning Factorized Weights...
		(Epoch 01/08) Block Loss: 3.6258e-05
		(Epoch 02/08) Block Loss: 3.5079e-05
		(Epoch 03/08) Block Loss: 3.4721e-05
		(Epoch 04/08) Block Loss: 3.4572e-05
		(Epoch 05/08) Block Loss: 3.4505e-05
		(Epoch 06/08) Block Loss: 3.4413e-05
		(Epoch 07/08) Block Loss: 3.4330e-05
		(Epoch 08/08) Block Loss: 3.4148e-05
	(1/3) Block 24/28, mlp.up_proj | Tuning Non-Factorized Weights...
		(Epoch 01/08) Block Loss: 3.3725e-05
		(Epoch 02/08) Block Loss: 3.3337e-05
		(Epoch 03/08) Block Loss: 3.3121e-05
		(Epoch 04/08) Block Loss: 3.2981e-05
		(Epoch 05/08) Block Loss: 3.2876e-05
		(Epoch 06/08) Block Loss: 3.2810e-05
		(Epoch 07/08) Block Loss: 3.2772e-05
		(Epoch 08/08) Block Loss: 3.2756e-05
	(2/3) Block 24/28, mlp.up_proj | Initialization via ADMM...
		ADMM weight recon error: raw=1388.5970, norm=0.3557, per_el=4.4142e-04, out_err=0.1950, ADMM time=2.02s
	(3/3) Block 24/28, mlp.up_proj | Tuning Factorized Weights...
		(Epoch 01/08) Block Loss: 3.7893e-05
		(Epoch 02/08) Block Loss: 3.6772e-05
		(Epoch 03/08) Block Loss: 3.6417e-05
		(Epoch 04/08) Block Loss: 3.6265e-05
		(Epoch 05/08) Block Loss: 3.6187e-05
		(Epoch 06/08) Block Loss: 3.6103e-05
		(Epoch 07/08) Block Loss: 3.6030e-05
		(Epoch 08/08) Block Loss: 3.5853e-05
	(1/3) Block 24/28, mlp.down_proj | Tuning Non-Factorized Weights...
		(Epoch 01/08) Block Loss: 3.5462e-05
		(Epoch 02/08) Block Loss: 3.5176e-05
		(Epoch 03/08) Block Loss: 3.5014e-05
		(Epoch 04/08) Block Loss: 3.4911e-05
		(Epoch 05/08) Block Loss: 3.4836e-05
		(Epoch 06/08) Block Loss: 3.4789e-05
		(Epoch 07/08) Block Loss: 3.4764e-05
		(Epoch 08/08) Block Loss: 3.4754e-05
	(2/3) Block 24/28, mlp.down_proj | Initialization via ADMM...
		ADMM weight recon error: raw=1212.5511, norm=0.3309, per_el=3.8546e-04, out_err=0.1815, ADMM time=2.00s
	(3/3) Block 24/28, mlp.down_proj | Tuning Factorized Weights...
		(Epoch 01/08) Block Loss: 4.2520e-05
		(Epoch 02/08) Block Loss: 4.2230e-05
		(Epoch 03/08) Block Loss: 4.2280e-05
		(Epoch 04/08) Block Loss: 4.2379e-05
		(Epoch 05/08) Block Loss: 4.2508e-05
		(Epoch 06/08) Block Loss: 4.2367e-05
		(Epoch 07/08) Block Loss: 4.2349e-05
		(Epoch 08/08) Block Loss: 4.2047e-05
		Block 23: relative block output error = 0.0536
Using sequence length: 2048 (model max: 2048)
		Block 23: Test Data PPL        = 24.371
	(1/3) Block 25/28, self_attn.q_proj | Tuning Non-Factorized Weights...
		(Epoch 01/08) Block Loss: 4.1077e-05
		(Epoch 02/08) Block Loss: 3.9146e-05
		(Epoch 03/08) Block Loss: 3.8101e-05
		(Epoch 04/08) Block Loss: 3.7425e-05
		(Epoch 05/08) Block Loss: 3.6967e-05
		(Epoch 06/08) Block Loss: 3.6683e-05
		(Epoch 07/08) Block Loss: 3.6532e-05
		(Epoch 08/08) Block Loss: 3.6476e-05
	(2/3) Block 25/28, self_attn.q_proj | Initialization via ADMM...
		ADMM weight recon error: raw=549.6646, norm=0.2386, per_el=2.6210e-04, out_err=0.0566, ADMM time=1.72s
	(3/3) Block 25/28, self_attn.q_proj | Tuning Factorized Weights...
		(Epoch 01/08) Block Loss: 3.6973e-05
		(Epoch 02/08) Block Loss: 3.6826e-05
		(Epoch 03/08) Block Loss: 3.6785e-05
		(Epoch 04/08) Block Loss: 3.6758e-05
		(Epoch 05/08) Block Loss: 3.6743e-05
		(Epoch 06/08) Block Loss: 3.6724e-05
		(Epoch 07/08) Block Loss: 3.6707e-05
		(Epoch 08/08) Block Loss: 3.6694e-05
	(1/3) Block 25/28, self_attn.v_proj | Tuning Non-Factorized Weights...
		(Epoch 01/08) Block Loss: 3.6693e-05
		(Epoch 02/08) Block Loss: 3.5981e-05
		(Epoch 03/08) Block Loss: 3.5498e-05
		(Epoch 04/08) Block Loss: 3.5136e-05
		(Epoch 05/08) Block Loss: 3.4874e-05
		(Epoch 06/08) Block Loss: 3.4709e-05
		(Epoch 07/08) Block Loss: 3.4614e-05
		(Epoch 08/08) Block Loss: 3.4577e-05
	(2/3) Block 25/28, self_attn.v_proj | Initialization via ADMM...
		ADMM weight recon error: raw=270.1131, norm=0.3231, per_el=2.5760e-04, out_err=0.2688, ADMM time=1.59s
	(3/3) Block 25/28, self_attn.v_proj | Tuning Factorized Weights...
		(Epoch 01/08) Block Loss: 3.8425e-05
		(Epoch 02/08) Block Loss: 3.7488e-05
		(Epoch 03/08) Block Loss: 3.7165e-05
		(Epoch 04/08) Block Loss: 3.6971e-05
		(Epoch 05/08) Block Loss: 3.6870e-05
		(Epoch 06/08) Block Loss: 3.6802e-05
		(Epoch 07/08) Block Loss: 3.6762e-05
		(Epoch 08/08) Block Loss: 3.6731e-05
	(1/3) Block 25/28, self_attn.o_proj | Tuning Non-Factorized Weights...
		(Epoch 01/08) Block Loss: 3.6288e-05
		(Epoch 02/08) Block Loss: 3.5546e-05
		(Epoch 03/08) Block Loss: 3.5133e-05
		(Epoch 04/08) Block Loss: 3.4854e-05
		(Epoch 05/08) Block Loss: 3.4647e-05
		(Epoch 06/08) Block Loss: 3.4513e-05
		(Epoch 07/08) Block Loss: 3.4436e-05
		(Epoch 08/08) Block Loss: 3.4405e-05
	(2/3) Block 25/28, self_attn.o_proj | Initialization via ADMM...
		ADMM weight recon error: raw=502.1335, norm=0.3339, per_el=2.3944e-04, out_err=0.1579, ADMM time=1.68s
	(3/3) Block 25/28, self_attn.o_proj | Tuning Factorized Weights...
		(Epoch 01/08) Block Loss: 3.7098e-05
		(Epoch 02/08) Block Loss: 3.6746e-05
		(Epoch 03/08) Block Loss: 3.6614e-05
		(Epoch 04/08) Block Loss: 3.6568e-05
		(Epoch 05/08) Block Loss: 3.6572e-05
		(Epoch 06/08) Block Loss: 3.6482e-05
		(Epoch 07/08) Block Loss: 3.6448e-05
		(Epoch 08/08) Block Loss: 3.6319e-05
	(1/3) Block 25/28, self_attn.k_proj | Tuning Non-Factorized Weights...
		(Epoch 01/08) Block Loss: 3.6091e-05
		(Epoch 02/08) Block Loss: 3.5627e-05
		(Epoch 03/08) Block Loss: 3.5356e-05
		(Epoch 04/08) Block Loss: 3.5169e-05
		(Epoch 05/08) Block Loss: 3.5023e-05
		(Epoch 06/08) Block Loss: 3.4928e-05
		(Epoch 07/08) Block Loss: 3.4872e-05
		(Epoch 08/08) Block Loss: 3.4849e-05
	(2/3) Block 25/28, self_attn.k_proj | Initialization via ADMM...
		ADMM weight recon error: raw=200.3006, norm=0.2845, per_el=1.9102e-04, out_err=0.0863, ADMM time=1.70s
	(3/3) Block 25/28, self_attn.k_proj | Tuning Factorized Weights...
		(Epoch 01/08) Block Loss: 3.5191e-05
		(Epoch 02/08) Block Loss: 3.5095e-05
		(Epoch 03/08) Block Loss: 3.5066e-05
		(Epoch 04/08) Block Loss: 3.5052e-05
		(Epoch 05/08) Block Loss: 3.5043e-05
		(Epoch 06/08) Block Loss: 3.5037e-05
		(Epoch 07/08) Block Loss: 3.5031e-05
		(Epoch 08/08) Block Loss: 3.5026e-05
	(1/3) Block 25/28, mlp.gate_proj | Tuning Non-Factorized Weights...
		(Epoch 01/08) Block Loss: 3.5149e-05
		(Epoch 02/08) Block Loss: 3.4884e-05
		(Epoch 03/08) Block Loss: 3.4710e-05
		(Epoch 04/08) Block Loss: 3.4583e-05
Token indices sequence length is longer than the specified maximum sequence length for this model (299078 > 131072). Running this sequence through the model will result in indexing errors
Compressing Layers:  89%|██████████████████████████████████████████████████████████████████████████████████████████████▋           | 25/28 [42:18<05:15, 105.18s/it]		(Epoch 05/08) Block Loss: 3.4476e-05
		(Epoch 06/08) Block Loss: 3.4404e-05
		(Epoch 07/08) Block Loss: 3.4359e-05
		(Epoch 08/08) Block Loss: 3.4340e-05
	(2/3) Block 25/28, mlp.gate_proj | Initialization via ADMM...
		ADMM weight recon error: raw=947.4149, norm=0.3403, per_el=3.0118e-04, out_err=0.1086, ADMM time=2.12s
	(3/3) Block 25/28, mlp.gate_proj | Tuning Factorized Weights...
		(Epoch 01/08) Block Loss: 3.9773e-05
		(Epoch 02/08) Block Loss: 3.8806e-05
		(Epoch 03/08) Block Loss: 3.8488e-05
		(Epoch 04/08) Block Loss: 3.8342e-05
		(Epoch 05/08) Block Loss: 3.8282e-05
		(Epoch 06/08) Block Loss: 3.8198e-05
		(Epoch 07/08) Block Loss: 3.8109e-05
		(Epoch 08/08) Block Loss: 3.7925e-05
	(1/3) Block 25/28, mlp.up_proj | Tuning Non-Factorized Weights...
		(Epoch 01/08) Block Loss: 3.7510e-05
		(Epoch 02/08) Block Loss: 3.7095e-05
		(Epoch 03/08) Block Loss: 3.6860e-05
		(Epoch 04/08) Block Loss: 3.6707e-05
		(Epoch 05/08) Block Loss: 3.6592e-05
		(Epoch 06/08) Block Loss: 3.6519e-05
		(Epoch 07/08) Block Loss: 3.6477e-05
		(Epoch 08/08) Block Loss: 3.6461e-05
	(2/3) Block 25/28, mlp.up_proj | Initialization via ADMM...
		ADMM weight recon error: raw=1415.7102, norm=0.3553, per_el=4.5004e-04, out_err=0.2140, ADMM time=1.75s
	(3/3) Block 25/28, mlp.up_proj | Tuning Factorized Weights...
		(Epoch 01/08) Block Loss: 4.1711e-05
		(Epoch 02/08) Block Loss: 4.0722e-05
		(Epoch 03/08) Block Loss: 4.0375e-05
		(Epoch 04/08) Block Loss: 4.0227e-05
		(Epoch 05/08) Block Loss: 4.0175e-05
		(Epoch 06/08) Block Loss: 4.0057e-05
		(Epoch 07/08) Block Loss: 3.9989e-05
		(Epoch 08/08) Block Loss: 3.9798e-05
	(1/3) Block 25/28, mlp.down_proj | Tuning Non-Factorized Weights...
		(Epoch 01/08) Block Loss: 3.9412e-05
		(Epoch 02/08) Block Loss: 3.9116e-05
		(Epoch 03/08) Block Loss: 3.8942e-05
		(Epoch 04/08) Block Loss: 3.8829e-05
		(Epoch 05/08) Block Loss: 3.8746e-05
		(Epoch 06/08) Block Loss: 3.8694e-05
		(Epoch 07/08) Block Loss: 3.8666e-05
		(Epoch 08/08) Block Loss: 3.8655e-05
	(2/3) Block 25/28, mlp.down_proj | Initialization via ADMM...
		ADMM weight recon error: raw=1230.3851, norm=0.3286, per_el=3.9113e-04, out_err=0.1702, ADMM time=2.35s
	(3/3) Block 25/28, mlp.down_proj | Tuning Factorized Weights...
		(Epoch 01/08) Block Loss: 4.5992e-05
		(Epoch 02/08) Block Loss: 4.5648e-05
		(Epoch 03/08) Block Loss: 4.5650e-05
		(Epoch 04/08) Block Loss: 4.5677e-05
		(Epoch 05/08) Block Loss: 4.5744e-05
		(Epoch 06/08) Block Loss: 4.5630e-05
		(Epoch 07/08) Block Loss: 4.5602e-05
		(Epoch 08/08) Block Loss: 4.5335e-05
		Block 24: relative block output error = 0.0486
Using sequence length: 2048 (model max: 2048)
		Block 24: Test Data PPL        = 25.217
	(1/3) Block 26/28, self_attn.q_proj | Tuning Non-Factorized Weights...
		(Epoch 01/08) Block Loss: 4.9786e-05
		(Epoch 02/08) Block Loss: 4.7518e-05
		(Epoch 03/08) Block Loss: 4.6288e-05
		(Epoch 04/08) Block Loss: 4.5472e-05
		(Epoch 05/08) Block Loss: 4.4916e-05
		(Epoch 06/08) Block Loss: 4.4574e-05
		(Epoch 07/08) Block Loss: 4.4389e-05
		(Epoch 08/08) Block Loss: 4.4322e-05
	(2/3) Block 26/28, self_attn.q_proj | Initialization via ADMM...
		ADMM weight recon error: raw=537.9160, norm=0.2272, per_el=2.5650e-04, out_err=0.0568, ADMM time=1.70s
	(3/3) Block 26/28, self_attn.q_proj | Tuning Factorized Weights...
		(Epoch 01/08) Block Loss: 4.5090e-05
		(Epoch 02/08) Block Loss: 4.4856e-05
		(Epoch 03/08) Block Loss: 4.4791e-05
		(Epoch 04/08) Block Loss: 4.4752e-05
		(Epoch 05/08) Block Loss: 4.4729e-05
		(Epoch 06/08) Block Loss: 4.4702e-05
		(Epoch 07/08) Block Loss: 4.4684e-05
		(Epoch 08/08) Block Loss: 4.4661e-05
	(1/3) Block 26/28, self_attn.v_proj | Tuning Non-Factorized Weights...
		(Epoch 01/08) Block Loss: 4.4680e-05
		(Epoch 02/08) Block Loss: 4.3799e-05
		(Epoch 03/08) Block Loss: 4.3199e-05
		(Epoch 04/08) Block Loss: 4.2760e-05
		(Epoch 05/08) Block Loss: 4.2434e-05
		(Epoch 06/08) Block Loss: 4.2223e-05
		(Epoch 07/08) Block Loss: 4.2104e-05
		(Epoch 08/08) Block Loss: 4.2058e-05
	(2/3) Block 26/28, self_attn.v_proj | Initialization via ADMM...
		ADMM weight recon error: raw=322.1446, norm=0.3171, per_el=3.0722e-04, out_err=0.2293, ADMM time=1.46s
	(3/3) Block 26/28, self_attn.v_proj | Tuning Factorized Weights...
		(Epoch 01/08) Block Loss: 4.7801e-05
		(Epoch 02/08) Block Loss: 4.6278e-05
		(Epoch 03/08) Block Loss: 4.5780e-05
		(Epoch 04/08) Block Loss: 4.5488e-05
		(Epoch 05/08) Block Loss: 4.5328e-05
		(Epoch 06/08) Block Loss: 4.5235e-05
		(Epoch 07/08) Block Loss: 4.5183e-05
		(Epoch 08/08) Block Loss: 4.5132e-05
	(1/3) Block 26/28, self_attn.o_proj | Tuning Non-Factorized Weights...
		(Epoch 01/08) Block Loss: 4.4443e-05
		(Epoch 02/08) Block Loss: 4.3423e-05
		(Epoch 03/08) Block Loss: 4.2892e-05
		(Epoch 04/08) Block Loss: 4.2534e-05
		(Epoch 05/08) Block Loss: 4.2268e-05
		(Epoch 06/08) Block Loss: 4.2097e-05
		(Epoch 07/08) Block Loss: 4.1999e-05
		(Epoch 08/08) Block Loss: 4.1960e-05
	(2/3) Block 26/28, self_attn.o_proj | Initialization via ADMM...
		ADMM weight recon error: raw=540.8623, norm=0.3250, per_el=2.5790e-04, out_err=0.1687, ADMM time=1.58s
	(3/3) Block 26/28, self_attn.o_proj | Tuning Factorized Weights...
		(Epoch 01/08) Block Loss: 4.5345e-05
		(Epoch 02/08) Block Loss: 4.4899e-05
		(Epoch 03/08) Block Loss: 4.4701e-05
		(Epoch 04/08) Block Loss: 4.4652e-05
		(Epoch 05/08) Block Loss: 4.4551e-05
		(Epoch 06/08) Block Loss: 4.4479e-05
		(Epoch 07/08) Block Loss: 4.4416e-05
		(Epoch 08/08) Block Loss: 4.4285e-05
	(1/3) Block 26/28, self_attn.k_proj | Tuning Non-Factorized Weights...
		(Epoch 01/08) Block Loss: 4.4027e-05
		(Epoch 02/08) Block Loss: 4.3430e-05
		(Epoch 03/08) Block Loss: 4.3083e-05
		(Epoch 04/08) Block Loss: 4.2841e-05
		(Epoch 05/08) Block Loss: 4.2653e-05
		(Epoch 06/08) Block Loss: 4.2531e-05
		(Epoch 07/08) Block Loss: 4.2459e-05
		(Epoch 08/08) Block Loss: 4.2429e-05
	(2/3) Block 26/28, self_attn.k_proj | Initialization via ADMM...
		ADMM weight recon error: raw=175.9193, norm=0.2837, per_el=1.6777e-04, out_err=0.0843, ADMM time=1.62s
	(3/3) Block 26/28, self_attn.k_proj | Tuning Factorized Weights...
		(Epoch 01/08) Block Loss: 4.2889e-05
		(Epoch 02/08) Block Loss: 4.2760e-05
		(Epoch 03/08) Block Loss: 4.2721e-05
		(Epoch 04/08) Block Loss: 4.2700e-05
		(Epoch 05/08) Block Loss: 4.2689e-05
		(Epoch 06/08) Block Loss: 4.2679e-05
		(Epoch 07/08) Block Loss: 4.2673e-05
		(Epoch 08/08) Block Loss: 4.2667e-05
	(1/3) Block 26/28, mlp.gate_proj | Tuning Non-Factorized Weights...
		(Epoch 01/08) Block Loss: 4.2812e-05
		(Epoch 02/08) Block Loss: 4.2473e-05
		(Epoch 03/08) Block Loss: 4.2248e-05
		(Epoch 04/08) Block Loss: 4.2081e-05
		(Epoch 05/08) Block Loss: 4.1944e-05
		(Epoch 06/08) Block Loss: 4.1852e-05
		(Epoch 07/08) Block Loss: 4.1795e-05
		(Epoch 08/08) Block Loss: 4.1771e-05
	(2/3) Block 26/28, mlp.gate_proj | Initialization via ADMM...
		ADMM weight recon error: raw=910.8786, norm=0.3409, per_el=2.8956e-04, out_err=0.1128, ADMM time=1.83s
	(3/3) Block 26/28, mlp.gate_proj | Tuning Factorized Weights...
		(Epoch 01/08) Block Loss: 4.7802e-05
		(Epoch 02/08) Block Loss: 4.6850e-05
		(Epoch 03/08) Block Loss: 4.6561e-05
		(Epoch 04/08) Block Loss: 4.6427e-05
		(Epoch 05/08) Block Loss: 4.6382e-05
		(Epoch 06/08) Block Loss: 4.6280e-05
		(Epoch 07/08) Block Loss: 4.6181e-05
		(Epoch 08/08) Block Loss: 4.5963e-05
	(1/3) Block 26/28, mlp.up_proj | Tuning Non-Factorized Weights...
		(Epoch 01/08) Block Loss: 4.5470e-05
		(Epoch 02/08) Block Loss: 4.4977e-05
		(Epoch 03/08) Block Loss: 4.4695e-05
		(Epoch 04/08) Block Loss: 4.4511e-05
		(Epoch 05/08) Block Loss: 4.4371e-05
		(Epoch 06/08) Block Loss: 4.4282e-05
		(Epoch 07/08) Block Loss: 4.4231e-05
		(Epoch 08/08) Block Loss: 4.4210e-05
	(2/3) Block 26/28, mlp.up_proj | Initialization via ADMM...
		ADMM weight recon error: raw=1429.4348, norm=0.3559, per_el=4.5441e-04, out_err=0.1979, ADMM time=2.13s
	(3/3) Block 26/28, mlp.up_proj | Tuning Factorized Weights...
		(Epoch 01/08) Block Loss: 5.0802e-05
		(Epoch 02/08) Block Loss: 4.9606e-05
		(Epoch 03/08) Block Loss: 4.9170e-05
		(Epoch 04/08) Block Loss: 4.8961e-05
		(Epoch 05/08) Block Loss: 4.8860e-05
Token indices sequence length is longer than the specified maximum sequence length for this model (299078 > 131072). Running this sequence through the model will result in indexing errors
Compressing Layers:  93%|██████████████████████████████████████████████████████████████████████████████████████████████████▍       | 26/28 [44:03<03:30, 105.13s/it]Token indices sequence length is longer than the specified maximum sequence length for this model (299078 > 131072). Running this sequence through the model will result in indexing errors
Compressing Layers:  96%|██████████████████████████████████████████████████████████████████████████████████████████████████████▏   | 27/28 [45:40<01:42, 102.86s/it]		(Epoch 06/08) Block Loss: 4.8749e-05
		(Epoch 07/08) Block Loss: 4.8655e-05
		(Epoch 08/08) Block Loss: 4.8461e-05
	(1/3) Block 26/28, mlp.down_proj | Tuning Non-Factorized Weights...
		(Epoch 01/08) Block Loss: 4.8027e-05
		(Epoch 02/08) Block Loss: 4.7654e-05
		(Epoch 03/08) Block Loss: 4.7433e-05
		(Epoch 04/08) Block Loss: 4.7289e-05
		(Epoch 05/08) Block Loss: 4.7182e-05
		(Epoch 06/08) Block Loss: 4.7116e-05
		(Epoch 07/08) Block Loss: 4.7079e-05
		(Epoch 08/08) Block Loss: 4.7066e-05
	(2/3) Block 26/28, mlp.down_proj | Initialization via ADMM...
		ADMM weight recon error: raw=1236.3042, norm=0.3345, per_el=3.9301e-04, out_err=0.1963, ADMM time=1.93s
	(3/3) Block 26/28, mlp.down_proj | Tuning Factorized Weights...
		(Epoch 01/08) Block Loss: 5.5666e-05
		(Epoch 02/08) Block Loss: 5.5172e-05
		(Epoch 03/08) Block Loss: 5.5063e-05
		(Epoch 04/08) Block Loss: 5.5019e-05
		(Epoch 05/08) Block Loss: 5.5085e-05
		(Epoch 06/08) Block Loss: 5.5021e-05
		(Epoch 07/08) Block Loss: 5.5043e-05
		(Epoch 08/08) Block Loss: 5.4562e-05
		Block 25: relative block output error = 0.0486
Using sequence length: 2048 (model max: 2048)
		Block 25: Test Data PPL        = 26.258
	(1/3) Block 27/28, self_attn.q_proj | Tuning Non-Factorized Weights...
		(Epoch 01/08) Block Loss: 6.1637e-05
		(Epoch 02/08) Block Loss: 5.8745e-05
		(Epoch 03/08) Block Loss: 5.7201e-05
		(Epoch 04/08) Block Loss: 5.6115e-05
		(Epoch 05/08) Block Loss: 5.5406e-05
		(Epoch 06/08) Block Loss: 5.4972e-05
		(Epoch 07/08) Block Loss: 5.4737e-05
		(Epoch 08/08) Block Loss: 5.4648e-05
	(2/3) Block 27/28, self_attn.q_proj | Initialization via ADMM...
		ADMM weight recon error: raw=667.7628, norm=0.2412, per_el=3.1841e-04, out_err=0.1023, ADMM time=1.67s
	(3/3) Block 27/28, self_attn.q_proj | Tuning Factorized Weights...
		(Epoch 01/08) Block Loss: 5.6481e-05
		(Epoch 02/08) Block Loss: 5.5611e-05
		(Epoch 03/08) Block Loss: 5.5456e-05
		(Epoch 04/08) Block Loss: 5.5375e-05
		(Epoch 05/08) Block Loss: 5.5328e-05
		(Epoch 06/08) Block Loss: 5.5291e-05
		(Epoch 07/08) Block Loss: 5.5261e-05
		(Epoch 08/08) Block Loss: 5.5229e-05
	(1/3) Block 27/28, self_attn.v_proj | Tuning Non-Factorized Weights...
		(Epoch 01/08) Block Loss: 5.5369e-05
		(Epoch 02/08) Block Loss: 5.4232e-05
		(Epoch 03/08) Block Loss: 5.3448e-05
		(Epoch 04/08) Block Loss: 5.2866e-05
		(Epoch 05/08) Block Loss: 5.2439e-05
		(Epoch 06/08) Block Loss: 5.2167e-05
		(Epoch 07/08) Block Loss: 5.2009e-05
		(Epoch 08/08) Block Loss: 5.1947e-05
	(2/3) Block 27/28, self_attn.v_proj | Initialization via ADMM...
		ADMM weight recon error: raw=312.8937, norm=0.3329, per_el=2.9840e-04, out_err=0.2231, ADMM time=1.77s
	(3/3) Block 27/28, self_attn.v_proj | Tuning Factorized Weights...
		(Epoch 01/08) Block Loss: 5.9280e-05
		(Epoch 02/08) Block Loss: 5.7489e-05
		(Epoch 03/08) Block Loss: 5.6837e-05
		(Epoch 04/08) Block Loss: 5.6501e-05
		(Epoch 05/08) Block Loss: 5.6302e-05
		(Epoch 06/08) Block Loss: 5.6193e-05
		(Epoch 07/08) Block Loss: 5.6125e-05
		(Epoch 08/08) Block Loss: 5.6075e-05
	(1/3) Block 27/28, self_attn.o_proj | Tuning Non-Factorized Weights...
		(Epoch 01/08) Block Loss: 5.5129e-05
		(Epoch 02/08) Block Loss: 5.3660e-05
		(Epoch 03/08) Block Loss: 5.2922e-05
		(Epoch 04/08) Block Loss: 5.2432e-05
		(Epoch 05/08) Block Loss: 5.2074e-05
		(Epoch 06/08) Block Loss: 5.1841e-05
		(Epoch 07/08) Block Loss: 5.1707e-05
		(Epoch 08/08) Block Loss: 5.1652e-05
	(2/3) Block 27/28, self_attn.o_proj | Initialization via ADMM...
		ADMM weight recon error: raw=526.5226, norm=0.3226, per_el=2.5107e-04, out_err=0.1425, ADMM time=1.85s
	(3/3) Block 27/28, self_attn.o_proj | Tuning Factorized Weights...
		(Epoch 01/08) Block Loss: 5.6971e-05
		(Epoch 02/08) Block Loss: 5.6248e-05
		(Epoch 03/08) Block Loss: 5.5984e-05
		(Epoch 04/08) Block Loss: 5.5862e-05
		(Epoch 05/08) Block Loss: 5.5800e-05
		(Epoch 06/08) Block Loss: 5.5735e-05
		(Epoch 07/08) Block Loss: 5.5665e-05
		(Epoch 08/08) Block Loss: 5.5528e-05
	(1/3) Block 27/28, self_attn.k_proj | Tuning Non-Factorized Weights...
		(Epoch 01/08) Block Loss: 5.5054e-05
		(Epoch 02/08) Block Loss: 5.4149e-05
		(Epoch 03/08) Block Loss: 5.3638e-05
		(Epoch 04/08) Block Loss: 5.3282e-05
		(Epoch 05/08) Block Loss: 5.3014e-05
		(Epoch 06/08) Block Loss: 5.2836e-05
		(Epoch 07/08) Block Loss: 5.2732e-05
		(Epoch 08/08) Block Loss: 5.2688e-05
	(2/3) Block 27/28, self_attn.k_proj | Initialization via ADMM...
		ADMM weight recon error: raw=169.9108, norm=0.2851, per_el=1.6204e-04, out_err=0.0888, ADMM time=1.40s
	(3/3) Block 27/28, self_attn.k_proj | Tuning Factorized Weights...
		(Epoch 01/08) Block Loss: 5.3239e-05
		(Epoch 02/08) Block Loss: 5.3087e-05
		(Epoch 03/08) Block Loss: 5.3031e-05
		(Epoch 04/08) Block Loss: 5.3002e-05
		(Epoch 05/08) Block Loss: 5.2986e-05
		(Epoch 06/08) Block Loss: 5.2975e-05
		(Epoch 07/08) Block Loss: 5.2965e-05
		(Epoch 08/08) Block Loss: 5.2957e-05
	(1/3) Block 27/28, mlp.gate_proj | Tuning Non-Factorized Weights...
		(Epoch 01/08) Block Loss: 5.3179e-05
		(Epoch 02/08) Block Loss: 5.2697e-05
		(Epoch 03/08) Block Loss: 5.2375e-05
		(Epoch 04/08) Block Loss: 5.2132e-05
		(Epoch 05/08) Block Loss: 5.1938e-05
		(Epoch 06/08) Block Loss: 5.1805e-05
		(Epoch 07/08) Block Loss: 5.1724e-05
		(Epoch 08/08) Block Loss: 5.1688e-05
	(2/3) Block 27/28, mlp.gate_proj | Initialization via ADMM...
		ADMM weight recon error: raw=878.6801, norm=0.3390, per_el=2.7932e-04, out_err=0.0894, ADMM time=1.85s
	(3/3) Block 27/28, mlp.gate_proj | Tuning Factorized Weights...
		(Epoch 01/08) Block Loss: 5.9618e-05
		(Epoch 02/08) Block Loss: 5.8486e-05
		(Epoch 03/08) Block Loss: 5.8084e-05
		(Epoch 04/08) Block Loss: 5.7868e-05
		(Epoch 05/08) Block Loss: 5.7781e-05
		(Epoch 06/08) Block Loss: 5.7650e-05
		(Epoch 07/08) Block Loss: 5.7531e-05
		(Epoch 08/08) Block Loss: 5.7274e-05
	(1/3) Block 27/28, mlp.up_proj | Tuning Non-Factorized Weights...
		(Epoch 01/08) Block Loss: 5.6672e-05
		(Epoch 02/08) Block Loss: 5.5952e-05
		(Epoch 03/08) Block Loss: 5.5547e-05
		(Epoch 04/08) Block Loss: 5.5281e-05
		(Epoch 05/08) Block Loss: 5.5082e-05
		(Epoch 06/08) Block Loss: 5.4955e-05
		(Epoch 07/08) Block Loss: 5.4881e-05
		(Epoch 08/08) Block Loss: 5.4851e-05
	(2/3) Block 27/28, mlp.up_proj | Initialization via ADMM...
		ADMM weight recon error: raw=1399.9406, norm=0.3616, per_el=4.4503e-04, out_err=0.1411, ADMM time=2.07s
	(3/3) Block 27/28, mlp.up_proj | Tuning Factorized Weights...
		(Epoch 01/08) Block Loss: 6.4379e-05
		(Epoch 02/08) Block Loss: 6.2800e-05
		(Epoch 03/08) Block Loss: 6.2189e-05
		(Epoch 04/08) Block Loss: 6.1847e-05
		(Epoch 05/08) Block Loss: 6.1664e-05
		(Epoch 06/08) Block Loss: 6.1516e-05
		(Epoch 07/08) Block Loss: 6.1395e-05
		(Epoch 08/08) Block Loss: 6.1182e-05
	(1/3) Block 27/28, mlp.down_proj | Tuning Non-Factorized Weights...
		(Epoch 01/08) Block Loss: 6.0574e-05
		(Epoch 02/08) Block Loss: 5.9965e-05
		(Epoch 03/08) Block Loss: 5.9608e-05
		(Epoch 04/08) Block Loss: 5.9376e-05
		(Epoch 05/08) Block Loss: 5.9207e-05
		(Epoch 06/08) Block Loss: 5.9102e-05
		(Epoch 07/08) Block Loss: 5.9044e-05
		(Epoch 08/08) Block Loss: 5.9022e-05
	(2/3) Block 27/28, mlp.down_proj | Initialization via ADMM...
		ADMM weight recon error: raw=1171.9724, norm=0.3488, per_el=3.7256e-04, out_err=0.1931, ADMM time=1.87s
	(3/3) Block 27/28, mlp.down_proj | Tuning Factorized Weights...
		(Epoch 01/08) Block Loss: 7.2337e-05
		(Epoch 02/08) Block Loss: 7.1333e-05
		(Epoch 03/08) Block Loss: 7.0891e-05
		(Epoch 04/08) Block Loss: 7.0750e-05
		(Epoch 05/08) Block Loss: 7.0823e-05
		(Epoch 06/08) Block Loss: 7.0475e-05
		(Epoch 07/08) Block Loss: 7.0342e-05
		(Epoch 08/08) Block Loss: 7.0021e-05
		Block 26: relative block output error = 0.0467
Using sequence length: 2048 (model max: 2048)
		Block 26: Test Data PPL        = 27.934
	(1/3) Block 28/28, self_attn.q_proj | Tuning Non-Factorized Weights...
		(Epoch 01/08) Block Loss: 1.1176e-04
		(Epoch 02/08) Block Loss: 1.0574e-04
		(Epoch 03/08) Block Loss: 1.0272e-04
		(Epoch 04/08) Block Loss: 1.0075e-04
		(Epoch 05/08) Block Loss: 9.9454e-05
		(Epoch 06/08) Block Loss: 9.8619e-05
		(Epoch 07/08) Block Loss: 9.8157e-05
Token indices sequence length is longer than the specified maximum sequence length for this model (299078 > 131072). Running this sequence through the model will result in indexing errors
Compressing Layers:  96%|██████████████████████████████████████████████████████████████████████████████████████████████████████▏   | 27/28 [47:20<01:45, 105.21s/it]
		(Epoch 08/08) Block Loss: 9.7986e-05
	(2/3) Block 28/28, self_attn.q_proj | Initialization via ADMM...
		ADMM weight recon error: raw=654.2836, norm=0.3220, per_el=3.1199e-04, out_err=0.0702, ADMM time=1.92s
	(3/3) Block 28/28, self_attn.q_proj | Tuning Factorized Weights...
		(Epoch 01/08) Block Loss: 9.9294e-05
		(Epoch 02/08) Block Loss: 9.8768e-05
		(Epoch 03/08) Block Loss: 9.8627e-05
		(Epoch 04/08) Block Loss: 9.8543e-05
		(Epoch 05/08) Block Loss: 9.8484e-05
		(Epoch 06/08) Block Loss: 9.8439e-05
		(Epoch 07/08) Block Loss: 9.8405e-05
		(Epoch 08/08) Block Loss: 9.8380e-05
	(1/3) Block 28/28, self_attn.v_proj | Tuning Non-Factorized Weights...
		(Epoch 01/08) Block Loss: 9.9225e-05
		(Epoch 02/08) Block Loss: 9.7058e-05
		(Epoch 03/08) Block Loss: 9.5641e-05
		(Epoch 04/08) Block Loss: 9.4440e-05
		(Epoch 05/08) Block Loss: 9.3638e-05
		(Epoch 06/08) Block Loss: 9.3120e-05
		(Epoch 07/08) Block Loss: 9.2823e-05
		(Epoch 08/08) Block Loss: 9.2704e-05
	(2/3) Block 28/28, self_attn.v_proj | Initialization via ADMM...
		ADMM weight recon error: raw=420.1375, norm=0.3751, per_el=4.0067e-04, out_err=0.3754, ADMM time=1.39s
	(3/3) Block 28/28, self_attn.v_proj | Tuning Factorized Weights...
		(Epoch 01/08) Block Loss: 1.0698e-04
		(Epoch 02/08) Block Loss: 1.0344e-04
		(Epoch 03/08) Block Loss: 1.0238e-04
		(Epoch 04/08) Block Loss: 1.0174e-04
		(Epoch 05/08) Block Loss: 1.0137e-04
		(Epoch 06/08) Block Loss: 1.0116e-04
		(Epoch 07/08) Block Loss: 1.0104e-04
		(Epoch 08/08) Block Loss: 1.0098e-04
	(1/3) Block 28/28, self_attn.o_proj | Tuning Non-Factorized Weights...
		(Epoch 01/08) Block Loss: 9.9935e-05
		(Epoch 02/08) Block Loss: 9.7384e-05
		(Epoch 03/08) Block Loss: 9.5902e-05
		(Epoch 04/08) Block Loss: 9.4900e-05
		(Epoch 05/08) Block Loss: 9.4180e-05
		(Epoch 06/08) Block Loss: 9.3709e-05
		(Epoch 07/08) Block Loss: 9.3444e-05
		(Epoch 08/08) Block Loss: 9.3336e-05
	(2/3) Block 28/28, self_attn.o_proj | Initialization via ADMM...
		ADMM weight recon error: raw=650.4095, norm=0.3566, per_el=3.1014e-04, out_err=0.2518, ADMM time=1.98s
	(3/3) Block 28/28, self_attn.o_proj | Tuning Factorized Weights...
		(Epoch 01/08) Block Loss: 1.0053e-04
		(Epoch 02/08) Block Loss: 9.9523e-05
		(Epoch 03/08) Block Loss: 9.9064e-05
		(Epoch 04/08) Block Loss: 9.8802e-05
		(Epoch 05/08) Block Loss: 9.8674e-05
		(Epoch 06/08) Block Loss: 9.8456e-05
		(Epoch 07/08) Block Loss: 9.8329e-05
		(Epoch 08/08) Block Loss: 9.8153e-05
	(1/3) Block 28/28, self_attn.k_proj | Tuning Non-Factorized Weights...
		(Epoch 01/08) Block Loss: 9.7700e-05
		(Epoch 02/08) Block Loss: 9.6002e-05
		(Epoch 03/08) Block Loss: 9.4984e-05
		(Epoch 04/08) Block Loss: 9.4238e-05
		(Epoch 05/08) Block Loss: 9.3699e-05
		(Epoch 06/08) Block Loss: 9.3334e-05
		(Epoch 07/08) Block Loss: 9.3126e-05
		(Epoch 08/08) Block Loss: 9.3036e-05
	(2/3) Block 28/28, self_attn.k_proj | Initialization via ADMM...
		ADMM weight recon error: raw=311.7794, norm=0.3511, per_el=2.9734e-04, out_err=0.0555, ADMM time=1.64s
	(3/3) Block 28/28, self_attn.k_proj | Tuning Factorized Weights...
		(Epoch 01/08) Block Loss: 9.4029e-05
		(Epoch 02/08) Block Loss: 9.3595e-05
		(Epoch 03/08) Block Loss: 9.3495e-05
		(Epoch 04/08) Block Loss: 9.3446e-05
		(Epoch 05/08) Block Loss: 9.3416e-05
		(Epoch 06/08) Block Loss: 9.3402e-05
		(Epoch 07/08) Block Loss: 9.3391e-05
		(Epoch 08/08) Block Loss: 9.3386e-05
	(1/3) Block 28/28, mlp.gate_proj | Tuning Non-Factorized Weights...
		(Epoch 01/08) Block Loss: 9.3805e-05
		(Epoch 02/08) Block Loss: 9.2831e-05
		(Epoch 03/08) Block Loss: 9.2156e-05
		(Epoch 04/08) Block Loss: 9.1647e-05
		(Epoch 05/08) Block Loss: 9.1244e-05
		(Epoch 06/08) Block Loss: 9.0962e-05
		(Epoch 07/08) Block Loss: 9.0794e-05
		(Epoch 08/08) Block Loss: 9.0718e-05
	(2/3) Block 28/28, mlp.gate_proj | Initialization via ADMM...
		ADMM weight recon error: raw=1013.2266, norm=0.3264, per_el=3.2210e-04, out_err=0.0317, ADMM time=1.86s
	(3/3) Block 28/28, mlp.gate_proj | Tuning Factorized Weights...
		(Epoch 01/08) Block Loss: 1.0719e-04
		(Epoch 02/08) Block Loss: 1.0436e-04
		(Epoch 03/08) Block Loss: 1.0329e-04
		(Epoch 04/08) Block Loss: 1.0271e-04
		(Epoch 05/08) Block Loss: 1.0234e-04
		(Epoch 06/08) Block Loss: 1.0227e-04
		(Epoch 07/08) Block Loss: 1.0210e-04
		(Epoch 08/08) Block Loss: 1.0187e-04
	(1/3) Block 28/28, mlp.up_proj | Tuning Non-Factorized Weights...
		(Epoch 01/08) Block Loss: 1.0068e-04
		(Epoch 02/08) Block Loss: 9.9064e-05
		(Epoch 03/08) Block Loss: 9.8167e-05
		(Epoch 04/08) Block Loss: 9.7578e-05
		(Epoch 05/08) Block Loss: 9.7153e-05
		(Epoch 06/08) Block Loss: 9.6876e-05
		(Epoch 07/08) Block Loss: 9.6722e-05
		(Epoch 08/08) Block Loss: 9.6654e-05
	(2/3) Block 28/28, mlp.up_proj | Initialization via ADMM...
		ADMM weight recon error: raw=1265.2551, norm=0.3499, per_el=4.0221e-04, out_err=0.0816, ADMM time=1.10s
	(3/3) Block 28/28, mlp.up_proj | Tuning Factorized Weights...
		(Epoch 01/08) Block Loss: 1.1247e-04
		(Epoch 02/08) Block Loss: 1.0784e-04
		(Epoch 03/08) Block Loss: 1.0633e-04
		(Epoch 04/08) Block Loss: 1.0572e-04
		(Epoch 05/08) Block Loss: 1.0524e-04
		(Epoch 06/08) Block Loss: 1.0504e-04
		(Epoch 07/08) Block Loss: 1.0489e-04
		(Epoch 08/08) Block Loss: 1.0473e-04
	(1/3) Block 28/28, mlp.down_proj | Tuning Non-Factorized Weights...
		(Epoch 01/08) Block Loss: 1.0392e-04
		(Epoch 02/08) Block Loss: 1.0292e-04
		(Epoch 03/08) Block Loss: 1.0233e-04
		(Epoch 04/08) Block Loss: 1.0193e-04
		(Epoch 05/08) Block Loss: 1.0163e-04
		(Epoch 06/08) Block Loss: 1.0144e-04
		(Epoch 07/08) Block Loss: 1.0134e-04
		(Epoch 08/08) Block Loss: 1.0129e-04
	(2/3) Block 28/28, mlp.down_proj | Initialization via ADMM...
		ADMM weight recon error: raw=823.3876, norm=0.3342, per_el=2.6175e-04, out_err=0.0273, ADMM time=2.18s
	(3/3) Block 28/28, mlp.down_proj | Tuning Factorized Weights...
		(Epoch 01/08) Block Loss: 1.2335e-04
		(Epoch 02/08) Block Loss: 1.2076e-04
		(Epoch 03/08) Block Loss: 1.1961e-04
		(Epoch 04/08) Block Loss: 1.1891e-04
		(Epoch 05/08) Block Loss: 1.1842e-04
		(Epoch 06/08) Block Loss: 1.1809e-04
		(Epoch 07/08) Block Loss: 1.1781e-04
		(Epoch 08/08) Block Loss: 1.1757e-04
		Block 27: relative block output error = 0.0678
Using sequence length: 2048 (model max: 2048)
		Block 27: Test Data PPL        = 32.567
Stopping after block 27 (block_indices=None)
mean weight err 0.3158 | mean out err 0.1598
Precomputing teacher logits (FP model):   0%|                                                                                               | 0/128 [00:00<?, ?it/s]Precomputing teacher logits (FP model):   1%|▋                                                                                      | 1/128 [00:00<00:51,  2.44it/s]Precomputing teacher logits (FP model):   2%|█▎                                                                                     | 2/128 [00:00<00:51,  2.44it/s]Precomputing teacher logits (FP model):   2%|██                                                                                     | 3/128 [00:01<00:51,  2.44it/s]Precomputing teacher logits (FP model):   3%|██▋                                                                                    | 4/128 [00:01<00:51,  2.41it/s]Precomputing teacher logits (FP model):   4%|███▍                                                                                   | 5/128 [00:02<00:50,  2.43it/s]Precomputing teacher logits (FP model):   5%|████                                                                                   | 6/128 [00:02<00:50,  2.41it/s]Precomputing teacher logits (FP model):   5%|████▊                                                                                  | 7/128 [00:02<00:50,  2.40it/s]Precomputing teacher logits (FP model):   6%|█████▍                                                                                 | 8/128 [00:03<00:49,  2.42it/s]Precomputing teacher logits (FP model):   7%|██████                                                                                 | 9/128 [00:03<00:49,  2.41it/s]Precomputing teacher logits (FP model):   8%|██████▋                                                                               | 10/128 [00:04<00:48,  2.41it/s]Precomputing teacher logits (FP model):   9%|███████▍                                                                              | 11/128 [00:04<00:48,  2.41it/s]Precomputing teacher logits (FP model):   9%|████████                                                                              | 12/128 [00:04<00:48,  2.40it/s]Precomputing teacher logits (FP model):  10%|████████▋                                                                             | 13/128 [00:05<00:47,  2.40it/s]Precomputing teacher logits (FP model):  11%|█████████▍                                                                            | 14/128 [00:05<00:47,  2.40it/s]Precomputing teacher logits (FP model):  12%|██████████                                                                            | 15/128 [00:06<00:46,  2.43it/s]Precomputing teacher logits (FP model):  12%|██████████▊                                                                           | 16/128 [00:06<00:46,  2.42it/s]Precomputing teacher logits (FP model):  13%|███████████▍                                                                          | 17/128 [00:07<00:46,  2.41it/s]Precomputing teacher logits (FP model):  14%|████████████                                                                          | 18/128 [00:07<00:45,  2.43it/s]Precomputing teacher logits (FP model):  15%|████████████▊                                                                         | 19/128 [00:07<00:44,  2.42it/s]Precomputing teacher logits (FP model):  16%|█████████████▍                                                                        | 20/128 [00:08<00:44,  2.41it/s]Precomputing teacher logits (FP model):  16%|██████████████                                                                        | 21/128 [00:08<00:44,  2.41it/s]Precomputing teacher logits (FP model):  17%|██████████████▊                                                                       | 22/128 [00:09<00:44,  2.41it/s]Precomputing teacher logits (FP model):  18%|███████████████▍                                                                      | 23/128 [00:09<00:43,  2.43it/s]Precomputing teacher logits (FP model):  19%|████████████████▏                                                                     | 24/128 [00:09<00:42,  2.42it/s]Precomputing teacher logits (FP model):  20%|████████████████▊                                                                     | 25/128 [00:10<00:42,  2.41it/s]Precomputing teacher logits (FP model):  20%|█████████████████▍                                                                    | 26/128 [00:10<00:42,  2.41it/s]Precomputing teacher logits (FP model):  21%|██████████████████▏                                                                   | 27/128 [00:11<00:41,  2.42it/s]Precomputing teacher logits (FP model):  22%|██████████████████▊                                                                   | 28/128 [00:11<00:41,  2.42it/s]Precomputing teacher logits (FP model):  23%|███████████████████▍                                                                  | 29/128 [00:11<00:40,  2.42it/s]Precomputing teacher logits (FP model):  23%|████████████████████▏                                                                 | 30/128 [00:12<00:40,  2.42it/s]Precomputing teacher logits (FP model):  24%|████████████████████▊                                                                 | 31/128 [00:12<00:40,  2.42it/s]Precomputing teacher logits (FP model):  25%|█████████████████████▌                                                                | 32/128 [00:13<00:39,  2.42it/s]Precomputing teacher logits (FP model):  26%|██████████████████████▏                                                               | 33/128 [00:13<00:39,  2.42it/s]Precomputing teacher logits (FP model):  27%|██████████████████████▊                                                               | 34/128 [00:14<00:39,  2.40it/s]Precomputing teacher logits (FP model):  27%|███████████████████████▌                                                              | 35/128 [00:14<00:38,  2.42it/s]Precomputing teacher logits (FP model):  28%|████████████████████████▏                                                             | 36/128 [00:14<00:38,  2.41it/s]Precomputing teacher logits (FP model):  29%|████████████████████████▊                                                             | 37/128 [00:15<00:38,  2.39it/s]Precomputing teacher logits (FP model):  30%|█████████████████████████▌                                                            | 38/128 [00:15<00:37,  2.38it/s]Precomputing teacher logits (FP model):  30%|██████████████████████████▏                                                           | 39/128 [00:16<00:37,  2.38it/s]Precomputing teacher logits (FP model):  31%|██████████████████████████▉                                                           | 40/128 [00:16<00:37,  2.38it/s]Precomputing teacher logits (FP model):  32%|███████████████████████████▌                                                          | 41/128 [00:17<00:36,  2.37it/s]Precomputing teacher logits (FP model):  33%|████████████████████████████▏                                                         | 42/128 [00:17<00:36,  2.37it/s]Precomputing teacher logits (FP model):  34%|████████████████████████████▉                                                         | 43/128 [00:17<00:35,  2.37it/s]Precomputing teacher logits (FP model):  34%|█████████████████████████████▌                                                        | 44/128 [00:18<00:35,  2.37it/s]Precomputing teacher logits (FP model):  35%|██████████████████████████████▏                                                       | 45/128 [00:18<00:34,  2.37it/s]Precomputing teacher logits (FP model):  36%|██████████████████████████████▉                                                       | 46/128 [00:19<00:34,  2.37it/s]Precomputing teacher logits (FP model):  37%|███████████████████████████████▌                                                      | 47/128 [00:19<00:33,  2.39it/s]Precomputing teacher logits (FP model):  38%|████████████████████████████████▎                                                     | 48/128 [00:19<00:33,  2.40it/s]Precomputing teacher logits (FP model):  38%|████████████████████████████████▉                                                     | 49/128 [00:20<00:32,  2.40it/s]Precomputing teacher logits (FP model):  39%|█████████████████████████████████▌                                                    | 50/128 [00:20<00:32,  2.41it/s]Precomputing teacher logits (FP model):  40%|██████████████████████████████████▎                                                   | 51/128 [00:21<00:32,  2.39it/s]Precomputing teacher logits (FP model):  41%|██████████████████████████████████▉                                                   | 52/128 [00:21<00:31,  2.39it/s]Precomputing teacher logits (FP model):  41%|███████████████████████████████████▌                                                  | 53/128 [00:22<00:31,  2.39it/s]Precomputing teacher logits (FP model):  42%|████████████████████████████████████▎                                                 | 54/128 [00:22<00:30,  2.40it/s]Precomputing teacher logits (FP model):  43%|████████████████████████████████████▉                                                 | 55/128 [00:22<00:30,  2.39it/s]Precomputing teacher logits (FP model):  44%|█████████████████████████████████████▋                                                | 56/128 [00:23<00:30,  2.39it/s]Precomputing teacher logits (FP model):  45%|██████████████████████████████████████▎                                               | 57/128 [00:23<00:29,  2.38it/s]Precomputing teacher logits (FP model):  45%|██████████████████████████████████████▉                                               | 58/128 [00:24<00:29,  2.41it/s]Precomputing teacher logits (FP model):  46%|███████████████████████████████████████▋                                              | 59/128 [00:24<00:28,  2.42it/s]Precomputing teacher logits (FP model):  47%|████████████████████████████████████████▎                                             | 60/128 [00:24<00:28,  2.43it/s]Precomputing teacher logits (FP model):  48%|████████████████████████████████████████▉                                             | 61/128 [00:25<00:27,  2.43it/s]Precomputing teacher logits (FP model):  48%|█████████████████████████████████████████▋                                            | 62/128 [00:25<00:27,  2.42it/s]Precomputing teacher logits (FP model):  49%|██████████████████████████████████████████▎                                           | 63/128 [00:26<00:26,  2.43it/s]Precomputing teacher logits (FP model):  50%|███████████████████████████████████████████                                           | 64/128 [00:26<00:26,  2.44it/s]Precomputing teacher logits (FP model):  51%|███████████████████████████████████████████▋                                          | 65/128 [00:26<00:25,  2.45it/s]Precomputing teacher logits (FP model):  52%|████████████████████████████████████████████▎                                         | 66/128 [00:27<00:25,  2.46it/s]Precomputing teacher logits (FP model):  52%|█████████████████████████████████████████████                                         | 67/128 [00:27<00:24,  2.47it/s]Precomputing teacher logits (FP model):  53%|█████████████████████████████████████████████▋                                        | 68/128 [00:28<00:24,  2.46it/s]Precomputing teacher logits (FP model):  54%|██████████████████████████████████████████████▎                                       | 69/128 [00:28<00:24,  2.45it/s]Precomputing teacher logits (FP model):  55%|███████████████████████████████████████████████                                       | 70/128 [00:29<00:23,  2.44it/s]Precomputing teacher logits (FP model):  55%|███████████████████████████████████████████████▋                                      | 71/128 [00:29<00:23,  2.44it/s]Precomputing teacher logits (FP model):  56%|████████████████████████████████████████████████▍                                     | 72/128 [00:29<00:22,  2.44it/s]Precomputing teacher logits (FP model):  57%|█████████████████████████████████████████████████                                     | 73/128 [00:30<00:22,  2.45it/s]Precomputing teacher logits (FP model):  58%|█████████████████████████████████████████████████▋                                    | 74/128 [00:30<00:22,  2.42it/s]Precomputing teacher logits (FP model):  59%|██████████████████████████████████████████████████▍                                   | 75/128 [00:31<00:22,  2.41it/s]Precomputing teacher logits (FP model):  59%|███████████████████████████████████████████████████                                   | 76/128 [00:31<00:21,  2.40it/s]Precomputing teacher logits (FP model):  60%|███████████████████████████████████████████████████▋                                  | 77/128 [00:31<00:21,  2.39it/s]Precomputing teacher logits (FP model):  61%|████████████████████████████████████████████████████▍                                 | 78/128 [00:32<00:20,  2.39it/s]Precomputing teacher logits (FP model):  62%|█████████████████████████████████████████████████████                                 | 79/128 [00:32<00:20,  2.39it/s]Precomputing teacher logits (FP model):  62%|█████████████████████████████████████████████████████▊                                | 80/128 [00:33<00:20,  2.38it/s]Precomputing teacher logits (FP model):  63%|██████████████████████████████████████████████████████▍                               | 81/128 [00:33<00:19,  2.38it/s]Precomputing teacher logits (FP model):  64%|███████████████████████████████████████████████████████                               | 82/128 [00:34<00:19,  2.41it/s]Precomputing teacher logits (FP model):  65%|███████████████████████████████████████████████████████▊                              | 83/128 [00:34<00:18,  2.40it/s]Precomputing teacher logits (FP model):  66%|████████████████████████████████████████████████████████▍                             | 84/128 [00:34<00:18,  2.40it/s]Precomputing teacher logits (FP model):  66%|█████████████████████████████████████████████████████████                             | 85/128 [00:35<00:17,  2.42it/s]Precomputing teacher logits (FP model):  67%|█████████████████████████████████████████████████████████▊                            | 86/128 [00:35<00:17,  2.40it/s]Precomputing teacher logits (FP model):  68%|██████████████████████████████████████████████████████████▍                           | 87/128 [00:36<00:17,  2.40it/s]Precomputing teacher logits (FP model):  69%|███████████████████████████████████████████████████████████▏                          | 88/128 [00:36<00:16,  2.43it/s]Precomputing teacher logits (FP model):  70%|███████████████████████████████████████████████████████████▊                          | 89/128 [00:36<00:16,  2.42it/s]Precomputing teacher logits (FP model):  70%|████████████████████████████████████████████████████████████▍                         | 90/128 [00:37<00:15,  2.46it/s]Precomputing teacher logits (FP model):  71%|█████████████████████████████████████████████████████████████▏                        | 91/128 [00:37<00:15,  2.46it/s]Precomputing teacher logits (FP model):  72%|█████████████████████████████████████████████████████████████▊                        | 92/128 [00:38<00:14,  2.46it/s]Precomputing teacher logits (FP model):  73%|██████████████████████████████████████████████████████████████▍                       | 93/128 [00:38<00:14,  2.46it/s]Precomputing teacher logits (FP model):  73%|███████████████████████████████████████████████████████████████▏                      | 94/128 [00:38<00:13,  2.47it/s]Precomputing teacher logits (FP model):  74%|███████████████████████████████████████████████████████████████▊                      | 95/128 [00:39<00:13,  2.46it/s]Precomputing teacher logits (FP model):  75%|████████████████████████████████████████████████████████████████▌                     | 96/128 [00:39<00:13,  2.46it/s]Precomputing teacher logits (FP model):  76%|█████████████████████████████████████████████████████████████████▏                    | 97/128 [00:40<00:12,  2.45it/s]Precomputing teacher logits (FP model):  77%|█████████████████████████████████████████████████████████████████▊                    | 98/128 [00:40<00:12,  2.46it/s]Precomputing teacher logits (FP model):  77%|██████████████████████████████████████████████████████████████████▌                   | 99/128 [00:40<00:11,  2.47it/s]Precomputing teacher logits (FP model):  78%|██████████████████████████████████████████████████████████████████▍                  | 100/128 [00:41<00:11,  2.47it/s]Precomputing teacher logits (FP model):  79%|███████████████████████████████████████████████████████████████████                  | 101/128 [00:41<00:10,  2.46it/s]Precomputing teacher logits (FP model):  80%|███████████████████████████████████████████████████████████████████▋                 | 102/128 [00:42<00:10,  2.46it/s]Precomputing teacher logits (FP model):  80%|████████████████████████████████████████████████████████████████████▍                | 103/128 [00:42<00:10,  2.47it/s]Precomputing teacher logits (FP model):  81%|█████████████████████████████████████████████████████████████████████                | 104/128 [00:42<00:09,  2.47it/s]Precomputing teacher logits (FP model):  82%|█████████████████████████████████████████████████████████████████████▋               | 105/128 [00:43<00:09,  2.48it/s]Precomputing teacher logits (FP model):  83%|██████████████████████████████████████████████████████████████████████▍              | 106/128 [00:43<00:08,  2.47it/s]Precomputing teacher logits (FP model):  84%|███████████████████████████████████████████████████████████████████████              | 107/128 [00:44<00:08,  2.46it/s]Precomputing teacher logits (FP model):  84%|███████████████████████████████████████████████████████████████████████▋             | 108/128 [00:44<00:08,  2.46it/s]Precomputing teacher logits (FP model):  85%|████████████████████████████████████████████████████████████████████████▍            | 109/128 [00:45<00:07,  2.46it/s]Precomputing teacher logits (FP model):  86%|█████████████████████████████████████████████████████████████████████████            | 110/128 [00:45<00:07,  2.46it/s]Precomputing teacher logits (FP model):  87%|█████████████████████████████████████████████████████████████████████████▋           | 111/128 [00:45<00:06,  2.47it/s]Precomputing teacher logits (FP model):  88%|██████████████████████████████████████████████████████████████████████████▍          | 112/128 [00:46<00:06,  2.45it/s]Precomputing teacher logits (FP model):  88%|███████████████████████████████████████████████████████████████████████████          | 113/128 [00:46<00:06,  2.45it/s]Precomputing teacher logits (FP model):  89%|███████████████████████████████████████████████████████████████████████████▋         | 114/128 [00:47<00:05,  2.46it/s]Precomputing teacher logits (FP model):  90%|████████████████████████████████████████████████████████████████████████████▎        | 115/128 [00:47<00:05,  2.43it/s]Precomputing teacher logits (FP model):  91%|█████████████████████████████████████████████████████████████████████████████        | 116/128 [00:47<00:04,  2.44it/s]Precomputing teacher logits (FP model):  91%|█████████████████████████████████████████████████████████████████████████████▋       | 117/128 [00:48<00:04,  2.44it/s]Precomputing teacher logits (FP model):  92%|██████████████████████████████████████████████████████████████████████████████▎      | 118/128 [00:48<00:04,  2.44it/s]Precomputing teacher logits (FP model):  93%|███████████████████████████████████████████████████████████████████████████████      | 119/128 [00:49<00:03,  2.47it/s]Precomputing teacher logits (FP model):  94%|███████████████████████████████████████████████████████████████████████████████▋     | 120/128 [00:49<00:03,  2.45it/s]Precomputing teacher logits (FP model):  95%|████████████████████████████████████████████████████████████████████████████████▎    | 121/128 [00:49<00:02,  2.45it/s]Precomputing teacher logits (FP model):  95%|█████████████████████████████████████████████████████████████████████████████████    | 122/128 [00:50<00:02,  2.45it/s]Precomputing teacher logits (FP model):  96%|█████████████████████████████████████████████████████████████████████████████████▋   | 123/128 [00:50<00:02,  2.45it/s]Precomputing teacher logits (FP model):  97%|██████████████████████████████████████████████████████████████████████████████████▎  | 124/128 [00:51<00:01,  2.45it/s]Precomputing teacher logits (FP model):  98%|███████████████████████████████████████████████████████████████████████████████████  | 125/128 [00:51<00:01,  2.45it/s]Precomputing teacher logits (FP model):  98%|███████████████████████████████████████████████████████████████████████████████████▋ | 126/128 [00:51<00:00,  2.46it/s]Precomputing teacher logits (FP model):  99%|████████████████████████████████████████████████████████████████████████████████████▎| 127/128 [00:52<00:00,  2.43it/s]Precomputing teacher logits (FP model): 100%|█████████████████████████████████████████████████████████████████████████████████████| 128/128 [00:52<00:00,  2.44it/s]Precomputing teacher logits (FP model): 100%|█████████████████████████████████████████████████████████████████████████████████████| 128/128 [00:52<00:00,  2.42it/s]
Token indices sequence length is longer than the specified maximum sequence length for this model (299078 > 131072). Running this sequence through the model will result in indexing errors
GPU memory (from _compute_teacher_logits_cache): 4.89 -> 1.70 GiB (-3.19 GiB)
Total number of scale parameters to tune: 392
Epoch 1 - Loss: 2.9308
Epoch 2 - Loss: 2.8867
Epoch 3 - Loss: 2.8678
Epoch 4 - Loss: 2.8572
Epoch 5 - Loss: 2.8505
Epoch 6 - Loss: 2.8457
Epoch 7 - Loss: 2.8422
Epoch 8 - Loss: 2.8413
GPU memory (from compress_model_recon): 9.35 -> 5.95 GiB (-3.40 GiB)
Using sequence length: 2048 (model max: 2048)
Evaluating perplexity on wikitext2 - num_samples=146, seqlen=2048
Evaluating PPL for wikitext2 (PPL: N/A):   0%|                                                                                              | 0/146 [00:00<?, ?it/s]Evaluating PPL for wikitext2 (PPL: 18.5761):   0%|                                                                                          | 0/146 [00:00<?, ?it/s]Evaluating PPL for wikitext2 (PPL: 22.9384):   0%|                                                                                          | 0/146 [00:00<?, ?it/s]Evaluating PPL for wikitext2 (PPL: 22.9384):   1%|█                                                                                 | 2/146 [00:00<00:07, 19.61it/s]Evaluating PPL for wikitext2 (PPL: 28.6217):   1%|█                                                                                 | 2/146 [00:00<00:07, 19.61it/s]Evaluating PPL for wikitext2 (PPL: 29.6845):   1%|█                                                                                 | 2/146 [00:00<00:07, 19.61it/s]Evaluating PPL for wikitext2 (PPL: 28.2368):   1%|█                                                                                 | 2/146 [00:00<00:07, 19.61it/s]Evaluating PPL for wikitext2 (PPL: 28.2368):   3%|██▊                                                                               | 5/146 [00:00<00:06, 20.96it/s]Evaluating PPL for wikitext2 (PPL: 25.2586):   3%|██▊                                                                               | 5/146 [00:00<00:06, 20.96it/s]Evaluating PPL for wikitext2 (PPL: 22.4571):   3%|██▊                                                                               | 5/146 [00:00<00:06, 20.96it/s]Evaluating PPL for wikitext2 (PPL: 22.3633):   3%|██▊                                                                               | 5/146 [00:00<00:06, 20.96it/s]Evaluating PPL for wikitext2 (PPL: 22.3633):   5%|████▍                                                                             | 8/146 [00:00<00:06, 21.39it/s]Evaluating PPL for wikitext2 (PPL: 22.9982):   5%|████▍                                                                             | 8/146 [00:00<00:06, 21.39it/s]Evaluating PPL for wikitext2 (PPL: 23.8522):   5%|████▍                                                                             | 8/146 [00:00<00:06, 21.39it/s]Evaluating PPL for wikitext2 (PPL: 24.0222):   5%|████▍                                                                             | 8/146 [00:00<00:06, 21.39it/s]Evaluating PPL for wikitext2 (PPL: 24.0222):   8%|██████                                                                           | 11/146 [00:00<00:06, 21.50it/s]Evaluating PPL for wikitext2 (PPL: 25.7903):   8%|██████                                                                           | 11/146 [00:00<00:06, 21.50it/s]Evaluating PPL for wikitext2 (PPL: 25.1475):   8%|██████                                                                           | 11/146 [00:00<00:06, 21.50it/s]Evaluating PPL for wikitext2 (PPL: 25.1087):   8%|██████                                                                           | 11/146 [00:00<00:06, 21.50it/s]Evaluating PPL for wikitext2 (PPL: 25.1087):  10%|███████▊                                                                         | 14/146 [00:00<00:06, 21.62it/s]Evaluating PPL for wikitext2 (PPL: 24.8153):  10%|███████▊                                                                         | 14/146 [00:00<00:06, 21.62it/s]Evaluating PPL for wikitext2 (PPL: 25.0457):  10%|███████▊                                                                         | 14/146 [00:00<00:06, 21.62it/s]Evaluating PPL for wikitext2 (PPL: 25.3439):  10%|███████▊                                                                         | 14/146 [00:00<00:06, 21.62it/s]Evaluating PPL for wikitext2 (PPL: 25.3439):  12%|█████████▍                                                                       | 17/146 [00:00<00:06, 21.15it/s]Evaluating PPL for wikitext2 (PPL: 25.3025):  12%|█████████▍                                                                       | 17/146 [00:00<00:06, 21.15it/s]Evaluating PPL for wikitext2 (PPL: 25.0380):  12%|█████████▍                                                                       | 17/146 [00:00<00:06, 21.15it/s]Evaluating PPL for wikitext2 (PPL: 24.6093):  12%|█████████▍                                                                       | 17/146 [00:00<00:06, 21.15it/s]Evaluating PPL for wikitext2 (PPL: 24.6093):  14%|███████████                                                                      | 20/146 [00:00<00:05, 21.31it/s]Evaluating PPL for wikitext2 (PPL: 24.6276):  14%|███████████                                                                      | 20/146 [00:00<00:05, 21.31it/s]Evaluating PPL for wikitext2 (PPL: 25.0146):  14%|███████████                                                                      | 20/146 [00:01<00:05, 21.31it/s]Evaluating PPL for wikitext2 (PPL: 25.0819):  14%|███████████                                                                      | 20/146 [00:01<00:05, 21.31it/s]Evaluating PPL for wikitext2 (PPL: 25.0819):  16%|████████████▊                                                                    | 23/146 [00:01<00:05, 21.42it/s]Evaluating PPL for wikitext2 (PPL: 25.3410):  16%|████████████▊                                                                    | 23/146 [00:01<00:05, 21.42it/s]Evaluating PPL for wikitext2 (PPL: 25.5178):  16%|████████████▊                                                                    | 23/146 [00:01<00:05, 21.42it/s]Evaluating PPL for wikitext2 (PPL: 25.7284):  16%|████████████▊                                                                    | 23/146 [00:01<00:05, 21.42it/s]Evaluating PPL for wikitext2 (PPL: 25.7284):  18%|██████████████▍                                                                  | 26/146 [00:01<00:05, 21.56it/s]Evaluating PPL for wikitext2 (PPL: 25.9701):  18%|██████████████▍                                                                  | 26/146 [00:01<00:05, 21.56it/s]Evaluating PPL for wikitext2 (PPL: 26.5053):  18%|██████████████▍                                                                  | 26/146 [00:01<00:05, 21.56it/s]Evaluating PPL for wikitext2 (PPL: 26.7672):  18%|██████████████▍                                                                  | 26/146 [00:01<00:05, 21.56it/s]Evaluating PPL for wikitext2 (PPL: 26.7672):  20%|████████████████                                                                 | 29/146 [00:01<00:05, 21.16it/s]Evaluating PPL for wikitext2 (PPL: 26.7480):  20%|████████████████                                                                 | 29/146 [00:01<00:05, 21.16it/s]Evaluating PPL for wikitext2 (PPL: 26.6627):  20%|████████████████                                                                 | 29/146 [00:01<00:05, 21.16it/s]Evaluating PPL for wikitext2 (PPL: 26.6610):  20%|████████████████                                                                 | 29/146 [00:01<00:05, 21.16it/s]Evaluating PPL for wikitext2 (PPL: 26.6610):  22%|█████████████████▊                                                               | 32/146 [00:01<00:05, 21.27it/s]Evaluating PPL for wikitext2 (PPL: 26.4082):  22%|█████████████████▊                                                               | 32/146 [00:01<00:05, 21.27it/s]Evaluating PPL for wikitext2 (PPL: 26.6090):  22%|█████████████████▊                                                               | 32/146 [00:01<00:05, 21.27it/s]Evaluating PPL for wikitext2 (PPL: 26.5497):  22%|█████████████████▊                                                               | 32/146 [00:01<00:05, 21.27it/s]Evaluating PPL for wikitext2 (PPL: 26.5497):  24%|███████████████████▍                                                             | 35/146 [00:01<00:05, 21.13it/s]Evaluating PPL for wikitext2 (PPL: 26.6090):  24%|███████████████████▍                                                             | 35/146 [00:01<00:05, 21.13it/s]Evaluating PPL for wikitext2 (PPL: 26.0751):  24%|███████████████████▍                                                             | 35/146 [00:01<00:05, 21.13it/s]Evaluating PPL for wikitext2 (PPL: 25.7268):  24%|███████████████████▍                                                             | 35/146 [00:01<00:05, 21.13it/s]Evaluating PPL for wikitext2 (PPL: 25.7268):  26%|█████████████████████                                                            | 38/146 [00:01<00:05, 21.05it/s]Evaluating PPL for wikitext2 (PPL: 25.5948):  26%|█████████████████████                                                            | 38/146 [00:01<00:05, 21.05it/s]Evaluating PPL for wikitext2 (PPL: 25.2520):  26%|█████████████████████                                                            | 38/146 [00:01<00:05, 21.05it/s]Evaluating PPL for wikitext2 (PPL: 25.1402):  26%|█████████████████████                                                            | 38/146 [00:01<00:05, 21.05it/s]Evaluating PPL for wikitext2 (PPL: 25.1402):  28%|██████████████████████▋                                                          | 41/146 [00:01<00:04, 21.20it/s]Evaluating PPL for wikitext2 (PPL: 25.1742):  28%|██████████████████████▋                                                          | 41/146 [00:01<00:04, 21.20it/s]Evaluating PPL for wikitext2 (PPL: 25.4922):  28%|██████████████████████▋                                                          | 41/146 [00:02<00:04, 21.20it/s]Evaluating PPL for wikitext2 (PPL: 25.9005):  28%|██████████████████████▋                                                          | 41/146 [00:02<00:04, 21.20it/s]Evaluating PPL for wikitext2 (PPL: 25.9005):  30%|████████████████████████▍                                                        | 44/146 [00:02<00:04, 21.39it/s]Evaluating PPL for wikitext2 (PPL: 26.2238):  30%|████████████████████████▍                                                        | 44/146 [00:02<00:04, 21.39it/s]Evaluating PPL for wikitext2 (PPL: 26.5729):  30%|████████████████████████▍                                                        | 44/146 [00:02<00:04, 21.39it/s]Evaluating PPL for wikitext2 (PPL: 26.7865):  30%|████████████████████████▍                                                        | 44/146 [00:02<00:04, 21.39it/s]Evaluating PPL for wikitext2 (PPL: 26.7865):  32%|██████████████████████████                                                       | 47/146 [00:02<00:04, 21.72it/s]Evaluating PPL for wikitext2 (PPL: 26.9139):  32%|██████████████████████████                                                       | 47/146 [00:02<00:04, 21.72it/s]Evaluating PPL for wikitext2 (PPL: 26.9850):  32%|██████████████████████████                                                       | 47/146 [00:02<00:04, 21.72it/s]Evaluating PPL for wikitext2 (PPL: 26.8848):  32%|██████████████████████████                                                       | 47/146 [00:02<00:04, 21.72it/s]Evaluating PPL for wikitext2 (PPL: 26.8848):  34%|███████████████████████████▋                                                     | 50/146 [00:02<00:04, 23.58it/s]Evaluating PPL for wikitext2 (PPL: 26.9619):  34%|███████████████████████████▋                                                     | 50/146 [00:02<00:04, 23.58it/s]Evaluating PPL for wikitext2 (PPL: 26.7855):  34%|███████████████████████████▋                                                     | 50/146 [00:02<00:04, 23.58it/s]Evaluating PPL for wikitext2 (PPL: 26.6404):  34%|███████████████████████████▋                                                     | 50/146 [00:02<00:04, 23.58it/s]Evaluating PPL for wikitext2 (PPL: 26.6404):  36%|█████████████████████████████▍                                                   | 53/146 [00:02<00:03, 24.98it/s]Evaluating PPL for wikitext2 (PPL: 26.4631):  36%|█████████████████████████████▍                                                   | 53/146 [00:02<00:03, 24.98it/s]Evaluating PPL for wikitext2 (PPL: 26.1816):  36%|█████████████████████████████▍                                                   | 53/146 [00:02<00:03, 24.98it/s]Evaluating PPL for wikitext2 (PPL: 25.9491):  36%|█████████████████████████████▍                                                   | 53/146 [00:02<00:03, 24.98it/s]Evaluating PPL for wikitext2 (PPL: 25.9491):  38%|███████████████████████████████                                                  | 56/146 [00:02<00:04, 22.03it/s]Evaluating PPL for wikitext2 (PPL: 25.6142):  38%|███████████████████████████████                                                  | 56/146 [00:02<00:04, 22.03it/s]Evaluating PPL for wikitext2 (PPL: 25.2541):  38%|███████████████████████████████                                                  | 56/146 [00:02<00:04, 22.03it/s]Evaluating PPL for wikitext2 (PPL: 25.1296):  38%|███████████████████████████████                                                  | 56/146 [00:02<00:04, 22.03it/s]Evaluating PPL for wikitext2 (PPL: 25.1296):  40%|████████████████████████████████▋                                                | 59/146 [00:02<00:04, 20.27it/s]Evaluating PPL for wikitext2 (PPL: 25.1929):  40%|████████████████████████████████▋                                                | 59/146 [00:02<00:04, 20.27it/s]Evaluating PPL for wikitext2 (PPL: 25.3515):  40%|████████████████████████████████▋                                                | 59/146 [00:02<00:04, 20.27it/s]Evaluating PPL for wikitext2 (PPL: 25.4931):  40%|████████████████████████████████▋                                                | 59/146 [00:02<00:04, 20.27it/s]Evaluating PPL for wikitext2 (PPL: 25.4931):  42%|██████████████████████████████████▍                                              | 62/146 [00:02<00:04, 19.32it/s]Evaluating PPL for wikitext2 (PPL: 25.6436):  42%|██████████████████████████████████▍                                              | 62/146 [00:02<00:04, 19.32it/s]Evaluating PPL for wikitext2 (PPL: 25.8660):  42%|██████████████████████████████████▍                                              | 62/146 [00:03<00:04, 19.32it/s]Evaluating PPL for wikitext2 (PPL: 25.8711):  42%|██████████████████████████████████▍                                              | 62/146 [00:03<00:04, 19.32it/s]Evaluating PPL for wikitext2 (PPL: 25.8711):  45%|████████████████████████████████████                                             | 65/146 [00:03<00:04, 20.24it/s]Evaluating PPL for wikitext2 (PPL: 25.9066):  45%|████████████████████████████████████                                             | 65/146 [00:03<00:04, 20.24it/s]Evaluating PPL for wikitext2 (PPL: 26.0746):  45%|████████████████████████████████████                                             | 65/146 [00:03<00:04, 20.24it/s]Evaluating PPL for wikitext2 (PPL: 26.1424):  45%|████████████████████████████████████                                             | 65/146 [00:03<00:04, 20.24it/s]Evaluating PPL for wikitext2 (PPL: 26.1424):  47%|█████████████████████████████████████▋                                           | 68/146 [00:03<00:03, 19.77it/s]Evaluating PPL for wikitext2 (PPL: 26.1846):  47%|█████████████████████████████████████▋                                           | 68/146 [00:03<00:03, 19.77it/s]Evaluating PPL for wikitext2 (PPL: 26.1673):  47%|█████████████████████████████████████▋                                           | 68/146 [00:03<00:03, 19.77it/s]Evaluating PPL for wikitext2 (PPL: 26.1331):  47%|█████████████████████████████████████▋                                           | 68/146 [00:03<00:03, 19.77it/s]Evaluating PPL for wikitext2 (PPL: 26.1331):  49%|███████████████████████████████████████▍                                         | 71/146 [00:03<00:03, 18.88it/s]Evaluating PPL for wikitext2 (PPL: 26.2591):  49%|███████████████████████████████████████▍                                         | 71/146 [00:03<00:03, 18.88it/s]Evaluating PPL for wikitext2 (PPL: 26.4840):  49%|███████████████████████████████████████▍                                         | 71/146 [00:03<00:03, 18.88it/s]Evaluating PPL for wikitext2 (PPL: 26.4840):  50%|████████████████████████████████████████▌                                        | 73/146 [00:03<00:03, 18.43it/s]Evaluating PPL for wikitext2 (PPL: 26.6427):  50%|████████████████████████████████████████▌                                        | 73/146 [00:03<00:03, 18.43it/s]Evaluating PPL for wikitext2 (PPL: 26.6645):  50%|████████████████████████████████████████▌                                        | 73/146 [00:03<00:03, 18.43it/s]Evaluating PPL for wikitext2 (PPL: 26.6645):  51%|█████████████████████████████████████████▌                                       | 75/146 [00:03<00:03, 17.96it/s]Evaluating PPL for wikitext2 (PPL: 26.5981):  51%|█████████████████████████████████████████▌                                       | 75/146 [00:03<00:03, 17.96it/s]Evaluating PPL for wikitext2 (PPL: 26.5228):  51%|█████████████████████████████████████████▌                                       | 75/146 [00:03<00:03, 17.96it/s]Evaluating PPL for wikitext2 (PPL: 26.4708):  51%|█████████████████████████████████████████▌                                       | 75/146 [00:03<00:03, 17.96it/s]Evaluating PPL for wikitext2 (PPL: 26.4708):  53%|███████████████████████████████████████████▎                                     | 78/146 [00:03<00:03, 19.83it/s]Evaluating PPL for wikitext2 (PPL: 26.4830):  53%|███████████████████████████████████████████▎                                     | 78/146 [00:03<00:03, 19.83it/s]Evaluating PPL for wikitext2 (PPL: 26.5623):  53%|███████████████████████████████████████████▎                                     | 78/146 [00:03<00:03, 19.83it/s]Evaluating PPL for wikitext2 (PPL: 26.5885):  53%|███████████████████████████████████████████▎                                     | 78/146 [00:03<00:03, 19.83it/s]Evaluating PPL for wikitext2 (PPL: 26.5885):  55%|████████████████████████████████████████████▉                                    | 81/146 [00:03<00:03, 18.77it/s]Evaluating PPL for wikitext2 (PPL: 26.5837):  55%|████████████████████████████████████████████▉                                    | 81/146 [00:03<00:03, 18.77it/s]Evaluating PPL for wikitext2 (PPL: 26.3548):  55%|████████████████████████████████████████████▉                                    | 81/146 [00:04<00:03, 18.77it/s]Evaluating PPL for wikitext2 (PPL: 26.3548):  57%|██████████████████████████████████████████████                                   | 83/146 [00:04<00:03, 18.42it/s]Evaluating PPL for wikitext2 (PPL: 26.2062):  57%|██████████████████████████████████████████████                                   | 83/146 [00:04<00:03, 18.42it/s]Evaluating PPL for wikitext2 (PPL: 26.1484):  57%|██████████████████████████████████████████████                                   | 83/146 [00:04<00:03, 18.42it/s]Evaluating PPL for wikitext2 (PPL: 26.1484):  58%|███████████████████████████████████████████████▏                                 | 85/146 [00:04<00:03, 18.03it/s]Evaluating PPL for wikitext2 (PPL: 26.1347):  58%|███████████████████████████████████████████████▏                                 | 85/146 [00:04<00:03, 18.03it/s]Evaluating PPL for wikitext2 (PPL: 26.1213):  58%|███████████████████████████████████████████████▏                                 | 85/146 [00:04<00:03, 18.03it/s]Evaluating PPL for wikitext2 (PPL: 26.1213):  60%|████████████████████████████████████████████████▎                                | 87/146 [00:04<00:03, 17.74it/s]Evaluating PPL for wikitext2 (PPL: 26.2197):  60%|████████████████████████████████████████████████▎                                | 87/146 [00:04<00:03, 17.74it/s]Evaluating PPL for wikitext2 (PPL: 26.2702):  60%|████████████████████████████████████████████████▎                                | 87/146 [00:04<00:03, 17.74it/s]Evaluating PPL for wikitext2 (PPL: 26.3241):  60%|████████████████████████████████████████████████▎                                | 87/146 [00:04<00:03, 17.74it/s]Evaluating PPL for wikitext2 (PPL: 26.3241):  62%|█████████████████████████████████████████████████▉                               | 90/146 [00:04<00:02, 19.48it/s]Evaluating PPL for wikitext2 (PPL: 26.4814):  62%|█████████████████████████████████████████████████▉                               | 90/146 [00:04<00:02, 19.48it/s]Evaluating PPL for wikitext2 (PPL: 26.7177):  62%|█████████████████████████████████████████████████▉                               | 90/146 [00:04<00:02, 19.48it/s]Evaluating PPL for wikitext2 (PPL: 26.9600):  62%|█████████████████████████████████████████████████▉                               | 90/146 [00:04<00:02, 19.48it/s]Evaluating PPL for wikitext2 (PPL: 26.9600):  64%|███████████████████████████████████████████████████▌                             | 93/146 [00:04<00:02, 19.31it/s]Evaluating PPL for wikitext2 (PPL: 27.0820):  64%|███████████████████████████████████████████████████▌                             | 93/146 [00:04<00:02, 19.31it/s]Evaluating PPL for wikitext2 (PPL: 27.2602):  64%|███████████████████████████████████████████████████▌                             | 93/146 [00:04<00:02, 19.31it/s]Evaluating PPL for wikitext2 (PPL: 27.2602):  65%|████████████████████████████████████████████████████▋                            | 95/146 [00:04<00:02, 18.68it/s]Evaluating PPL for wikitext2 (PPL: 27.4135):  65%|████████████████████████████████████████████████████▋                            | 95/146 [00:04<00:02, 18.68it/s]Evaluating PPL for wikitext2 (PPL: 27.4095):  65%|████████████████████████████████████████████████████▋                            | 95/146 [00:04<00:02, 18.68it/s]Evaluating PPL for wikitext2 (PPL: 27.4095):  66%|█████████████████████████████████████████████████████▊                           | 97/146 [00:04<00:02, 18.31it/s]Evaluating PPL for wikitext2 (PPL: 27.5150):  66%|█████████████████████████████████████████████████████▊                           | 97/146 [00:04<00:02, 18.31it/s]Evaluating PPL for wikitext2 (PPL: 27.5101):  66%|█████████████████████████████████████████████████████▊                           | 97/146 [00:04<00:02, 18.31it/s]Evaluating PPL for wikitext2 (PPL: 27.5101):  68%|██████████████████████████████████████████████████████▉                          | 99/146 [00:04<00:02, 17.81it/s]Evaluating PPL for wikitext2 (PPL: 27.5784):  68%|██████████████████████████████████████████████████████▉                          | 99/146 [00:04<00:02, 17.81it/s]Evaluating PPL for wikitext2 (PPL: 27.5899):  68%|██████████████████████████████████████████████████████▉                          | 99/146 [00:05<00:02, 17.81it/s]Evaluating PPL for wikitext2 (PPL: 27.5899):  69%|███████████████████████████████████████████████████████▎                        | 101/146 [00:05<00:02, 17.69it/s]Evaluating PPL for wikitext2 (PPL: 27.6055):  69%|███████████████████████████████████████████████████████▎                        | 101/146 [00:05<00:02, 17.69it/s]Evaluating PPL for wikitext2 (PPL: 27.7215):  69%|███████████████████████████████████████████████████████▎                        | 101/146 [00:05<00:02, 17.69it/s]Evaluating PPL for wikitext2 (PPL: 27.7731):  69%|███████████████████████████████████████████████████████▎                        | 101/146 [00:05<00:02, 17.69it/s]Evaluating PPL for wikitext2 (PPL: 27.7731):  71%|████████████████████████████████████████████████████████▉                       | 104/146 [00:05<00:02, 19.66it/s]Evaluating PPL for wikitext2 (PPL: 27.8653):  71%|████████████████████████████████████████████████████████▉                       | 104/146 [00:05<00:02, 19.66it/s]Evaluating PPL for wikitext2 (PPL: 27.9313):  71%|████████████████████████████████████████████████████████▉                       | 104/146 [00:05<00:02, 19.66it/s]Evaluating PPL for wikitext2 (PPL: 27.9313):  73%|██████████████████████████████████████████████████████████                      | 106/146 [00:05<00:02, 18.91it/s]Evaluating PPL for wikitext2 (PPL: 28.1068):  73%|██████████████████████████████████████████████████████████                      | 106/146 [00:05<00:02, 18.91it/s]Evaluating PPL for wikitext2 (PPL: 28.1332):  73%|██████████████████████████████████████████████████████████                      | 106/146 [00:05<00:02, 18.91it/s]Evaluating PPL for wikitext2 (PPL: 28.1332):  74%|███████████████████████████████████████████████████████████▏                    | 108/146 [00:05<00:02, 18.46it/s]Evaluating PPL for wikitext2 (PPL: 28.0786):  74%|███████████████████████████████████████████████████████████▏                    | 108/146 [00:05<00:02, 18.46it/s]Evaluating PPL for wikitext2 (PPL: 28.1127):  74%|███████████████████████████████████████████████████████████▏                    | 108/146 [00:05<00:02, 18.46it/s]Evaluating PPL for wikitext2 (PPL: 28.1127):  75%|████████████████████████████████████████████████████████████▎                   | 110/146 [00:05<00:01, 18.02it/s]Evaluating PPL for wikitext2 (PPL: 28.1304):  75%|████████████████████████████████████████████████████████████▎                   | 110/146 [00:05<00:01, 18.02it/s]Evaluating PPL for wikitext2 (PPL: 28.1008):  75%|████████████████████████████████████████████████████████████▎                   | 110/146 [00:05<00:01, 18.02it/s]Evaluating PPL for wikitext2 (PPL: 28.1008):  77%|█████████████████████████████████████████████████████████████▎                  | 112/146 [00:05<00:01, 17.60it/s]Evaluating PPL for wikitext2 (PPL: 28.1378):  77%|█████████████████████████████████████████████████████████████▎                  | 112/146 [00:05<00:01, 17.60it/s]Evaluating PPL for wikitext2 (PPL: 28.1703):  77%|█████████████████████████████████████████████████████████████▎                  | 112/146 [00:05<00:01, 17.60it/s]Evaluating PPL for wikitext2 (PPL: 28.1793):  77%|█████████████████████████████████████████████████████████████▎                  | 112/146 [00:05<00:01, 17.60it/s]Evaluating PPL for wikitext2 (PPL: 28.1793):  79%|███████████████████████████████████████████████████████████████                 | 115/146 [00:05<00:01, 19.44it/s]Evaluating PPL for wikitext2 (PPL: 28.2489):  79%|███████████████████████████████████████████████████████████████                 | 115/146 [00:05<00:01, 19.44it/s]Evaluating PPL for wikitext2 (PPL: 28.3176):  79%|███████████████████████████████████████████████████████████████                 | 115/146 [00:05<00:01, 19.44it/s]Evaluating PPL for wikitext2 (PPL: 28.3326):  79%|███████████████████████████████████████████████████████████████                 | 115/146 [00:05<00:01, 19.44it/s]Evaluating PPL for wikitext2 (PPL: 28.3326):  81%|████████████████████████████████████████████████████████████████▋               | 118/146 [00:05<00:01, 19.53it/s]Evaluating PPL for wikitext2 (PPL: 28.2397):  81%|████████████████████████████████████████████████████████████████▋               | 118/146 [00:05<00:01, 19.53it/s]Evaluating PPL for wikitext2 (PPL: 28.1670):  81%|████████████████████████████████████████████████████████████████▋               | 118/146 [00:06<00:01, 19.53it/s]Evaluating PPL for wikitext2 (PPL: 28.1670):  82%|█████████████████████████████████████████████████████████████████▊              | 120/146 [00:06<00:01, 18.72it/s]Evaluating PPL for wikitext2 (PPL: 28.2193):  82%|█████████████████████████████████████████████████████████████████▊              | 120/146 [00:06<00:01, 18.72it/s]Evaluating PPL for wikitext2 (PPL: 28.2563):  82%|█████████████████████████████████████████████████████████████████▊              | 120/146 [00:06<00:01, 18.72it/s]Evaluating PPL for wikitext2 (PPL: 28.2563):  84%|██████████████████████████████████████████████████████████████████▊             | 122/146 [00:06<00:01, 18.36it/s]Evaluating PPL for wikitext2 (PPL: 28.1673):  84%|██████████████████████████████████████████████████████████████████▊             | 122/146 [00:06<00:01, 18.36it/s]Evaluating PPL for wikitext2 (PPL: 28.0976):  84%|██████████████████████████████████████████████████████████████████▊             | 122/146 [00:06<00:01, 18.36it/s]Evaluating PPL for wikitext2 (PPL: 28.0976):  85%|███████████████████████████████████████████████████████████████████▉            | 124/146 [00:06<00:01, 17.97it/s]Evaluating PPL for wikitext2 (PPL: 28.1030):  85%|███████████████████████████████████████████████████████████████████▉            | 124/146 [00:06<00:01, 17.97it/s]Evaluating PPL for wikitext2 (PPL: 28.1675):  85%|███████████████████████████████████████████████████████████████████▉            | 124/146 [00:06<00:01, 17.97it/s]Evaluating PPL for wikitext2 (PPL: 28.1675):  86%|█████████████████████████████████████████████████████████████████████           | 126/146 [00:06<00:01, 17.68it/s]Evaluating PPL for wikitext2 (PPL: 28.1514):  86%|█████████████████████████████████████████████████████████████████████           | 126/146 [00:06<00:01, 17.68it/s]Evaluating PPL for wikitext2 (PPL: 28.1219):  86%|█████████████████████████████████████████████████████████████████████           | 126/146 [00:06<00:01, 17.68it/s]Evaluating PPL for wikitext2 (PPL: 27.9977):  86%|█████████████████████████████████████████████████████████████████████           | 126/146 [00:06<00:01, 17.68it/s]Evaluating PPL for wikitext2 (PPL: 27.9977):  88%|██████████████████████████████████████████████████████████████████████▋         | 129/146 [00:06<00:00, 19.68it/s]Evaluating PPL for wikitext2 (PPL: 27.8994):  88%|██████████████████████████████████████████████████████████████████████▋         | 129/146 [00:06<00:00, 19.68it/s]Evaluating PPL for wikitext2 (PPL: 27.8362):  88%|██████████████████████████████████████████████████████████████████████▋         | 129/146 [00:06<00:00, 19.68it/s]Evaluating PPL for wikitext2 (PPL: 27.8362):  90%|███████████████████████████████████████████████████████████████████████▊        | 131/146 [00:06<00:00, 18.76it/s]Evaluating PPL for wikitext2 (PPL: 27.9323):  90%|███████████████████████████████████████████████████████████████████████▊        | 131/146 [00:06<00:00, 18.76it/s]Evaluating PPL for wikitext2 (PPL: 27.8860):  90%|███████████████████████████████████████████████████████████████████████▊        | 131/146 [00:06<00:00, 18.76it/s]Evaluating PPL for wikitext2 (PPL: 27.8860):  91%|████████████████████████████████████████████████████████████████████████▉       | 133/146 [00:06<00:00, 18.14it/s]Evaluating PPL for wikitext2 (PPL: 27.8243):  91%|████████████████████████████████████████████████████████████████████████▉       | 133/146 [00:06<00:00, 18.14it/s]Evaluating PPL for wikitext2 (PPL: 27.8860):  91%|████████████████████████████████████████████████████████████████████████▉       | 133/146 [00:06<00:00, 18.14it/s]Evaluating PPL for wikitext2 (PPL: 27.8860):  92%|█████████████████████████████████████████████████████████████████████████▉      | 135/146 [00:06<00:00, 17.69it/s]Evaluating PPL for wikitext2 (PPL: 27.8860):  92%|█████████████████████████████████████████████████████████████████████████▉      | 135/146 [00:06<00:00, 17.69it/s]Evaluating PPL for wikitext2 (PPL: 27.7971):  92%|█████████████████████████████████████████████████████████████████████████▉      | 135/146 [00:06<00:00, 17.69it/s]Evaluating PPL for wikitext2 (PPL: 27.7971):  94%|███████████████████████████████████████████████████████████████████████████     | 137/146 [00:06<00:00, 17.49it/s]Evaluating PPL for wikitext2 (PPL: 27.6533):  94%|███████████████████████████████████████████████████████████████████████████     | 137/146 [00:07<00:00, 17.49it/s]Evaluating PPL for wikitext2 (PPL: 27.5340):  94%|███████████████████████████████████████████████████████████████████████████     | 137/146 [00:07<00:00, 17.49it/s]Evaluating PPL for wikitext2 (PPL: 27.7061):  94%|███████████████████████████████████████████████████████████████████████████     | 137/146 [00:07<00:00, 17.49it/s]Evaluating PPL for wikitext2 (PPL: 27.7061):  96%|████████████████████████████████████████████████████████████████████████████▋   | 140/146 [00:07<00:00, 19.27it/s]Evaluating PPL for wikitext2 (PPL: 27.7750):  96%|████████████████████████████████████████████████████████████████████████████▋   | 140/146 [00:07<00:00, 19.27it/s]Evaluating PPL for wikitext2 (PPL: 27.8247):  96%|████████████████████████████████████████████████████████████████████████████▋   | 140/146 [00:07<00:00, 19.27it/s]Evaluating PPL for wikitext2 (PPL: 27.8247):  97%|█████████████████████████████████████████████████████████████████████████████▊  | 142/146 [00:07<00:00, 19.21it/s]Evaluating PPL for wikitext2 (PPL: 27.9317):  97%|█████████████████████████████████████████████████████████████████████████████▊  | 142/146 [00:07<00:00, 19.21it/s]Evaluating PPL for wikitext2 (PPL: 27.9800):  97%|█████████████████████████████████████████████████████████████████████████████▊  | 142/146 [00:07<00:00, 19.21it/s]Evaluating PPL for wikitext2 (PPL: 27.9800):  99%|██████████████████████████████████████████████████████████████████████████████▉ | 144/146 [00:07<00:00, 18.68it/s]Evaluating PPL for wikitext2 (PPL: 28.0427):  99%|██████████████████████████████████████████████████████████████████████████████▉ | 144/146 [00:07<00:00, 18.68it/s]Evaluating PPL for wikitext2 (PPL: 28.1047):  99%|██████████████████████████████████████████████████████████████████████████████▉ | 144/146 [00:07<00:00, 18.68it/s]Evaluating PPL for wikitext2 (PPL: 28.1047): 100%|████████████████████████████████████████████████████████████████████████████████| 146/146 [00:07<00:00, 18.06it/s]Evaluating PPL for wikitext2 (PPL: 28.1047): 100%|████████████████████████████████████████████████████████████████████████████████| 146/146 [00:07<00:00, 19.59it/s]
Perplexity on wikitext2: 28.1047
{
 "arm": "nanoquant",
 "eval": {
  "wikitext2": {
   "ppl": 28.104719161987305
  }
 },
 "mean_out_err": 0.15976046916897205,
 "mean_weight_err": 0.3157893695562358,
 "total_time": 3325.634048938751
}
