Token indices sequence length is longer than the specified maximum sequence length for this model (2518423 > 131072). Running this sequence through the model will result in indexing errors
Loading model 'Qwen/Qwen3-0.6B-Base'...
Qwen3ForCausalLM(
  (model): Qwen3Model(
    (embed_tokens): Embedding(151936, 1024)
    (layers): ModuleList(
      (0-27): 28 x Qwen3DecoderLayer(
        (self_attn): Qwen3Attention(
          (q_proj): Linear(in_features=1024, out_features=2048, bias=False)
          (k_proj): Linear(in_features=1024, out_features=1024, bias=False)
          (v_proj): Linear(in_features=1024, out_features=1024, bias=False)
          (o_proj): Linear(in_features=2048, out_features=1024, bias=False)
          (q_norm): Qwen3RMSNorm((128,), eps=1e-06)
          (k_norm): Qwen3RMSNorm((128,), eps=1e-06)
        )
        (mlp): Qwen3MLP(
          (gate_proj): Linear(in_features=1024, out_features=3072, bias=False)
          (up_proj): Linear(in_features=1024, out_features=3072, bias=False)
          (down_proj): Linear(in_features=3072, out_features=1024, bias=False)
          (act_fn): SiLUActivation()
        )
        (input_layernorm): Qwen3RMSNorm((1024,), eps=1e-06)
        (post_attention_layernorm): Qwen3RMSNorm((1024,), eps=1e-06)
      )
    )
    (norm): Qwen3RMSNorm((1024,), eps=1e-06)
    (rotary_emb): Qwen3RotaryEmbedding()
  )
  (lm_head): Linear(in_features=1024, out_features=151936, bias=False)
)
Rank calculation: Bits = (1.00), Scales: 2
factorized bpw = 0.9729
Loading model 'Qwen/Qwen3-0.6B-Base'...
Qwen3ForCausalLM(
  (model): Qwen3Model(
    (embed_tokens): Embedding(151936, 1024)
    (layers): ModuleList(
      (0-27): 28 x Qwen3DecoderLayer(
        (self_attn): Qwen3Attention(
          (q_proj): Linear(in_features=1024, out_features=2048, bias=False)
          (k_proj): Linear(in_features=1024, out_features=1024, bias=False)
          (v_proj): Linear(in_features=1024, out_features=1024, bias=False)
          (o_proj): Linear(in_features=2048, out_features=1024, bias=False)
          (q_norm): Qwen3RMSNorm((128,), eps=1e-06)
          (k_norm): Qwen3RMSNorm((128,), eps=1e-06)
        )
        (mlp): Qwen3MLP(
          (gate_proj): Linear(in_features=1024, out_features=3072, bias=False)
          (up_proj): Linear(in_features=1024, out_features=3072, bias=False)
          (down_proj): Linear(in_features=3072, out_features=1024, bias=False)
          (act_fn): SiLUActivation()
        )
        (input_layernorm): Qwen3RMSNorm((1024,), eps=1e-06)
        (post_attention_layernorm): Qwen3RMSNorm((1024,), eps=1e-06)
      )
    )
    (norm): Qwen3RMSNorm((1024,), eps=1e-06)
    (rotary_emb): Qwen3RotaryEmbedding()
  )
  (lm_head): Linear(in_features=1024, out_features=151936, bias=False)
)

Processing dataset: Salesforce/wikitext (config: wikitext-2-raw-v1)
Attempting to generate 128 samples...
Applying special handling for wikitext: concatenating all documents.
Slicing concatenated wikitext:   0%|                                                                                                        | 0/128 [00:00<?, ?it/s]Slicing concatenated wikitext: 100%|████████████████████████████████████████████████████████████████████████████████████████████| 128/128 [00:00<00:00, 1282.28it/s]

Shuffling the final combined dataset (128 samples)...

Creating Hugging Face Dataset...
Calibration dataloader created with shape: torch.Size([128, 2048])
Loading cached calibration statistics from stats_q06.pt
Applying covariance shrinkage (strength: 0.4)...
Attaching statistics to 196 layers...
Registered i_norm and o_norm buffers to 196 layers
Rank calculation: Bits = (1.00), Scales: 2
Caching initial inputs & kwargs using Catcher...
Capturing inputs...
Initial input caching finished.
Compressing Layers:   0%|                                                                                                                    | 0/28 [00:00<?, ?it/s]Token indices sequence length is longer than the specified maximum sequence length for this model (299078 > 131072). Running this sequence through the model will result in indexing errors
Compressing Layers:   4%|███▊                                                                                                     | 1/28 [04:02<1:49:03, 242.36s/it]	(1/3) Block 1/28, self_attn.q_proj | Tuning Non-Factorized Weights...
		(Epoch 01/08) Block Loss: 0.0000e+00
		(Epoch 02/08) Block Loss: 0.0000e+00
		(Epoch 03/08) Block Loss: 0.0000e+00
		(Epoch 04/08) Block Loss: 0.0000e+00
		(Epoch 05/08) Block Loss: 0.0000e+00
		(Epoch 06/08) Block Loss: 0.0000e+00
		(Epoch 07/08) Block Loss: 0.0000e+00
		(Epoch 08/08) Block Loss: 0.0000e+00
	(2/3) Block 1/28, self_attn.q_proj | Initialization via ADMM...
		ADMM weight recon error: raw=701.8143, norm=0.3323, per_el=3.3465e-04, out_err=0.0335, ADMM time=10.79s
	(3/3) Block 1/28, self_attn.q_proj | Tuning Factorized Weights...
		(Epoch 01/08) Block Loss: 3.0578e-06
		(Epoch 02/08) Block Loss: 2.2361e-06
		(Epoch 03/08) Block Loss: 1.8338e-06
		(Epoch 04/08) Block Loss: 1.6215e-06
		(Epoch 05/08) Block Loss: 1.4929e-06
		(Epoch 06/08) Block Loss: 1.4016e-06
		(Epoch 07/08) Block Loss: 1.3442e-06
		(Epoch 08/08) Block Loss: 1.3016e-06
	(1/3) Block 1/28, self_attn.v_proj | Tuning Non-Factorized Weights...
		(Epoch 01/08) Block Loss: 1.7371e-06
		(Epoch 02/08) Block Loss: 1.2596e-06
		(Epoch 03/08) Block Loss: 9.8250e-07
		(Epoch 04/08) Block Loss: 8.3338e-07
		(Epoch 05/08) Block Loss: 7.4858e-07
		(Epoch 06/08) Block Loss: 6.4678e-07
		(Epoch 07/08) Block Loss: 6.1416e-07
		(Epoch 08/08) Block Loss: 6.0196e-07
	(2/3) Block 1/28, self_attn.v_proj | Initialization via ADMM...
		ADMM weight recon error: raw=300.2937, norm=0.3931, per_el=2.8638e-04, out_err=0.1794, ADMM time=10.40s
	(3/3) Block 1/28, self_attn.v_proj | Tuning Factorized Weights...
		(Epoch 01/08) Block Loss: 6.4290e-05
		(Epoch 02/08) Block Loss: 6.1583e-05
		(Epoch 03/08) Block Loss: 6.1440e-05
		(Epoch 04/08) Block Loss: 6.2349e-05
		(Epoch 05/08) Block Loss: 6.3509e-05
		(Epoch 06/08) Block Loss: 6.4440e-05
		(Epoch 07/08) Block Loss: 6.4547e-05
		(Epoch 08/08) Block Loss: 6.3078e-05
	(1/3) Block 1/28, self_attn.o_proj | Tuning Non-Factorized Weights...
		(Epoch 01/08) Block Loss: 4.6692e-05
		(Epoch 02/08) Block Loss: 3.4330e-05
		(Epoch 03/08) Block Loss: 2.9047e-05
		(Epoch 04/08) Block Loss: 2.6184e-05
		(Epoch 05/08) Block Loss: 2.4457e-05
		(Epoch 06/08) Block Loss: 2.3486e-05
		(Epoch 07/08) Block Loss: 2.3002e-05
		(Epoch 08/08) Block Loss: 2.2838e-05
	(2/3) Block 1/28, self_attn.o_proj | Initialization via ADMM...
		ADMM weight recon error: raw=598.5271, norm=0.4156, per_el=2.8540e-04, out_err=0.0933, ADMM time=10.49s
	(3/3) Block 1/28, self_attn.o_proj | Tuning Factorized Weights...
		(Epoch 01/08) Block Loss: 6.8033e-05
		(Epoch 02/08) Block Loss: 6.4136e-05
		(Epoch 03/08) Block Loss: 6.2834e-05
		(Epoch 04/08) Block Loss: 6.2824e-05
		(Epoch 05/08) Block Loss: 6.3010e-05
		(Epoch 06/08) Block Loss: 6.3151e-05
		(Epoch 07/08) Block Loss: 6.3216e-05
		(Epoch 08/08) Block Loss: 6.2283e-05
	(1/3) Block 1/28, self_attn.k_proj | Tuning Non-Factorized Weights...
		(Epoch 01/08) Block Loss: 5.1141e-05
		(Epoch 02/08) Block Loss: 4.2345e-05
		(Epoch 03/08) Block Loss: 3.8136e-05
		(Epoch 04/08) Block Loss: 3.5692e-05
		(Epoch 05/08) Block Loss: 3.4156e-05
		(Epoch 06/08) Block Loss: 3.3279e-05
		(Epoch 07/08) Block Loss: 3.2839e-05
		(Epoch 08/08) Block Loss: 3.2691e-05
	(2/3) Block 1/28, self_attn.k_proj | Initialization via ADMM...
		ADMM weight recon error: raw=319.3997, norm=0.3156, per_el=3.0460e-04, out_err=0.0250, ADMM time=10.57s
	(3/3) Block 1/28, self_attn.k_proj | Tuning Factorized Weights...
		(Epoch 01/08) Block Loss: 3.5066e-05
		(Epoch 02/08) Block Loss: 3.4630e-05
		(Epoch 03/08) Block Loss: 3.4388e-05
		(Epoch 04/08) Block Loss: 3.4226e-05
		(Epoch 05/08) Block Loss: 3.4119e-05
		(Epoch 06/08) Block Loss: 3.4055e-05
		(Epoch 07/08) Block Loss: 3.4014e-05
		(Epoch 08/08) Block Loss: 3.3992e-05
	(1/3) Block 1/28, mlp.gate_proj | Tuning Non-Factorized Weights...
		(Epoch 01/08) Block Loss: 3.3398e-05
		(Epoch 02/08) Block Loss: 3.1284e-05
		(Epoch 03/08) Block Loss: 2.9883e-05
		(Epoch 04/08) Block Loss: 2.8948e-05
		(Epoch 05/08) Block Loss: 2.8276e-05
		(Epoch 06/08) Block Loss: 2.7867e-05
		(Epoch 07/08) Block Loss: 2.7647e-05
		(Epoch 08/08) Block Loss: 2.7565e-05
	(2/3) Block 1/28, mlp.gate_proj | Initialization via ADMM...
		ADMM weight recon error: raw=1491.2029, norm=0.3401, per_el=4.7404e-04, out_err=0.0400, ADMM time=11.34s
	(3/3) Block 1/28, mlp.gate_proj | Tuning Factorized Weights...
		(Epoch 01/08) Block Loss: 3.9754e-05
		(Epoch 02/08) Block Loss: 3.7110e-05
		(Epoch 03/08) Block Loss: 3.6503e-05
		(Epoch 04/08) Block Loss: 3.6304e-05
		(Epoch 05/08) Block Loss: 3.6254e-05
		(Epoch 06/08) Block Loss: 3.6156e-05
		(Epoch 07/08) Block Loss: 3.6031e-05
		(Epoch 08/08) Block Loss: 3.5614e-05
	(1/3) Block 1/28, mlp.up_proj | Tuning Non-Factorized Weights...
		(Epoch 01/08) Block Loss: 3.3463e-05
		(Epoch 02/08) Block Loss: 3.1733e-05
		(Epoch 03/08) Block Loss: 3.0810e-05
		(Epoch 04/08) Block Loss: 3.0225e-05
		(Epoch 05/08) Block Loss: 2.9798e-05
		(Epoch 06/08) Block Loss: 2.9534e-05
		(Epoch 07/08) Block Loss: 2.9389e-05
		(Epoch 08/08) Block Loss: 2.9332e-05
	(2/3) Block 1/28, mlp.up_proj | Initialization via ADMM...
		ADMM weight recon error: raw=839.7531, norm=0.3645, per_el=2.6695e-04, out_err=0.1553, ADMM time=10.57s
	(3/3) Block 1/28, mlp.up_proj | Tuning Factorized Weights...
		(Epoch 01/08) Block Loss: 5.0403e-05
		(Epoch 02/08) Block Loss: 4.6940e-05
		(Epoch 03/08) Block Loss: 4.6042e-05
		(Epoch 04/08) Block Loss: 4.5854e-05
		(Epoch 05/08) Block Loss: 4.5886e-05
		(Epoch 06/08) Block Loss: 4.5667e-05
		(Epoch 07/08) Block Loss: 4.5530e-05
		(Epoch 08/08) Block Loss: 4.4592e-05
	(1/3) Block 1/28, mlp.down_proj | Tuning Non-Factorized Weights...
		(Epoch 01/08) Block Loss: 4.0782e-05
		(Epoch 02/08) Block Loss: 3.8656e-05
		(Epoch 03/08) Block Loss: 3.7622e-05
		(Epoch 04/08) Block Loss: 3.7018e-05
		(Epoch 05/08) Block Loss: 3.6623e-05
		(Epoch 06/08) Block Loss: 3.6395e-05
		(Epoch 07/08) Block Loss: 3.6275e-05
		(Epoch 08/08) Block Loss: 3.6233e-05
	(2/3) Block 1/28, mlp.down_proj | Initialization via ADMM...
		ADMM weight recon error: raw=900.3285, norm=0.3702, per_el=2.8621e-04, out_err=0.1551, ADMM time=11.73s
	(3/3) Block 1/28, mlp.down_proj | Tuning Factorized Weights...
		(Epoch 01/08) Block Loss: 6.8189e-05
		(Epoch 02/08) Block Loss: 6.7294e-05
		(Epoch 03/08) Block Loss: 6.7831e-05
		(Epoch 04/08) Block Loss: 6.9152e-05
		(Epoch 05/08) Block Loss: 6.9285e-05
		(Epoch 06/08) Block Loss: 6.8857e-05
		(Epoch 07/08) Block Loss: 7.0036e-05
		(Epoch 08/08) Block Loss: 6.8019e-05
		Block 0: relative block output error = 0.1090
Using sequence length: 2048 (model max: 2048)
		Block 0: Test Data PPL        = 16.779
	(1/3) Block 2/28, self_attn.q_proj | Tuning Non-Factorized Weights...
		(Epoch 01/08) Block Loss: 2.7876e-05
		(Epoch 02/08) Block Loss: 2.4011e-05
		(Epoch 03/08) Block Loss: 2.2198e-05
		(Epoch 04/08) Block Loss: 2.1146e-05
		(Epoch 05/08) Block Loss: 2.0500e-05
		(Epoch 06/08) Block Loss: 2.0066e-05
		(Epoch 07/08) Block Loss: 1.9848e-05
		(Epoch 08/08) Block Loss: 1.9771e-05
	(2/3) Block 2/28, self_attn.q_proj | Initialization via ADMM...
		ADMM weight recon error: raw=592.2864, norm=0.2915, per_el=2.8242e-04, out_err=0.0493, ADMM time=8.89s
	(3/3) Block 2/28, self_attn.q_proj | Tuning Factorized Weights...
		(Epoch 01/08) Block Loss: 2.0309e-05
		(Epoch 02/08) Block Loss: 2.0153e-05
		(Epoch 03/08) Block Loss: 2.0087e-05
		(Epoch 04/08) Block Loss: 2.0045e-05
		(Epoch 05/08) Block Loss: 2.0015e-05
		(Epoch 06/08) Block Loss: 1.9995e-05
		(Epoch 07/08) Block Loss: 1.9979e-05
		(Epoch 08/08) Block Loss: 1.9964e-05
	(1/3) Block 2/28, self_attn.v_proj | Tuning Non-Factorized Weights...
		(Epoch 01/08) Block Loss: 1.9913e-05
		(Epoch 02/08) Block Loss: 1.8964e-05
		(Epoch 03/08) Block Loss: 1.8371e-05
		(Epoch 04/08) Block Loss: 1.7889e-05
		(Epoch 05/08) Block Loss: 1.7583e-05
		(Epoch 06/08) Block Loss: 1.7366e-05
		(Epoch 07/08) Block Loss: 1.7242e-05
		(Epoch 08/08) Block Loss: 1.7195e-05
	(2/3) Block 2/28, self_attn.v_proj | Initialization via ADMM...
		ADMM weight recon error: raw=321.0587, norm=0.3665, per_el=3.0619e-04, out_err=0.1522, ADMM time=13.55s
	(3/3) Block 2/28, self_attn.v_proj | Tuning Factorized Weights...
Token indices sequence length is longer than the specified maximum sequence length for this model (299078 > 131072). Running this sequence through the model will result in indexing errors
Compressing Layers:   7%|███████▌                                                                                                 | 2/28 [07:50<1:41:23, 233.96s/it]		(Epoch 01/08) Block Loss: 1.9176e-05
		(Epoch 02/08) Block Loss: 1.8958e-05
		(Epoch 03/08) Block Loss: 1.8905e-05
		(Epoch 04/08) Block Loss: 1.8916e-05
		(Epoch 05/08) Block Loss: 1.8920e-05
		(Epoch 06/08) Block Loss: 1.8920e-05
		(Epoch 07/08) Block Loss: 1.8900e-05
		(Epoch 08/08) Block Loss: 1.8831e-05
	(1/3) Block 2/28, self_attn.o_proj | Tuning Non-Factorized Weights...
		(Epoch 01/08) Block Loss: 1.8502e-05
		(Epoch 02/08) Block Loss: 1.7771e-05
		(Epoch 03/08) Block Loss: 1.7356e-05
		(Epoch 04/08) Block Loss: 1.7057e-05
		(Epoch 05/08) Block Loss: 1.6837e-05
		(Epoch 06/08) Block Loss: 1.6674e-05
		(Epoch 07/08) Block Loss: 1.6587e-05
		(Epoch 08/08) Block Loss: 1.6551e-05
	(2/3) Block 2/28, self_attn.o_proj | Initialization via ADMM...
		ADMM weight recon error: raw=496.8295, norm=0.3185, per_el=2.3691e-04, out_err=0.0773, ADMM time=9.13s
	(3/3) Block 2/28, self_attn.o_proj | Tuning Factorized Weights...
		(Epoch 01/08) Block Loss: 1.8532e-05
		(Epoch 02/08) Block Loss: 1.8431e-05
		(Epoch 03/08) Block Loss: 1.8476e-05
		(Epoch 04/08) Block Loss: 1.8517e-05
		(Epoch 05/08) Block Loss: 1.8522e-05
		(Epoch 06/08) Block Loss: 1.8564e-05
		(Epoch 07/08) Block Loss: 1.8542e-05
		(Epoch 08/08) Block Loss: 1.8420e-05
	(1/3) Block 2/28, self_attn.k_proj | Tuning Non-Factorized Weights...
		(Epoch 01/08) Block Loss: 1.7971e-05
		(Epoch 02/08) Block Loss: 1.7364e-05
		(Epoch 03/08) Block Loss: 1.7038e-05
		(Epoch 04/08) Block Loss: 1.6822e-05
		(Epoch 05/08) Block Loss: 1.6651e-05
		(Epoch 06/08) Block Loss: 1.6539e-05
		(Epoch 07/08) Block Loss: 1.6472e-05
		(Epoch 08/08) Block Loss: 1.6443e-05
	(2/3) Block 2/28, self_attn.k_proj | Initialization via ADMM...
		ADMM weight recon error: raw=284.6614, norm=0.3135, per_el=2.7147e-04, out_err=0.0399, ADMM time=11.87s
	(3/3) Block 2/28, self_attn.k_proj | Tuning Factorized Weights...
		(Epoch 01/08) Block Loss: 1.6918e-05
		(Epoch 02/08) Block Loss: 1.6822e-05
		(Epoch 03/08) Block Loss: 1.6780e-05
		(Epoch 04/08) Block Loss: 1.6758e-05
		(Epoch 05/08) Block Loss: 1.6742e-05
		(Epoch 06/08) Block Loss: 1.6732e-05
		(Epoch 07/08) Block Loss: 1.6724e-05
		(Epoch 08/08) Block Loss: 1.6713e-05
	(1/3) Block 2/28, mlp.gate_proj | Tuning Non-Factorized Weights...
		(Epoch 01/08) Block Loss: 1.6847e-05
		(Epoch 02/08) Block Loss: 1.6539e-05
		(Epoch 03/08) Block Loss: 1.6332e-05
		(Epoch 04/08) Block Loss: 1.6187e-05
		(Epoch 05/08) Block Loss: 1.6063e-05
		(Epoch 06/08) Block Loss: 1.5978e-05
		(Epoch 07/08) Block Loss: 1.5926e-05
		(Epoch 08/08) Block Loss: 1.5902e-05
	(2/3) Block 2/28, mlp.gate_proj | Initialization via ADMM...
		ADMM weight recon error: raw=2184.4014, norm=0.3555, per_el=6.9440e-04, out_err=0.0187, ADMM time=9.19s
	(3/3) Block 2/28, mlp.gate_proj | Tuning Factorized Weights...
		(Epoch 01/08) Block Loss: 2.2746e-05
		(Epoch 02/08) Block Loss: 2.1296e-05
		(Epoch 03/08) Block Loss: 2.0899e-05
		(Epoch 04/08) Block Loss: 2.0737e-05
		(Epoch 05/08) Block Loss: 2.0663e-05
		(Epoch 06/08) Block Loss: 2.0610e-05
		(Epoch 07/08) Block Loss: 2.0553e-05
		(Epoch 08/08) Block Loss: 2.0406e-05
	(1/3) Block 2/28, mlp.up_proj | Tuning Non-Factorized Weights...
		(Epoch 01/08) Block Loss: 1.9601e-05
		(Epoch 02/08) Block Loss: 1.8906e-05
		(Epoch 03/08) Block Loss: 1.8584e-05
		(Epoch 04/08) Block Loss: 1.8394e-05
		(Epoch 05/08) Block Loss: 1.8250e-05
		(Epoch 06/08) Block Loss: 1.8159e-05
		(Epoch 07/08) Block Loss: 1.8104e-05
		(Epoch 08/08) Block Loss: 1.8081e-05
	(2/3) Block 2/28, mlp.up_proj | Initialization via ADMM...
		ADMM weight recon error: raw=674.7050, norm=0.3574, per_el=2.1448e-04, out_err=0.1661, ADMM time=9.32s
	(3/3) Block 2/28, mlp.up_proj | Tuning Factorized Weights...
		(Epoch 01/08) Block Loss: 2.7721e-05
		(Epoch 02/08) Block Loss: 2.6355e-05
		(Epoch 03/08) Block Loss: 2.5980e-05
		(Epoch 04/08) Block Loss: 2.5842e-05
		(Epoch 05/08) Block Loss: 2.5775e-05
		(Epoch 06/08) Block Loss: 2.5723e-05
		(Epoch 07/08) Block Loss: 2.5576e-05
		(Epoch 08/08) Block Loss: 2.5277e-05
	(1/3) Block 2/28, mlp.down_proj | Tuning Non-Factorized Weights...
		(Epoch 01/08) Block Loss: 2.3782e-05
		(Epoch 02/08) Block Loss: 2.2895e-05
		(Epoch 03/08) Block Loss: 2.2480e-05
		(Epoch 04/08) Block Loss: 2.2245e-05
		(Epoch 05/08) Block Loss: 2.2091e-05
		(Epoch 06/08) Block Loss: 2.2001e-05
		(Epoch 07/08) Block Loss: 2.1953e-05
		(Epoch 08/08) Block Loss: 2.1935e-05
	(2/3) Block 2/28, mlp.down_proj | Initialization via ADMM...
		ADMM weight recon error: raw=672.6575, norm=0.3656, per_el=2.1383e-04, out_err=0.1439, ADMM time=9.82s
	(3/3) Block 2/28, mlp.down_proj | Tuning Factorized Weights...
		(Epoch 01/08) Block Loss: 3.3450e-05
		(Epoch 02/08) Block Loss: 3.3437e-05
		(Epoch 03/08) Block Loss: 3.3803e-05
		(Epoch 04/08) Block Loss: 3.4286e-05
		(Epoch 05/08) Block Loss: 3.4680e-05
		(Epoch 06/08) Block Loss: 3.4725e-05
		(Epoch 07/08) Block Loss: 3.4540e-05
		(Epoch 08/08) Block Loss: 3.3948e-05
		Block 1: relative block output error = 0.0866
Using sequence length: 2048 (model max: 2048)
		Block 1: Test Data PPL        = 14.308
	(1/3) Block 3/28, self_attn.q_proj | Tuning Non-Factorized Weights...
		(Epoch 01/08) Block Loss: 5.0733e-05
		(Epoch 02/08) Block Loss: 3.0548e-05
		(Epoch 03/08) Block Loss: 2.5704e-05
		(Epoch 04/08) Block Loss: 2.3516e-05
		(Epoch 05/08) Block Loss: 2.2205e-05
		(Epoch 06/08) Block Loss: 2.1617e-05
		(Epoch 07/08) Block Loss: 2.1346e-05
		(Epoch 08/08) Block Loss: 2.1185e-05
	(2/3) Block 3/28, self_attn.q_proj | Initialization via ADMM...
		ADMM weight recon error: raw=546.0118, norm=0.2809, per_el=2.6036e-04, out_err=0.0498, ADMM time=8.90s
	(3/3) Block 3/28, self_attn.q_proj | Tuning Factorized Weights...
		(Epoch 01/08) Block Loss: 2.1771e-05
		(Epoch 02/08) Block Loss: 2.1631e-05
		(Epoch 03/08) Block Loss: 2.1570e-05
		(Epoch 04/08) Block Loss: 2.1535e-05
		(Epoch 05/08) Block Loss: 2.1509e-05
		(Epoch 06/08) Block Loss: 2.1489e-05
		(Epoch 07/08) Block Loss: 2.1475e-05
		(Epoch 08/08) Block Loss: 2.1461e-05
	(1/3) Block 3/28, self_attn.v_proj | Tuning Non-Factorized Weights...
		(Epoch 01/08) Block Loss: 2.7189e-05
		(Epoch 02/08) Block Loss: 2.9310e-05
		(Epoch 03/08) Block Loss: 2.3689e-05
		(Epoch 04/08) Block Loss: 2.0655e-05
		(Epoch 05/08) Block Loss: 1.9693e-05
		(Epoch 06/08) Block Loss: 1.9245e-05
		(Epoch 07/08) Block Loss: 1.9100e-05
		(Epoch 08/08) Block Loss: 1.8995e-05
	(2/3) Block 3/28, self_attn.v_proj | Initialization via ADMM...
		ADMM weight recon error: raw=295.5289, norm=0.3552, per_el=2.8184e-04, out_err=0.1502, ADMM time=16.27s
	(3/3) Block 3/28, self_attn.v_proj | Tuning Factorized Weights...
		(Epoch 01/08) Block Loss: 1.2163e-04
		(Epoch 02/08) Block Loss: 2.7209e-05
		(Epoch 03/08) Block Loss: 2.3296e-05
		(Epoch 04/08) Block Loss: 2.1967e-05
		(Epoch 05/08) Block Loss: 2.1559e-05
		(Epoch 06/08) Block Loss: 2.1381e-05
		(Epoch 07/08) Block Loss: 2.1378e-05
		(Epoch 08/08) Block Loss: 2.1294e-05
	(1/3) Block 3/28, self_attn.o_proj | Tuning Non-Factorized Weights...
		(Epoch 01/08) Block Loss: 2.4376e-05
		(Epoch 02/08) Block Loss: 2.2101e-05
		(Epoch 03/08) Block Loss: 2.0659e-05
		(Epoch 04/08) Block Loss: 1.9739e-05
		(Epoch 05/08) Block Loss: 1.9199e-05
		(Epoch 06/08) Block Loss: 1.8866e-05
		(Epoch 07/08) Block Loss: 1.8700e-05
		(Epoch 08/08) Block Loss: 1.8602e-05
	(2/3) Block 3/28, self_attn.o_proj | Initialization via ADMM...
		ADMM weight recon error: raw=448.1581, norm=0.3165, per_el=2.1370e-04, out_err=0.0822, ADMM time=8.42s
	(3/3) Block 3/28, self_attn.o_proj | Tuning Factorized Weights...
		(Epoch 01/08) Block Loss: 2.1688e-05
		(Epoch 02/08) Block Loss: 2.1046e-05
		(Epoch 03/08) Block Loss: 2.0692e-05
		(Epoch 04/08) Block Loss: 2.0539e-05
		(Epoch 05/08) Block Loss: 2.0460e-05
		(Epoch 06/08) Block Loss: 2.0457e-05
		(Epoch 07/08) Block Loss: 2.0409e-05
		(Epoch 08/08) Block Loss: 2.0381e-05
	(1/3) Block 3/28, self_attn.k_proj | Tuning Non-Factorized Weights...
		(Epoch 01/08) Block Loss: 2.0257e-05
		(Epoch 02/08) Block Loss: 1.9587e-05
		(Epoch 03/08) Block Loss: 1.9086e-05
		(Epoch 04/08) Block Loss: 1.8796e-05
		(Epoch 05/08) Block Loss: 1.8690e-05
		(Epoch 06/08) Block Loss: 1.8512e-05
Token indices sequence length is longer than the specified maximum sequence length for this model (299078 > 131072). Running this sequence through the model will result in indexing errors
Compressing Layers:  11%|███████████▎                                                                                             | 3/28 [11:38<1:36:24, 231.38s/it]		(Epoch 07/08) Block Loss: 1.8422e-05
		(Epoch 08/08) Block Loss: 1.8354e-05
	(2/3) Block 3/28, self_attn.k_proj | Initialization via ADMM...
		ADMM weight recon error: raw=263.5116, norm=0.3078, per_el=2.5130e-04, out_err=0.0391, ADMM time=17.00s
	(3/3) Block 3/28, self_attn.k_proj | Tuning Factorized Weights...
		(Epoch 01/08) Block Loss: 1.8862e-05
		(Epoch 02/08) Block Loss: 1.8767e-05
		(Epoch 03/08) Block Loss: 1.8725e-05
		(Epoch 04/08) Block Loss: 1.8701e-05
		(Epoch 05/08) Block Loss: 1.8685e-05
		(Epoch 06/08) Block Loss: 1.8676e-05
		(Epoch 07/08) Block Loss: 1.8669e-05
		(Epoch 08/08) Block Loss: 1.8662e-05
	(1/3) Block 3/28, mlp.gate_proj | Tuning Non-Factorized Weights...
		(Epoch 01/08) Block Loss: 1.9084e-05
		(Epoch 02/08) Block Loss: 1.8705e-05
		(Epoch 03/08) Block Loss: 1.8426e-05
		(Epoch 04/08) Block Loss: 1.8247e-05
		(Epoch 05/08) Block Loss: 1.8039e-05
		(Epoch 06/08) Block Loss: 1.7940e-05
		(Epoch 07/08) Block Loss: 1.7872e-05
		(Epoch 08/08) Block Loss: 1.7843e-05
	(2/3) Block 3/28, mlp.gate_proj | Initialization via ADMM...
		ADMM weight recon error: raw=1726.5117, norm=0.3372, per_el=5.4884e-04, out_err=0.0275, ADMM time=8.46s
	(3/3) Block 3/28, mlp.gate_proj | Tuning Factorized Weights...
		(Epoch 01/08) Block Loss: 7.5329e-05
		(Epoch 02/08) Block Loss: 2.5079e-05
		(Epoch 03/08) Block Loss: 2.4233e-05
		(Epoch 04/08) Block Loss: 2.3926e-05
		(Epoch 05/08) Block Loss: 2.3639e-05
		(Epoch 06/08) Block Loss: 2.3584e-05
		(Epoch 07/08) Block Loss: 2.3409e-05
		(Epoch 08/08) Block Loss: 2.3250e-05
	(1/3) Block 3/28, mlp.up_proj | Tuning Non-Factorized Weights...
		(Epoch 01/08) Block Loss: 2.2692e-05
		(Epoch 02/08) Block Loss: 2.1795e-05
		(Epoch 03/08) Block Loss: 2.1338e-05
		(Epoch 04/08) Block Loss: 2.1080e-05
		(Epoch 05/08) Block Loss: 2.0934e-05
		(Epoch 06/08) Block Loss: 2.0827e-05
		(Epoch 07/08) Block Loss: 2.0722e-05
		(Epoch 08/08) Block Loss: 2.0690e-05
	(2/3) Block 3/28, mlp.up_proj | Initialization via ADMM...
		ADMM weight recon error: raw=674.7914, norm=0.3515, per_el=2.1451e-04, out_err=0.1764, ADMM time=10.49s
	(3/3) Block 3/28, mlp.up_proj | Tuning Factorized Weights...
		(Epoch 01/08) Block Loss: 4.7045e-05
		(Epoch 02/08) Block Loss: 3.0118e-05
		(Epoch 03/08) Block Loss: 2.9597e-05
		(Epoch 04/08) Block Loss: 2.9153e-05
		(Epoch 05/08) Block Loss: 2.9087e-05
		(Epoch 06/08) Block Loss: 2.8924e-05
		(Epoch 07/08) Block Loss: 2.8798e-05
		(Epoch 08/08) Block Loss: 2.8560e-05
	(1/3) Block 3/28, mlp.down_proj | Tuning Non-Factorized Weights...
		(Epoch 01/08) Block Loss: 2.7419e-05
		(Epoch 02/08) Block Loss: 2.6376e-05
		(Epoch 03/08) Block Loss: 2.5935e-05
		(Epoch 04/08) Block Loss: 2.5656e-05
		(Epoch 05/08) Block Loss: 2.5480e-05
		(Epoch 06/08) Block Loss: 2.5374e-05
		(Epoch 07/08) Block Loss: 2.5308e-05
		(Epoch 08/08) Block Loss: 2.5280e-05
	(2/3) Block 3/28, mlp.down_proj | Initialization via ADMM...
		ADMM weight recon error: raw=716.3193, norm=0.3610, per_el=2.2771e-04, out_err=0.1753, ADMM time=10.88s
	(3/3) Block 3/28, mlp.down_proj | Tuning Factorized Weights...
		(Epoch 01/08) Block Loss: 5.5252e-04
		(Epoch 02/08) Block Loss: 4.7507e-04
		(Epoch 03/08) Block Loss: 4.1281e-04
		(Epoch 04/08) Block Loss: 3.6987e-04
		(Epoch 05/08) Block Loss: 3.4473e-04
		(Epoch 06/08) Block Loss: 3.3085e-04
		(Epoch 07/08) Block Loss: 3.2495e-04
		(Epoch 08/08) Block Loss: 3.2309e-04
		Block 2: relative block output error = 0.0063
Using sequence length: 2048 (model max: 2048)
		Block 2: Test Data PPL        = 16.020
	(1/3) Block 4/28, self_attn.q_proj | Tuning Non-Factorized Weights...
		(Epoch 01/08) Block Loss: 2.1691e-04
		(Epoch 02/08) Block Loss: 2.1088e-04
		(Epoch 03/08) Block Loss: 2.0257e-04
		(Epoch 04/08) Block Loss: 1.8752e-04
		(Epoch 05/08) Block Loss: 1.7049e-04
		(Epoch 06/08) Block Loss: 1.5769e-04
		(Epoch 07/08) Block Loss: 1.5093e-04
		(Epoch 08/08) Block Loss: 1.4885e-04
	(2/3) Block 4/28, self_attn.q_proj | Initialization via ADMM...
		ADMM weight recon error: raw=573.1796, norm=0.2924, per_el=2.7331e-04, out_err=0.0409, ADMM time=6.64s
	(3/3) Block 4/28, self_attn.q_proj | Tuning Factorized Weights...
		(Epoch 01/08) Block Loss: 1.4972e-04
		(Epoch 02/08) Block Loss: 1.4939e-04
		(Epoch 03/08) Block Loss: 1.4924e-04
		(Epoch 04/08) Block Loss: 1.4912e-04
		(Epoch 05/08) Block Loss: 1.4903e-04
		(Epoch 06/08) Block Loss: 1.4898e-04
		(Epoch 07/08) Block Loss: 1.4894e-04
		(Epoch 08/08) Block Loss: 1.4892e-04
	(1/3) Block 4/28, self_attn.v_proj | Tuning Non-Factorized Weights...
		(Epoch 01/08) Block Loss: 1.3609e-04
		(Epoch 02/08) Block Loss: 1.1382e-04
		(Epoch 03/08) Block Loss: 9.4719e-05
		(Epoch 04/08) Block Loss: 8.2063e-05
		(Epoch 05/08) Block Loss: 7.2571e-05
		(Epoch 06/08) Block Loss: 6.6746e-05
		(Epoch 07/08) Block Loss: 6.3944e-05
		(Epoch 08/08) Block Loss: 6.2976e-05
	(2/3) Block 4/28, self_attn.v_proj | Initialization via ADMM...
		ADMM weight recon error: raw=349.4576, norm=0.3284, per_el=3.3327e-04, out_err=0.1588, ADMM time=20.84s
	(3/3) Block 4/28, self_attn.v_proj | Tuning Factorized Weights...
		(Epoch 01/08) Block Loss: 6.3281e-05
		(Epoch 02/08) Block Loss: 5.3928e-05
		(Epoch 03/08) Block Loss: 4.9388e-05
		(Epoch 04/08) Block Loss: 4.6818e-05
		(Epoch 05/08) Block Loss: 4.5496e-05
		(Epoch 06/08) Block Loss: 4.4786e-05
		(Epoch 07/08) Block Loss: 4.4510e-05
		(Epoch 08/08) Block Loss: 4.4289e-05
	(1/3) Block 4/28, self_attn.o_proj | Tuning Non-Factorized Weights...
		(Epoch 01/08) Block Loss: 5.1273e-05
		(Epoch 02/08) Block Loss: 4.0951e-05
		(Epoch 03/08) Block Loss: 3.8215e-05
		(Epoch 04/08) Block Loss: 3.6515e-05
		(Epoch 05/08) Block Loss: 3.5384e-05
		(Epoch 06/08) Block Loss: 3.4538e-05
		(Epoch 07/08) Block Loss: 3.4122e-05
		(Epoch 08/08) Block Loss: 3.3949e-05
	(2/3) Block 4/28, self_attn.o_proj | Initialization via ADMM...
		ADMM weight recon error: raw=542.9720, norm=0.2913, per_el=2.5891e-04, out_err=0.0750, ADMM time=6.65s
	(3/3) Block 4/28, self_attn.o_proj | Tuning Factorized Weights...
		(Epoch 01/08) Block Loss: 4.9319e-05
		(Epoch 02/08) Block Loss: 3.6776e-05
		(Epoch 03/08) Block Loss: 3.4031e-05
		(Epoch 04/08) Block Loss: 3.3299e-05
		(Epoch 05/08) Block Loss: 3.2855e-05
		(Epoch 06/08) Block Loss: 3.2639e-05
		(Epoch 07/08) Block Loss: 3.2370e-05
		(Epoch 08/08) Block Loss: 3.2170e-05
	(1/3) Block 4/28, self_attn.k_proj | Tuning Non-Factorized Weights...
		(Epoch 01/08) Block Loss: 3.1342e-05
		(Epoch 02/08) Block Loss: 2.9535e-05
		(Epoch 03/08) Block Loss: 2.8656e-05
		(Epoch 04/08) Block Loss: 2.8134e-05
		(Epoch 05/08) Block Loss: 2.7764e-05
		(Epoch 06/08) Block Loss: 2.7527e-05
		(Epoch 07/08) Block Loss: 2.7427e-05
		(Epoch 08/08) Block Loss: 2.7330e-05
	(2/3) Block 4/28, self_attn.k_proj | Initialization via ADMM...
		ADMM weight recon error: raw=275.4890, norm=0.3088, per_el=2.6273e-04, out_err=0.0624, ADMM time=20.05s
	(3/3) Block 4/28, self_attn.k_proj | Tuning Factorized Weights...
		(Epoch 01/08) Block Loss: 3.0009e-05
		(Epoch 02/08) Block Loss: 2.8785e-05
		(Epoch 03/08) Block Loss: 2.8499e-05
		(Epoch 04/08) Block Loss: 2.8310e-05
		(Epoch 05/08) Block Loss: 2.8179e-05
		(Epoch 06/08) Block Loss: 2.8096e-05
		(Epoch 07/08) Block Loss: 2.8063e-05
		(Epoch 08/08) Block Loss: 2.8047e-05
	(1/3) Block 4/28, mlp.gate_proj | Tuning Non-Factorized Weights...
		(Epoch 01/08) Block Loss: 2.8213e-05
		(Epoch 02/08) Block Loss: 2.7650e-05
		(Epoch 03/08) Block Loss: 2.7293e-05
		(Epoch 04/08) Block Loss: 2.7045e-05
		(Epoch 05/08) Block Loss: 2.6832e-05
		(Epoch 06/08) Block Loss: 2.6689e-05
		(Epoch 07/08) Block Loss: 2.6599e-05
		(Epoch 08/08) Block Loss: 2.6559e-05
	(2/3) Block 4/28, mlp.gate_proj | Initialization via ADMM...
		ADMM weight recon error: raw=1866.0089, norm=0.3492, per_el=5.9319e-04, out_err=0.0336, ADMM time=7.58s
	(3/3) Block 4/28, mlp.gate_proj | Tuning Factorized Weights...
		(Epoch 01/08) Block Loss: 3.5316e-05
		(Epoch 02/08) Block Loss: 3.2140e-05
		(Epoch 03/08) Block Loss: 3.1353e-05
		(Epoch 04/08) Block Loss: 3.1019e-05
		(Epoch 05/08) Block Loss: 3.0847e-05
		(Epoch 06/08) Block Loss: 3.0734e-05
		(Epoch 07/08) Block Loss: 3.0637e-05
		(Epoch 08/08) Block Loss: 3.0498e-05
Token indices sequence length is longer than the specified maximum sequence length for this model (299078 > 131072). Running this sequence through the model will result in indexing errors
Compressing Layers:  14%|███████████████                                                                                          | 4/28 [15:30<1:32:32, 231.37s/it]	(1/3) Block 4/28, mlp.up_proj | Tuning Non-Factorized Weights...
		(Epoch 01/08) Block Loss: 3.0134e-05
		(Epoch 02/08) Block Loss: 2.9478e-05
		(Epoch 03/08) Block Loss: 2.9124e-05
		(Epoch 04/08) Block Loss: 2.8900e-05
		(Epoch 05/08) Block Loss: 2.8714e-05
		(Epoch 06/08) Block Loss: 2.8596e-05
		(Epoch 07/08) Block Loss: 2.8524e-05
		(Epoch 08/08) Block Loss: 2.8492e-05
	(2/3) Block 4/28, mlp.up_proj | Initialization via ADMM...
		ADMM weight recon error: raw=749.7296, norm=0.3550, per_el=2.3833e-04, out_err=0.1465, ADMM time=10.32s
	(3/3) Block 4/28, mlp.up_proj | Tuning Factorized Weights...
		(Epoch 01/08) Block Loss: 4.2188e-05
		(Epoch 02/08) Block Loss: 3.7286e-05
		(Epoch 03/08) Block Loss: 3.6785e-05
		(Epoch 04/08) Block Loss: 3.6641e-05
		(Epoch 05/08) Block Loss: 3.6526e-05
		(Epoch 06/08) Block Loss: 3.6419e-05
		(Epoch 07/08) Block Loss: 3.6264e-05
		(Epoch 08/08) Block Loss: 3.5962e-05
	(1/3) Block 4/28, mlp.down_proj | Tuning Non-Factorized Weights...
		(Epoch 01/08) Block Loss: 3.4702e-05
		(Epoch 02/08) Block Loss: 3.3812e-05
		(Epoch 03/08) Block Loss: 3.3344e-05
		(Epoch 04/08) Block Loss: 3.3064e-05
		(Epoch 05/08) Block Loss: 3.2879e-05
		(Epoch 06/08) Block Loss: 3.2767e-05
		(Epoch 07/08) Block Loss: 3.2709e-05
		(Epoch 08/08) Block Loss: 3.2686e-05
	(2/3) Block 4/28, mlp.down_proj | Initialization via ADMM...
		ADMM weight recon error: raw=753.8798, norm=0.3516, per_el=2.3965e-04, out_err=0.1561, ADMM time=9.07s
	(3/3) Block 4/28, mlp.down_proj | Tuning Factorized Weights...
		(Epoch 01/08) Block Loss: 4.6207e-05
		(Epoch 02/08) Block Loss: 4.4807e-05
		(Epoch 03/08) Block Loss: 4.4797e-05
		(Epoch 04/08) Block Loss: 4.5427e-05
		(Epoch 05/08) Block Loss: 4.5487e-05
		(Epoch 06/08) Block Loss: 4.5442e-05
		(Epoch 07/08) Block Loss: 4.5680e-05
		(Epoch 08/08) Block Loss: 4.4991e-05
		Block 3: relative block output error = 0.0013
Using sequence length: 2048 (model max: 2048)
		Block 3: Test Data PPL        = 24.285
	(1/3) Block 5/28, self_attn.q_proj | Tuning Non-Factorized Weights...
		(Epoch 01/08) Block Loss: 3.3958e-05
		(Epoch 02/08) Block Loss: 3.0769e-05
		(Epoch 03/08) Block Loss: 2.8938e-05
		(Epoch 04/08) Block Loss: 2.7863e-05
		(Epoch 05/08) Block Loss: 2.7169e-05
		(Epoch 06/08) Block Loss: 2.6729e-05
		(Epoch 07/08) Block Loss: 2.6500e-05
		(Epoch 08/08) Block Loss: 2.6417e-05
	(2/3) Block 5/28, self_attn.q_proj | Initialization via ADMM...
		ADMM weight recon error: raw=591.6515, norm=0.3188, per_el=2.8212e-04, out_err=0.0481, ADMM time=7.71s
	(3/3) Block 5/28, self_attn.q_proj | Tuning Factorized Weights...
		(Epoch 01/08) Block Loss: 2.7425e-05
		(Epoch 02/08) Block Loss: 2.7135e-05
		(Epoch 03/08) Block Loss: 2.7029e-05
		(Epoch 04/08) Block Loss: 2.6965e-05
		(Epoch 05/08) Block Loss: 2.6920e-05
		(Epoch 06/08) Block Loss: 2.6891e-05
		(Epoch 07/08) Block Loss: 2.6870e-05
		(Epoch 08/08) Block Loss: 2.6855e-05
	(1/3) Block 5/28, self_attn.v_proj | Tuning Non-Factorized Weights...
		(Epoch 01/08) Block Loss: 2.6889e-05
		(Epoch 02/08) Block Loss: 2.5953e-05
		(Epoch 03/08) Block Loss: 2.5236e-05
		(Epoch 04/08) Block Loss: 2.4728e-05
		(Epoch 05/08) Block Loss: 2.4367e-05
		(Epoch 06/08) Block Loss: 2.4125e-05
		(Epoch 07/08) Block Loss: 2.3994e-05
		(Epoch 08/08) Block Loss: 2.3942e-05
	(2/3) Block 5/28, self_attn.v_proj | Initialization via ADMM...
		ADMM weight recon error: raw=352.9728, norm=0.3755, per_el=3.3662e-04, out_err=0.1952, ADMM time=22.76s
	(3/3) Block 5/28, self_attn.v_proj | Tuning Factorized Weights...
		(Epoch 01/08) Block Loss: 2.8093e-05
		(Epoch 02/08) Block Loss: 2.7500e-05
		(Epoch 03/08) Block Loss: 2.7321e-05
		(Epoch 04/08) Block Loss: 2.7227e-05
		(Epoch 05/08) Block Loss: 2.7176e-05
		(Epoch 06/08) Block Loss: 2.7144e-05
		(Epoch 07/08) Block Loss: 2.7123e-05
		(Epoch 08/08) Block Loss: 2.7082e-05
	(1/3) Block 5/28, self_attn.o_proj | Tuning Non-Factorized Weights...
		(Epoch 01/08) Block Loss: 2.6462e-05
		(Epoch 02/08) Block Loss: 2.5448e-05
		(Epoch 03/08) Block Loss: 2.4858e-05
		(Epoch 04/08) Block Loss: 2.4491e-05
		(Epoch 05/08) Block Loss: 2.4222e-05
		(Epoch 06/08) Block Loss: 2.4034e-05
		(Epoch 07/08) Block Loss: 2.3928e-05
		(Epoch 08/08) Block Loss: 2.3885e-05
	(2/3) Block 5/28, self_attn.o_proj | Initialization via ADMM...
		ADMM weight recon error: raw=543.0927, norm=0.3429, per_el=2.5897e-04, out_err=0.1520, ADMM time=6.78s
	(3/3) Block 5/28, self_attn.o_proj | Tuning Factorized Weights...
		(Epoch 01/08) Block Loss: 2.6957e-05
		(Epoch 02/08) Block Loss: 2.6736e-05
		(Epoch 03/08) Block Loss: 2.6693e-05
		(Epoch 04/08) Block Loss: 2.6732e-05
		(Epoch 05/08) Block Loss: 2.6807e-05
		(Epoch 06/08) Block Loss: 2.6681e-05
		(Epoch 07/08) Block Loss: 2.6678e-05
		(Epoch 08/08) Block Loss: 2.6537e-05
	(1/3) Block 5/28, self_attn.k_proj | Tuning Non-Factorized Weights...
		(Epoch 01/08) Block Loss: 2.6038e-05
		(Epoch 02/08) Block Loss: 2.5253e-05
		(Epoch 03/08) Block Loss: 2.4848e-05
		(Epoch 04/08) Block Loss: 2.4581e-05
		(Epoch 05/08) Block Loss: 2.4373e-05
		(Epoch 06/08) Block Loss: 2.4238e-05
		(Epoch 07/08) Block Loss: 2.4157e-05
		(Epoch 08/08) Block Loss: 2.4123e-05
	(2/3) Block 5/28, self_attn.k_proj | Initialization via ADMM...
		ADMM weight recon error: raw=274.7891, norm=0.3180, per_el=2.6206e-04, out_err=0.0454, ADMM time=22.46s
	(3/3) Block 5/28, self_attn.k_proj | Tuning Factorized Weights...
		(Epoch 01/08) Block Loss: 2.5041e-05
		(Epoch 02/08) Block Loss: 2.4722e-05
		(Epoch 03/08) Block Loss: 2.4653e-05
		(Epoch 04/08) Block Loss: 2.4614e-05
		(Epoch 05/08) Block Loss: 2.4591e-05
		(Epoch 06/08) Block Loss: 2.4577e-05
		(Epoch 07/08) Block Loss: 2.4567e-05
		(Epoch 08/08) Block Loss: 2.4559e-05
	(1/3) Block 5/28, mlp.gate_proj | Tuning Non-Factorized Weights...
		(Epoch 01/08) Block Loss: 2.4711e-05
		(Epoch 02/08) Block Loss: 2.4330e-05
		(Epoch 03/08) Block Loss: 2.4090e-05
		(Epoch 04/08) Block Loss: 2.3923e-05
		(Epoch 05/08) Block Loss: 2.3778e-05
		(Epoch 06/08) Block Loss: 2.3682e-05
		(Epoch 07/08) Block Loss: 2.3620e-05
		(Epoch 08/08) Block Loss: 2.3592e-05
	(2/3) Block 5/28, mlp.gate_proj | Initialization via ADMM...
		ADMM weight recon error: raw=1628.7916, norm=0.3510, per_el=5.1778e-04, out_err=0.0362, ADMM time=6.94s
	(3/3) Block 5/28, mlp.gate_proj | Tuning Factorized Weights...
		(Epoch 01/08) Block Loss: 3.0104e-05
		(Epoch 02/08) Block Loss: 2.8686e-05
		(Epoch 03/08) Block Loss: 2.8288e-05
		(Epoch 04/08) Block Loss: 2.8125e-05
		(Epoch 05/08) Block Loss: 2.8059e-05
		(Epoch 06/08) Block Loss: 2.8001e-05
		(Epoch 07/08) Block Loss: 2.7939e-05
		(Epoch 08/08) Block Loss: 2.7812e-05
	(1/3) Block 5/28, mlp.up_proj | Tuning Non-Factorized Weights...
		(Epoch 01/08) Block Loss: 2.7235e-05
		(Epoch 02/08) Block Loss: 2.6628e-05
		(Epoch 03/08) Block Loss: 2.6325e-05
		(Epoch 04/08) Block Loss: 2.6142e-05
		(Epoch 05/08) Block Loss: 2.5999e-05
		(Epoch 06/08) Block Loss: 2.5908e-05
		(Epoch 07/08) Block Loss: 2.5852e-05
		(Epoch 08/08) Block Loss: 2.5828e-05
	(2/3) Block 5/28, mlp.up_proj | Initialization via ADMM...
		ADMM weight recon error: raw=759.3054, norm=0.3623, per_el=2.4138e-04, out_err=0.1730, ADMM time=9.48s
	(3/3) Block 5/28, mlp.up_proj | Tuning Factorized Weights...
		(Epoch 01/08) Block Loss: 3.5620e-05
		(Epoch 02/08) Block Loss: 3.4483e-05
		(Epoch 03/08) Block Loss: 3.4221e-05
		(Epoch 04/08) Block Loss: 3.4144e-05
		(Epoch 05/08) Block Loss: 3.4171e-05
		(Epoch 06/08) Block Loss: 3.4036e-05
		(Epoch 07/08) Block Loss: 3.3902e-05
		(Epoch 08/08) Block Loss: 3.3571e-05
	(1/3) Block 5/28, mlp.down_proj | Tuning Non-Factorized Weights...
		(Epoch 01/08) Block Loss: 3.2211e-05
		(Epoch 02/08) Block Loss: 3.1336e-05
		(Epoch 03/08) Block Loss: 3.0908e-05
		(Epoch 04/08) Block Loss: 3.0664e-05
		(Epoch 05/08) Block Loss: 3.0503e-05
		(Epoch 06/08) Block Loss: 3.0409e-05
		(Epoch 07/08) Block Loss: 3.0359e-05
		(Epoch 08/08) Block Loss: 3.0340e-05
	(2/3) Block 5/28, mlp.down_proj | Initialization via ADMM...
		ADMM weight recon error: raw=727.1587, norm=0.3621, per_el=2.3116e-04, out_err=0.1796, ADMM time=9.65s
	(3/3) Block 5/28, mlp.down_proj | Tuning Factorized Weights...
Token indices sequence length is longer than the specified maximum sequence length for this model (299078 > 131072). Running this sequence through the model will result in indexing errors
Compressing Layers:  18%|██████████████████▊                                                                                      | 5/28 [19:20<1:28:30, 230.89s/it]Token indices sequence length is longer than the specified maximum sequence length for this model (299078 > 131072). Running this sequence through the model will result in indexing errors
Compressing Layers:  21%|██████████████████████▌                                                                                  | 6/28 [23:37<1:27:55, 239.78s/it]		(Epoch 01/08) Block Loss: 4.3299e-05
		(Epoch 02/08) Block Loss: 4.3354e-05
		(Epoch 03/08) Block Loss: 4.3887e-05
		(Epoch 04/08) Block Loss: 4.4266e-05
		(Epoch 05/08) Block Loss: 4.4427e-05
		(Epoch 06/08) Block Loss: 4.4482e-05
		(Epoch 07/08) Block Loss: 4.4555e-05
		(Epoch 08/08) Block Loss: 4.3987e-05
		Block 4: relative block output error = 0.0016
Using sequence length: 2048 (model max: 2048)
		Block 4: Test Data PPL        = 23.101
	(1/3) Block 6/28, self_attn.q_proj | Tuning Non-Factorized Weights...
		(Epoch 01/08) Block Loss: 3.4004e-05
		(Epoch 02/08) Block Loss: 3.0914e-05
		(Epoch 03/08) Block Loss: 2.9393e-05
		(Epoch 04/08) Block Loss: 2.8470e-05
		(Epoch 05/08) Block Loss: 2.7851e-05
		(Epoch 06/08) Block Loss: 2.7479e-05
		(Epoch 07/08) Block Loss: 2.7283e-05
		(Epoch 08/08) Block Loss: 2.7210e-05
	(2/3) Block 6/28, self_attn.q_proj | Initialization via ADMM...
		ADMM weight recon error: raw=605.6801, norm=0.3028, per_el=2.8881e-04, out_err=0.0488, ADMM time=8.35s
	(3/3) Block 6/28, self_attn.q_proj | Tuning Factorized Weights...
		(Epoch 01/08) Block Loss: 2.8117e-05
		(Epoch 02/08) Block Loss: 2.7860e-05
		(Epoch 03/08) Block Loss: 2.7763e-05
		(Epoch 04/08) Block Loss: 2.7707e-05
		(Epoch 05/08) Block Loss: 2.7668e-05
		(Epoch 06/08) Block Loss: 2.7641e-05
		(Epoch 07/08) Block Loss: 2.7620e-05
		(Epoch 08/08) Block Loss: 2.7605e-05
	(1/3) Block 6/28, self_attn.v_proj | Tuning Non-Factorized Weights...
		(Epoch 01/08) Block Loss: 2.7575e-05
		(Epoch 02/08) Block Loss: 2.6652e-05
		(Epoch 03/08) Block Loss: 2.6049e-05
		(Epoch 04/08) Block Loss: 2.5642e-05
		(Epoch 05/08) Block Loss: 2.5322e-05
		(Epoch 06/08) Block Loss: 2.5116e-05
		(Epoch 07/08) Block Loss: 2.5001e-05
		(Epoch 08/08) Block Loss: 2.4955e-05
	(2/3) Block 6/28, self_attn.v_proj | Initialization via ADMM...
		ADMM weight recon error: raw=316.9737, norm=0.3703, per_el=3.0229e-04, out_err=0.1784, ADMM time=24.55s
	(3/3) Block 6/28, self_attn.v_proj | Tuning Factorized Weights...
		(Epoch 01/08) Block Loss: 2.8747e-05
		(Epoch 02/08) Block Loss: 2.8094e-05
		(Epoch 03/08) Block Loss: 2.7904e-05
		(Epoch 04/08) Block Loss: 2.7810e-05
		(Epoch 05/08) Block Loss: 2.7763e-05
		(Epoch 06/08) Block Loss: 2.7729e-05
		(Epoch 07/08) Block Loss: 2.7711e-05
		(Epoch 08/08) Block Loss: 2.7675e-05
	(1/3) Block 6/28, self_attn.o_proj | Tuning Non-Factorized Weights...
		(Epoch 01/08) Block Loss: 2.7101e-05
		(Epoch 02/08) Block Loss: 2.6214e-05
		(Epoch 03/08) Block Loss: 2.5739e-05
		(Epoch 04/08) Block Loss: 2.5428e-05
		(Epoch 05/08) Block Loss: 2.5186e-05
		(Epoch 06/08) Block Loss: 2.5030e-05
		(Epoch 07/08) Block Loss: 2.4939e-05
		(Epoch 08/08) Block Loss: 2.4901e-05
	(2/3) Block 6/28, self_attn.o_proj | Initialization via ADMM...
		ADMM weight recon error: raw=568.6124, norm=0.3626, per_el=2.7114e-04, out_err=0.1404, ADMM time=7.49s
	(3/3) Block 6/28, self_attn.o_proj | Tuning Factorized Weights...
		(Epoch 01/08) Block Loss: 2.8392e-05
		(Epoch 02/08) Block Loss: 2.8271e-05
		(Epoch 03/08) Block Loss: 2.8348e-05
		(Epoch 04/08) Block Loss: 2.8462e-05
		(Epoch 05/08) Block Loss: 2.8503e-05
		(Epoch 06/08) Block Loss: 2.8504e-05
		(Epoch 07/08) Block Loss: 2.8491e-05
		(Epoch 08/08) Block Loss: 2.8347e-05
	(1/3) Block 6/28, self_attn.k_proj | Tuning Non-Factorized Weights...
		(Epoch 01/08) Block Loss: 2.7492e-05
		(Epoch 02/08) Block Loss: 2.6677e-05
		(Epoch 03/08) Block Loss: 2.6271e-05
		(Epoch 04/08) Block Loss: 2.6015e-05
		(Epoch 05/08) Block Loss: 2.5818e-05
		(Epoch 06/08) Block Loss: 2.5693e-05
		(Epoch 07/08) Block Loss: 2.5619e-05
		(Epoch 08/08) Block Loss: 2.5588e-05
	(2/3) Block 6/28, self_attn.k_proj | Initialization via ADMM...
		ADMM weight recon error: raw=271.9069, norm=0.3206, per_el=2.5931e-04, out_err=0.0520, ADMM time=24.02s
	(3/3) Block 6/28, self_attn.k_proj | Tuning Factorized Weights...
		(Epoch 01/08) Block Loss: 2.6296e-05
		(Epoch 02/08) Block Loss: 2.6096e-05
		(Epoch 03/08) Block Loss: 2.6040e-05
		(Epoch 04/08) Block Loss: 2.6011e-05
		(Epoch 05/08) Block Loss: 2.5995e-05
		(Epoch 06/08) Block Loss: 2.5983e-05
		(Epoch 07/08) Block Loss: 2.5974e-05
		(Epoch 08/08) Block Loss: 2.5964e-05
	(1/3) Block 6/28, mlp.gate_proj | Tuning Non-Factorized Weights...
		(Epoch 01/08) Block Loss: 2.6101e-05
		(Epoch 02/08) Block Loss: 2.5761e-05
		(Epoch 03/08) Block Loss: 2.5542e-05
		(Epoch 04/08) Block Loss: 2.5392e-05
		(Epoch 05/08) Block Loss: 2.5261e-05
		(Epoch 06/08) Block Loss: 2.5174e-05
		(Epoch 07/08) Block Loss: 2.5119e-05
		(Epoch 08/08) Block Loss: 2.5094e-05
	(2/3) Block 6/28, mlp.gate_proj | Initialization via ADMM...
		ADMM weight recon error: raw=1300.2209, norm=0.3458, per_el=4.1333e-04, out_err=0.0533, ADMM time=8.90s
	(3/3) Block 6/28, mlp.gate_proj | Tuning Factorized Weights...
		(Epoch 01/08) Block Loss: 3.0524e-05
		(Epoch 02/08) Block Loss: 2.9823e-05
		(Epoch 03/08) Block Loss: 2.9676e-05
		(Epoch 04/08) Block Loss: 2.9640e-05
		(Epoch 05/08) Block Loss: 2.9623e-05
		(Epoch 06/08) Block Loss: 2.9599e-05
		(Epoch 07/08) Block Loss: 2.9556e-05
		(Epoch 08/08) Block Loss: 2.9385e-05
	(1/3) Block 6/28, mlp.up_proj | Tuning Non-Factorized Weights...
		(Epoch 01/08) Block Loss: 2.8691e-05
		(Epoch 02/08) Block Loss: 2.8118e-05
		(Epoch 03/08) Block Loss: 2.7831e-05
		(Epoch 04/08) Block Loss: 2.7657e-05
		(Epoch 05/08) Block Loss: 2.7522e-05
		(Epoch 06/08) Block Loss: 2.7437e-05
		(Epoch 07/08) Block Loss: 2.7386e-05
		(Epoch 08/08) Block Loss: 2.7365e-05
	(2/3) Block 6/28, mlp.up_proj | Initialization via ADMM...
		ADMM weight recon error: raw=851.6472, norm=0.3596, per_el=2.7073e-04, out_err=0.1737, ADMM time=11.04s
	(3/3) Block 6/28, mlp.up_proj | Tuning Factorized Weights...
		(Epoch 01/08) Block Loss: 3.6005e-05
		(Epoch 02/08) Block Loss: 3.5272e-05
		(Epoch 03/08) Block Loss: 3.5155e-05
		(Epoch 04/08) Block Loss: 3.5170e-05
		(Epoch 05/08) Block Loss: 3.5222e-05
		(Epoch 06/08) Block Loss: 3.5123e-05
		(Epoch 07/08) Block Loss: 3.5093e-05
		(Epoch 08/08) Block Loss: 3.4706e-05
	(1/3) Block 6/28, mlp.down_proj | Tuning Non-Factorized Weights...
		(Epoch 01/08) Block Loss: 3.3394e-05
		(Epoch 02/08) Block Loss: 3.2602e-05
		(Epoch 03/08) Block Loss: 3.2205e-05
		(Epoch 04/08) Block Loss: 3.1974e-05
		(Epoch 05/08) Block Loss: 3.1819e-05
		(Epoch 06/08) Block Loss: 3.1730e-05
		(Epoch 07/08) Block Loss: 3.1682e-05
		(Epoch 08/08) Block Loss: 3.1665e-05
	(2/3) Block 6/28, mlp.down_proj | Initialization via ADMM...
		ADMM weight recon error: raw=826.2095, norm=0.3611, per_el=2.6264e-04, out_err=0.1977, ADMM time=12.87s
	(3/3) Block 6/28, mlp.down_proj | Tuning Factorized Weights...
		(Epoch 01/08) Block Loss: 4.2377e-05
		(Epoch 02/08) Block Loss: 4.2346e-05
		(Epoch 03/08) Block Loss: 4.2656e-05
		(Epoch 04/08) Block Loss: 4.2944e-05
		(Epoch 05/08) Block Loss: 4.3100e-05
		(Epoch 06/08) Block Loss: 4.3148e-05
		(Epoch 07/08) Block Loss: 4.3160e-05
		(Epoch 08/08) Block Loss: 4.2731e-05
		Block 5: relative block output error = 0.0021
Using sequence length: 2048 (model max: 2048)
		Block 5: Test Data PPL        = 22.547
	(1/3) Block 7/28, self_attn.q_proj | Tuning Non-Factorized Weights...
		(Epoch 01/08) Block Loss: 2.8590e-05
		(Epoch 02/08) Block Loss: 2.6560e-05
		(Epoch 03/08) Block Loss: 2.5337e-05
		(Epoch 04/08) Block Loss: 2.4610e-05
		(Epoch 05/08) Block Loss: 2.4143e-05
		(Epoch 06/08) Block Loss: 2.3836e-05
		(Epoch 07/08) Block Loss: 2.3681e-05
		(Epoch 08/08) Block Loss: 2.3625e-05
	(2/3) Block 7/28, self_attn.q_proj | Initialization via ADMM...
		ADMM weight recon error: raw=485.9375, norm=0.2479, per_el=2.3171e-04, out_err=0.0361, ADMM time=9.49s
	(3/3) Block 7/28, self_attn.q_proj | Tuning Factorized Weights...
		(Epoch 01/08) Block Loss: 2.4187e-05
		(Epoch 02/08) Block Loss: 2.4065e-05
		(Epoch 03/08) Block Loss: 2.4018e-05
		(Epoch 04/08) Block Loss: 2.3989e-05
		(Epoch 05/08) Block Loss: 2.3966e-05
		(Epoch 06/08) Block Loss: 2.3950e-05
		(Epoch 07/08) Block Loss: 2.3936e-05
		(Epoch 08/08) Block Loss: 2.3922e-05
	(1/3) Block 7/28, self_attn.v_proj | Tuning Non-Factorized Weights...
		(Epoch 01/08) Block Loss: 2.3966e-05
		(Epoch 02/08) Block Loss: 2.3391e-05
Token indices sequence length is longer than the specified maximum sequence length for this model (299078 > 131072). Running this sequence through the model will result in indexing errors
Compressing Layers:  25%|██████████████████████████▎                                                                              | 7/28 [28:03<1:27:00, 248.60s/it]		(Epoch 03/08) Block Loss: 2.3057e-05
		(Epoch 04/08) Block Loss: 2.2555e-05
		(Epoch 05/08) Block Loss: 2.2267e-05
		(Epoch 06/08) Block Loss: 2.2109e-05
		(Epoch 07/08) Block Loss: 2.2020e-05
		(Epoch 08/08) Block Loss: 2.1985e-05
	(2/3) Block 7/28, self_attn.v_proj | Initialization via ADMM...
		ADMM weight recon error: raw=310.9791, norm=0.3633, per_el=2.9657e-04, out_err=0.2006, ADMM time=21.16s
	(3/3) Block 7/28, self_attn.v_proj | Tuning Factorized Weights...
		(Epoch 01/08) Block Loss: 2.4510e-05
		(Epoch 02/08) Block Loss: 2.4063e-05
		(Epoch 03/08) Block Loss: 2.3938e-05
		(Epoch 04/08) Block Loss: 2.3859e-05
		(Epoch 05/08) Block Loss: 2.3825e-05
		(Epoch 06/08) Block Loss: 2.3800e-05
		(Epoch 07/08) Block Loss: 2.3784e-05
		(Epoch 08/08) Block Loss: 2.3753e-05
	(1/3) Block 7/28, self_attn.o_proj | Tuning Non-Factorized Weights...
		(Epoch 01/08) Block Loss: 2.3444e-05
		(Epoch 02/08) Block Loss: 2.2809e-05
		(Epoch 03/08) Block Loss: 2.2500e-05
		(Epoch 04/08) Block Loss: 2.2186e-05
		(Epoch 05/08) Block Loss: 2.1990e-05
		(Epoch 06/08) Block Loss: 2.1866e-05
		(Epoch 07/08) Block Loss: 2.1793e-05
		(Epoch 08/08) Block Loss: 2.1763e-05
	(2/3) Block 7/28, self_attn.o_proj | Initialization via ADMM...
		ADMM weight recon error: raw=455.5949, norm=0.3350, per_el=2.1724e-04, out_err=0.1017, ADMM time=8.62s
	(3/3) Block 7/28, self_attn.o_proj | Tuning Factorized Weights...
		(Epoch 01/08) Block Loss: 2.3402e-05
		(Epoch 02/08) Block Loss: 2.3322e-05
		(Epoch 03/08) Block Loss: 2.3362e-05
		(Epoch 04/08) Block Loss: 2.3384e-05
		(Epoch 05/08) Block Loss: 2.3420e-05
		(Epoch 06/08) Block Loss: 2.3346e-05
		(Epoch 07/08) Block Loss: 2.3362e-05
		(Epoch 08/08) Block Loss: 2.3242e-05
	(1/3) Block 7/28, self_attn.k_proj | Tuning Non-Factorized Weights...
		(Epoch 01/08) Block Loss: 2.3022e-05
		(Epoch 02/08) Block Loss: 2.2556e-05
		(Epoch 03/08) Block Loss: 2.2299e-05
		(Epoch 04/08) Block Loss: 2.2119e-05
		(Epoch 05/08) Block Loss: 2.1977e-05
		(Epoch 06/08) Block Loss: 2.1886e-05
		(Epoch 07/08) Block Loss: 2.1830e-05
		(Epoch 08/08) Block Loss: 2.1806e-05
	(2/3) Block 7/28, self_attn.k_proj | Initialization via ADMM...
		ADMM weight recon error: raw=231.1994, norm=0.2792, per_el=2.2049e-04, out_err=0.0537, ADMM time=22.30s
	(3/3) Block 7/28, self_attn.k_proj | Tuning Factorized Weights...
		(Epoch 01/08) Block Loss: 2.2313e-05
		(Epoch 02/08) Block Loss: 2.2174e-05
		(Epoch 03/08) Block Loss: 2.2136e-05
		(Epoch 04/08) Block Loss: 2.2117e-05
		(Epoch 05/08) Block Loss: 2.2106e-05
		(Epoch 06/08) Block Loss: 2.2099e-05
		(Epoch 07/08) Block Loss: 2.2092e-05
		(Epoch 08/08) Block Loss: 2.2084e-05
	(1/3) Block 7/28, mlp.gate_proj | Tuning Non-Factorized Weights...
		(Epoch 01/08) Block Loss: 2.2218e-05
		(Epoch 02/08) Block Loss: 2.1968e-05
		(Epoch 03/08) Block Loss: 2.1807e-05
		(Epoch 04/08) Block Loss: 2.1693e-05
		(Epoch 05/08) Block Loss: 2.1594e-05
		(Epoch 06/08) Block Loss: 2.1526e-05
		(Epoch 07/08) Block Loss: 2.1482e-05
		(Epoch 08/08) Block Loss: 2.1463e-05
	(2/3) Block 7/28, mlp.gate_proj | Initialization via ADMM...
		ADMM weight recon error: raw=1250.6139, norm=0.3521, per_el=3.9756e-04, out_err=0.0481, ADMM time=10.06s
	(3/3) Block 7/28, mlp.gate_proj | Tuning Factorized Weights...
		(Epoch 01/08) Block Loss: 2.5435e-05
		(Epoch 02/08) Block Loss: 2.4986e-05
		(Epoch 03/08) Block Loss: 2.4890e-05
		(Epoch 04/08) Block Loss: 2.4877e-05
		(Epoch 05/08) Block Loss: 2.4870e-05
		(Epoch 06/08) Block Loss: 2.4842e-05
		(Epoch 07/08) Block Loss: 2.4816e-05
		(Epoch 08/08) Block Loss: 2.4677e-05
	(1/3) Block 7/28, mlp.up_proj | Tuning Non-Factorized Weights...
		(Epoch 01/08) Block Loss: 2.4202e-05
		(Epoch 02/08) Block Loss: 2.3780e-05
		(Epoch 03/08) Block Loss: 2.3568e-05
		(Epoch 04/08) Block Loss: 2.3439e-05
		(Epoch 05/08) Block Loss: 2.3338e-05
		(Epoch 06/08) Block Loss: 2.3274e-05
		(Epoch 07/08) Block Loss: 2.3234e-05
		(Epoch 08/08) Block Loss: 2.3217e-05
	(2/3) Block 7/28, mlp.up_proj | Initialization via ADMM...
		ADMM weight recon error: raw=857.8676, norm=0.3647, per_el=2.7271e-04, out_err=0.1805, ADMM time=8.82s
	(3/3) Block 7/28, mlp.up_proj | Tuning Factorized Weights...
		(Epoch 01/08) Block Loss: 2.9877e-05
		(Epoch 02/08) Block Loss: 2.9335e-05
		(Epoch 03/08) Block Loss: 2.9273e-05
		(Epoch 04/08) Block Loss: 2.9301e-05
		(Epoch 05/08) Block Loss: 2.9309e-05
		(Epoch 06/08) Block Loss: 2.9287e-05
		(Epoch 07/08) Block Loss: 2.9304e-05
		(Epoch 08/08) Block Loss: 2.8876e-05
	(1/3) Block 7/28, mlp.down_proj | Tuning Non-Factorized Weights...
		(Epoch 01/08) Block Loss: 2.7917e-05
		(Epoch 02/08) Block Loss: 2.7337e-05
		(Epoch 03/08) Block Loss: 2.7044e-05
		(Epoch 04/08) Block Loss: 2.6871e-05
		(Epoch 05/08) Block Loss: 2.6755e-05
		(Epoch 06/08) Block Loss: 2.6688e-05
		(Epoch 07/08) Block Loss: 2.6652e-05
		(Epoch 08/08) Block Loss: 2.6639e-05
	(2/3) Block 7/28, mlp.down_proj | Initialization via ADMM...
		ADMM weight recon error: raw=770.1497, norm=0.3463, per_el=2.4482e-04, out_err=0.1917, ADMM time=11.58s
	(3/3) Block 7/28, mlp.down_proj | Tuning Factorized Weights...
		(Epoch 01/08) Block Loss: 3.4280e-05
		(Epoch 02/08) Block Loss: 3.4245e-05
		(Epoch 03/08) Block Loss: 3.4459e-05
		(Epoch 04/08) Block Loss: 3.4687e-05
		(Epoch 05/08) Block Loss: 3.4842e-05
		(Epoch 06/08) Block Loss: 3.4797e-05
		(Epoch 07/08) Block Loss: 3.4832e-05
		(Epoch 08/08) Block Loss: 3.4479e-05
		Block 6: relative block output error = 0.0025
Using sequence length: 2048 (model max: 2048)
		Block 6: Test Data PPL        = 22.689
	(1/3) Block 8/28, self_attn.q_proj | Tuning Non-Factorized Weights...
		(Epoch 01/08) Block Loss: 3.6828e-05
		(Epoch 02/08) Block Loss: 3.4227e-05
		(Epoch 03/08) Block Loss: 3.3017e-05
		(Epoch 04/08) Block Loss: 3.2068e-05
		(Epoch 05/08) Block Loss: 3.1492e-05
		(Epoch 06/08) Block Loss: 3.1112e-05
		(Epoch 07/08) Block Loss: 3.0921e-05
		(Epoch 08/08) Block Loss: 3.0849e-05
	(2/3) Block 8/28, self_attn.q_proj | Initialization via ADMM...
		ADMM weight recon error: raw=538.9323, norm=0.3035, per_el=2.5698e-04, out_err=0.0488, ADMM time=9.92s
	(3/3) Block 8/28, self_attn.q_proj | Tuning Factorized Weights...
		(Epoch 01/08) Block Loss: 3.1732e-05
		(Epoch 02/08) Block Loss: 3.1469e-05
		(Epoch 03/08) Block Loss: 3.1378e-05
		(Epoch 04/08) Block Loss: 3.1318e-05
		(Epoch 05/08) Block Loss: 3.1276e-05
		(Epoch 06/08) Block Loss: 3.1243e-05
		(Epoch 07/08) Block Loss: 3.1218e-05
		(Epoch 08/08) Block Loss: 3.1198e-05
	(1/3) Block 8/28, self_attn.v_proj | Tuning Non-Factorized Weights...
		(Epoch 01/08) Block Loss: 3.1293e-05
		(Epoch 02/08) Block Loss: 3.0455e-05
		(Epoch 03/08) Block Loss: 2.9881e-05
		(Epoch 04/08) Block Loss: 2.9457e-05
		(Epoch 05/08) Block Loss: 2.9176e-05
		(Epoch 06/08) Block Loss: 2.8957e-05
		(Epoch 07/08) Block Loss: 2.8839e-05
		(Epoch 08/08) Block Loss: 2.8793e-05
	(2/3) Block 8/28, self_attn.v_proj | Initialization via ADMM...
		ADMM weight recon error: raw=297.7457, norm=0.3613, per_el=2.8395e-04, out_err=0.2026, ADMM time=22.70s
	(3/3) Block 8/28, self_attn.v_proj | Tuning Factorized Weights...
		(Epoch 01/08) Block Loss: 3.2353e-05
		(Epoch 02/08) Block Loss: 3.2021e-05
		(Epoch 03/08) Block Loss: 3.1917e-05
		(Epoch 04/08) Block Loss: 3.1855e-05
		(Epoch 05/08) Block Loss: 3.1847e-05
		(Epoch 06/08) Block Loss: 3.1813e-05
		(Epoch 07/08) Block Loss: 3.1815e-05
		(Epoch 08/08) Block Loss: 3.1746e-05
	(1/3) Block 8/28, self_attn.o_proj | Tuning Non-Factorized Weights...
		(Epoch 01/08) Block Loss: 3.1189e-05
		(Epoch 02/08) Block Loss: 3.0303e-05
		(Epoch 03/08) Block Loss: 2.9815e-05
		(Epoch 04/08) Block Loss: 2.9476e-05
		(Epoch 05/08) Block Loss: 2.9231e-05
		(Epoch 06/08) Block Loss: 2.9072e-05
		(Epoch 07/08) Block Loss: 2.8978e-05
		(Epoch 08/08) Block Loss: 2.8940e-05
	(2/3) Block 8/28, self_attn.o_proj | Initialization via ADMM...
		ADMM weight recon error: raw=454.4628, norm=0.3284, per_el=2.1670e-04, out_err=0.1563, ADMM time=8.95s
	(3/3) Block 8/28, self_attn.o_proj | Tuning Factorized Weights...
		(Epoch 01/08) Block Loss: 3.1888e-05
		(Epoch 02/08) Block Loss: 3.1796e-05
		(Epoch 03/08) Block Loss: 3.1805e-05
		(Epoch 04/08) Block Loss: 3.1917e-05
Token indices sequence length is longer than the specified maximum sequence length for this model (299078 > 131072). Running this sequence through the model will result in indexing errors
Compressing Layers:  29%|██████████████████████████████                                                                           | 8/28 [32:41<1:25:55, 257.79s/it]		(Epoch 05/08) Block Loss: 3.1899e-05
		(Epoch 06/08) Block Loss: 3.1825e-05
		(Epoch 07/08) Block Loss: 3.1861e-05
		(Epoch 08/08) Block Loss: 3.1621e-05
	(1/3) Block 8/28, self_attn.k_proj | Tuning Non-Factorized Weights...
		(Epoch 01/08) Block Loss: 3.1177e-05
		(Epoch 02/08) Block Loss: 3.0448e-05
		(Epoch 03/08) Block Loss: 3.0079e-05
		(Epoch 04/08) Block Loss: 2.9838e-05
		(Epoch 05/08) Block Loss: 2.9652e-05
		(Epoch 06/08) Block Loss: 2.9533e-05
		(Epoch 07/08) Block Loss: 2.9461e-05
		(Epoch 08/08) Block Loss: 2.9431e-05
	(2/3) Block 8/28, self_attn.k_proj | Initialization via ADMM...
		ADMM weight recon error: raw=237.1695, norm=0.3154, per_el=2.2618e-04, out_err=0.0548, ADMM time=18.43s
	(3/3) Block 8/28, self_attn.k_proj | Tuning Factorized Weights...
		(Epoch 01/08) Block Loss: 3.0127e-05
		(Epoch 02/08) Block Loss: 2.9933e-05
		(Epoch 03/08) Block Loss: 2.9877e-05
		(Epoch 04/08) Block Loss: 2.9849e-05
		(Epoch 05/08) Block Loss: 2.9832e-05
		(Epoch 06/08) Block Loss: 2.9819e-05
		(Epoch 07/08) Block Loss: 2.9811e-05
		(Epoch 08/08) Block Loss: 2.9803e-05
	(1/3) Block 8/28, mlp.gate_proj | Tuning Non-Factorized Weights...
		(Epoch 01/08) Block Loss: 2.9957e-05
		(Epoch 02/08) Block Loss: 2.9629e-05
		(Epoch 03/08) Block Loss: 2.9425e-05
		(Epoch 04/08) Block Loss: 2.9277e-05
		(Epoch 05/08) Block Loss: 2.9151e-05
		(Epoch 06/08) Block Loss: 2.9067e-05
		(Epoch 07/08) Block Loss: 2.9012e-05
		(Epoch 08/08) Block Loss: 2.8988e-05
	(2/3) Block 8/28, mlp.gate_proj | Initialization via ADMM...
		ADMM weight recon error: raw=1198.1969, norm=0.3373, per_el=3.8090e-04, out_err=0.0484, ADMM time=12.02s
	(3/3) Block 8/28, mlp.gate_proj | Tuning Factorized Weights...
		(Epoch 01/08) Block Loss: 3.3535e-05
		(Epoch 02/08) Block Loss: 3.3019e-05
		(Epoch 03/08) Block Loss: 3.2921e-05
		(Epoch 04/08) Block Loss: 3.2901e-05
		(Epoch 05/08) Block Loss: 3.2890e-05
		(Epoch 06/08) Block Loss: 3.2878e-05
		(Epoch 07/08) Block Loss: 3.2815e-05
		(Epoch 08/08) Block Loss: 3.2647e-05
	(1/3) Block 8/28, mlp.up_proj | Tuning Non-Factorized Weights...
		(Epoch 01/08) Block Loss: 3.2137e-05
		(Epoch 02/08) Block Loss: 3.1656e-05
		(Epoch 03/08) Block Loss: 3.1410e-05
		(Epoch 04/08) Block Loss: 3.1257e-05
		(Epoch 05/08) Block Loss: 3.1137e-05
		(Epoch 06/08) Block Loss: 3.1059e-05
		(Epoch 07/08) Block Loss: 3.1012e-05
		(Epoch 08/08) Block Loss: 3.0992e-05
	(2/3) Block 8/28, mlp.up_proj | Initialization via ADMM...
		ADMM weight recon error: raw=842.1769, norm=0.3605, per_el=2.6772e-04, out_err=0.1743, ADMM time=10.10s
	(3/3) Block 8/28, mlp.up_proj | Tuning Factorized Weights...
		(Epoch 01/08) Block Loss: 3.8902e-05
		(Epoch 02/08) Block Loss: 3.8272e-05
		(Epoch 03/08) Block Loss: 3.8216e-05
		(Epoch 04/08) Block Loss: 3.8363e-05
		(Epoch 05/08) Block Loss: 3.8519e-05
		(Epoch 06/08) Block Loss: 3.8070e-05
		(Epoch 07/08) Block Loss: 3.8106e-05
		(Epoch 08/08) Block Loss: 3.7769e-05
	(1/3) Block 8/28, mlp.down_proj | Tuning Non-Factorized Weights...
		(Epoch 01/08) Block Loss: 3.6647e-05
		(Epoch 02/08) Block Loss: 3.5972e-05
		(Epoch 03/08) Block Loss: 3.5622e-05
		(Epoch 04/08) Block Loss: 3.5415e-05
		(Epoch 05/08) Block Loss: 3.5275e-05
		(Epoch 06/08) Block Loss: 3.5194e-05
		(Epoch 07/08) Block Loss: 3.5150e-05
		(Epoch 08/08) Block Loss: 3.5134e-05
	(2/3) Block 8/28, mlp.down_proj | Initialization via ADMM...
		ADMM weight recon error: raw=746.0607, norm=0.3454, per_el=2.3717e-04, out_err=0.1898, ADMM time=10.50s
	(3/3) Block 8/28, mlp.down_proj | Tuning Factorized Weights...
		(Epoch 01/08) Block Loss: 4.3958e-05
		(Epoch 02/08) Block Loss: 4.3924e-05
		(Epoch 03/08) Block Loss: 4.4490e-05
		(Epoch 04/08) Block Loss: 4.4859e-05
		(Epoch 05/08) Block Loss: 4.5118e-05
		(Epoch 06/08) Block Loss: 4.4655e-05
		(Epoch 07/08) Block Loss: 4.4673e-05
		(Epoch 08/08) Block Loss: 4.4124e-05
		Block 7: relative block output error = 0.0029
Using sequence length: 2048 (model max: 2048)
		Block 7: Test Data PPL        = 21.935
	(1/3) Block 9/28, self_attn.q_proj | Tuning Non-Factorized Weights...
		(Epoch 01/08) Block Loss: 2.4221e-05
		(Epoch 02/08) Block Loss: 2.2662e-05
		(Epoch 03/08) Block Loss: 2.1864e-05
		(Epoch 04/08) Block Loss: 2.1332e-05
		(Epoch 05/08) Block Loss: 2.0980e-05
		(Epoch 06/08) Block Loss: 2.0765e-05
		(Epoch 07/08) Block Loss: 2.0647e-05
		(Epoch 08/08) Block Loss: 2.0605e-05
	(2/3) Block 9/28, self_attn.q_proj | Initialization via ADMM...
		ADMM weight recon error: raw=532.7490, norm=0.2752, per_el=2.5403e-04, out_err=0.0533, ADMM time=9.60s
	(3/3) Block 9/28, self_attn.q_proj | Tuning Factorized Weights...
		(Epoch 01/08) Block Loss: 2.1080e-05
		(Epoch 02/08) Block Loss: 2.0977e-05
		(Epoch 03/08) Block Loss: 2.0937e-05
		(Epoch 04/08) Block Loss: 2.0913e-05
		(Epoch 05/08) Block Loss: 2.0896e-05
		(Epoch 06/08) Block Loss: 2.0884e-05
		(Epoch 07/08) Block Loss: 2.0872e-05
		(Epoch 08/08) Block Loss: 2.0861e-05
	(1/3) Block 9/28, self_attn.v_proj | Tuning Non-Factorized Weights...
		(Epoch 01/08) Block Loss: 2.0887e-05
		(Epoch 02/08) Block Loss: 2.0358e-05
		(Epoch 03/08) Block Loss: 2.0019e-05
		(Epoch 04/08) Block Loss: 1.9755e-05
		(Epoch 05/08) Block Loss: 1.9560e-05
		(Epoch 06/08) Block Loss: 1.9437e-05
		(Epoch 07/08) Block Loss: 1.9366e-05
		(Epoch 08/08) Block Loss: 1.9338e-05
	(2/3) Block 9/28, self_attn.v_proj | Initialization via ADMM...
		ADMM weight recon error: raw=296.3147, norm=0.3614, per_el=2.8259e-04, out_err=0.1627, ADMM time=22.09s
	(3/3) Block 9/28, self_attn.v_proj | Tuning Factorized Weights...
		(Epoch 01/08) Block Loss: 2.1088e-05
		(Epoch 02/08) Block Loss: 2.0834e-05
		(Epoch 03/08) Block Loss: 2.0747e-05
		(Epoch 04/08) Block Loss: 2.0704e-05
		(Epoch 05/08) Block Loss: 2.0683e-05
		(Epoch 06/08) Block Loss: 2.0666e-05
		(Epoch 07/08) Block Loss: 2.0656e-05
		(Epoch 08/08) Block Loss: 2.0639e-05
	(1/3) Block 9/28, self_attn.o_proj | Tuning Non-Factorized Weights...
		(Epoch 01/08) Block Loss: 2.0450e-05
		(Epoch 02/08) Block Loss: 1.9959e-05
		(Epoch 03/08) Block Loss: 1.9683e-05
		(Epoch 04/08) Block Loss: 1.9495e-05
		(Epoch 05/08) Block Loss: 1.9350e-05
		(Epoch 06/08) Block Loss: 1.9255e-05
		(Epoch 07/08) Block Loss: 1.9198e-05
		(Epoch 08/08) Block Loss: 1.9174e-05
	(2/3) Block 9/28, self_attn.o_proj | Initialization via ADMM...
		ADMM weight recon error: raw=428.3481, norm=0.3226, per_el=2.0425e-04, out_err=0.1145, ADMM time=9.32s
	(3/3) Block 9/28, self_attn.o_proj | Tuning Factorized Weights...
		(Epoch 01/08) Block Loss: 2.0497e-05
		(Epoch 02/08) Block Loss: 2.0451e-05
		(Epoch 03/08) Block Loss: 2.0468e-05
		(Epoch 04/08) Block Loss: 2.0499e-05
		(Epoch 05/08) Block Loss: 2.0520e-05
		(Epoch 06/08) Block Loss: 2.0526e-05
		(Epoch 07/08) Block Loss: 2.0497e-05
		(Epoch 08/08) Block Loss: 2.0422e-05
	(1/3) Block 9/28, self_attn.k_proj | Tuning Non-Factorized Weights...
		(Epoch 01/08) Block Loss: 2.0223e-05
		(Epoch 02/08) Block Loss: 1.9863e-05
		(Epoch 03/08) Block Loss: 1.9664e-05
		(Epoch 04/08) Block Loss: 1.9529e-05
		(Epoch 05/08) Block Loss: 1.9422e-05
		(Epoch 06/08) Block Loss: 1.9352e-05
		(Epoch 07/08) Block Loss: 1.9309e-05
		(Epoch 08/08) Block Loss: 1.9290e-05
	(2/3) Block 9/28, self_attn.k_proj | Initialization via ADMM...
		ADMM weight recon error: raw=223.4142, norm=0.2821, per_el=2.1306e-04, out_err=0.0589, ADMM time=21.33s
	(3/3) Block 9/28, self_attn.k_proj | Tuning Factorized Weights...
		(Epoch 01/08) Block Loss: 1.9621e-05
		(Epoch 02/08) Block Loss: 1.9544e-05
		(Epoch 03/08) Block Loss: 1.9525e-05
		(Epoch 04/08) Block Loss: 1.9514e-05
		(Epoch 05/08) Block Loss: 1.9506e-05
		(Epoch 06/08) Block Loss: 1.9500e-05
		(Epoch 07/08) Block Loss: 1.9496e-05
		(Epoch 08/08) Block Loss: 1.9490e-05
	(1/3) Block 9/28, mlp.gate_proj | Tuning Non-Factorized Weights...
		(Epoch 01/08) Block Loss: 1.9598e-05
		(Epoch 02/08) Block Loss: 1.9408e-05
		(Epoch 03/08) Block Loss: 1.9287e-05
		(Epoch 04/08) Block Loss: 1.9199e-05
		(Epoch 05/08) Block Loss: 1.9123e-05
		(Epoch 06/08) Block Loss: 1.9071e-05
		(Epoch 07/08) Block Loss: 1.9038e-05
		(Epoch 08/08) Block Loss: 1.9022e-05
	(2/3) Block 9/28, mlp.gate_proj | Initialization via ADMM...
Token indices sequence length is longer than the specified maximum sequence length for this model (299078 > 131072). Running this sequence through the model will result in indexing errors
Compressing Layers:  32%|█████████████████████████████████▊                                                                       | 9/28 [37:24<1:24:06, 265.61s/it]		ADMM weight recon error: raw=1156.8577, norm=0.3379, per_el=3.6776e-04, out_err=0.0483, ADMM time=10.97s
	(3/3) Block 9/28, mlp.gate_proj | Tuning Factorized Weights...
		(Epoch 01/08) Block Loss: 2.1750e-05
		(Epoch 02/08) Block Loss: 2.1459e-05
		(Epoch 03/08) Block Loss: 2.1418e-05
		(Epoch 04/08) Block Loss: 2.1414e-05
		(Epoch 05/08) Block Loss: 2.1421e-05
		(Epoch 06/08) Block Loss: 2.1398e-05
		(Epoch 07/08) Block Loss: 2.1370e-05
		(Epoch 08/08) Block Loss: 2.1254e-05
	(1/3) Block 9/28, mlp.up_proj | Tuning Non-Factorized Weights...
		(Epoch 01/08) Block Loss: 2.0945e-05
		(Epoch 02/08) Block Loss: 2.0653e-05
		(Epoch 03/08) Block Loss: 2.0503e-05
		(Epoch 04/08) Block Loss: 2.0408e-05
		(Epoch 05/08) Block Loss: 2.0334e-05
		(Epoch 06/08) Block Loss: 2.0286e-05
		(Epoch 07/08) Block Loss: 2.0257e-05
		(Epoch 08/08) Block Loss: 2.0244e-05
	(2/3) Block 9/28, mlp.up_proj | Initialization via ADMM...
		ADMM weight recon error: raw=835.0815, norm=0.3575, per_el=2.6547e-04, out_err=0.1670, ADMM time=8.62s
	(3/3) Block 9/28, mlp.up_proj | Tuning Factorized Weights...
		(Epoch 01/08) Block Loss: 2.4722e-05
		(Epoch 02/08) Block Loss: 2.4399e-05
		(Epoch 03/08) Block Loss: 2.4388e-05
		(Epoch 04/08) Block Loss: 2.4430e-05
		(Epoch 05/08) Block Loss: 2.4541e-05
		(Epoch 06/08) Block Loss: 2.4368e-05
		(Epoch 07/08) Block Loss: 2.4398e-05
		(Epoch 08/08) Block Loss: 2.4062e-05
	(1/3) Block 9/28, mlp.down_proj | Tuning Non-Factorized Weights...
		(Epoch 01/08) Block Loss: 2.3495e-05
		(Epoch 02/08) Block Loss: 2.3125e-05
		(Epoch 03/08) Block Loss: 2.2932e-05
		(Epoch 04/08) Block Loss: 2.2816e-05
		(Epoch 05/08) Block Loss: 2.2737e-05
		(Epoch 06/08) Block Loss: 2.2690e-05
		(Epoch 07/08) Block Loss: 2.2665e-05
		(Epoch 08/08) Block Loss: 2.2655e-05
	(2/3) Block 9/28, mlp.down_proj | Initialization via ADMM...
		ADMM weight recon error: raw=738.1534, norm=0.3367, per_el=2.3465e-04, out_err=0.1918, ADMM time=10.78s
	(3/3) Block 9/28, mlp.down_proj | Tuning Factorized Weights...
		(Epoch 01/08) Block Loss: 2.7676e-05
		(Epoch 02/08) Block Loss: 2.7712e-05
		(Epoch 03/08) Block Loss: 2.7909e-05
		(Epoch 04/08) Block Loss: 2.8450e-05
		(Epoch 05/08) Block Loss: 2.8552e-05
		(Epoch 06/08) Block Loss: 2.8091e-05
		(Epoch 07/08) Block Loss: 2.8339e-05
		(Epoch 08/08) Block Loss: 2.7817e-05
		Block 8: relative block output error = 0.0033
Using sequence length: 2048 (model max: 2048)
		Block 8: Test Data PPL        = 21.987
	(1/3) Block 10/28, self_attn.q_proj | Tuning Non-Factorized Weights...
		(Epoch 01/08) Block Loss: 2.1305e-05
		(Epoch 02/08) Block Loss: 2.0169e-05
		(Epoch 03/08) Block Loss: 1.9621e-05
		(Epoch 04/08) Block Loss: 1.9071e-05
		(Epoch 05/08) Block Loss: 1.8785e-05
		(Epoch 06/08) Block Loss: 1.8607e-05
		(Epoch 07/08) Block Loss: 1.8510e-05
		(Epoch 08/08) Block Loss: 1.8474e-05
	(2/3) Block 10/28, self_attn.q_proj | Initialization via ADMM...
		ADMM weight recon error: raw=540.1914, norm=0.2802, per_el=2.5758e-04, out_err=0.0427, ADMM time=10.83s
	(3/3) Block 10/28, self_attn.q_proj | Tuning Factorized Weights...
		(Epoch 01/08) Block Loss: 1.8934e-05
		(Epoch 02/08) Block Loss: 1.8823e-05
		(Epoch 03/08) Block Loss: 1.8780e-05
		(Epoch 04/08) Block Loss: 1.8756e-05
		(Epoch 05/08) Block Loss: 1.8738e-05
		(Epoch 06/08) Block Loss: 1.8723e-05
		(Epoch 07/08) Block Loss: 1.8712e-05
		(Epoch 08/08) Block Loss: 1.8699e-05
	(1/3) Block 10/28, self_attn.v_proj | Tuning Non-Factorized Weights...
		(Epoch 01/08) Block Loss: 1.8796e-05
		(Epoch 02/08) Block Loss: 1.8368e-05
		(Epoch 03/08) Block Loss: 1.8080e-05
		(Epoch 04/08) Block Loss: 1.7862e-05
		(Epoch 05/08) Block Loss: 1.7679e-05
		(Epoch 06/08) Block Loss: 1.7569e-05
		(Epoch 07/08) Block Loss: 1.7505e-05
		(Epoch 08/08) Block Loss: 1.7480e-05
	(2/3) Block 10/28, self_attn.v_proj | Initialization via ADMM...
		ADMM weight recon error: raw=289.6908, norm=0.3695, per_el=2.7627e-04, out_err=0.2114, ADMM time=28.25s
	(3/3) Block 10/28, self_attn.v_proj | Tuning Factorized Weights...
		(Epoch 01/08) Block Loss: 1.9900e-05
		(Epoch 02/08) Block Loss: 1.9612e-05
		(Epoch 03/08) Block Loss: 1.9518e-05
		(Epoch 04/08) Block Loss: 1.9473e-05
		(Epoch 05/08) Block Loss: 1.9456e-05
		(Epoch 06/08) Block Loss: 1.9433e-05
		(Epoch 07/08) Block Loss: 1.9424e-05
		(Epoch 08/08) Block Loss: 1.9389e-05
	(1/3) Block 10/28, self_attn.o_proj | Tuning Non-Factorized Weights...
		(Epoch 01/08) Block Loss: 1.9007e-05
		(Epoch 02/08) Block Loss: 1.8473e-05
		(Epoch 03/08) Block Loss: 1.8195e-05
		(Epoch 04/08) Block Loss: 1.7990e-05
		(Epoch 05/08) Block Loss: 1.7848e-05
		(Epoch 06/08) Block Loss: 1.7757e-05
		(Epoch 07/08) Block Loss: 1.7703e-05
		(Epoch 08/08) Block Loss: 1.7681e-05
	(2/3) Block 10/28, self_attn.o_proj | Initialization via ADMM...
		ADMM weight recon error: raw=439.7274, norm=0.3233, per_el=2.0968e-04, out_err=0.1265, ADMM time=13.24s
	(3/3) Block 10/28, self_attn.o_proj | Tuning Factorized Weights...
		(Epoch 01/08) Block Loss: 1.9426e-05
		(Epoch 02/08) Block Loss: 1.9364e-05
		(Epoch 03/08) Block Loss: 1.9381e-05
		(Epoch 04/08) Block Loss: 1.9438e-05
		(Epoch 05/08) Block Loss: 1.9471e-05
		(Epoch 06/08) Block Loss: 1.9381e-05
		(Epoch 07/08) Block Loss: 1.9403e-05
		(Epoch 08/08) Block Loss: 1.9293e-05
	(1/3) Block 10/28, self_attn.k_proj | Tuning Non-Factorized Weights...
		(Epoch 01/08) Block Loss: 1.8978e-05
		(Epoch 02/08) Block Loss: 1.8558e-05
		(Epoch 03/08) Block Loss: 1.8346e-05
		(Epoch 04/08) Block Loss: 1.8199e-05
		(Epoch 05/08) Block Loss: 1.8090e-05
		(Epoch 06/08) Block Loss: 1.8019e-05
		(Epoch 07/08) Block Loss: 1.7977e-05
		(Epoch 08/08) Block Loss: 1.7959e-05
	(2/3) Block 10/28, self_attn.k_proj | Initialization via ADMM...
		ADMM weight recon error: raw=230.4480, norm=0.2985, per_el=2.1977e-04, out_err=0.0607, ADMM time=20.21s
	(3/3) Block 10/28, self_attn.k_proj | Tuning Factorized Weights...
		(Epoch 01/08) Block Loss: 1.8288e-05
		(Epoch 02/08) Block Loss: 1.8182e-05
		(Epoch 03/08) Block Loss: 1.8154e-05
		(Epoch 04/08) Block Loss: 1.8144e-05
		(Epoch 05/08) Block Loss: 1.8136e-05
		(Epoch 06/08) Block Loss: 1.8132e-05
		(Epoch 07/08) Block Loss: 1.8128e-05
		(Epoch 08/08) Block Loss: 1.8123e-05
	(1/3) Block 10/28, mlp.gate_proj | Tuning Non-Factorized Weights...
		(Epoch 01/08) Block Loss: 1.8216e-05
		(Epoch 02/08) Block Loss: 1.8030e-05
		(Epoch 03/08) Block Loss: 1.7911e-05
		(Epoch 04/08) Block Loss: 1.7824e-05
		(Epoch 05/08) Block Loss: 1.7750e-05
		(Epoch 06/08) Block Loss: 1.7700e-05
		(Epoch 07/08) Block Loss: 1.7667e-05
		(Epoch 08/08) Block Loss: 1.7653e-05
	(2/3) Block 10/28, mlp.gate_proj | Initialization via ADMM...
		ADMM weight recon error: raw=1181.8837, norm=0.3254, per_el=3.7571e-04, out_err=0.0448, ADMM time=12.41s
	(3/3) Block 10/28, mlp.gate_proj | Tuning Factorized Weights...
		(Epoch 01/08) Block Loss: 1.9837e-05
		(Epoch 02/08) Block Loss: 1.9628e-05
		(Epoch 03/08) Block Loss: 1.9604e-05
		(Epoch 04/08) Block Loss: 1.9621e-05
		(Epoch 05/08) Block Loss: 1.9634e-05
		(Epoch 06/08) Block Loss: 1.9597e-05
		(Epoch 07/08) Block Loss: 1.9575e-05
		(Epoch 08/08) Block Loss: 1.9466e-05
	(1/3) Block 10/28, mlp.up_proj | Tuning Non-Factorized Weights...
		(Epoch 01/08) Block Loss: 1.9207e-05
		(Epoch 02/08) Block Loss: 1.8948e-05
		(Epoch 03/08) Block Loss: 1.8815e-05
		(Epoch 04/08) Block Loss: 1.8730e-05
		(Epoch 05/08) Block Loss: 1.8663e-05
		(Epoch 06/08) Block Loss: 1.8619e-05
		(Epoch 07/08) Block Loss: 1.8592e-05
		(Epoch 08/08) Block Loss: 1.8580e-05
	(2/3) Block 10/28, mlp.up_proj | Initialization via ADMM...
		ADMM weight recon error: raw=854.6233, norm=0.3561, per_el=2.7168e-04, out_err=0.1446, ADMM time=9.03s
	(3/3) Block 10/28, mlp.up_proj | Tuning Factorized Weights...
		(Epoch 01/08) Block Loss: 2.2547e-05
		(Epoch 02/08) Block Loss: 2.2274e-05
		(Epoch 03/08) Block Loss: 2.2262e-05
		(Epoch 04/08) Block Loss: 2.2355e-05
		(Epoch 05/08) Block Loss: 2.2374e-05
		(Epoch 06/08) Block Loss: 2.2229e-05
		(Epoch 07/08) Block Loss: 2.2242e-05
		(Epoch 08/08) Block Loss: 2.1991e-05
	(1/3) Block 10/28, mlp.down_proj | Tuning Non-Factorized Weights...
		(Epoch 01/08) Block Loss: 2.1461e-05
Token indices sequence length is longer than the specified maximum sequence length for this model (299078 > 131072). Running this sequence through the model will result in indexing errors
Compressing Layers:  32%|█████████████████████████████████▊                                                                       | 9/28 [42:35<1:29:55, 283.98s/it]
Token indices sequence length is longer than the specified maximum sequence length for this model (299078 > 131072). Running this sequence through the model will result in indexing errors
		(Epoch 02/08) Block Loss: 2.1113e-05
		(Epoch 03/08) Block Loss: 2.0934e-05
		(Epoch 04/08) Block Loss: 2.0827e-05
		(Epoch 05/08) Block Loss: 2.0754e-05
		(Epoch 06/08) Block Loss: 2.0711e-05
		(Epoch 07/08) Block Loss: 2.0687e-05
		(Epoch 08/08) Block Loss: 2.0678e-05
	(2/3) Block 10/28, mlp.down_proj | Initialization via ADMM...
		ADMM weight recon error: raw=701.8646, norm=0.3374, per_el=2.2312e-04, out_err=0.1802, ADMM time=11.91s
	(3/3) Block 10/28, mlp.down_proj | Tuning Factorized Weights...
		(Epoch 01/08) Block Loss: 2.5139e-05
		(Epoch 02/08) Block Loss: 2.5165e-05
		(Epoch 03/08) Block Loss: 2.5401e-05
		(Epoch 04/08) Block Loss: 2.5740e-05
		(Epoch 05/08) Block Loss: 2.5628e-05
		(Epoch 06/08) Block Loss: 2.5562e-05
		(Epoch 07/08) Block Loss: 2.5540e-05
		(Epoch 08/08) Block Loss: 2.5213e-05
		Block 9: relative block output error = 0.0038
Using sequence length: 2048 (model max: 2048)
		Block 9: Test Data PPL        = 22.221
Stopping after block 9 (block_indices=[0, 1, 2, 3, 4, 5, 6, 7, 8, 9])
mean weight err 0.3363 | mean out err 0.1096
Using sequence length: 2048 (model max: 2048)
Evaluating perplexity on wikitext2 - num_samples=146, seqlen=2048
Evaluating PPL for wikitext2 (PPL: N/A):   0%|                                                                                              | 0/146 [00:00<?, ?it/s]Evaluating PPL for wikitext2 (PPL: 1061294.5000):   0%|                                                                                     | 0/146 [00:00<?, ?it/s]Evaluating PPL for wikitext2 (PPL: 1061294.5000):   1%|▌                                                                            | 1/146 [00:00<00:18,  7.87it/s]Evaluating PPL for wikitext2 (PPL: 4474.9482):   1%|▌                                                                               | 1/146 [00:00<00:18,  7.87it/s]Evaluating PPL for wikitext2 (PPL: 4474.9482):   1%|█                                                                               | 2/146 [00:00<00:17,  8.32it/s]Evaluating PPL for wikitext2 (PPL: 810.7153):   1%|█                                                                                | 2/146 [00:00<00:17,  8.32it/s]Evaluating PPL for wikitext2 (PPL: 810.7153):   2%|█▋                                                                               | 3/146 [00:00<00:16,  8.50it/s]Evaluating PPL for wikitext2 (PPL: 326.7066):   2%|█▋                                                                               | 3/146 [00:00<00:16,  8.50it/s]Evaluating PPL for wikitext2 (PPL: 326.7066):   3%|██▏                                                                              | 4/146 [00:00<00:17,  8.29it/s]Evaluating PPL for wikitext2 (PPL: 179.5808):   3%|██▏                                                                              | 4/146 [00:00<00:17,  8.29it/s]Evaluating PPL for wikitext2 (PPL: 179.5808):   3%|██▊                                                                              | 5/146 [00:00<00:16,  8.44it/s]Evaluating PPL for wikitext2 (PPL: 110.2913):   3%|██▊                                                                              | 5/146 [00:00<00:16,  8.44it/s]Evaluating PPL for wikitext2 (PPL: 110.2913):   4%|███▎                                                                             | 6/146 [00:00<00:16,  8.24it/s]Evaluating PPL for wikitext2 (PPL: 293.8401):   4%|███▎                                                                             | 6/146 [00:00<00:16,  8.24it/s]Evaluating PPL for wikitext2 (PPL: 293.8401):   5%|███▉                                                                             | 7/146 [00:00<00:17,  8.07it/s]Evaluating PPL for wikitext2 (PPL: 201.6716):   5%|███▉                                                                             | 7/146 [00:00<00:17,  8.07it/s]Evaluating PPL for wikitext2 (PPL: 201.6716):   5%|████▍                                                                            | 8/146 [00:00<00:17,  7.97it/s]Evaluating PPL for wikitext2 (PPL: 171.1193):   5%|████▍                                                                            | 8/146 [00:01<00:17,  7.97it/s]Evaluating PPL for wikitext2 (PPL: 171.1193):   6%|████▉                                                                            | 9/146 [00:01<00:17,  7.90it/s]Evaluating PPL for wikitext2 (PPL: 138.1203):   6%|████▉                                                                            | 9/146 [00:01<00:17,  7.90it/s]Evaluating PPL for wikitext2 (PPL: 138.1203):   7%|█████▍                                                                          | 10/146 [00:01<00:16,  8.04it/s]Evaluating PPL for wikitext2 (PPL: 113.1476):   7%|█████▍                                                                          | 10/146 [00:01<00:16,  8.04it/s]Evaluating PPL for wikitext2 (PPL: 113.1476):   8%|██████                                                                          | 11/146 [00:01<00:17,  7.94it/s]Evaluating PPL for wikitext2 (PPL: 96.0726):   8%|██████                                                                           | 11/146 [00:01<00:17,  7.94it/s]Evaluating PPL for wikitext2 (PPL: 96.0726):   8%|██████▋                                                                          | 12/146 [00:01<00:16,  8.04it/s]Evaluating PPL for wikitext2 (PPL: 82.5547):   8%|██████▋                                                                          | 12/146 [00:01<00:16,  8.04it/s]Evaluating PPL for wikitext2 (PPL: 82.5547):   9%|███████▏                                                                         | 13/146 [00:01<00:15,  8.36it/s]Evaluating PPL for wikitext2 (PPL: 73.5519):   9%|███████▏                                                                         | 13/146 [00:01<00:15,  8.36it/s]Evaluating PPL for wikitext2 (PPL: 73.5519):  10%|███████▊                                                                         | 14/146 [00:01<00:15,  8.55it/s]Evaluating PPL for wikitext2 (PPL: 66.5476):  10%|███████▊                                                                         | 14/146 [00:01<00:15,  8.55it/s]Evaluating PPL for wikitext2 (PPL: 66.5476):  10%|████████▎                                                                        | 15/146 [00:01<00:15,  8.53it/s]Evaluating PPL for wikitext2 (PPL: 61.3863):  10%|████████▎                                                                        | 15/146 [00:01<00:15,  8.53it/s]Evaluating PPL for wikitext2 (PPL: 61.3863):  11%|████████▉                                                                        | 16/146 [00:01<00:15,  8.65it/s]Evaluating PPL for wikitext2 (PPL: 58.1194):  11%|████████▉                                                                        | 16/146 [00:02<00:15,  8.65it/s]Evaluating PPL for wikitext2 (PPL: 58.1194):  12%|█████████▍                                                                       | 17/146 [00:02<00:14,  8.97it/s]Evaluating PPL for wikitext2 (PPL: 54.2203):  12%|█████████▍                                                                       | 17/146 [00:02<00:14,  8.97it/s]Evaluating PPL for wikitext2 (PPL: 54.2203):  12%|█████████▉                                                                       | 18/146 [00:02<00:14,  8.92it/s]Evaluating PPL for wikitext2 (PPL: 50.3706):  12%|█████████▉                                                                       | 18/146 [00:02<00:14,  8.92it/s]Evaluating PPL for wikitext2 (PPL: 50.3706):  13%|██████████▌                                                                      | 19/146 [00:02<00:14,  8.84it/s]Evaluating PPL for wikitext2 (PPL: 47.5099):  13%|██████████▌                                                                      | 19/146 [00:02<00:14,  8.84it/s]Evaluating PPL for wikitext2 (PPL: 47.5099):  14%|███████████                                                                      | 20/146 [00:02<00:14,  8.85it/s]Evaluating PPL for wikitext2 (PPL: 44.9948):  14%|███████████                                                                      | 20/146 [00:02<00:14,  8.85it/s]Evaluating PPL for wikitext2 (PPL: 44.9948):  14%|███████████▋                                                                     | 21/146 [00:02<00:13,  9.14it/s]Evaluating PPL for wikitext2 (PPL: 43.5913):  14%|███████████▋                                                                     | 21/146 [00:02<00:13,  9.14it/s]Evaluating PPL for wikitext2 (PPL: 43.5913):  15%|████████████▏                                                                    | 22/146 [00:02<00:13,  9.08it/s]Evaluating PPL for wikitext2 (PPL: 41.7482):  15%|████████████▏                                                                    | 22/146 [00:02<00:13,  9.08it/s]Evaluating PPL for wikitext2 (PPL: 41.7482):  16%|████████████▊                                                                    | 23/146 [00:02<00:13,  9.10it/s]Evaluating PPL for wikitext2 (PPL: 40.3631):  16%|████████████▊                                                                    | 23/146 [00:02<00:13,  9.10it/s]Evaluating PPL for wikitext2 (PPL: 40.3631):  16%|█████████████▎                                                                   | 24/146 [00:02<00:13,  8.93it/s]Evaluating PPL for wikitext2 (PPL: 39.1050):  16%|█████████████▎                                                                   | 24/146 [00:02<00:13,  8.93it/s]Evaluating PPL for wikitext2 (PPL: 39.1050):  17%|█████████████▊                                                                   | 25/146 [00:02<00:13,  8.83it/s]Evaluating PPL for wikitext2 (PPL: 38.1157):  17%|█████████████▊                                                                   | 25/146 [00:03<00:13,  8.83it/s]Evaluating PPL for wikitext2 (PPL: 38.1157):  18%|██████████████▍                                                                  | 26/146 [00:03<00:13,  8.85it/s]Evaluating PPL for wikitext2 (PPL: 37.2435):  18%|██████████████▍                                                                  | 26/146 [00:03<00:13,  8.85it/s]Evaluating PPL for wikitext2 (PPL: 37.2435):  18%|██████████████▉                                                                  | 27/146 [00:03<00:13,  8.85it/s]Evaluating PPL for wikitext2 (PPL: 36.9223):  18%|██████████████▉                                                                  | 27/146 [00:03<00:13,  8.85it/s]Evaluating PPL for wikitext2 (PPL: 36.9223):  19%|███████████████▌                                                                 | 28/146 [00:03<00:13,  8.82it/s]Evaluating PPL for wikitext2 (PPL: 36.2528):  19%|███████████████▌                                                                 | 28/146 [00:03<00:13,  8.82it/s]Evaluating PPL for wikitext2 (PPL: 36.2528):  20%|████████████████                                                                 | 29/146 [00:03<00:13,  8.75it/s]Evaluating PPL for wikitext2 (PPL: 35.1046):  20%|████████████████                                                                 | 29/146 [00:03<00:13,  8.75it/s]Evaluating PPL for wikitext2 (PPL: 35.1046):  21%|████████████████▋                                                                | 30/146 [00:03<00:13,  8.76it/s]Evaluating PPL for wikitext2 (PPL: 33.9949):  21%|████████████████▋                                                                | 30/146 [00:03<00:13,  8.76it/s]Evaluating PPL for wikitext2 (PPL: 33.3915):  21%|████████████████▋                                                                | 30/146 [00:03<00:13,  8.76it/s]Evaluating PPL for wikitext2 (PPL: 33.3915):  22%|█████████████████▊                                                               | 32/146 [00:03<00:12,  9.30it/s]Evaluating PPL for wikitext2 (PPL: 32.2489):  22%|█████████████████▊                                                               | 32/146 [00:03<00:12,  9.30it/s]Evaluating PPL for wikitext2 (PPL: 31.6280):  22%|█████████████████▊                                                               | 32/146 [00:03<00:12,  9.30it/s]Evaluating PPL for wikitext2 (PPL: 31.6280):  23%|██████████████████▊                                                              | 34/146 [00:03<00:12,  9.24it/s]Evaluating PPL for wikitext2 (PPL: 30.9567):  23%|██████████████████▊                                                              | 34/146 [00:04<00:12,  9.24it/s]Evaluating PPL for wikitext2 (PPL: 30.9567):  24%|███████████████████▍                                                             | 35/146 [00:04<00:12,  9.02it/s]Evaluating PPL for wikitext2 (PPL: 30.3884):  24%|███████████████████▍                                                             | 35/146 [00:04<00:12,  9.02it/s]Evaluating PPL for wikitext2 (PPL: 30.3884):  25%|███████████████████▉                                                             | 36/146 [00:04<00:12,  8.78it/s]Evaluating PPL for wikitext2 (PPL: 29.4473):  25%|███████████████████▉                                                             | 36/146 [00:04<00:12,  8.78it/s]Evaluating PPL for wikitext2 (PPL: 29.4473):  25%|████████████████████▌                                                            | 37/146 [00:04<00:12,  8.94it/s]Evaluating PPL for wikitext2 (PPL: 28.9135):  25%|████████████████████▌                                                            | 37/146 [00:04<00:12,  8.94it/s]Evaluating PPL for wikitext2 (PPL: 28.9135):  26%|█████████████████████                                                            | 38/146 [00:04<00:12,  8.77it/s]Evaluating PPL for wikitext2 (PPL: 28.1893):  26%|█████████████████████                                                            | 38/146 [00:04<00:12,  8.77it/s]Evaluating PPL for wikitext2 (PPL: 28.1893):  27%|█████████████████████▋                                                           | 39/146 [00:04<00:12,  8.56it/s]Evaluating PPL for wikitext2 (PPL: 27.3573):  27%|█████████████████████▋                                                           | 39/146 [00:04<00:12,  8.56it/s]Evaluating PPL for wikitext2 (PPL: 27.3573):  27%|██████████████████████▏                                                          | 40/146 [00:04<00:12,  8.48it/s]Evaluating PPL for wikitext2 (PPL: 27.1416):  27%|██████████████████████▏                                                          | 40/146 [00:04<00:12,  8.48it/s]Evaluating PPL for wikitext2 (PPL: 27.1416):  28%|██████████████████████▋                                                          | 41/146 [00:04<00:12,  8.39it/s]Evaluating PPL for wikitext2 (PPL: 26.7778):  28%|██████████████████████▋                                                          | 41/146 [00:04<00:12,  8.39it/s]Evaluating PPL for wikitext2 (PPL: 26.7778):  29%|███████████████████████▎                                                         | 42/146 [00:04<00:12,  8.34it/s]Evaluating PPL for wikitext2 (PPL: 26.8323):  29%|███████████████████████▎                                                         | 42/146 [00:04<00:12,  8.34it/s]Evaluating PPL for wikitext2 (PPL: 26.8323):  29%|███████████████████████▊                                                         | 43/146 [00:04<00:12,  8.31it/s]Evaluating PPL for wikitext2 (PPL: 26.8654):  29%|███████████████████████▊                                                         | 43/146 [00:05<00:12,  8.31it/s]Evaluating PPL for wikitext2 (PPL: 26.8654):  30%|████████████████████████▍                                                        | 44/146 [00:05<00:12,  8.29it/s]Evaluating PPL for wikitext2 (PPL: 26.8690):  30%|████████████████████████▍                                                        | 44/146 [00:05<00:12,  8.29it/s]Evaluating PPL for wikitext2 (PPL: 26.8690):  31%|████████████████████████▉                                                        | 45/146 [00:05<00:12,  8.26it/s]Evaluating PPL for wikitext2 (PPL: 26.8815):  31%|████████████████████████▉                                                        | 45/146 [00:05<00:12,  8.26it/s]Evaluating PPL for wikitext2 (PPL: 26.8815):  32%|█████████████████████████▌                                                       | 46/146 [00:05<00:12,  8.20it/s]Evaluating PPL for wikitext2 (PPL: 26.7598):  32%|█████████████████████████▌                                                       | 46/146 [00:05<00:12,  8.20it/s]Evaluating PPL for wikitext2 (PPL: 26.7598):  32%|██████████████████████████                                                       | 47/146 [00:05<00:12,  8.21it/s]Evaluating PPL for wikitext2 (PPL: 26.6177):  32%|██████████████████████████                                                       | 47/146 [00:05<00:12,  8.21it/s]Evaluating PPL for wikitext2 (PPL: 26.6177):  33%|██████████████████████████▋                                                      | 48/146 [00:05<00:12,  8.17it/s]Evaluating PPL for wikitext2 (PPL: 26.4567):  33%|██████████████████████████▋                                                      | 48/146 [00:05<00:12,  8.17it/s]Evaluating PPL for wikitext2 (PPL: 26.4567):  34%|███████████████████████████▏                                                     | 49/146 [00:05<00:11,  8.18it/s]Evaluating PPL for wikitext2 (PPL: 26.1066):  34%|███████████████████████████▏                                                     | 49/146 [00:05<00:11,  8.18it/s]Evaluating PPL for wikitext2 (PPL: 26.1066):  34%|███████████████████████████▋                                                     | 50/146 [00:05<00:11,  8.36it/s]Evaluating PPL for wikitext2 (PPL: 26.2045):  34%|███████████████████████████▋                                                     | 50/146 [00:05<00:11,  8.36it/s]Evaluating PPL for wikitext2 (PPL: 25.8214):  34%|███████████████████████████▋                                                     | 50/146 [00:06<00:11,  8.36it/s]Evaluating PPL for wikitext2 (PPL: 25.8214):  36%|████████████████████████████▊                                                    | 52/146 [00:06<00:10,  9.08it/s]Evaluating PPL for wikitext2 (PPL: 25.6085):  36%|████████████████████████████▊                                                    | 52/146 [00:06<00:10,  9.08it/s]Evaluating PPL for wikitext2 (PPL: 25.5083):  36%|████████████████████████████▊                                                    | 52/146 [00:06<00:10,  9.08it/s]Evaluating PPL for wikitext2 (PPL: 25.5083):  37%|█████████████████████████████▉                                                   | 54/146 [00:06<00:09,  9.67it/s]Evaluating PPL for wikitext2 (PPL: 25.0965):  37%|█████████████████████████████▉                                                   | 54/146 [00:06<00:09,  9.67it/s]Evaluating PPL for wikitext2 (PPL: 25.0965):  38%|██████████████████████████████▌                                                  | 55/146 [00:06<00:09,  9.43it/s]Evaluating PPL for wikitext2 (PPL: 24.7125):  38%|██████████████████████████████▌                                                  | 55/146 [00:06<00:09,  9.43it/s]Evaluating PPL for wikitext2 (PPL: 24.7125):  38%|███████████████████████████████                                                  | 56/146 [00:06<00:09,  9.24it/s]Evaluating PPL for wikitext2 (PPL: 24.2743):  38%|███████████████████████████████                                                  | 56/146 [00:06<00:09,  9.24it/s]Evaluating PPL for wikitext2 (PPL: 24.2743):  39%|███████████████████████████████▌                                                 | 57/146 [00:06<00:09,  9.10it/s]Evaluating PPL for wikitext2 (PPL: 23.8393):  39%|███████████████████████████████▌                                                 | 57/146 [00:06<00:09,  9.10it/s]Evaluating PPL for wikitext2 (PPL: 23.8393):  40%|████████████████████████████████▏                                                | 58/146 [00:06<00:09,  9.00it/s]Evaluating PPL for wikitext2 (PPL: 23.5758):  40%|████████████████████████████████▏                                                | 58/146 [00:06<00:09,  9.00it/s]Evaluating PPL for wikitext2 (PPL: 23.5758):  40%|████████████████████████████████▋                                                | 59/146 [00:06<00:09,  8.90it/s]Evaluating PPL for wikitext2 (PPL: 23.3726):  40%|████████████████████████████████▋                                                | 59/146 [00:06<00:09,  8.90it/s]Evaluating PPL for wikitext2 (PPL: 23.3726):  41%|█████████████████████████████████▎                                               | 60/146 [00:06<00:09,  8.86it/s]Evaluating PPL for wikitext2 (PPL: 23.2847):  41%|█████████████████████████████████▎                                               | 60/146 [00:07<00:09,  8.86it/s]Evaluating PPL for wikitext2 (PPL: 23.2847):  42%|█████████████████████████████████▊                                               | 61/146 [00:07<00:09,  8.83it/s]Evaluating PPL for wikitext2 (PPL: 23.2879):  42%|█████████████████████████████████▊                                               | 61/146 [00:07<00:09,  8.83it/s]Evaluating PPL for wikitext2 (PPL: 23.2879):  42%|██████████████████████████████████▍                                              | 62/146 [00:07<00:09,  8.90it/s]Evaluating PPL for wikitext2 (PPL: 23.3083):  42%|██████████████████████████████████▍                                              | 62/146 [00:07<00:09,  8.90it/s]Evaluating PPL for wikitext2 (PPL: 23.3083):  43%|██████████████████████████████████▉                                              | 63/146 [00:07<00:09,  8.90it/s]Evaluating PPL for wikitext2 (PPL: 23.3566):  43%|██████████████████████████████████▉                                              | 63/146 [00:07<00:09,  8.90it/s]Evaluating PPL for wikitext2 (PPL: 23.3566):  44%|███████████████████████████████████▌                                             | 64/146 [00:07<00:09,  9.05it/s]Evaluating PPL for wikitext2 (PPL: 23.1962):  44%|███████████████████████████████████▌                                             | 64/146 [00:07<00:09,  9.05it/s]Evaluating PPL for wikitext2 (PPL: 23.0527):  44%|███████████████████████████████████▌                                             | 64/146 [00:07<00:09,  9.05it/s]Evaluating PPL for wikitext2 (PPL: 23.0527):  45%|████████████████████████████████████▌                                            | 66/146 [00:07<00:08,  9.67it/s]Evaluating PPL for wikitext2 (PPL: 23.0268):  45%|████████████████████████████████████▌                                            | 66/146 [00:07<00:08,  9.67it/s]Evaluating PPL for wikitext2 (PPL: 23.0268):  46%|█████████████████████████████████████▏                                           | 67/146 [00:07<00:08,  9.64it/s]Evaluating PPL for wikitext2 (PPL: 23.4177):  46%|█████████████████████████████████████▏                                           | 67/146 [00:07<00:08,  9.64it/s]Evaluating PPL for wikitext2 (PPL: 23.4177):  47%|█████████████████████████████████████▋                                           | 68/146 [00:07<00:08,  9.23it/s]Evaluating PPL for wikitext2 (PPL: 23.3023):  47%|█████████████████████████████████████▋                                           | 68/146 [00:07<00:08,  9.23it/s]Evaluating PPL for wikitext2 (PPL: 23.3023):  47%|██████████████████████████████████████▎                                          | 69/146 [00:07<00:08,  8.98it/s]Evaluating PPL for wikitext2 (PPL: 23.1855):  47%|██████████████████████████████████████▎                                          | 69/146 [00:07<00:08,  8.98it/s]Evaluating PPL for wikitext2 (PPL: 23.1855):  48%|██████████████████████████████████████▊                                          | 70/146 [00:07<00:08,  9.19it/s]Evaluating PPL for wikitext2 (PPL: 23.0168):  48%|██████████████████████████████████████▊                                          | 70/146 [00:08<00:08,  9.19it/s]Evaluating PPL for wikitext2 (PPL: 23.0168):  49%|███████████████████████████████████████▍                                         | 71/146 [00:08<00:08,  8.91it/s]Evaluating PPL for wikitext2 (PPL: 22.9633):  49%|███████████████████████████████████████▍                                         | 71/146 [00:08<00:08,  8.91it/s]Evaluating PPL for wikitext2 (PPL: 22.9633):  49%|███████████████████████████████████████▉                                         | 72/146 [00:08<00:08,  8.69it/s]Evaluating PPL for wikitext2 (PPL: 22.9458):  49%|███████████████████████████████████████▉                                         | 72/146 [00:08<00:08,  8.69it/s]Evaluating PPL for wikitext2 (PPL: 22.9458):  50%|████████████████████████████████████████▌                                        | 73/146 [00:08<00:08,  8.57it/s]Evaluating PPL for wikitext2 (PPL: 22.9869):  50%|████████████████████████████████████████▌                                        | 73/146 [00:08<00:08,  8.57it/s]Evaluating PPL for wikitext2 (PPL: 22.9869):  51%|█████████████████████████████████████████                                        | 74/146 [00:08<00:08,  8.50it/s]Evaluating PPL for wikitext2 (PPL: 22.9360):  51%|█████████████████████████████████████████                                        | 74/146 [00:08<00:08,  8.50it/s]Evaluating PPL for wikitext2 (PPL: 22.9360):  51%|█████████████████████████████████████████▌                                       | 75/146 [00:08<00:08,  8.42it/s]Evaluating PPL for wikitext2 (PPL: 22.8960):  51%|█████████████████████████████████████████▌                                       | 75/146 [00:08<00:08,  8.42it/s]Evaluating PPL for wikitext2 (PPL: 22.8960):  52%|██████████████████████████████████████████▏                                      | 76/146 [00:08<00:08,  8.38it/s]Evaluating PPL for wikitext2 (PPL: 22.7691):  52%|██████████████████████████████████████████▏                                      | 76/146 [00:08<00:08,  8.38it/s]Evaluating PPL for wikitext2 (PPL: 22.7691):  53%|██████████████████████████████████████████▋                                      | 77/146 [00:08<00:07,  8.74it/s]Evaluating PPL for wikitext2 (PPL: 22.6281):  53%|██████████████████████████████████████████▋                                      | 77/146 [00:08<00:07,  8.74it/s]Evaluating PPL for wikitext2 (PPL: 22.5538):  53%|██████████████████████████████████████████▋                                      | 77/146 [00:09<00:07,  8.74it/s]Evaluating PPL for wikitext2 (PPL: 22.5538):  54%|███████████████████████████████████████████▊                                     | 79/146 [00:09<00:06,  9.85it/s]Evaluating PPL for wikitext2 (PPL: 22.5696):  54%|███████████████████████████████████████████▊                                     | 79/146 [00:09<00:06,  9.85it/s]Evaluating PPL for wikitext2 (PPL: 22.4893):  54%|███████████████████████████████████████████▊                                     | 79/146 [00:09<00:06,  9.85it/s]Evaluating PPL for wikitext2 (PPL: 22.4893):  55%|████████████████████████████████████████████▉                                    | 81/146 [00:09<00:06,  9.84it/s]Evaluating PPL for wikitext2 (PPL: 22.3900):  55%|████████████████████████████████████████████▉                                    | 81/146 [00:09<00:06,  9.84it/s]Evaluating PPL for wikitext2 (PPL: 22.3900):  56%|█████████████████████████████████████████████▍                                   | 82/146 [00:09<00:06,  9.55it/s]Evaluating PPL for wikitext2 (PPL: 22.1262):  56%|█████████████████████████████████████████████▍                                   | 82/146 [00:09<00:06,  9.55it/s]Evaluating PPL for wikitext2 (PPL: 22.1262):  57%|██████████████████████████████████████████████                                   | 83/146 [00:09<00:06,  9.59it/s]Evaluating PPL for wikitext2 (PPL: 21.9369):  57%|██████████████████████████████████████████████                                   | 83/146 [00:09<00:06,  9.59it/s]Evaluating PPL for wikitext2 (PPL: 21.9369):  58%|██████████████████████████████████████████████▌                                  | 84/146 [00:09<00:06,  9.49it/s]Evaluating PPL for wikitext2 (PPL: 21.8538):  58%|██████████████████████████████████████████████▌                                  | 84/146 [00:09<00:06,  9.49it/s]Evaluating PPL for wikitext2 (PPL: 21.8538):  58%|███████████████████████████████████████████████▏                                 | 85/146 [00:09<00:06,  9.25it/s]Evaluating PPL for wikitext2 (PPL: 21.8046):  58%|███████████████████████████████████████████████▏                                 | 85/146 [00:09<00:06,  9.25it/s]Evaluating PPL for wikitext2 (PPL: 21.8046):  59%|███████████████████████████████████████████████▋                                 | 86/146 [00:09<00:06,  9.26it/s]Evaluating PPL for wikitext2 (PPL: 21.7293):  59%|███████████████████████████████████████████████▋                                 | 86/146 [00:09<00:06,  9.26it/s]Evaluating PPL for wikitext2 (PPL: 22.1303):  59%|███████████████████████████████████████████████▋                                 | 86/146 [00:09<00:06,  9.26it/s]Evaluating PPL for wikitext2 (PPL: 22.1303):  60%|████████████████████████████████████████████████▊                                | 88/146 [00:09<00:06,  9.54it/s]Evaluating PPL for wikitext2 (PPL: 22.1800):  60%|████████████████████████████████████████████████▊                                | 88/146 [00:10<00:06,  9.54it/s]Evaluating PPL for wikitext2 (PPL: 22.1800):  61%|█████████████████████████████████████████████████▍                               | 89/146 [00:10<00:06,  9.37it/s]Evaluating PPL for wikitext2 (PPL: 22.1325):  61%|█████████████████████████████████████████████████▍                               | 89/146 [00:10<00:06,  9.37it/s]Evaluating PPL for wikitext2 (PPL: 22.1325):  62%|█████████████████████████████████████████████████▉                               | 90/146 [00:10<00:06,  9.21it/s]Evaluating PPL for wikitext2 (PPL: 22.1507):  62%|█████████████████████████████████████████████████▉                               | 90/146 [00:10<00:06,  9.21it/s]Evaluating PPL for wikitext2 (PPL: 22.1507):  62%|██████████████████████████████████████████████████▍                              | 91/146 [00:10<00:06,  9.09it/s]Evaluating PPL for wikitext2 (PPL: 22.2553):  62%|██████████████████████████████████████████████████▍                              | 91/146 [00:10<00:06,  9.09it/s]Evaluating PPL for wikitext2 (PPL: 22.2553):  63%|███████████████████████████████████████████████████                              | 92/146 [00:10<00:05,  9.13it/s]Evaluating PPL for wikitext2 (PPL: 22.3920):  63%|███████████████████████████████████████████████████                              | 92/146 [00:10<00:05,  9.13it/s]Evaluating PPL for wikitext2 (PPL: 22.4182):  63%|███████████████████████████████████████████████████                              | 92/146 [00:10<00:05,  9.13it/s]Evaluating PPL for wikitext2 (PPL: 22.4182):  64%|████████████████████████████████████████████████████▏                            | 94/146 [00:10<00:05,  9.27it/s]Evaluating PPL for wikitext2 (PPL: 23.0803):  64%|████████████████████████████████████████████████████▏                            | 94/146 [00:10<00:05,  9.27it/s]Evaluating PPL for wikitext2 (PPL: 23.0803):  65%|████████████████████████████████████████████████████▋                            | 95/146 [00:10<00:05,  9.00it/s]Evaluating PPL for wikitext2 (PPL: 23.1334):  65%|████████████████████████████████████████████████████▋                            | 95/146 [00:10<00:05,  9.00it/s]Evaluating PPL for wikitext2 (PPL: 23.1334):  66%|█████████████████████████████████████████████████████▎                           | 96/146 [00:10<00:05,  8.84it/s]Evaluating PPL for wikitext2 (PPL: 23.0662):  66%|█████████████████████████████████████████████████████▎                           | 96/146 [00:10<00:05,  8.84it/s]Evaluating PPL for wikitext2 (PPL: 23.0662):  66%|█████████████████████████████████████████████████████▊                           | 97/146 [00:10<00:05,  8.72it/s]Evaluating PPL for wikitext2 (PPL: 23.0925):  66%|█████████████████████████████████████████████████████▊                           | 97/146 [00:11<00:05,  8.72it/s]Evaluating PPL for wikitext2 (PPL: 23.0925):  67%|██████████████████████████████████████████████████████▎                          | 98/146 [00:11<00:05,  8.97it/s]Evaluating PPL for wikitext2 (PPL: 23.0200):  67%|██████████████████████████████████████████████████████▎                          | 98/146 [00:11<00:05,  8.97it/s]Evaluating PPL for wikitext2 (PPL: 22.9994):  67%|██████████████████████████████████████████████████████▎                          | 98/146 [00:11<00:05,  8.97it/s]Evaluating PPL for wikitext2 (PPL: 22.9994):  68%|██████████████████████████████████████████████████████▊                         | 100/146 [00:11<00:04,  9.34it/s]Evaluating PPL for wikitext2 (PPL: 22.9473):  68%|██████████████████████████████████████████████████████▊                         | 100/146 [00:11<00:04,  9.34it/s]Evaluating PPL for wikitext2 (PPL: 22.9473):  69%|███████████████████████████████████████████████████████▎                        | 101/146 [00:11<00:04,  9.08it/s]Evaluating PPL for wikitext2 (PPL: 22.8752):  69%|███████████████████████████████████████████████████████▎                        | 101/146 [00:11<00:04,  9.08it/s]Evaluating PPL for wikitext2 (PPL: 22.8752):  70%|███████████████████████████████████████████████████████▉                        | 102/146 [00:11<00:04,  8.91it/s]Evaluating PPL for wikitext2 (PPL: 22.8498):  70%|███████████████████████████████████████████████████████▉                        | 102/146 [00:11<00:04,  8.91it/s]Evaluating PPL for wikitext2 (PPL: 22.8498):  71%|████████████████████████████████████████████████████████▍                       | 103/146 [00:11<00:04,  9.04it/s]Evaluating PPL for wikitext2 (PPL: 22.8078):  71%|████████████████████████████████████████████████████████▍                       | 103/146 [00:11<00:04,  9.04it/s]Evaluating PPL for wikitext2 (PPL: 22.8078):  71%|████████████████████████████████████████████████████████▉                       | 104/146 [00:11<00:04,  9.27it/s]Evaluating PPL for wikitext2 (PPL: 22.8040):  71%|████████████████████████████████████████████████████████▉                       | 104/146 [00:11<00:04,  9.27it/s]Evaluating PPL for wikitext2 (PPL: 22.8040):  72%|█████████████████████████████████████████████████████████▌                      | 105/146 [00:11<00:04,  9.29it/s]Evaluating PPL for wikitext2 (PPL: 22.7767):  72%|█████████████████████████████████████████████████████████▌                      | 105/146 [00:11<00:04,  9.29it/s]Evaluating PPL for wikitext2 (PPL: 22.7767):  73%|██████████████████████████████████████████████████████████                      | 106/146 [00:11<00:04,  9.21it/s]Evaluating PPL for wikitext2 (PPL: 22.7998):  73%|██████████████████████████████████████████████████████████                      | 106/146 [00:12<00:04,  9.21it/s]Evaluating PPL for wikitext2 (PPL: 22.7998):  73%|██████████████████████████████████████████████████████████▋                     | 107/146 [00:12<00:04,  8.92it/s]Evaluating PPL for wikitext2 (PPL: 22.7533):  73%|██████████████████████████████████████████████████████████▋                     | 107/146 [00:12<00:04,  8.92it/s]Evaluating PPL for wikitext2 (PPL: 22.7533):  74%|███████████████████████████████████████████████████████████▏                    | 108/146 [00:12<00:04,  8.74it/s]Evaluating PPL for wikitext2 (PPL: 22.6980):  74%|███████████████████████████████████████████████████████████▏                    | 108/146 [00:12<00:04,  8.74it/s]Evaluating PPL for wikitext2 (PPL: 22.6980):  75%|███████████████████████████████████████████████████████████▋                    | 109/146 [00:12<00:04,  8.60it/s]Evaluating PPL for wikitext2 (PPL: 22.6535):  75%|███████████████████████████████████████████████████████████▋                    | 109/146 [00:12<00:04,  8.60it/s]Evaluating PPL for wikitext2 (PPL: 22.6535):  75%|████████████████████████████████████████████████████████████▎                   | 110/146 [00:12<00:04,  8.52it/s]Evaluating PPL for wikitext2 (PPL: 22.6417):  75%|████████████████████████████████████████████████████████████▎                   | 110/146 [00:12<00:04,  8.52it/s]Evaluating PPL for wikitext2 (PPL: 22.6417):  76%|████████████████████████████████████████████████████████████▊                   | 111/146 [00:12<00:04,  8.50it/s]Evaluating PPL for wikitext2 (PPL: 22.5513):  76%|████████████████████████████████████████████████████████████▊                   | 111/146 [00:12<00:04,  8.50it/s]Evaluating PPL for wikitext2 (PPL: 22.5513):  77%|█████████████████████████████████████████████████████████████▎                  | 112/146 [00:12<00:04,  8.48it/s]Evaluating PPL for wikitext2 (PPL: 22.4971):  77%|█████████████████████████████████████████████████████████████▎                  | 112/146 [00:12<00:04,  8.48it/s]Evaluating PPL for wikitext2 (PPL: 22.4971):  77%|█████████████████████████████████████████████████████████████▉                  | 113/146 [00:12<00:03,  8.42it/s]Evaluating PPL for wikitext2 (PPL: 22.4255):  77%|█████████████████████████████████████████████████████████████▉                  | 113/146 [00:12<00:03,  8.42it/s]Evaluating PPL for wikitext2 (PPL: 22.4255):  78%|██████████████████████████████████████████████████████████████▍                 | 114/146 [00:12<00:03,  8.39it/s]Evaluating PPL for wikitext2 (PPL: 22.3827):  78%|██████████████████████████████████████████████████████████████▍                 | 114/146 [00:13<00:03,  8.39it/s]Evaluating PPL for wikitext2 (PPL: 22.3827):  79%|███████████████████████████████████████████████████████████████                 | 115/146 [00:13<00:03,  8.41it/s]Evaluating PPL for wikitext2 (PPL: 22.3708):  79%|███████████████████████████████████████████████████████████████                 | 115/146 [00:13<00:03,  8.41it/s]Evaluating PPL for wikitext2 (PPL: 22.3801):  79%|███████████████████████████████████████████████████████████████                 | 115/146 [00:13<00:03,  8.41it/s]Evaluating PPL for wikitext2 (PPL: 22.3801):  80%|████████████████████████████████████████████████████████████████                | 117/146 [00:13<00:03,  9.54it/s]Evaluating PPL for wikitext2 (PPL: 22.3507):  80%|████████████████████████████████████████████████████████████████                | 117/146 [00:13<00:03,  9.54it/s]Evaluating PPL for wikitext2 (PPL: 22.3507):  81%|████████████████████████████████████████████████████████████████▋               | 118/146 [00:13<00:03,  9.21it/s]Evaluating PPL for wikitext2 (PPL: 22.2458):  81%|████████████████████████████████████████████████████████████████▋               | 118/146 [00:13<00:03,  9.21it/s]Evaluating PPL for wikitext2 (PPL: 22.2458):  82%|█████████████████████████████████████████████████████████████████▏              | 119/146 [00:13<00:02,  9.04it/s]Evaluating PPL for wikitext2 (PPL: 22.1546):  82%|█████████████████████████████████████████████████████████████████▏              | 119/146 [00:13<00:02,  9.04it/s]Evaluating PPL for wikitext2 (PPL: 22.1367):  82%|█████████████████████████████████████████████████████████████████▏              | 119/146 [00:13<00:02,  9.04it/s]Evaluating PPL for wikitext2 (PPL: 22.1367):  83%|██████████████████████████████████████████████████████████████████▎             | 121/146 [00:13<00:02,  9.12it/s]Evaluating PPL for wikitext2 (PPL: 22.1134):  83%|██████████████████████████████████████████████████████████████████▎             | 121/146 [00:13<00:02,  9.12it/s]Evaluating PPL for wikitext2 (PPL: 22.1134):  84%|██████████████████████████████████████████████████████████████████▊             | 122/146 [00:13<00:02,  8.94it/s]Evaluating PPL for wikitext2 (PPL: 22.0400):  84%|██████████████████████████████████████████████████████████████████▊             | 122/146 [00:13<00:02,  8.94it/s]Evaluating PPL for wikitext2 (PPL: 22.0400):  84%|███████████████████████████████████████████████████████████████████▍            | 123/146 [00:13<00:02,  8.79it/s]Evaluating PPL for wikitext2 (PPL: 21.9432):  84%|███████████████████████████████████████████████████████████████████▍            | 123/146 [00:14<00:02,  8.79it/s]Evaluating PPL for wikitext2 (PPL: 21.9432):  85%|███████████████████████████████████████████████████████████████████▉            | 124/146 [00:14<00:02,  8.62it/s]Evaluating PPL for wikitext2 (PPL: 22.6520):  85%|███████████████████████████████████████████████████████████████████▉            | 124/146 [00:14<00:02,  8.62it/s]Evaluating PPL for wikitext2 (PPL: 22.6520):  86%|████████████████████████████████████████████████████████████████████▍           | 125/146 [00:14<00:02,  8.50it/s]Evaluating PPL for wikitext2 (PPL: 22.6389):  86%|████████████████████████████████████████████████████████████████████▍           | 125/146 [00:14<00:02,  8.50it/s]Evaluating PPL for wikitext2 (PPL: 22.6389):  86%|█████████████████████████████████████████████████████████████████████           | 126/146 [00:14<00:02,  8.42it/s]Evaluating PPL for wikitext2 (PPL: 22.6120):  86%|█████████████████████████████████████████████████████████████████████           | 126/146 [00:14<00:02,  8.42it/s]Evaluating PPL for wikitext2 (PPL: 22.6120):  87%|█████████████████████████████████████████████████████████████████████▌          | 127/146 [00:14<00:02,  8.31it/s]Evaluating PPL for wikitext2 (PPL: 22.5525):  87%|█████████████████████████████████████████████████████████████████████▌          | 127/146 [00:14<00:02,  8.31it/s]Evaluating PPL for wikitext2 (PPL: 22.5525):  88%|██████████████████████████████████████████████████████████████████████▏         | 128/146 [00:14<00:02,  8.28it/s]Evaluating PPL for wikitext2 (PPL: 22.4396):  88%|██████████████████████████████████████████████████████████████████████▏         | 128/146 [00:14<00:02,  8.28it/s]Evaluating PPL for wikitext2 (PPL: 22.4396):  88%|██████████████████████████████████████████████████████████████████████▋         | 129/146 [00:14<00:02,  8.25it/s]Evaluating PPL for wikitext2 (PPL: 22.3371):  88%|██████████████████████████████████████████████████████████████████████▋         | 129/146 [00:14<00:02,  8.25it/s]Evaluating PPL for wikitext2 (PPL: 22.3371):  89%|███████████████████████████████████████████████████████████████████████▏        | 130/146 [00:14<00:01,  8.30it/s]Evaluating PPL for wikitext2 (PPL: 22.2658):  89%|███████████████████████████████████████████████████████████████████████▏        | 130/146 [00:14<00:01,  8.30it/s]Evaluating PPL for wikitext2 (PPL: 22.2658):  90%|███████████████████████████████████████████████████████████████████████▊        | 131/146 [00:14<00:01,  8.25it/s]Evaluating PPL for wikitext2 (PPL: 22.2643):  90%|███████████████████████████████████████████████████████████████████████▊        | 131/146 [00:14<00:01,  8.25it/s]Evaluating PPL for wikitext2 (PPL: 22.2643):  90%|████████████████████████████████████████████████████████████████████████▎       | 132/146 [00:14<00:01,  8.25it/s]Evaluating PPL for wikitext2 (PPL: 22.1844):  90%|████████████████████████████████████████████████████████████████████████▎       | 132/146 [00:15<00:01,  8.25it/s]Evaluating PPL for wikitext2 (PPL: 22.1844):  91%|████████████████████████████████████████████████████████████████████████▉       | 133/146 [00:15<00:01,  8.56it/s]Evaluating PPL for wikitext2 (PPL: 22.1112):  91%|████████████████████████████████████████████████████████████████████████▉       | 133/146 [00:15<00:01,  8.56it/s]Evaluating PPL for wikitext2 (PPL: 22.1159):  91%|████████████████████████████████████████████████████████████████████████▉       | 133/146 [00:15<00:01,  8.56it/s]Evaluating PPL for wikitext2 (PPL: 22.1159):  92%|█████████████████████████████████████████████████████████████████████████▉      | 135/146 [00:15<00:01, 10.58it/s]Evaluating PPL for wikitext2 (PPL: 22.0596):  92%|█████████████████████████████████████████████████████████████████████████▉      | 135/146 [00:15<00:01, 10.58it/s]Evaluating PPL for wikitext2 (PPL: 21.9492):  92%|█████████████████████████████████████████████████████████████████████████▉      | 135/146 [00:15<00:01, 10.58it/s]Evaluating PPL for wikitext2 (PPL: 21.9492):  94%|███████████████████████████████████████████████████████████████████████████     | 137/146 [00:15<00:00, 11.60it/s]Evaluating PPL for wikitext2 (PPL: 21.8113):  94%|███████████████████████████████████████████████████████████████████████████     | 137/146 [00:15<00:00, 11.60it/s]Evaluating PPL for wikitext2 (PPL: 21.6908):  94%|███████████████████████████████████████████████████████████████████████████     | 137/146 [00:15<00:00, 11.60it/s]Evaluating PPL for wikitext2 (PPL: 21.6908):  95%|████████████████████████████████████████████████████████████████████████████▏   | 139/146 [00:15<00:00, 10.90it/s]Evaluating PPL for wikitext2 (PPL: 22.1633):  95%|████████████████████████████████████████████████████████████████████████████▏   | 139/146 [00:15<00:00, 10.90it/s]Evaluating PPL for wikitext2 (PPL: 22.1748):  95%|████████████████████████████████████████████████████████████████████████████▏   | 139/146 [00:15<00:00, 10.90it/s]Evaluating PPL for wikitext2 (PPL: 22.1748):  97%|█████████████████████████████████████████████████████████████████████████████▎  | 141/146 [00:15<00:00, 10.12it/s]Evaluating PPL for wikitext2 (PPL: 22.2180):  97%|█████████████████████████████████████████████████████████████████████████████▎  | 141/146 [00:15<00:00, 10.12it/s]Evaluating PPL for wikitext2 (PPL: 22.2314):  97%|█████████████████████████████████████████████████████████████████████████████▎  | 141/146 [00:16<00:00, 10.12it/s]Evaluating PPL for wikitext2 (PPL: 22.2314):  98%|██████████████████████████████████████████████████████████████████████████████▎ | 143/146 [00:16<00:00,  9.69it/s]Evaluating PPL for wikitext2 (PPL: 22.2182):  98%|██████████████████████████████████████████████████████████████████████████████▎ | 143/146 [00:16<00:00,  9.69it/s]Evaluating PPL for wikitext2 (PPL: 22.2182):  99%|██████████████████████████████████████████████████████████████████████████████▉ | 144/146 [00:16<00:00,  9.56it/s]Evaluating PPL for wikitext2 (PPL: 22.2267):  99%|██████████████████████████████████████████████████████████████████████████████▉ | 144/146 [00:16<00:00,  9.56it/s]Evaluating PPL for wikitext2 (PPL: 22.2267):  99%|███████████████████████████████████████████████████████████████████████████████▍| 145/146 [00:16<00:00,  9.43it/s]Evaluating PPL for wikitext2 (PPL: 22.2208):  99%|███████████████████████████████████████████████████████████████████████████████▍| 145/146 [00:16<00:00,  9.43it/s]Evaluating PPL for wikitext2 (PPL: 22.2208): 100%|████████████████████████████████████████████████████████████████████████████████| 146/146 [00:16<00:00,  9.31it/s]Evaluating PPL for wikitext2 (PPL: 22.2208): 100%|████████████████████████████████████████████████████████████████████████████████| 146/146 [00:16<00:00,  8.92it/s]
Perplexity on wikitext2: 22.2208
{
 "arm": "cov",
 "eval": {
  "wikitext2": {
   "ppl": 22.22076988220215
  }
 },
 "mean_out_err": 0.10958745154437301,
 "mean_weight_err": 0.336349740526575,
 "total_time": 2602.2953069210052
}
