Token indices sequence length is longer than the specified maximum sequence length for this model (2518423 > 131072). Running this sequence through the model will result in indexing errors
Loading model 'Qwen/Qwen3-0.6B-Base'...
Qwen3ForCausalLM(
  (model): Qwen3Model(
    (embed_tokens): Embedding(151936, 1024)
    (layers): ModuleList(
      (0-27): 28 x Qwen3DecoderLayer(
        (self_attn): Qwen3Attention(
          (q_proj): Linear(in_features=1024, out_features=2048, bias=False)
          (k_proj): Linear(in_features=1024, out_features=1024, bias=False)
          (v_proj): Linear(in_features=1024, out_features=1024, bias=False)
          (o_proj): Linear(in_features=2048, out_features=1024, bias=False)
          (q_norm): Qwen3RMSNorm((128,), eps=1e-06)
          (k_norm): Qwen3RMSNorm((128,), eps=1e-06)
        )
        (mlp): Qwen3MLP(
          (gate_proj): Linear(in_features=1024, out_features=3072, bias=False)
          (up_proj): Linear(in_features=1024, out_features=3072, bias=False)
          (down_proj): Linear(in_features=3072, out_features=1024, bias=False)
          (act_fn): SiLUActivation()
        )
        (input_layernorm): Qwen3RMSNorm((1024,), eps=1e-06)
        (post_attention_layernorm): Qwen3RMSNorm((1024,), eps=1e-06)
      )
    )
    (norm): Qwen3RMSNorm((1024,), eps=1e-06)
    (rotary_emb): Qwen3RotaryEmbedding()
  )
  (lm_head): Linear(in_features=1024, out_features=151936, bias=False)
)
Rank calculation: Bits = (1.00), Scales: 2
factorized bpw = 0.9729
Loading model 'Qwen/Qwen3-0.6B-Base'...
Qwen3ForCausalLM(
  (model): Qwen3Model(
    (embed_tokens): Embedding(151936, 1024)
    (layers): ModuleList(
      (0-27): 28 x Qwen3DecoderLayer(
        (self_attn): Qwen3Attention(
          (q_proj): Linear(in_features=1024, out_features=2048, bias=False)
          (k_proj): Linear(in_features=1024, out_features=1024, bias=False)
          (v_proj): Linear(in_features=1024, out_features=1024, bias=False)
          (o_proj): Linear(in_features=2048, out_features=1024, bias=False)
          (q_norm): Qwen3RMSNorm((128,), eps=1e-06)
          (k_norm): Qwen3RMSNorm((128,), eps=1e-06)
        )
        (mlp): Qwen3MLP(
          (gate_proj): Linear(in_features=1024, out_features=3072, bias=False)
          (up_proj): Linear(in_features=1024, out_features=3072, bias=False)
          (down_proj): Linear(in_features=3072, out_features=1024, bias=False)
          (act_fn): SiLUActivation()
        )
        (input_layernorm): Qwen3RMSNorm((1024,), eps=1e-06)
        (post_attention_layernorm): Qwen3RMSNorm((1024,), eps=1e-06)
      )
    )
    (norm): Qwen3RMSNorm((1024,), eps=1e-06)
    (rotary_emb): Qwen3RotaryEmbedding()
  )
  (lm_head): Linear(in_features=1024, out_features=151936, bias=False)
)

Processing dataset: Salesforce/wikitext (config: wikitext-2-raw-v1)
Attempting to generate 128 samples...
Applying special handling for wikitext: concatenating all documents.
Slicing concatenated wikitext:   0%|                                                                                                        | 0/128 [00:00<?, ?it/s]Slicing concatenated wikitext: 100%|████████████████████████████████████████████████████████████████████████████████████████████| 128/128 [00:00<00:00, 1633.85it/s]

Shuffling the final combined dataset (128 samples)...

Creating Hugging Face Dataset...
Calibration dataloader created with shape: torch.Size([128, 2048])
Loading cached calibration statistics from stats_q06.pt
Applying covariance shrinkage (strength: 0.4)...
Attaching statistics to 196 layers...
Registered i_norm and o_norm buffers to 196 layers
Rank calculation: Bits = (1.00), Scales: 2
Caching initial inputs & kwargs using Catcher...
Capturing inputs...
Initial input caching finished.
Compressing Layers:   0%|                                                                                                                    | 0/28 [00:00<?, ?it/s]Token indices sequence length is longer than the specified maximum sequence length for this model (299078 > 131072). Running this sequence through the model will result in indexing errors
Compressing Layers:   4%|███▊                                                                                                     | 1/28 [03:47<1:42:34, 227.96s/it]	(1/3) Block 1/28, self_attn.q_proj | Tuning Non-Factorized Weights...
		(Epoch 01/08) Block Loss: 0.0000e+00
		(Epoch 02/08) Block Loss: 0.0000e+00
		(Epoch 03/08) Block Loss: 0.0000e+00
		(Epoch 04/08) Block Loss: 0.0000e+00
		(Epoch 05/08) Block Loss: 0.0000e+00
		(Epoch 06/08) Block Loss: 0.0000e+00
		(Epoch 07/08) Block Loss: 0.0000e+00
		(Epoch 08/08) Block Loss: 0.0000e+00
	(2/3) Block 1/28, self_attn.q_proj | Initialization via ADMM...
		ADMM weight recon error: raw=679.4387, norm=0.3217, per_el=3.2398e-04, out_err=0.0636, ADMM time=3.33s
	(3/3) Block 1/28, self_attn.q_proj | Tuning Factorized Weights...
		(Epoch 01/08) Block Loss: 3.6132e-06
		(Epoch 02/08) Block Loss: 2.4982e-06
		(Epoch 03/08) Block Loss: 2.0586e-06
		(Epoch 04/08) Block Loss: 1.8056e-06
		(Epoch 05/08) Block Loss: 1.6516e-06
		(Epoch 06/08) Block Loss: 1.5388e-06
		(Epoch 07/08) Block Loss: 1.4688e-06
		(Epoch 08/08) Block Loss: 1.4088e-06
	(1/3) Block 1/28, self_attn.v_proj | Tuning Non-Factorized Weights...
		(Epoch 01/08) Block Loss: 1.7562e-06
		(Epoch 02/08) Block Loss: 1.3128e-06
		(Epoch 03/08) Block Loss: 1.0973e-06
		(Epoch 04/08) Block Loss: 9.0677e-07
		(Epoch 05/08) Block Loss: 7.9221e-07
		(Epoch 06/08) Block Loss: 7.0929e-07
		(Epoch 07/08) Block Loss: 6.7731e-07
		(Epoch 08/08) Block Loss: 6.6481e-07
	(2/3) Block 1/28, self_attn.v_proj | Initialization via ADMM...
		ADMM weight recon error: raw=290.6671, norm=0.3805, per_el=2.7720e-04, out_err=0.3589, ADMM time=1.97s
	(3/3) Block 1/28, self_attn.v_proj | Tuning Factorized Weights...
		(Epoch 01/08) Block Loss: 1.0639e-04
		(Epoch 02/08) Block Loss: 8.2183e-05
		(Epoch 03/08) Block Loss: 7.5982e-05
		(Epoch 04/08) Block Loss: 7.5247e-05
		(Epoch 05/08) Block Loss: 7.5232e-05
		(Epoch 06/08) Block Loss: 7.5754e-05
		(Epoch 07/08) Block Loss: 7.5437e-05
		(Epoch 08/08) Block Loss: 7.3119e-05
	(1/3) Block 1/28, self_attn.o_proj | Tuning Non-Factorized Weights...
		(Epoch 01/08) Block Loss: 5.1692e-05
		(Epoch 02/08) Block Loss: 3.6806e-05
		(Epoch 03/08) Block Loss: 3.0732e-05
		(Epoch 04/08) Block Loss: 2.7507e-05
		(Epoch 05/08) Block Loss: 2.5589e-05
		(Epoch 06/08) Block Loss: 2.4522e-05
		(Epoch 07/08) Block Loss: 2.3993e-05
		(Epoch 08/08) Block Loss: 2.3816e-05
	(2/3) Block 1/28, self_attn.o_proj | Initialization via ADMM...
		ADMM weight recon error: raw=569.6368, norm=0.3978, per_el=2.7162e-04, out_err=0.1726, ADMM time=4.62s
	(3/3) Block 1/28, self_attn.o_proj | Tuning Factorized Weights...
		(Epoch 01/08) Block Loss: 1.0653e-04
		(Epoch 02/08) Block Loss: 9.0075e-05
		(Epoch 03/08) Block Loss: 8.3076e-05
		(Epoch 04/08) Block Loss: 8.0000e-05
		(Epoch 05/08) Block Loss: 7.8719e-05
		(Epoch 06/08) Block Loss: 7.8060e-05
		(Epoch 07/08) Block Loss: 7.7920e-05
		(Epoch 08/08) Block Loss: 7.6283e-05
	(1/3) Block 1/28, self_attn.k_proj | Tuning Non-Factorized Weights...
		(Epoch 01/08) Block Loss: 6.2227e-05
		(Epoch 02/08) Block Loss: 5.0649e-05
		(Epoch 03/08) Block Loss: 4.5062e-05
		(Epoch 04/08) Block Loss: 4.1826e-05
		(Epoch 05/08) Block Loss: 3.9822e-05
		(Epoch 06/08) Block Loss: 3.8682e-05
		(Epoch 07/08) Block Loss: 3.8117e-05
		(Epoch 08/08) Block Loss: 3.7930e-05
	(2/3) Block 1/28, self_attn.k_proj | Initialization via ADMM...
		ADMM weight recon error: raw=307.8227, norm=0.3042, per_el=2.9356e-04, out_err=0.0449, ADMM time=2.84s
	(3/3) Block 1/28, self_attn.k_proj | Tuning Factorized Weights...
		(Epoch 01/08) Block Loss: 4.0831e-05
		(Epoch 02/08) Block Loss: 4.0024e-05
		(Epoch 03/08) Block Loss: 3.9689e-05
		(Epoch 04/08) Block Loss: 3.9479e-05
		(Epoch 05/08) Block Loss: 3.9346e-05
		(Epoch 06/08) Block Loss: 3.9272e-05
		(Epoch 07/08) Block Loss: 3.9222e-05
		(Epoch 08/08) Block Loss: 3.9197e-05
	(1/3) Block 1/28, mlp.gate_proj | Tuning Non-Factorized Weights...
		(Epoch 01/08) Block Loss: 3.8268e-05
		(Epoch 02/08) Block Loss: 3.5578e-05
		(Epoch 03/08) Block Loss: 3.3798e-05
		(Epoch 04/08) Block Loss: 3.2613e-05
		(Epoch 05/08) Block Loss: 3.1780e-05
		(Epoch 06/08) Block Loss: 3.1276e-05
		(Epoch 07/08) Block Loss: 3.1009e-05
		(Epoch 08/08) Block Loss: 3.0912e-05
	(2/3) Block 1/28, mlp.gate_proj | Initialization via ADMM...
		ADMM weight recon error: raw=1525.8813, norm=0.3455, per_el=4.8506e-04, out_err=0.0369, ADMM time=11.76s
	(3/3) Block 1/28, mlp.gate_proj | Tuning Factorized Weights...
		(Epoch 01/08) Block Loss: 4.3094e-05
		(Epoch 02/08) Block Loss: 4.0224e-05
		(Epoch 03/08) Block Loss: 3.9463e-05
		(Epoch 04/08) Block Loss: 3.9157e-05
		(Epoch 05/08) Block Loss: 3.9047e-05
		(Epoch 06/08) Block Loss: 3.8939e-05
		(Epoch 07/08) Block Loss: 3.8797e-05
		(Epoch 08/08) Block Loss: 3.8433e-05
	(1/3) Block 1/28, mlp.up_proj | Tuning Non-Factorized Weights...
		(Epoch 01/08) Block Loss: 3.6360e-05
		(Epoch 02/08) Block Loss: 3.4490e-05
		(Epoch 03/08) Block Loss: 3.3454e-05
		(Epoch 04/08) Block Loss: 3.2787e-05
		(Epoch 05/08) Block Loss: 3.2303e-05
		(Epoch 06/08) Block Loss: 3.2005e-05
		(Epoch 07/08) Block Loss: 3.1841e-05
		(Epoch 08/08) Block Loss: 3.1777e-05
	(2/3) Block 1/28, mlp.up_proj | Initialization via ADMM...
		ADMM weight recon error: raw=863.5738, norm=0.3697, per_el=2.7452e-04, out_err=0.1416, ADMM time=13.24s
	(3/3) Block 1/28, mlp.up_proj | Tuning Factorized Weights...
		(Epoch 01/08) Block Loss: 5.4422e-05
		(Epoch 02/08) Block Loss: 5.0148e-05
		(Epoch 03/08) Block Loss: 4.8814e-05
		(Epoch 04/08) Block Loss: 4.8414e-05
		(Epoch 05/08) Block Loss: 4.8421e-05
		(Epoch 06/08) Block Loss: 4.8106e-05
		(Epoch 07/08) Block Loss: 4.8057e-05
		(Epoch 08/08) Block Loss: 4.7060e-05
	(1/3) Block 1/28, mlp.down_proj | Tuning Non-Factorized Weights...
		(Epoch 01/08) Block Loss: 4.3279e-05
		(Epoch 02/08) Block Loss: 4.1065e-05
		(Epoch 03/08) Block Loss: 3.9977e-05
		(Epoch 04/08) Block Loss: 3.9340e-05
		(Epoch 05/08) Block Loss: 3.8920e-05
		(Epoch 06/08) Block Loss: 3.8677e-05
		(Epoch 07/08) Block Loss: 3.8550e-05
		(Epoch 08/08) Block Loss: 3.8505e-05
	(2/3) Block 1/28, mlp.down_proj | Initialization via ADMM...
		ADMM weight recon error: raw=934.4818, norm=0.3817, per_el=2.9706e-04, out_err=0.1474, ADMM time=12.82s
	(3/3) Block 1/28, mlp.down_proj | Tuning Factorized Weights...
		(Epoch 01/08) Block Loss: 7.2627e-05
		(Epoch 02/08) Block Loss: 7.1121e-05
		(Epoch 03/08) Block Loss: 7.1264e-05
		(Epoch 04/08) Block Loss: 7.2654e-05
		(Epoch 05/08) Block Loss: 7.3309e-05
		(Epoch 06/08) Block Loss: 7.2597e-05
		(Epoch 07/08) Block Loss: 7.3440e-05
		(Epoch 08/08) Block Loss: 7.1354e-05
		Block 0: relative block output error = 0.1144
Using sequence length: 2048 (model max: 2048)
		Block 0: Test Data PPL        = 16.765
	(1/3) Block 2/28, self_attn.q_proj | Tuning Non-Factorized Weights...
		(Epoch 01/08) Block Loss: 2.9384e-05
		(Epoch 02/08) Block Loss: 2.5286e-05
		(Epoch 03/08) Block Loss: 2.3380e-05
		(Epoch 04/08) Block Loss: 2.2268e-05
		(Epoch 05/08) Block Loss: 2.1571e-05
		(Epoch 06/08) Block Loss: 2.1125e-05
		(Epoch 07/08) Block Loss: 2.0895e-05
		(Epoch 08/08) Block Loss: 2.0813e-05
	(2/3) Block 2/28, self_attn.q_proj | Initialization via ADMM...
		ADMM weight recon error: raw=571.0009, norm=0.2810, per_el=2.7227e-04, out_err=0.0776, ADMM time=2.87s
	(3/3) Block 2/28, self_attn.q_proj | Tuning Factorized Weights...
		(Epoch 01/08) Block Loss: 2.1718e-05
		(Epoch 02/08) Block Loss: 2.1368e-05
		(Epoch 03/08) Block Loss: 2.1258e-05
		(Epoch 04/08) Block Loss: 2.1199e-05
		(Epoch 05/08) Block Loss: 2.1157e-05
		(Epoch 06/08) Block Loss: 2.1128e-05
		(Epoch 07/08) Block Loss: 2.1105e-05
		(Epoch 08/08) Block Loss: 2.1085e-05
	(1/3) Block 2/28, self_attn.v_proj | Tuning Non-Factorized Weights...
		(Epoch 01/08) Block Loss: 2.1012e-05
		(Epoch 02/08) Block Loss: 1.9993e-05
		(Epoch 03/08) Block Loss: 1.9348e-05
		(Epoch 04/08) Block Loss: 1.8834e-05
		(Epoch 05/08) Block Loss: 1.8489e-05
		(Epoch 06/08) Block Loss: 1.8259e-05
		(Epoch 07/08) Block Loss: 1.8135e-05
		(Epoch 08/08) Block Loss: 1.8087e-05
	(2/3) Block 2/28, self_attn.v_proj | Initialization via ADMM...
		ADMM weight recon error: raw=308.8751, norm=0.3526, per_el=2.9457e-04, out_err=0.2424, ADMM time=4.28s
	(3/3) Block 2/28, self_attn.v_proj | Tuning Factorized Weights...
Token indices sequence length is longer than the specified maximum sequence length for this model (299078 > 131072). Running this sequence through the model will result in indexing errors
Compressing Layers:   7%|███████▌                                                                                                 | 2/28 [07:29<1:37:02, 223.93s/it]		(Epoch 01/08) Block Loss: 2.1505e-05
		(Epoch 02/08) Block Loss: 2.0534e-05
		(Epoch 03/08) Block Loss: 2.0306e-05
		(Epoch 04/08) Block Loss: 2.0251e-05
		(Epoch 05/08) Block Loss: 2.0208e-05
		(Epoch 06/08) Block Loss: 2.0201e-05
		(Epoch 07/08) Block Loss: 2.0181e-05
		(Epoch 08/08) Block Loss: 2.0067e-05
	(1/3) Block 2/28, self_attn.o_proj | Tuning Non-Factorized Weights...
		(Epoch 01/08) Block Loss: 1.9580e-05
		(Epoch 02/08) Block Loss: 1.8770e-05
		(Epoch 03/08) Block Loss: 1.8329e-05
		(Epoch 04/08) Block Loss: 1.7987e-05
		(Epoch 05/08) Block Loss: 1.7743e-05
		(Epoch 06/08) Block Loss: 1.7579e-05
		(Epoch 07/08) Block Loss: 1.7487e-05
		(Epoch 08/08) Block Loss: 1.7449e-05
	(2/3) Block 2/28, self_attn.o_proj | Initialization via ADMM...
		ADMM weight recon error: raw=471.2325, norm=0.3021, per_el=2.2470e-04, out_err=0.1679, ADMM time=3.12s
	(3/3) Block 2/28, self_attn.o_proj | Tuning Factorized Weights...
		(Epoch 01/08) Block Loss: 2.1207e-05
		(Epoch 02/08) Block Loss: 2.0295e-05
		(Epoch 03/08) Block Loss: 2.0171e-05
		(Epoch 04/08) Block Loss: 2.0206e-05
		(Epoch 05/08) Block Loss: 2.0118e-05
		(Epoch 06/08) Block Loss: 2.0084e-05
		(Epoch 07/08) Block Loss: 2.0050e-05
		(Epoch 08/08) Block Loss: 1.9819e-05
	(1/3) Block 2/28, self_attn.k_proj | Tuning Non-Factorized Weights...
		(Epoch 01/08) Block Loss: 1.9145e-05
		(Epoch 02/08) Block Loss: 1.8425e-05
		(Epoch 03/08) Block Loss: 1.8053e-05
		(Epoch 04/08) Block Loss: 1.7813e-05
		(Epoch 05/08) Block Loss: 1.7624e-05
		(Epoch 06/08) Block Loss: 1.7502e-05
		(Epoch 07/08) Block Loss: 1.7430e-05
		(Epoch 08/08) Block Loss: 1.7399e-05
	(2/3) Block 2/28, self_attn.k_proj | Initialization via ADMM...
		ADMM weight recon error: raw=273.2959, norm=0.3010, per_el=2.6064e-04, out_err=0.0635, ADMM time=3.06s
	(3/3) Block 2/28, self_attn.k_proj | Tuning Factorized Weights...
		(Epoch 01/08) Block Loss: 1.8202e-05
		(Epoch 02/08) Block Loss: 1.7933e-05
		(Epoch 03/08) Block Loss: 1.7846e-05
		(Epoch 04/08) Block Loss: 1.7801e-05
		(Epoch 05/08) Block Loss: 1.7775e-05
		(Epoch 06/08) Block Loss: 1.7760e-05
		(Epoch 07/08) Block Loss: 1.7747e-05
		(Epoch 08/08) Block Loss: 1.7733e-05
	(1/3) Block 2/28, mlp.gate_proj | Tuning Non-Factorized Weights...
		(Epoch 01/08) Block Loss: 1.7856e-05
		(Epoch 02/08) Block Loss: 1.7520e-05
		(Epoch 03/08) Block Loss: 1.7293e-05
		(Epoch 04/08) Block Loss: 1.7136e-05
		(Epoch 05/08) Block Loss: 1.7002e-05
		(Epoch 06/08) Block Loss: 1.6911e-05
		(Epoch 07/08) Block Loss: 1.6854e-05
		(Epoch 08/08) Block Loss: 1.6829e-05
	(2/3) Block 2/28, mlp.gate_proj | Initialization via ADMM...
		ADMM weight recon error: raw=2203.2231, norm=0.3586, per_el=7.0039e-04, out_err=0.0180, ADMM time=11.00s
	(3/3) Block 2/28, mlp.gate_proj | Tuning Factorized Weights...
		(Epoch 01/08) Block Loss: 2.3399e-05
		(Epoch 02/08) Block Loss: 2.2077e-05
		(Epoch 03/08) Block Loss: 2.1705e-05
		(Epoch 04/08) Block Loss: 2.1554e-05
		(Epoch 05/08) Block Loss: 2.1483e-05
		(Epoch 06/08) Block Loss: 2.1429e-05
		(Epoch 07/08) Block Loss: 2.1368e-05
		(Epoch 08/08) Block Loss: 2.1217e-05
	(1/3) Block 2/28, mlp.up_proj | Tuning Non-Factorized Weights...
		(Epoch 01/08) Block Loss: 2.0440e-05
		(Epoch 02/08) Block Loss: 1.9751e-05
		(Epoch 03/08) Block Loss: 1.9424e-05
		(Epoch 04/08) Block Loss: 1.9230e-05
		(Epoch 05/08) Block Loss: 1.9082e-05
		(Epoch 06/08) Block Loss: 1.8988e-05
		(Epoch 07/08) Block Loss: 1.8932e-05
		(Epoch 08/08) Block Loss: 1.8907e-05
	(2/3) Block 2/28, mlp.up_proj | Initialization via ADMM...
		ADMM weight recon error: raw=682.3379, norm=0.3599, per_el=2.1691e-04, out_err=0.1576, ADMM time=8.71s
	(3/3) Block 2/28, mlp.up_proj | Tuning Factorized Weights...
		(Epoch 01/08) Block Loss: 2.8421e-05
		(Epoch 02/08) Block Loss: 2.7167e-05
		(Epoch 03/08) Block Loss: 2.6791e-05
		(Epoch 04/08) Block Loss: 2.6668e-05
		(Epoch 05/08) Block Loss: 2.6584e-05
		(Epoch 06/08) Block Loss: 2.6527e-05
		(Epoch 07/08) Block Loss: 2.6399e-05
		(Epoch 08/08) Block Loss: 2.6095e-05
	(1/3) Block 2/28, mlp.down_proj | Tuning Non-Factorized Weights...
		(Epoch 01/08) Block Loss: 2.4621e-05
		(Epoch 02/08) Block Loss: 2.3732e-05
		(Epoch 03/08) Block Loss: 2.3314e-05
		(Epoch 04/08) Block Loss: 2.3077e-05
		(Epoch 05/08) Block Loss: 2.2920e-05
		(Epoch 06/08) Block Loss: 2.2829e-05
		(Epoch 07/08) Block Loss: 2.2780e-05
		(Epoch 08/08) Block Loss: 2.2761e-05
	(2/3) Block 2/28, mlp.down_proj | Initialization via ADMM...
		ADMM weight recon error: raw=691.2700, norm=0.3757, per_el=2.1975e-04, out_err=0.1387, ADMM time=11.49s
	(3/3) Block 2/28, mlp.down_proj | Tuning Factorized Weights...
		(Epoch 01/08) Block Loss: 3.4291e-05
		(Epoch 02/08) Block Loss: 3.4226e-05
		(Epoch 03/08) Block Loss: 3.4824e-05
		(Epoch 04/08) Block Loss: 3.5230e-05
		(Epoch 05/08) Block Loss: 3.5010e-05
		(Epoch 06/08) Block Loss: 3.5487e-05
		(Epoch 07/08) Block Loss: 3.5539e-05
		(Epoch 08/08) Block Loss: 3.4677e-05
		Block 1: relative block output error = 0.0888
Using sequence length: 2048 (model max: 2048)
		Block 1: Test Data PPL        = 14.426
	(1/3) Block 3/28, self_attn.q_proj | Tuning Non-Factorized Weights...
		(Epoch 01/08) Block Loss: 5.7221e-05
		(Epoch 02/08) Block Loss: 3.0924e-05
		(Epoch 03/08) Block Loss: 2.5320e-05
		(Epoch 04/08) Block Loss: 2.4087e-05
		(Epoch 05/08) Block Loss: 2.2938e-05
		(Epoch 06/08) Block Loss: 2.2390e-05
		(Epoch 07/08) Block Loss: 2.2026e-05
		(Epoch 08/08) Block Loss: 2.1867e-05
	(2/3) Block 3/28, self_attn.q_proj | Initialization via ADMM...
		ADMM weight recon error: raw=531.9675, norm=0.2736, per_el=2.5366e-04, out_err=0.0770, ADMM time=5.27s
	(3/3) Block 3/28, self_attn.q_proj | Tuning Factorized Weights...
		(Epoch 01/08) Block Loss: 2.2763e-05
		(Epoch 02/08) Block Loss: 2.2484e-05
		(Epoch 03/08) Block Loss: 2.2391e-05
		(Epoch 04/08) Block Loss: 2.2340e-05
		(Epoch 05/08) Block Loss: 2.2303e-05
		(Epoch 06/08) Block Loss: 2.2277e-05
		(Epoch 07/08) Block Loss: 2.2257e-05
		(Epoch 08/08) Block Loss: 2.2238e-05
	(1/3) Block 3/28, self_attn.v_proj | Tuning Non-Factorized Weights...
		(Epoch 01/08) Block Loss: 2.8293e-05
		(Epoch 02/08) Block Loss: 2.8035e-05
		(Epoch 03/08) Block Loss: 2.4313e-05
		(Epoch 04/08) Block Loss: 2.2915e-05
		(Epoch 05/08) Block Loss: 2.1161e-05
		(Epoch 06/08) Block Loss: 2.0212e-05
		(Epoch 07/08) Block Loss: 1.9948e-05
		(Epoch 08/08) Block Loss: 1.9797e-05
	(2/3) Block 3/28, self_attn.v_proj | Initialization via ADMM...
		ADMM weight recon error: raw=287.2871, norm=0.3453, per_el=2.7398e-04, out_err=0.2350, ADMM time=3.15s
	(3/3) Block 3/28, self_attn.v_proj | Tuning Factorized Weights...
		(Epoch 01/08) Block Loss: 4.6135e-05
		(Epoch 02/08) Block Loss: 2.5796e-05
		(Epoch 03/08) Block Loss: 2.4072e-05
		(Epoch 04/08) Block Loss: 2.3530e-05
		(Epoch 05/08) Block Loss: 2.3230e-05
		(Epoch 06/08) Block Loss: 2.3211e-05
		(Epoch 07/08) Block Loss: 2.3057e-05
		(Epoch 08/08) Block Loss: 2.2963e-05
	(1/3) Block 3/28, self_attn.o_proj | Tuning Non-Factorized Weights...
		(Epoch 01/08) Block Loss: 2.5811e-05
		(Epoch 02/08) Block Loss: 2.3968e-05
		(Epoch 03/08) Block Loss: 2.1724e-05
		(Epoch 04/08) Block Loss: 2.0515e-05
		(Epoch 05/08) Block Loss: 2.0083e-05
		(Epoch 06/08) Block Loss: 1.9833e-05
		(Epoch 07/08) Block Loss: 1.9584e-05
		(Epoch 08/08) Block Loss: 1.9476e-05
	(2/3) Block 3/28, self_attn.o_proj | Initialization via ADMM...
		ADMM weight recon error: raw=421.4245, norm=0.2976, per_el=2.0095e-04, out_err=0.1835, ADMM time=3.80s
	(3/3) Block 3/28, self_attn.o_proj | Tuning Factorized Weights...
		(Epoch 01/08) Block Loss: 2.6701e-05
		(Epoch 02/08) Block Loss: 2.4505e-05
		(Epoch 03/08) Block Loss: 2.3852e-05
		(Epoch 04/08) Block Loss: 2.3574e-05
		(Epoch 05/08) Block Loss: 2.3257e-05
		(Epoch 06/08) Block Loss: 2.3182e-05
		(Epoch 07/08) Block Loss: 2.3008e-05
		(Epoch 08/08) Block Loss: 2.2968e-05
	(1/3) Block 3/28, self_attn.k_proj | Tuning Non-Factorized Weights...
		(Epoch 01/08) Block Loss: 2.1854e-05
		(Epoch 02/08) Block Loss: 2.0731e-05
		(Epoch 03/08) Block Loss: 2.0201e-05
		(Epoch 04/08) Block Loss: 2.0025e-05
		(Epoch 05/08) Block Loss: 1.9760e-05
		(Epoch 06/08) Block Loss: 1.9560e-05
Token indices sequence length is longer than the specified maximum sequence length for this model (299078 > 131072). Running this sequence through the model will result in indexing errors
Compressing Layers:  11%|███████████▎                                                                                             | 3/28 [11:24<1:35:33, 229.36s/it]		(Epoch 07/08) Block Loss: 1.9496e-05
		(Epoch 08/08) Block Loss: 1.9419e-05
	(2/3) Block 3/28, self_attn.k_proj | Initialization via ADMM...
		ADMM weight recon error: raw=256.0004, norm=0.2977, per_el=2.4414e-04, out_err=0.0611, ADMM time=4.18s
	(3/3) Block 3/28, self_attn.k_proj | Tuning Factorized Weights...
		(Epoch 01/08) Block Loss: 2.0136e-05
		(Epoch 02/08) Block Loss: 1.9931e-05
		(Epoch 03/08) Block Loss: 1.9861e-05
		(Epoch 04/08) Block Loss: 1.9825e-05
		(Epoch 05/08) Block Loss: 1.9803e-05
		(Epoch 06/08) Block Loss: 1.9789e-05
		(Epoch 07/08) Block Loss: 1.9779e-05
		(Epoch 08/08) Block Loss: 1.9771e-05
	(1/3) Block 3/28, mlp.gate_proj | Tuning Non-Factorized Weights...
		(Epoch 01/08) Block Loss: 2.0189e-05
		(Epoch 02/08) Block Loss: 1.9593e-05
		(Epoch 03/08) Block Loss: 1.9395e-05
		(Epoch 04/08) Block Loss: 1.9191e-05
		(Epoch 05/08) Block Loss: 1.9087e-05
		(Epoch 06/08) Block Loss: 1.8932e-05
		(Epoch 07/08) Block Loss: 1.8869e-05
		(Epoch 08/08) Block Loss: 1.8824e-05
	(2/3) Block 3/28, mlp.gate_proj | Initialization via ADMM...
		ADMM weight recon error: raw=1745.2197, norm=0.3409, per_el=5.5479e-04, out_err=0.0260, ADMM time=6.86s
	(3/3) Block 3/28, mlp.gate_proj | Tuning Factorized Weights...
		(Epoch 01/08) Block Loss: 6.9340e-05
		(Epoch 02/08) Block Loss: 2.5652e-05
		(Epoch 03/08) Block Loss: 2.4987e-05
		(Epoch 04/08) Block Loss: 2.4582e-05
		(Epoch 05/08) Block Loss: 2.4395e-05
		(Epoch 06/08) Block Loss: 2.4330e-05
		(Epoch 07/08) Block Loss: 2.4206e-05
		(Epoch 08/08) Block Loss: 2.4069e-05
	(1/3) Block 3/28, mlp.up_proj | Tuning Non-Factorized Weights...
		(Epoch 01/08) Block Loss: 2.3627e-05
		(Epoch 02/08) Block Loss: 2.2632e-05
		(Epoch 03/08) Block Loss: 2.2273e-05
		(Epoch 04/08) Block Loss: 2.1989e-05
		(Epoch 05/08) Block Loss: 2.1824e-05
		(Epoch 06/08) Block Loss: 2.1713e-05
		(Epoch 07/08) Block Loss: 2.1606e-05
		(Epoch 08/08) Block Loss: 2.1595e-05
	(2/3) Block 3/28, mlp.up_proj | Initialization via ADMM...
		ADMM weight recon error: raw=682.1049, norm=0.3553, per_el=2.1684e-04, out_err=0.1653, ADMM time=12.20s
	(3/3) Block 3/28, mlp.up_proj | Tuning Factorized Weights...
		(Epoch 01/08) Block Loss: 3.7444e-05
		(Epoch 02/08) Block Loss: 3.0975e-05
		(Epoch 03/08) Block Loss: 3.0384e-05
		(Epoch 04/08) Block Loss: 3.0003e-05
		(Epoch 05/08) Block Loss: 2.9898e-05
		(Epoch 06/08) Block Loss: 2.9732e-05
		(Epoch 07/08) Block Loss: 2.9641e-05
		(Epoch 08/08) Block Loss: 2.9459e-05
	(1/3) Block 3/28, mlp.down_proj | Tuning Non-Factorized Weights...
		(Epoch 01/08) Block Loss: 2.8355e-05
		(Epoch 02/08) Block Loss: 2.7329e-05
		(Epoch 03/08) Block Loss: 2.6880e-05
		(Epoch 04/08) Block Loss: 2.6606e-05
		(Epoch 05/08) Block Loss: 2.6427e-05
		(Epoch 06/08) Block Loss: 2.6325e-05
		(Epoch 07/08) Block Loss: 2.6260e-05
		(Epoch 08/08) Block Loss: 2.6234e-05
	(2/3) Block 3/28, mlp.down_proj | Initialization via ADMM...
		ADMM weight recon error: raw=741.1957, norm=0.3736, per_el=2.3562e-04, out_err=0.1675, ADMM time=9.20s
	(3/3) Block 3/28, mlp.down_proj | Tuning Factorized Weights...
		(Epoch 01/08) Block Loss: 4.8434e-04
		(Epoch 02/08) Block Loss: 4.1883e-04
		(Epoch 03/08) Block Loss: 3.7038e-04
		(Epoch 04/08) Block Loss: 3.3690e-04
		(Epoch 05/08) Block Loss: 3.1397e-04
		(Epoch 06/08) Block Loss: 2.9901e-04
		(Epoch 07/08) Block Loss: 2.9040e-04
		(Epoch 08/08) Block Loss: 2.8822e-04
		Block 2: relative block output error = 0.0057
Using sequence length: 2048 (model max: 2048)
		Block 2: Test Data PPL        = 15.836
	(1/3) Block 4/28, self_attn.q_proj | Tuning Non-Factorized Weights...
		(Epoch 01/08) Block Loss: 1.9461e-04
		(Epoch 02/08) Block Loss: 1.8912e-04
		(Epoch 03/08) Block Loss: 1.8252e-04
		(Epoch 04/08) Block Loss: 1.7034e-04
		(Epoch 05/08) Block Loss: 1.5551e-04
		(Epoch 06/08) Block Loss: 1.4408e-04
		(Epoch 07/08) Block Loss: 1.3833e-04
		(Epoch 08/08) Block Loss: 1.3658e-04
	(2/3) Block 4/28, self_attn.q_proj | Initialization via ADMM...
		ADMM weight recon error: raw=557.4816, norm=0.2844, per_el=2.6583e-04, out_err=0.0595, ADMM time=4.82s
	(3/3) Block 4/28, self_attn.q_proj | Tuning Factorized Weights...
		(Epoch 01/08) Block Loss: 1.3813e-04
		(Epoch 02/08) Block Loss: 1.3749e-04
		(Epoch 03/08) Block Loss: 1.3726e-04
		(Epoch 04/08) Block Loss: 1.3713e-04
		(Epoch 05/08) Block Loss: 1.3702e-04
		(Epoch 06/08) Block Loss: 1.3695e-04
		(Epoch 07/08) Block Loss: 1.3690e-04
		(Epoch 08/08) Block Loss: 1.3688e-04
	(1/3) Block 4/28, self_attn.v_proj | Tuning Non-Factorized Weights...
		(Epoch 01/08) Block Loss: 1.2600e-04
		(Epoch 02/08) Block Loss: 1.0840e-04
		(Epoch 03/08) Block Loss: 9.5528e-05
		(Epoch 04/08) Block Loss: 8.4862e-05
		(Epoch 05/08) Block Loss: 7.7476e-05
		(Epoch 06/08) Block Loss: 7.2819e-05
		(Epoch 07/08) Block Loss: 7.0417e-05
		(Epoch 08/08) Block Loss: 6.9645e-05
	(2/3) Block 4/28, self_attn.v_proj | Initialization via ADMM...
		ADMM weight recon error: raw=339.4848, norm=0.3239, per_el=3.2376e-04, out_err=0.2379, ADMM time=4.90s
	(3/3) Block 4/28, self_attn.v_proj | Tuning Factorized Weights...
		(Epoch 01/08) Block Loss: 7.1134e-05
		(Epoch 02/08) Block Loss: 6.2193e-05
		(Epoch 03/08) Block Loss: 5.6264e-05
		(Epoch 04/08) Block Loss: 5.3198e-05
		(Epoch 05/08) Block Loss: 5.1504e-05
		(Epoch 06/08) Block Loss: 5.0510e-05
		(Epoch 07/08) Block Loss: 4.9990e-05
		(Epoch 08/08) Block Loss: 4.9825e-05
	(1/3) Block 4/28, self_attn.o_proj | Tuning Non-Factorized Weights...
		(Epoch 01/08) Block Loss: 6.2061e-05
		(Epoch 02/08) Block Loss: 4.8803e-05
		(Epoch 03/08) Block Loss: 4.4604e-05
		(Epoch 04/08) Block Loss: 4.2648e-05
		(Epoch 05/08) Block Loss: 4.1357e-05
		(Epoch 06/08) Block Loss: 4.0451e-05
		(Epoch 07/08) Block Loss: 3.9986e-05
		(Epoch 08/08) Block Loss: 3.9823e-05
	(2/3) Block 4/28, self_attn.o_proj | Initialization via ADMM...
		ADMM weight recon error: raw=519.0606, norm=0.2821, per_el=2.4751e-04, out_err=0.1613, ADMM time=4.54s
	(3/3) Block 4/28, self_attn.o_proj | Tuning Factorized Weights...
		(Epoch 01/08) Block Loss: 5.1303e-05
		(Epoch 02/08) Block Loss: 3.9280e-05
		(Epoch 03/08) Block Loss: 3.7777e-05
		(Epoch 04/08) Block Loss: 3.7385e-05
		(Epoch 05/08) Block Loss: 3.7027e-05
		(Epoch 06/08) Block Loss: 3.6648e-05
		(Epoch 07/08) Block Loss: 3.6429e-05
		(Epoch 08/08) Block Loss: 3.6197e-05
	(1/3) Block 4/28, self_attn.k_proj | Tuning Non-Factorized Weights...
		(Epoch 01/08) Block Loss: 3.5518e-05
		(Epoch 02/08) Block Loss: 3.2720e-05
		(Epoch 03/08) Block Loss: 3.1622e-05
		(Epoch 04/08) Block Loss: 3.1098e-05
		(Epoch 05/08) Block Loss: 3.0536e-05
		(Epoch 06/08) Block Loss: 3.0239e-05
		(Epoch 07/08) Block Loss: 3.0052e-05
		(Epoch 08/08) Block Loss: 2.9987e-05
	(2/3) Block 4/28, self_attn.k_proj | Initialization via ADMM...
		ADMM weight recon error: raw=268.5316, norm=0.3010, per_el=2.5609e-04, out_err=0.0922, ADMM time=2.54s
	(3/3) Block 4/28, self_attn.k_proj | Tuning Factorized Weights...
		(Epoch 01/08) Block Loss: 3.2570e-05
		(Epoch 02/08) Block Loss: 3.1776e-05
		(Epoch 03/08) Block Loss: 3.1444e-05
		(Epoch 04/08) Block Loss: 3.1317e-05
		(Epoch 05/08) Block Loss: 3.1189e-05
		(Epoch 06/08) Block Loss: 3.1100e-05
		(Epoch 07/08) Block Loss: 3.1025e-05
		(Epoch 08/08) Block Loss: 3.1007e-05
	(1/3) Block 4/28, mlp.gate_proj | Tuning Non-Factorized Weights...
		(Epoch 01/08) Block Loss: 3.1104e-05
		(Epoch 02/08) Block Loss: 3.0315e-05
		(Epoch 03/08) Block Loss: 2.9799e-05
		(Epoch 04/08) Block Loss: 2.9451e-05
		(Epoch 05/08) Block Loss: 2.9168e-05
		(Epoch 06/08) Block Loss: 2.8969e-05
		(Epoch 07/08) Block Loss: 2.8854e-05
		(Epoch 08/08) Block Loss: 2.8806e-05
	(2/3) Block 4/28, mlp.gate_proj | Initialization via ADMM...
		ADMM weight recon error: raw=1900.4918, norm=0.3535, per_el=6.0415e-04, out_err=0.0304, ADMM time=12.17s
	(3/3) Block 4/28, mlp.gate_proj | Tuning Factorized Weights...
		(Epoch 01/08) Block Loss: 3.7199e-05
		(Epoch 02/08) Block Loss: 3.4150e-05
		(Epoch 03/08) Block Loss: 3.3344e-05
		(Epoch 04/08) Block Loss: 3.2999e-05
		(Epoch 05/08) Block Loss: 3.2788e-05
		(Epoch 06/08) Block Loss: 3.2672e-05
		(Epoch 07/08) Block Loss: 3.2553e-05
		(Epoch 08/08) Block Loss: 3.2401e-05
Token indices sequence length is longer than the specified maximum sequence length for this model (299078 > 131072). Running this sequence through the model will result in indexing errors
Compressing Layers:  14%|███████████████                                                                                          | 4/28 [15:23<1:33:08, 232.86s/it]	(1/3) Block 4/28, mlp.up_proj | Tuning Non-Factorized Weights...
		(Epoch 01/08) Block Loss: 3.2042e-05
		(Epoch 02/08) Block Loss: 3.1320e-05
		(Epoch 03/08) Block Loss: 3.0906e-05
		(Epoch 04/08) Block Loss: 3.0650e-05
		(Epoch 05/08) Block Loss: 3.0445e-05
		(Epoch 06/08) Block Loss: 3.0310e-05
		(Epoch 07/08) Block Loss: 3.0231e-05
		(Epoch 08/08) Block Loss: 3.0197e-05
	(2/3) Block 4/28, mlp.up_proj | Initialization via ADMM...
		ADMM weight recon error: raw=761.1531, norm=0.3550, per_el=2.4196e-04, out_err=0.1221, ADMM time=8.54s
	(3/3) Block 4/28, mlp.up_proj | Tuning Factorized Weights...
		(Epoch 01/08) Block Loss: 4.4226e-05
		(Epoch 02/08) Block Loss: 3.8886e-05
		(Epoch 03/08) Block Loss: 3.8444e-05
		(Epoch 04/08) Block Loss: 3.8334e-05
		(Epoch 05/08) Block Loss: 3.8233e-05
		(Epoch 06/08) Block Loss: 3.8143e-05
		(Epoch 07/08) Block Loss: 3.8002e-05
		(Epoch 08/08) Block Loss: 3.7642e-05
	(1/3) Block 4/28, mlp.down_proj | Tuning Non-Factorized Weights...
		(Epoch 01/08) Block Loss: 3.6399e-05
		(Epoch 02/08) Block Loss: 3.5500e-05
		(Epoch 03/08) Block Loss: 3.5026e-05
		(Epoch 04/08) Block Loss: 3.4740e-05
		(Epoch 05/08) Block Loss: 3.4551e-05
		(Epoch 06/08) Block Loss: 3.4437e-05
		(Epoch 07/08) Block Loss: 3.4377e-05
		(Epoch 08/08) Block Loss: 3.4353e-05
	(2/3) Block 4/28, mlp.down_proj | Initialization via ADMM...
		ADMM weight recon error: raw=784.6252, norm=0.3554, per_el=2.4943e-04, out_err=0.1517, ADMM time=9.94s
	(3/3) Block 4/28, mlp.down_proj | Tuning Factorized Weights...
		(Epoch 01/08) Block Loss: 4.8099e-05
		(Epoch 02/08) Block Loss: 4.6127e-05
		(Epoch 03/08) Block Loss: 4.6148e-05
		(Epoch 04/08) Block Loss: 4.6311e-05
		(Epoch 05/08) Block Loss: 4.6417e-05
		(Epoch 06/08) Block Loss: 4.6919e-05
		(Epoch 07/08) Block Loss: 4.6513e-05
		(Epoch 08/08) Block Loss: 4.5891e-05
		Block 3: relative block output error = 0.0013
Using sequence length: 2048 (model max: 2048)
		Block 3: Test Data PPL        = 22.814
	(1/3) Block 5/28, self_attn.q_proj | Tuning Non-Factorized Weights...
		(Epoch 01/08) Block Loss: 3.5007e-05
		(Epoch 02/08) Block Loss: 3.1579e-05
		(Epoch 03/08) Block Loss: 2.9820e-05
		(Epoch 04/08) Block Loss: 2.8739e-05
		(Epoch 05/08) Block Loss: 2.8071e-05
		(Epoch 06/08) Block Loss: 2.7580e-05
		(Epoch 07/08) Block Loss: 2.7323e-05
		(Epoch 08/08) Block Loss: 2.7236e-05
	(2/3) Block 5/28, self_attn.q_proj | Initialization via ADMM...
		ADMM weight recon error: raw=579.3807, norm=0.3122, per_el=2.7627e-04, out_err=0.0713, ADMM time=3.99s
	(3/3) Block 5/28, self_attn.q_proj | Tuning Factorized Weights...
		(Epoch 01/08) Block Loss: 2.8918e-05
		(Epoch 02/08) Block Loss: 2.8235e-05
		(Epoch 03/08) Block Loss: 2.8074e-05
		(Epoch 04/08) Block Loss: 2.7983e-05
		(Epoch 05/08) Block Loss: 2.7921e-05
		(Epoch 06/08) Block Loss: 2.7877e-05
		(Epoch 07/08) Block Loss: 2.7850e-05
		(Epoch 08/08) Block Loss: 2.7829e-05
	(1/3) Block 5/28, self_attn.v_proj | Tuning Non-Factorized Weights...
		(Epoch 01/08) Block Loss: 2.7871e-05
		(Epoch 02/08) Block Loss: 2.6893e-05
		(Epoch 03/08) Block Loss: 2.6107e-05
		(Epoch 04/08) Block Loss: 2.5583e-05
		(Epoch 05/08) Block Loss: 2.5212e-05
		(Epoch 06/08) Block Loss: 2.4964e-05
		(Epoch 07/08) Block Loss: 2.4826e-05
		(Epoch 08/08) Block Loss: 2.4771e-05
	(2/3) Block 5/28, self_attn.v_proj | Initialization via ADMM...
		ADMM weight recon error: raw=346.1491, norm=0.3682, per_el=3.3011e-04, out_err=0.2927, ADMM time=3.18s
	(3/3) Block 5/28, self_attn.v_proj | Tuning Factorized Weights...
		(Epoch 01/08) Block Loss: 3.1042e-05
		(Epoch 02/08) Block Loss: 2.9792e-05
		(Epoch 03/08) Block Loss: 2.9295e-05
		(Epoch 04/08) Block Loss: 2.9012e-05
		(Epoch 05/08) Block Loss: 2.8867e-05
		(Epoch 06/08) Block Loss: 2.8787e-05
		(Epoch 07/08) Block Loss: 2.8734e-05
		(Epoch 08/08) Block Loss: 2.8674e-05
	(1/3) Block 5/28, self_attn.o_proj | Tuning Non-Factorized Weights...
		(Epoch 01/08) Block Loss: 2.7697e-05
		(Epoch 02/08) Block Loss: 2.6499e-05
		(Epoch 03/08) Block Loss: 2.5874e-05
		(Epoch 04/08) Block Loss: 2.5470e-05
		(Epoch 05/08) Block Loss: 2.5178e-05
		(Epoch 06/08) Block Loss: 2.4978e-05
		(Epoch 07/08) Block Loss: 2.4864e-05
		(Epoch 08/08) Block Loss: 2.4818e-05
	(2/3) Block 5/28, self_attn.o_proj | Initialization via ADMM...
		ADMM weight recon error: raw=527.1063, norm=0.3328, per_el=2.5134e-04, out_err=0.2834, ADMM time=4.42s
	(3/3) Block 5/28, self_attn.o_proj | Tuning Factorized Weights...
		(Epoch 01/08) Block Loss: 2.9753e-05
		(Epoch 02/08) Block Loss: 2.8811e-05
		(Epoch 03/08) Block Loss: 2.8478e-05
		(Epoch 04/08) Block Loss: 2.8378e-05
		(Epoch 05/08) Block Loss: 2.8365e-05
		(Epoch 06/08) Block Loss: 2.8227e-05
		(Epoch 07/08) Block Loss: 2.8230e-05
		(Epoch 08/08) Block Loss: 2.7988e-05
	(1/3) Block 5/28, self_attn.k_proj | Tuning Non-Factorized Weights...
		(Epoch 01/08) Block Loss: 2.7274e-05
		(Epoch 02/08) Block Loss: 2.6374e-05
		(Epoch 03/08) Block Loss: 2.5918e-05
		(Epoch 04/08) Block Loss: 2.5624e-05
		(Epoch 05/08) Block Loss: 2.5400e-05
		(Epoch 06/08) Block Loss: 2.5252e-05
		(Epoch 07/08) Block Loss: 2.5165e-05
		(Epoch 08/08) Block Loss: 2.5129e-05
	(2/3) Block 5/28, self_attn.k_proj | Initialization via ADMM...
		ADMM weight recon error: raw=269.0294, norm=0.3114, per_el=2.5657e-04, out_err=0.0673, ADMM time=4.85s
	(3/3) Block 5/28, self_attn.k_proj | Tuning Factorized Weights...
		(Epoch 01/08) Block Loss: 2.6365e-05
		(Epoch 02/08) Block Loss: 2.5870e-05
		(Epoch 03/08) Block Loss: 2.5765e-05
		(Epoch 04/08) Block Loss: 2.5710e-05
		(Epoch 05/08) Block Loss: 2.5676e-05
		(Epoch 06/08) Block Loss: 2.5656e-05
		(Epoch 07/08) Block Loss: 2.5644e-05
		(Epoch 08/08) Block Loss: 2.5634e-05
	(1/3) Block 5/28, mlp.gate_proj | Tuning Non-Factorized Weights...
		(Epoch 01/08) Block Loss: 2.5782e-05
		(Epoch 02/08) Block Loss: 2.5367e-05
		(Epoch 03/08) Block Loss: 2.5105e-05
		(Epoch 04/08) Block Loss: 2.4925e-05
		(Epoch 05/08) Block Loss: 2.4770e-05
		(Epoch 06/08) Block Loss: 2.4666e-05
		(Epoch 07/08) Block Loss: 2.4601e-05
		(Epoch 08/08) Block Loss: 2.4571e-05
	(2/3) Block 5/28, mlp.gate_proj | Initialization via ADMM...
		ADMM weight recon error: raw=1651.0398, norm=0.3558, per_el=5.2485e-04, out_err=0.0349, ADMM time=12.86s
	(3/3) Block 5/28, mlp.gate_proj | Tuning Factorized Weights...
		(Epoch 01/08) Block Loss: 3.0855e-05
		(Epoch 02/08) Block Loss: 2.9527e-05
		(Epoch 03/08) Block Loss: 2.9157e-05
		(Epoch 04/08) Block Loss: 2.8998e-05
		(Epoch 05/08) Block Loss: 2.8929e-05
		(Epoch 06/08) Block Loss: 2.8865e-05
		(Epoch 07/08) Block Loss: 2.8803e-05
		(Epoch 08/08) Block Loss: 2.8678e-05
	(1/3) Block 5/28, mlp.up_proj | Tuning Non-Factorized Weights...
		(Epoch 01/08) Block Loss: 2.8136e-05
		(Epoch 02/08) Block Loss: 2.7527e-05
		(Epoch 03/08) Block Loss: 2.7220e-05
		(Epoch 04/08) Block Loss: 2.7033e-05
		(Epoch 05/08) Block Loss: 2.6886e-05
		(Epoch 06/08) Block Loss: 2.6792e-05
		(Epoch 07/08) Block Loss: 2.6734e-05
		(Epoch 08/08) Block Loss: 2.6709e-05
	(2/3) Block 5/28, mlp.up_proj | Initialization via ADMM...
		ADMM weight recon error: raw=768.4017, norm=0.3666, per_el=2.4427e-04, out_err=0.1648, ADMM time=10.26s
	(3/3) Block 5/28, mlp.up_proj | Tuning Factorized Weights...
		(Epoch 01/08) Block Loss: 3.6287e-05
		(Epoch 02/08) Block Loss: 3.5231e-05
		(Epoch 03/08) Block Loss: 3.4971e-05
		(Epoch 04/08) Block Loss: 3.4868e-05
		(Epoch 05/08) Block Loss: 3.4880e-05
		(Epoch 06/08) Block Loss: 3.4803e-05
		(Epoch 07/08) Block Loss: 3.4680e-05
		(Epoch 08/08) Block Loss: 3.4354e-05
	(1/3) Block 5/28, mlp.down_proj | Tuning Non-Factorized Weights...
		(Epoch 01/08) Block Loss: 3.3023e-05
		(Epoch 02/08) Block Loss: 3.2165e-05
		(Epoch 03/08) Block Loss: 3.1743e-05
		(Epoch 04/08) Block Loss: 3.1501e-05
		(Epoch 05/08) Block Loss: 3.1342e-05
		(Epoch 06/08) Block Loss: 3.1248e-05
		(Epoch 07/08) Block Loss: 3.1198e-05
		(Epoch 08/08) Block Loss: 3.1178e-05
	(2/3) Block 5/28, mlp.down_proj | Initialization via ADMM...
		ADMM weight recon error: raw=745.0793, norm=0.3711, per_el=2.3685e-04, out_err=0.1730, ADMM time=13.79s
	(3/3) Block 5/28, mlp.down_proj | Tuning Factorized Weights...
Token indices sequence length is longer than the specified maximum sequence length for this model (299078 > 131072). Running this sequence through the model will result in indexing errors
Compressing Layers:  18%|██████████████████▊                                                                                      | 5/28 [19:30<1:31:12, 237.94s/it]Token indices sequence length is longer than the specified maximum sequence length for this model (299078 > 131072). Running this sequence through the model will result in indexing errors
Compressing Layers:  21%|██████████████████████▌                                                                                  | 6/28 [23:27<1:27:14, 237.92s/it]		(Epoch 01/08) Block Loss: 4.4032e-05
		(Epoch 02/08) Block Loss: 4.4049e-05
		(Epoch 03/08) Block Loss: 4.4490e-05
		(Epoch 04/08) Block Loss: 4.5047e-05
		(Epoch 05/08) Block Loss: 4.5117e-05
		(Epoch 06/08) Block Loss: 4.5159e-05
		(Epoch 07/08) Block Loss: 4.5299e-05
		(Epoch 08/08) Block Loss: 4.4717e-05
		Block 4: relative block output error = 0.0016
Using sequence length: 2048 (model max: 2048)
		Block 4: Test Data PPL        = 22.154
	(1/3) Block 6/28, self_attn.q_proj | Tuning Non-Factorized Weights...
		(Epoch 01/08) Block Loss: 3.4860e-05
		(Epoch 02/08) Block Loss: 3.1764e-05
		(Epoch 03/08) Block Loss: 3.0233e-05
		(Epoch 04/08) Block Loss: 2.9284e-05
		(Epoch 05/08) Block Loss: 2.8654e-05
		(Epoch 06/08) Block Loss: 2.8276e-05
		(Epoch 07/08) Block Loss: 2.8074e-05
		(Epoch 08/08) Block Loss: 2.8000e-05
	(2/3) Block 6/28, self_attn.q_proj | Initialization via ADMM...
		ADMM weight recon error: raw=594.8110, norm=0.2974, per_el=2.8363e-04, out_err=0.0719, ADMM time=3.47s
	(3/3) Block 6/28, self_attn.q_proj | Tuning Factorized Weights...
		(Epoch 01/08) Block Loss: 2.9392e-05
		(Epoch 02/08) Block Loss: 2.8883e-05
		(Epoch 03/08) Block Loss: 2.8741e-05
		(Epoch 04/08) Block Loss: 2.8664e-05
		(Epoch 05/08) Block Loss: 2.8611e-05
		(Epoch 06/08) Block Loss: 2.8575e-05
		(Epoch 07/08) Block Loss: 2.8549e-05
		(Epoch 08/08) Block Loss: 2.8528e-05
	(1/3) Block 6/28, self_attn.v_proj | Tuning Non-Factorized Weights...
		(Epoch 01/08) Block Loss: 2.8484e-05
		(Epoch 02/08) Block Loss: 2.7532e-05
		(Epoch 03/08) Block Loss: 2.6904e-05
		(Epoch 04/08) Block Loss: 2.6474e-05
		(Epoch 05/08) Block Loss: 2.6144e-05
		(Epoch 06/08) Block Loss: 2.5932e-05
		(Epoch 07/08) Block Loss: 2.5812e-05
		(Epoch 08/08) Block Loss: 2.5764e-05
	(2/3) Block 6/28, self_attn.v_proj | Initialization via ADMM...
		ADMM weight recon error: raw=311.6642, norm=0.3641, per_el=2.9723e-04, out_err=0.2671, ADMM time=5.08s
	(3/3) Block 6/28, self_attn.v_proj | Tuning Factorized Weights...
		(Epoch 01/08) Block Loss: 3.1102e-05
		(Epoch 02/08) Block Loss: 3.0028e-05
		(Epoch 03/08) Block Loss: 2.9567e-05
		(Epoch 04/08) Block Loss: 2.9335e-05
		(Epoch 05/08) Block Loss: 2.9205e-05
		(Epoch 06/08) Block Loss: 2.9141e-05
		(Epoch 07/08) Block Loss: 2.9106e-05
		(Epoch 08/08) Block Loss: 2.9068e-05
	(1/3) Block 6/28, self_attn.o_proj | Tuning Non-Factorized Weights...
		(Epoch 01/08) Block Loss: 2.8233e-05
		(Epoch 02/08) Block Loss: 2.7220e-05
		(Epoch 03/08) Block Loss: 2.6704e-05
		(Epoch 04/08) Block Loss: 2.6368e-05
		(Epoch 05/08) Block Loss: 2.6108e-05
		(Epoch 06/08) Block Loss: 2.5941e-05
		(Epoch 07/08) Block Loss: 2.5845e-05
		(Epoch 08/08) Block Loss: 2.5805e-05
	(2/3) Block 6/28, self_attn.o_proj | Initialization via ADMM...
		ADMM weight recon error: raw=545.1343, norm=0.3477, per_el=2.5994e-04, out_err=0.2421, ADMM time=3.75s
	(3/3) Block 6/28, self_attn.o_proj | Tuning Factorized Weights...
		(Epoch 01/08) Block Loss: 3.1060e-05
		(Epoch 02/08) Block Loss: 3.0263e-05
		(Epoch 03/08) Block Loss: 3.0123e-05
		(Epoch 04/08) Block Loss: 3.0107e-05
		(Epoch 05/08) Block Loss: 3.0060e-05
		(Epoch 06/08) Block Loss: 3.0067e-05
		(Epoch 07/08) Block Loss: 3.0044e-05
		(Epoch 08/08) Block Loss: 2.9755e-05
	(1/3) Block 6/28, self_attn.k_proj | Tuning Non-Factorized Weights...
		(Epoch 01/08) Block Loss: 2.8692e-05
		(Epoch 02/08) Block Loss: 2.7766e-05
		(Epoch 03/08) Block Loss: 2.7316e-05
		(Epoch 04/08) Block Loss: 2.7036e-05
		(Epoch 05/08) Block Loss: 2.6823e-05
		(Epoch 06/08) Block Loss: 2.6688e-05
		(Epoch 07/08) Block Loss: 2.6608e-05
		(Epoch 08/08) Block Loss: 2.6576e-05
	(2/3) Block 6/28, self_attn.k_proj | Initialization via ADMM...
		ADMM weight recon error: raw=266.9525, norm=0.3148, per_el=2.5459e-04, out_err=0.0784, ADMM time=3.24s
	(3/3) Block 6/28, self_attn.k_proj | Tuning Factorized Weights...
		(Epoch 01/08) Block Loss: 2.7420e-05
		(Epoch 02/08) Block Loss: 2.7174e-05
		(Epoch 03/08) Block Loss: 2.7099e-05
		(Epoch 04/08) Block Loss: 2.7060e-05
		(Epoch 05/08) Block Loss: 2.7037e-05
		(Epoch 06/08) Block Loss: 2.7022e-05
		(Epoch 07/08) Block Loss: 2.7009e-05
		(Epoch 08/08) Block Loss: 2.6998e-05
	(1/3) Block 6/28, mlp.gate_proj | Tuning Non-Factorized Weights...
		(Epoch 01/08) Block Loss: 2.7127e-05
		(Epoch 02/08) Block Loss: 2.6763e-05
		(Epoch 03/08) Block Loss: 2.6527e-05
		(Epoch 04/08) Block Loss: 2.6366e-05
		(Epoch 05/08) Block Loss: 2.6227e-05
		(Epoch 06/08) Block Loss: 2.6134e-05
		(Epoch 07/08) Block Loss: 2.6075e-05
		(Epoch 08/08) Block Loss: 2.6050e-05
	(2/3) Block 6/28, mlp.gate_proj | Initialization via ADMM...
		ADMM weight recon error: raw=1324.9961, norm=0.3524, per_el=4.2120e-04, out_err=0.0510, ADMM time=12.14s
	(3/3) Block 6/28, mlp.gate_proj | Tuning Factorized Weights...
		(Epoch 01/08) Block Loss: 3.1234e-05
		(Epoch 02/08) Block Loss: 3.0588e-05
		(Epoch 03/08) Block Loss: 3.0457e-05
		(Epoch 04/08) Block Loss: 3.0418e-05
		(Epoch 05/08) Block Loss: 3.0414e-05
		(Epoch 06/08) Block Loss: 3.0390e-05
		(Epoch 07/08) Block Loss: 3.0342e-05
		(Epoch 08/08) Block Loss: 3.0186e-05
	(1/3) Block 6/28, mlp.up_proj | Tuning Non-Factorized Weights...
		(Epoch 01/08) Block Loss: 2.9544e-05
		(Epoch 02/08) Block Loss: 2.8976e-05
		(Epoch 03/08) Block Loss: 2.8687e-05
		(Epoch 04/08) Block Loss: 2.8510e-05
		(Epoch 05/08) Block Loss: 2.8373e-05
		(Epoch 06/08) Block Loss: 2.8286e-05
		(Epoch 07/08) Block Loss: 2.8233e-05
		(Epoch 08/08) Block Loss: 2.8212e-05
	(2/3) Block 6/28, mlp.up_proj | Initialization via ADMM...
		ADMM weight recon error: raw=864.5696, norm=0.3651, per_el=2.7484e-04, out_err=0.1650, ADMM time=11.32s
	(3/3) Block 6/28, mlp.up_proj | Tuning Factorized Weights...
		(Epoch 01/08) Block Loss: 3.6558e-05
		(Epoch 02/08) Block Loss: 3.5910e-05
		(Epoch 03/08) Block Loss: 3.5795e-05
		(Epoch 04/08) Block Loss: 3.5817e-05
		(Epoch 05/08) Block Loss: 3.5860e-05
		(Epoch 06/08) Block Loss: 3.5787e-05
		(Epoch 07/08) Block Loss: 3.5797e-05
		(Epoch 08/08) Block Loss: 3.5423e-05
	(1/3) Block 6/28, mlp.down_proj | Tuning Non-Factorized Weights...
		(Epoch 01/08) Block Loss: 3.4143e-05
		(Epoch 02/08) Block Loss: 3.3368e-05
		(Epoch 03/08) Block Loss: 3.2980e-05
		(Epoch 04/08) Block Loss: 3.2753e-05
		(Epoch 05/08) Block Loss: 3.2601e-05
		(Epoch 06/08) Block Loss: 3.2512e-05
		(Epoch 07/08) Block Loss: 3.2464e-05
		(Epoch 08/08) Block Loss: 3.2447e-05
	(2/3) Block 6/28, mlp.down_proj | Initialization via ADMM...
		ADMM weight recon error: raw=846.6374, norm=0.3726, per_el=2.6914e-04, out_err=0.1901, ADMM time=9.33s
	(3/3) Block 6/28, mlp.down_proj | Tuning Factorized Weights...
		(Epoch 01/08) Block Loss: 4.3015e-05
		(Epoch 02/08) Block Loss: 4.2949e-05
		(Epoch 03/08) Block Loss: 4.3220e-05
		(Epoch 04/08) Block Loss: 4.3536e-05
		(Epoch 05/08) Block Loss: 4.3707e-05
		(Epoch 06/08) Block Loss: 4.3735e-05
		(Epoch 07/08) Block Loss: 4.3717e-05
		(Epoch 08/08) Block Loss: 4.3350e-05
		Block 5: relative block output error = 0.0021
Using sequence length: 2048 (model max: 2048)
		Block 5: Test Data PPL        = 21.822
	(1/3) Block 7/28, self_attn.q_proj | Tuning Non-Factorized Weights...
		(Epoch 01/08) Block Loss: 2.9238e-05
		(Epoch 02/08) Block Loss: 2.7157e-05
		(Epoch 03/08) Block Loss: 2.6100e-05
		(Epoch 04/08) Block Loss: 2.5256e-05
		(Epoch 05/08) Block Loss: 2.4742e-05
		(Epoch 06/08) Block Loss: 2.4452e-05
		(Epoch 07/08) Block Loss: 2.4297e-05
		(Epoch 08/08) Block Loss: 2.4240e-05
	(2/3) Block 7/28, self_attn.q_proj | Initialization via ADMM...
		ADMM weight recon error: raw=475.5929, norm=0.2426, per_el=2.2678e-04, out_err=0.0518, ADMM time=3.28s
	(3/3) Block 7/28, self_attn.q_proj | Tuning Factorized Weights...
		(Epoch 01/08) Block Loss: 2.5083e-05
		(Epoch 02/08) Block Loss: 2.4831e-05
		(Epoch 03/08) Block Loss: 2.4759e-05
		(Epoch 04/08) Block Loss: 2.4720e-05
		(Epoch 05/08) Block Loss: 2.4695e-05
		(Epoch 06/08) Block Loss: 2.4674e-05
		(Epoch 07/08) Block Loss: 2.4653e-05
		(Epoch 08/08) Block Loss: 2.4630e-05
	(1/3) Block 7/28, self_attn.v_proj | Tuning Non-Factorized Weights...
		(Epoch 01/08) Block Loss: 2.4669e-05
		(Epoch 02/08) Block Loss: 2.4085e-05
Token indices sequence length is longer than the specified maximum sequence length for this model (299078 > 131072). Running this sequence through the model will result in indexing errors
Compressing Layers:  25%|██████████████████████████▎                                                                              | 7/28 [25:31<1:10:10, 200.52s/it]		(Epoch 03/08) Block Loss: 2.3608e-05
		(Epoch 04/08) Block Loss: 2.3160e-05
		(Epoch 05/08) Block Loss: 2.2893e-05
		(Epoch 06/08) Block Loss: 2.2729e-05
		(Epoch 07/08) Block Loss: 2.2635e-05
		(Epoch 08/08) Block Loss: 2.2598e-05
	(2/3) Block 7/28, self_attn.v_proj | Initialization via ADMM...
		ADMM weight recon error: raw=304.9157, norm=0.3562, per_el=2.9079e-04, out_err=0.2887, ADMM time=1.08s
	(3/3) Block 7/28, self_attn.v_proj | Tuning Factorized Weights...
		(Epoch 01/08) Block Loss: 2.6552e-05
		(Epoch 02/08) Block Loss: 2.5531e-05
		(Epoch 03/08) Block Loss: 2.5190e-05
		(Epoch 04/08) Block Loss: 2.4999e-05
		(Epoch 05/08) Block Loss: 2.4902e-05
		(Epoch 06/08) Block Loss: 2.4847e-05
		(Epoch 07/08) Block Loss: 2.4819e-05
		(Epoch 08/08) Block Loss: 2.4781e-05
	(1/3) Block 7/28, self_attn.o_proj | Tuning Non-Factorized Weights...
		(Epoch 01/08) Block Loss: 2.4304e-05
		(Epoch 02/08) Block Loss: 2.3578e-05
		(Epoch 03/08) Block Loss: 2.3246e-05
		(Epoch 04/08) Block Loss: 2.2924e-05
		(Epoch 05/08) Block Loss: 2.2713e-05
		(Epoch 06/08) Block Loss: 2.2580e-05
		(Epoch 07/08) Block Loss: 2.2504e-05
		(Epoch 08/08) Block Loss: 2.2472e-05
	(2/3) Block 7/28, self_attn.o_proj | Initialization via ADMM...
		ADMM weight recon error: raw=437.3818, norm=0.3216, per_el=2.0856e-04, out_err=0.1959, ADMM time=1.19s
	(3/3) Block 7/28, self_attn.o_proj | Tuning Factorized Weights...
		(Epoch 01/08) Block Loss: 2.5229e-05
		(Epoch 02/08) Block Loss: 2.4728e-05
		(Epoch 03/08) Block Loss: 2.4600e-05
		(Epoch 04/08) Block Loss: 2.4608e-05
		(Epoch 05/08) Block Loss: 2.4608e-05
		(Epoch 06/08) Block Loss: 2.4438e-05
		(Epoch 07/08) Block Loss: 2.4493e-05
		(Epoch 08/08) Block Loss: 2.4304e-05
	(1/3) Block 7/28, self_attn.k_proj | Tuning Non-Factorized Weights...
		(Epoch 01/08) Block Loss: 2.3934e-05
		(Epoch 02/08) Block Loss: 2.3391e-05
		(Epoch 03/08) Block Loss: 2.3110e-05
		(Epoch 04/08) Block Loss: 2.2911e-05
		(Epoch 05/08) Block Loss: 2.2760e-05
		(Epoch 06/08) Block Loss: 2.2662e-05
		(Epoch 07/08) Block Loss: 2.2603e-05
		(Epoch 08/08) Block Loss: 2.2577e-05
	(2/3) Block 7/28, self_attn.k_proj | Initialization via ADMM...
		ADMM weight recon error: raw=226.2495, norm=0.2732, per_el=2.1577e-04, out_err=0.0785, ADMM time=1.58s
	(3/3) Block 7/28, self_attn.k_proj | Tuning Factorized Weights...
		(Epoch 01/08) Block Loss: 2.3083e-05
		(Epoch 02/08) Block Loss: 2.2985e-05
		(Epoch 03/08) Block Loss: 2.2942e-05
		(Epoch 04/08) Block Loss: 2.2919e-05
		(Epoch 05/08) Block Loss: 2.2904e-05
		(Epoch 06/08) Block Loss: 2.2896e-05
		(Epoch 07/08) Block Loss: 2.2887e-05
		(Epoch 08/08) Block Loss: 2.2879e-05
	(1/3) Block 7/28, mlp.gate_proj | Tuning Non-Factorized Weights...
		(Epoch 01/08) Block Loss: 2.3011e-05
		(Epoch 02/08) Block Loss: 2.2745e-05
		(Epoch 03/08) Block Loss: 2.2574e-05
		(Epoch 04/08) Block Loss: 2.2451e-05
		(Epoch 05/08) Block Loss: 2.2346e-05
		(Epoch 06/08) Block Loss: 2.2275e-05
		(Epoch 07/08) Block Loss: 2.2229e-05
		(Epoch 08/08) Block Loss: 2.2209e-05
	(2/3) Block 7/28, mlp.gate_proj | Initialization via ADMM...
		ADMM weight recon error: raw=1272.0948, norm=0.3581, per_el=4.0439e-04, out_err=0.0457, ADMM time=6.47s
	(3/3) Block 7/28, mlp.gate_proj | Tuning Factorized Weights...
		(Epoch 01/08) Block Loss: 2.5993e-05
		(Epoch 02/08) Block Loss: 2.5599e-05
		(Epoch 03/08) Block Loss: 2.5507e-05
		(Epoch 04/08) Block Loss: 2.5489e-05
		(Epoch 05/08) Block Loss: 2.5476e-05
		(Epoch 06/08) Block Loss: 2.5464e-05
		(Epoch 07/08) Block Loss: 2.5432e-05
		(Epoch 08/08) Block Loss: 2.5314e-05
	(1/3) Block 7/28, mlp.up_proj | Tuning Non-Factorized Weights...
		(Epoch 01/08) Block Loss: 2.4874e-05
		(Epoch 02/08) Block Loss: 2.4456e-05
		(Epoch 03/08) Block Loss: 2.4243e-05
		(Epoch 04/08) Block Loss: 2.4111e-05
		(Epoch 05/08) Block Loss: 2.4009e-05
		(Epoch 06/08) Block Loss: 2.3943e-05
		(Epoch 07/08) Block Loss: 2.3903e-05
		(Epoch 08/08) Block Loss: 2.3886e-05
	(2/3) Block 7/28, mlp.up_proj | Initialization via ADMM...
		ADMM weight recon error: raw=869.8522, norm=0.3698, per_el=2.7652e-04, out_err=0.1713, ADMM time=6.32s
	(3/3) Block 7/28, mlp.up_proj | Tuning Factorized Weights...
		(Epoch 01/08) Block Loss: 3.0321e-05
		(Epoch 02/08) Block Loss: 2.9842e-05
		(Epoch 03/08) Block Loss: 2.9785e-05
		(Epoch 04/08) Block Loss: 2.9889e-05
		(Epoch 05/08) Block Loss: 2.9916e-05
		(Epoch 06/08) Block Loss: 2.9762e-05
		(Epoch 07/08) Block Loss: 2.9783e-05
		(Epoch 08/08) Block Loss: 2.9458e-05
	(1/3) Block 7/28, mlp.down_proj | Tuning Non-Factorized Weights...
		(Epoch 01/08) Block Loss: 2.8515e-05
		(Epoch 02/08) Block Loss: 2.7949e-05
		(Epoch 03/08) Block Loss: 2.7661e-05
		(Epoch 04/08) Block Loss: 2.7491e-05
		(Epoch 05/08) Block Loss: 2.7377e-05
		(Epoch 06/08) Block Loss: 2.7310e-05
		(Epoch 07/08) Block Loss: 2.7274e-05
		(Epoch 08/08) Block Loss: 2.7261e-05
	(2/3) Block 7/28, mlp.down_proj | Initialization via ADMM...
		ADMM weight recon error: raw=789.3374, norm=0.3575, per_el=2.5092e-04, out_err=0.1842, ADMM time=6.30s
	(3/3) Block 7/28, mlp.down_proj | Tuning Factorized Weights...
		(Epoch 01/08) Block Loss: 3.4761e-05
		(Epoch 02/08) Block Loss: 3.4746e-05
		(Epoch 03/08) Block Loss: 3.4965e-05
		(Epoch 04/08) Block Loss: 3.5173e-05
		(Epoch 05/08) Block Loss: 3.5312e-05
		(Epoch 06/08) Block Loss: 3.5321e-05
		(Epoch 07/08) Block Loss: 3.5352e-05
		(Epoch 08/08) Block Loss: 3.5019e-05
		Block 6: relative block output error = 0.0026
Using sequence length: 2048 (model max: 2048)
		Block 6: Test Data PPL        = 21.701
	(1/3) Block 8/28, self_attn.q_proj | Tuning Non-Factorized Weights...
		(Epoch 01/08) Block Loss: 3.7529e-05
		(Epoch 02/08) Block Loss: 3.5127e-05
		(Epoch 03/08) Block Loss: 3.3976e-05
		(Epoch 04/08) Block Loss: 3.2869e-05
		(Epoch 05/08) Block Loss: 3.2260e-05
		(Epoch 06/08) Block Loss: 3.1906e-05
		(Epoch 07/08) Block Loss: 3.1714e-05
		(Epoch 08/08) Block Loss: 3.1642e-05
	(2/3) Block 8/28, self_attn.q_proj | Initialization via ADMM...
		ADMM weight recon error: raw=527.1689, norm=0.2968, per_el=2.5137e-04, out_err=0.0700, ADMM time=1.25s
	(3/3) Block 8/28, self_attn.q_proj | Tuning Factorized Weights...
		(Epoch 01/08) Block Loss: 3.3088e-05
		(Epoch 02/08) Block Loss: 3.2500e-05
		(Epoch 03/08) Block Loss: 3.2363e-05
		(Epoch 04/08) Block Loss: 3.2281e-05
		(Epoch 05/08) Block Loss: 3.2228e-05
		(Epoch 06/08) Block Loss: 3.2185e-05
		(Epoch 07/08) Block Loss: 3.2154e-05
		(Epoch 08/08) Block Loss: 3.2129e-05
	(1/3) Block 8/28, self_attn.v_proj | Tuning Non-Factorized Weights...
		(Epoch 01/08) Block Loss: 3.2202e-05
		(Epoch 02/08) Block Loss: 3.1314e-05
		(Epoch 03/08) Block Loss: 3.0715e-05
		(Epoch 04/08) Block Loss: 3.0285e-05
		(Epoch 05/08) Block Loss: 2.9952e-05
		(Epoch 06/08) Block Loss: 2.9746e-05
		(Epoch 07/08) Block Loss: 2.9624e-05
		(Epoch 08/08) Block Loss: 2.9577e-05
	(2/3) Block 8/28, self_attn.v_proj | Initialization via ADMM...
		ADMM weight recon error: raw=290.2787, norm=0.3523, per_el=2.7683e-04, out_err=0.2901, ADMM time=1.47s
	(3/3) Block 8/28, self_attn.v_proj | Tuning Factorized Weights...
		(Epoch 01/08) Block Loss: 3.5231e-05
		(Epoch 02/08) Block Loss: 3.4183e-05
		(Epoch 03/08) Block Loss: 3.3771e-05
		(Epoch 04/08) Block Loss: 3.3542e-05
		(Epoch 05/08) Block Loss: 3.3424e-05
		(Epoch 06/08) Block Loss: 3.3352e-05
		(Epoch 07/08) Block Loss: 3.3309e-05
		(Epoch 08/08) Block Loss: 3.3246e-05
	(1/3) Block 8/28, self_attn.o_proj | Tuning Non-Factorized Weights...
		(Epoch 01/08) Block Loss: 3.2400e-05
		(Epoch 02/08) Block Loss: 3.1332e-05
		(Epoch 03/08) Block Loss: 3.0803e-05
		(Epoch 04/08) Block Loss: 3.0437e-05
		(Epoch 05/08) Block Loss: 3.0174e-05
		(Epoch 06/08) Block Loss: 3.0006e-05
		(Epoch 07/08) Block Loss: 2.9905e-05
		(Epoch 08/08) Block Loss: 2.9864e-05
	(2/3) Block 8/28, self_attn.o_proj | Initialization via ADMM...
		ADMM weight recon error: raw=432.4166, norm=0.3124, per_el=2.0619e-04, out_err=0.2874, ADMM time=2.05s
	(3/3) Block 8/28, self_attn.o_proj | Tuning Factorized Weights...
		(Epoch 01/08) Block Loss: 3.4672e-05
		(Epoch 02/08) Block Loss: 3.3892e-05
		(Epoch 03/08) Block Loss: 3.3724e-05
		(Epoch 04/08) Block Loss: 3.3576e-05
Token indices sequence length is longer than the specified maximum sequence length for this model (299078 > 131072). Running this sequence through the model will result in indexing errors
Compressing Layers:  29%|██████████████████████████████▌                                                                            | 8/28 [27:27<57:54, 173.71s/it]		(Epoch 05/08) Block Loss: 3.3576e-05
		(Epoch 06/08) Block Loss: 3.3400e-05
		(Epoch 07/08) Block Loss: 3.3374e-05
		(Epoch 08/08) Block Loss: 3.3148e-05
	(1/3) Block 8/28, self_attn.k_proj | Tuning Non-Factorized Weights...
		(Epoch 01/08) Block Loss: 3.2427e-05
		(Epoch 02/08) Block Loss: 3.1580e-05
		(Epoch 03/08) Block Loss: 3.1172e-05
		(Epoch 04/08) Block Loss: 3.0903e-05
		(Epoch 05/08) Block Loss: 3.0701e-05
		(Epoch 06/08) Block Loss: 3.0570e-05
		(Epoch 07/08) Block Loss: 3.0493e-05
		(Epoch 08/08) Block Loss: 3.0461e-05
	(2/3) Block 8/28, self_attn.k_proj | Initialization via ADMM...
		ADMM weight recon error: raw=232.6196, norm=0.3093, per_el=2.2184e-04, out_err=0.0791, ADMM time=0.98s
	(3/3) Block 8/28, self_attn.k_proj | Tuning Factorized Weights...
		(Epoch 01/08) Block Loss: 3.1466e-05
		(Epoch 02/08) Block Loss: 3.1103e-05
		(Epoch 03/08) Block Loss: 3.1023e-05
		(Epoch 04/08) Block Loss: 3.0979e-05
		(Epoch 05/08) Block Loss: 3.0949e-05
		(Epoch 06/08) Block Loss: 3.0932e-05
		(Epoch 07/08) Block Loss: 3.0919e-05
		(Epoch 08/08) Block Loss: 3.0912e-05
	(1/3) Block 8/28, mlp.gate_proj | Tuning Non-Factorized Weights...
		(Epoch 01/08) Block Loss: 3.1057e-05
		(Epoch 02/08) Block Loss: 3.0704e-05
		(Epoch 03/08) Block Loss: 3.0484e-05
		(Epoch 04/08) Block Loss: 3.0324e-05
		(Epoch 05/08) Block Loss: 3.0189e-05
		(Epoch 06/08) Block Loss: 3.0100e-05
		(Epoch 07/08) Block Loss: 3.0043e-05
		(Epoch 08/08) Block Loss: 3.0017e-05
	(2/3) Block 8/28, mlp.gate_proj | Initialization via ADMM...
		ADMM weight recon error: raw=1216.7465, norm=0.3441, per_el=3.8679e-04, out_err=0.0462, ADMM time=6.35s
	(3/3) Block 8/28, mlp.gate_proj | Tuning Factorized Weights...
		(Epoch 01/08) Block Loss: 3.4348e-05
		(Epoch 02/08) Block Loss: 3.3888e-05
		(Epoch 03/08) Block Loss: 3.3811e-05
		(Epoch 04/08) Block Loss: 3.3790e-05
		(Epoch 05/08) Block Loss: 3.3783e-05
		(Epoch 06/08) Block Loss: 3.3771e-05
		(Epoch 07/08) Block Loss: 3.3715e-05
		(Epoch 08/08) Block Loss: 3.3558e-05
	(1/3) Block 8/28, mlp.up_proj | Tuning Non-Factorized Weights...
		(Epoch 01/08) Block Loss: 3.3082e-05
		(Epoch 02/08) Block Loss: 3.2599e-05
		(Epoch 03/08) Block Loss: 3.2351e-05
		(Epoch 04/08) Block Loss: 3.2193e-05
		(Epoch 05/08) Block Loss: 3.2070e-05
		(Epoch 06/08) Block Loss: 3.1991e-05
		(Epoch 07/08) Block Loss: 3.1942e-05
		(Epoch 08/08) Block Loss: 3.1921e-05
	(2/3) Block 8/28, mlp.up_proj | Initialization via ADMM...
		ADMM weight recon error: raw=852.2995, norm=0.3649, per_el=2.7094e-04, out_err=0.1651, ADMM time=6.42s
	(3/3) Block 8/28, mlp.up_proj | Tuning Factorized Weights...
		(Epoch 01/08) Block Loss: 3.9599e-05
		(Epoch 02/08) Block Loss: 3.9032e-05
		(Epoch 03/08) Block Loss: 3.8966e-05
		(Epoch 04/08) Block Loss: 3.9036e-05
		(Epoch 05/08) Block Loss: 3.9305e-05
		(Epoch 06/08) Block Loss: 3.8898e-05
		(Epoch 07/08) Block Loss: 3.8906e-05
		(Epoch 08/08) Block Loss: 3.8626e-05
	(1/3) Block 8/28, mlp.down_proj | Tuning Non-Factorized Weights...
		(Epoch 01/08) Block Loss: 3.7508e-05
		(Epoch 02/08) Block Loss: 3.6844e-05
		(Epoch 03/08) Block Loss: 3.6500e-05
		(Epoch 04/08) Block Loss: 3.6296e-05
		(Epoch 05/08) Block Loss: 3.6158e-05
		(Epoch 06/08) Block Loss: 3.6077e-05
		(Epoch 07/08) Block Loss: 3.6033e-05
		(Epoch 08/08) Block Loss: 3.6017e-05
	(2/3) Block 8/28, mlp.down_proj | Initialization via ADMM...
		ADMM weight recon error: raw=761.6262, norm=0.3552, per_el=2.4211e-04, out_err=0.1831, ADMM time=6.70s
	(3/3) Block 8/28, mlp.down_proj | Tuning Factorized Weights...
		(Epoch 01/08) Block Loss: 4.4754e-05
		(Epoch 02/08) Block Loss: 4.4717e-05
		(Epoch 03/08) Block Loss: 4.5210e-05
		(Epoch 04/08) Block Loss: 4.5675e-05
		(Epoch 05/08) Block Loss: 4.5763e-05
		(Epoch 06/08) Block Loss: 4.5350e-05
		(Epoch 07/08) Block Loss: 4.5446e-05
		(Epoch 08/08) Block Loss: 4.4948e-05
		Block 7: relative block output error = 0.0029
Using sequence length: 2048 (model max: 2048)
		Block 7: Test Data PPL        = 21.441
	(1/3) Block 9/28, self_attn.q_proj | Tuning Non-Factorized Weights...
		(Epoch 01/08) Block Loss: 2.4794e-05
		(Epoch 02/08) Block Loss: 2.3215e-05
		(Epoch 03/08) Block Loss: 2.2406e-05
		(Epoch 04/08) Block Loss: 2.1867e-05
		(Epoch 05/08) Block Loss: 2.1505e-05
		(Epoch 06/08) Block Loss: 2.1287e-05
		(Epoch 07/08) Block Loss: 2.1168e-05
		(Epoch 08/08) Block Loss: 2.1124e-05
	(2/3) Block 9/28, self_attn.q_proj | Initialization via ADMM...
		ADMM weight recon error: raw=521.5090, norm=0.2683, per_el=2.4867e-04, out_err=0.0750, ADMM time=1.70s
	(3/3) Block 9/28, self_attn.q_proj | Tuning Factorized Weights...
		(Epoch 01/08) Block Loss: 2.1886e-05
		(Epoch 02/08) Block Loss: 2.1619e-05
		(Epoch 03/08) Block Loss: 2.1558e-05
		(Epoch 04/08) Block Loss: 2.1521e-05
		(Epoch 05/08) Block Loss: 2.1502e-05
		(Epoch 06/08) Block Loss: 2.1476e-05
		(Epoch 07/08) Block Loss: 2.1463e-05
		(Epoch 08/08) Block Loss: 2.1449e-05
	(1/3) Block 9/28, self_attn.v_proj | Tuning Non-Factorized Weights...
		(Epoch 01/08) Block Loss: 2.1469e-05
		(Epoch 02/08) Block Loss: 2.0912e-05
		(Epoch 03/08) Block Loss: 2.0558e-05
		(Epoch 04/08) Block Loss: 2.0290e-05
		(Epoch 05/08) Block Loss: 2.0089e-05
		(Epoch 06/08) Block Loss: 1.9963e-05
		(Epoch 07/08) Block Loss: 1.9890e-05
		(Epoch 08/08) Block Loss: 1.9860e-05
	(2/3) Block 9/28, self_attn.v_proj | Initialization via ADMM...
		ADMM weight recon error: raw=290.8455, norm=0.3530, per_el=2.7737e-04, out_err=0.2332, ADMM time=1.03s
	(3/3) Block 9/28, self_attn.v_proj | Tuning Factorized Weights...
		(Epoch 01/08) Block Loss: 2.2268e-05
		(Epoch 02/08) Block Loss: 2.1894e-05
		(Epoch 03/08) Block Loss: 2.1724e-05
		(Epoch 04/08) Block Loss: 2.1622e-05
		(Epoch 05/08) Block Loss: 2.1567e-05
		(Epoch 06/08) Block Loss: 2.1532e-05
		(Epoch 07/08) Block Loss: 2.1513e-05
		(Epoch 08/08) Block Loss: 2.1487e-05
	(1/3) Block 9/28, self_attn.o_proj | Tuning Non-Factorized Weights...
		(Epoch 01/08) Block Loss: 2.1168e-05
		(Epoch 02/08) Block Loss: 2.0608e-05
		(Epoch 03/08) Block Loss: 2.0312e-05
		(Epoch 04/08) Block Loss: 2.0111e-05
		(Epoch 05/08) Block Loss: 1.9957e-05
		(Epoch 06/08) Block Loss: 1.9858e-05
		(Epoch 07/08) Block Loss: 1.9798e-05
		(Epoch 08/08) Block Loss: 1.9774e-05
	(2/3) Block 9/28, self_attn.o_proj | Initialization via ADMM...
		ADMM weight recon error: raw=418.4651, norm=0.3151, per_el=1.9954e-04, out_err=0.2190, ADMM time=1.91s
	(3/3) Block 9/28, self_attn.o_proj | Tuning Factorized Weights...
		(Epoch 01/08) Block Loss: 2.1907e-05
		(Epoch 02/08) Block Loss: 2.1534e-05
		(Epoch 03/08) Block Loss: 2.1428e-05
		(Epoch 04/08) Block Loss: 2.1401e-05
		(Epoch 05/08) Block Loss: 2.1418e-05
		(Epoch 06/08) Block Loss: 2.1363e-05
		(Epoch 07/08) Block Loss: 2.1318e-05
		(Epoch 08/08) Block Loss: 2.1227e-05
	(1/3) Block 9/28, self_attn.k_proj | Tuning Non-Factorized Weights...
		(Epoch 01/08) Block Loss: 2.0940e-05
		(Epoch 02/08) Block Loss: 2.0532e-05
		(Epoch 03/08) Block Loss: 2.0317e-05
		(Epoch 04/08) Block Loss: 2.0173e-05
		(Epoch 05/08) Block Loss: 2.0058e-05
		(Epoch 06/08) Block Loss: 1.9984e-05
		(Epoch 07/08) Block Loss: 1.9938e-05
		(Epoch 08/08) Block Loss: 1.9919e-05
	(2/3) Block 9/28, self_attn.k_proj | Initialization via ADMM...
		ADMM weight recon error: raw=218.7828, norm=0.2762, per_el=2.0865e-04, out_err=0.0844, ADMM time=1.13s
	(3/3) Block 9/28, self_attn.k_proj | Tuning Factorized Weights...
		(Epoch 01/08) Block Loss: 2.0302e-05
		(Epoch 02/08) Block Loss: 2.0222e-05
		(Epoch 03/08) Block Loss: 2.0193e-05
		(Epoch 04/08) Block Loss: 2.0176e-05
		(Epoch 05/08) Block Loss: 2.0165e-05
		(Epoch 06/08) Block Loss: 2.0158e-05
		(Epoch 07/08) Block Loss: 2.0153e-05
		(Epoch 08/08) Block Loss: 2.0146e-05
	(1/3) Block 9/28, mlp.gate_proj | Tuning Non-Factorized Weights...
		(Epoch 01/08) Block Loss: 2.0252e-05
		(Epoch 02/08) Block Loss: 2.0049e-05
		(Epoch 03/08) Block Loss: 1.9919e-05
		(Epoch 04/08) Block Loss: 1.9827e-05
		(Epoch 05/08) Block Loss: 1.9747e-05
		(Epoch 06/08) Block Loss: 1.9692e-05
		(Epoch 07/08) Block Loss: 1.9657e-05
		(Epoch 08/08) Block Loss: 1.9641e-05
	(2/3) Block 9/28, mlp.gate_proj | Initialization via ADMM...
Token indices sequence length is longer than the specified maximum sequence length for this model (299078 > 131072). Running this sequence through the model will result in indexing errors
Compressing Layers:  32%|██████████████████████████████████▍                                                                        | 9/28 [29:21<49:06, 155.06s/it]		ADMM weight recon error: raw=1178.1747, norm=0.3441, per_el=3.7453e-04, out_err=0.0461, ADMM time=4.89s
	(3/3) Block 9/28, mlp.gate_proj | Tuning Factorized Weights...
		(Epoch 01/08) Block Loss: 2.2217e-05
		(Epoch 02/08) Block Loss: 2.1975e-05
		(Epoch 03/08) Block Loss: 2.1941e-05
		(Epoch 04/08) Block Loss: 2.1944e-05
		(Epoch 05/08) Block Loss: 2.1953e-05
		(Epoch 06/08) Block Loss: 2.1921e-05
		(Epoch 07/08) Block Loss: 2.1912e-05
		(Epoch 08/08) Block Loss: 2.1789e-05
	(1/3) Block 9/28, mlp.up_proj | Tuning Non-Factorized Weights...
		(Epoch 01/08) Block Loss: 2.1505e-05
		(Epoch 02/08) Block Loss: 2.1216e-05
		(Epoch 03/08) Block Loss: 2.1065e-05
		(Epoch 04/08) Block Loss: 2.0971e-05
		(Epoch 05/08) Block Loss: 2.0895e-05
		(Epoch 06/08) Block Loss: 2.0846e-05
		(Epoch 07/08) Block Loss: 2.0816e-05
		(Epoch 08/08) Block Loss: 2.0803e-05
	(2/3) Block 9/28, mlp.up_proj | Initialization via ADMM...
		ADMM weight recon error: raw=846.2197, norm=0.3647, per_el=2.6901e-04, out_err=0.1580, ADMM time=6.11s
	(3/3) Block 9/28, mlp.up_proj | Tuning Factorized Weights...
		(Epoch 01/08) Block Loss: 2.5123e-05
		(Epoch 02/08) Block Loss: 2.4846e-05
		(Epoch 03/08) Block Loss: 2.4836e-05
		(Epoch 04/08) Block Loss: 2.4879e-05
		(Epoch 05/08) Block Loss: 2.4901e-05
		(Epoch 06/08) Block Loss: 2.4792e-05
		(Epoch 07/08) Block Loss: 2.4808e-05
		(Epoch 08/08) Block Loss: 2.4602e-05
	(1/3) Block 9/28, mlp.down_proj | Tuning Non-Factorized Weights...
		(Epoch 01/08) Block Loss: 2.4014e-05
		(Epoch 02/08) Block Loss: 2.3650e-05
		(Epoch 03/08) Block Loss: 2.3460e-05
		(Epoch 04/08) Block Loss: 2.3346e-05
		(Epoch 05/08) Block Loss: 2.3268e-05
		(Epoch 06/08) Block Loss: 2.3221e-05
		(Epoch 07/08) Block Loss: 2.3195e-05
		(Epoch 08/08) Block Loss: 2.3186e-05
	(2/3) Block 9/28, mlp.down_proj | Initialization via ADMM...
		ADMM weight recon error: raw=753.5496, norm=0.3438, per_el=2.3955e-04, out_err=0.1854, ADMM time=6.05s
	(3/3) Block 9/28, mlp.down_proj | Tuning Factorized Weights...
		(Epoch 01/08) Block Loss: 2.8125e-05
		(Epoch 02/08) Block Loss: 2.8153e-05
		(Epoch 03/08) Block Loss: 2.8358e-05
		(Epoch 04/08) Block Loss: 2.8569e-05
		(Epoch 05/08) Block Loss: 2.8841e-05
		(Epoch 06/08) Block Loss: 2.8618e-05
		(Epoch 07/08) Block Loss: 2.8663e-05
		(Epoch 08/08) Block Loss: 2.8361e-05
		Block 8: relative block output error = 0.0034
Using sequence length: 2048 (model max: 2048)
		Block 8: Test Data PPL        = 21.290
	(1/3) Block 10/28, self_attn.q_proj | Tuning Non-Factorized Weights...
		(Epoch 01/08) Block Loss: 2.1739e-05
		(Epoch 02/08) Block Loss: 2.0546e-05
		(Epoch 03/08) Block Loss: 1.9972e-05
		(Epoch 04/08) Block Loss: 1.9487e-05
		(Epoch 05/08) Block Loss: 1.9195e-05
		(Epoch 06/08) Block Loss: 1.9009e-05
		(Epoch 07/08) Block Loss: 1.8909e-05
		(Epoch 08/08) Block Loss: 1.8872e-05
	(2/3) Block 10/28, self_attn.q_proj | Initialization via ADMM...
		ADMM weight recon error: raw=529.1530, norm=0.2745, per_el=2.5232e-04, out_err=0.0603, ADMM time=1.44s
	(3/3) Block 10/28, self_attn.q_proj | Tuning Factorized Weights...
		(Epoch 01/08) Block Loss: 1.9607e-05
		(Epoch 02/08) Block Loss: 1.9342e-05
		(Epoch 03/08) Block Loss: 1.9280e-05
		(Epoch 04/08) Block Loss: 1.9248e-05
		(Epoch 05/08) Block Loss: 1.9221e-05
		(Epoch 06/08) Block Loss: 1.9204e-05
		(Epoch 07/08) Block Loss: 1.9187e-05
		(Epoch 08/08) Block Loss: 1.9170e-05
	(1/3) Block 10/28, self_attn.v_proj | Tuning Non-Factorized Weights...
		(Epoch 01/08) Block Loss: 1.9292e-05
		(Epoch 02/08) Block Loss: 1.8938e-05
		(Epoch 03/08) Block Loss: 1.8570e-05
		(Epoch 04/08) Block Loss: 1.8325e-05
		(Epoch 05/08) Block Loss: 1.8162e-05
		(Epoch 06/08) Block Loss: 1.8056e-05
		(Epoch 07/08) Block Loss: 1.7990e-05
		(Epoch 08/08) Block Loss: 1.7964e-05
	(2/3) Block 10/28, self_attn.v_proj | Initialization via ADMM...
		ADMM weight recon error: raw=284.8478, norm=0.3633, per_el=2.7165e-04, out_err=0.3036, ADMM time=1.05s
	(3/3) Block 10/28, self_attn.v_proj | Tuning Factorized Weights...
		(Epoch 01/08) Block Loss: 2.1391e-05
		(Epoch 02/08) Block Loss: 2.0855e-05
		(Epoch 03/08) Block Loss: 2.0612e-05
		(Epoch 04/08) Block Loss: 2.0477e-05
		(Epoch 05/08) Block Loss: 2.0403e-05
		(Epoch 06/08) Block Loss: 2.0363e-05
		(Epoch 07/08) Block Loss: 2.0342e-05
		(Epoch 08/08) Block Loss: 2.0301e-05
	(1/3) Block 10/28, self_attn.o_proj | Tuning Non-Factorized Weights...
		(Epoch 01/08) Block Loss: 1.9735e-05
		(Epoch 02/08) Block Loss: 1.9094e-05
		(Epoch 03/08) Block Loss: 1.8780e-05
		(Epoch 04/08) Block Loss: 1.8573e-05
		(Epoch 05/08) Block Loss: 1.8420e-05
		(Epoch 06/08) Block Loss: 1.8322e-05
		(Epoch 07/08) Block Loss: 1.8264e-05
		(Epoch 08/08) Block Loss: 1.8240e-05
	(2/3) Block 10/28, self_attn.o_proj | Initialization via ADMM...
		ADMM weight recon error: raw=430.5335, norm=0.3166, per_el=2.0529e-04, out_err=0.2480, ADMM time=1.90s
	(3/3) Block 10/28, self_attn.o_proj | Tuning Factorized Weights...
		(Epoch 01/08) Block Loss: 2.1100e-05
		(Epoch 02/08) Block Loss: 2.0603e-05
		(Epoch 03/08) Block Loss: 2.0451e-05
		(Epoch 04/08) Block Loss: 2.0451e-05
		(Epoch 05/08) Block Loss: 2.0401e-05
		(Epoch 06/08) Block Loss: 2.0288e-05
		(Epoch 07/08) Block Loss: 2.0296e-05
		(Epoch 08/08) Block Loss: 2.0134e-05
	(1/3) Block 10/28, self_attn.k_proj | Tuning Non-Factorized Weights...
		(Epoch 01/08) Block Loss: 1.9708e-05
		(Epoch 02/08) Block Loss: 1.9222e-05
		(Epoch 03/08) Block Loss: 1.8983e-05
		(Epoch 04/08) Block Loss: 1.8826e-05
		(Epoch 05/08) Block Loss: 1.8709e-05
		(Epoch 06/08) Block Loss: 1.8632e-05
		(Epoch 07/08) Block Loss: 1.8587e-05
		(Epoch 08/08) Block Loss: 1.8568e-05
	(2/3) Block 10/28, self_attn.k_proj | Initialization via ADMM...
		ADMM weight recon error: raw=226.1723, norm=0.2930, per_el=2.1569e-04, out_err=0.0881, ADMM time=2.43s
	(3/3) Block 10/28, self_attn.k_proj | Tuning Factorized Weights...
		(Epoch 01/08) Block Loss: 1.8870e-05
		(Epoch 02/08) Block Loss: 1.8802e-05
		(Epoch 03/08) Block Loss: 1.8779e-05
		(Epoch 04/08) Block Loss: 1.8765e-05
		(Epoch 05/08) Block Loss: 1.8757e-05
		(Epoch 06/08) Block Loss: 1.8751e-05
		(Epoch 07/08) Block Loss: 1.8746e-05
		(Epoch 08/08) Block Loss: 1.8742e-05
	(1/3) Block 10/28, mlp.gate_proj | Tuning Non-Factorized Weights...
		(Epoch 01/08) Block Loss: 1.8837e-05
		(Epoch 02/08) Block Loss: 1.8640e-05
		(Epoch 03/08) Block Loss: 1.8512e-05
		(Epoch 04/08) Block Loss: 1.8419e-05
		(Epoch 05/08) Block Loss: 1.8342e-05
		(Epoch 06/08) Block Loss: 1.8288e-05
		(Epoch 07/08) Block Loss: 1.8255e-05
		(Epoch 08/08) Block Loss: 1.8240e-05
	(2/3) Block 10/28, mlp.gate_proj | Initialization via ADMM...
		ADMM weight recon error: raw=1200.0363, norm=0.3304, per_el=3.8148e-04, out_err=0.0432, ADMM time=6.76s
	(3/3) Block 10/28, mlp.gate_proj | Tuning Factorized Weights...
		(Epoch 01/08) Block Loss: 2.0314e-05
		(Epoch 02/08) Block Loss: 2.0134e-05
		(Epoch 03/08) Block Loss: 2.0120e-05
		(Epoch 04/08) Block Loss: 2.0143e-05
		(Epoch 05/08) Block Loss: 2.0160e-05
		(Epoch 06/08) Block Loss: 2.0116e-05
		(Epoch 07/08) Block Loss: 2.0105e-05
		(Epoch 08/08) Block Loss: 1.9996e-05
	(1/3) Block 10/28, mlp.up_proj | Tuning Non-Factorized Weights...
		(Epoch 01/08) Block Loss: 1.9747e-05
		(Epoch 02/08) Block Loss: 1.9489e-05
		(Epoch 03/08) Block Loss: 1.9353e-05
		(Epoch 04/08) Block Loss: 1.9267e-05
		(Epoch 05/08) Block Loss: 1.9199e-05
		(Epoch 06/08) Block Loss: 1.9153e-05
		(Epoch 07/08) Block Loss: 1.9125e-05
		(Epoch 08/08) Block Loss: 1.9113e-05
	(2/3) Block 10/28, mlp.up_proj | Initialization via ADMM...
		ADMM weight recon error: raw=863.9884, norm=0.3600, per_el=2.7465e-04, out_err=0.1371, ADMM time=7.60s
	(3/3) Block 10/28, mlp.up_proj | Tuning Factorized Weights...
		(Epoch 01/08) Block Loss: 2.2964e-05
		(Epoch 02/08) Block Loss: 2.2716e-05
		(Epoch 03/08) Block Loss: 2.2695e-05
		(Epoch 04/08) Block Loss: 2.2827e-05
		(Epoch 05/08) Block Loss: 2.2840e-05
		(Epoch 06/08) Block Loss: 2.2651e-05
		(Epoch 07/08) Block Loss: 2.2718e-05
		(Epoch 08/08) Block Loss: 2.2445e-05
	(1/3) Block 10/28, mlp.down_proj | Tuning Non-Factorized Weights...
		(Epoch 01/08) Block Loss: 2.1953e-05
		(Epoch 02/08) Block Loss: 2.1613e-05
Token indices sequence length is longer than the specified maximum sequence length for this model (299078 > 131072). Running this sequence through the model will result in indexing errors
Compressing Layers:  32%|█████████████████████████████████▊                                                                       | 9/28 [31:45<1:07:03, 211.78s/it]
Token indices sequence length is longer than the specified maximum sequence length for this model (299078 > 131072). Running this sequence through the model will result in indexing errors
		(Epoch 03/08) Block Loss: 2.1437e-05
		(Epoch 04/08) Block Loss: 2.1332e-05
		(Epoch 05/08) Block Loss: 2.1260e-05
		(Epoch 06/08) Block Loss: 2.1216e-05
		(Epoch 07/08) Block Loss: 2.1192e-05
		(Epoch 08/08) Block Loss: 2.1183e-05
	(2/3) Block 10/28, mlp.down_proj | Initialization via ADMM...
		ADMM weight recon error: raw=717.1442, norm=0.3475, per_el=2.2797e-04, out_err=0.1742, ADMM time=8.13s
	(3/3) Block 10/28, mlp.down_proj | Tuning Factorized Weights...
		(Epoch 01/08) Block Loss: 2.5606e-05
		(Epoch 02/08) Block Loss: 2.5607e-05
		(Epoch 03/08) Block Loss: 2.5812e-05
		(Epoch 04/08) Block Loss: 2.6225e-05
		(Epoch 05/08) Block Loss: 2.6122e-05
		(Epoch 06/08) Block Loss: 2.5919e-05
		(Epoch 07/08) Block Loss: 2.5913e-05
		(Epoch 08/08) Block Loss: 2.5731e-05
		Block 9: relative block output error = 0.0039
Using sequence length: 2048 (model max: 2048)
		Block 9: Test Data PPL        = 21.739
Stopping after block 9 (block_indices=[0, 1, 2, 3, 4, 5, 6, 7, 8, 9])
mean weight err 0.3338 | mean out err 0.1421
Using sequence length: 2048 (model max: 2048)
Evaluating perplexity on wikitext2 - num_samples=146, seqlen=2048
Evaluating PPL for wikitext2 (PPL: N/A):   0%|                                                                                              | 0/146 [00:00<?, ?it/s]Evaluating PPL for wikitext2 (PPL: 65659972.0000):   0%|                                                                                    | 0/146 [00:00<?, ?it/s]Evaluating PPL for wikitext2 (PPL: 34924.2773):   0%|                                                                                       | 0/146 [00:00<?, ?it/s]Evaluating PPL for wikitext2 (PPL: 34924.2773):   1%|█                                                                              | 2/146 [00:00<00:11, 12.68it/s]Evaluating PPL for wikitext2 (PPL: 3189.7856):   1%|█                                                                               | 2/146 [00:00<00:11, 12.68it/s]Evaluating PPL for wikitext2 (PPL: 919.8575):   1%|█                                                                                | 2/146 [00:00<00:11, 12.68it/s]Evaluating PPL for wikitext2 (PPL: 919.8575):   3%|██▏                                                                              | 4/146 [00:00<00:10, 13.44it/s]Evaluating PPL for wikitext2 (PPL: 518.0128):   3%|██▏                                                                              | 4/146 [00:00<00:10, 13.44it/s]Evaluating PPL for wikitext2 (PPL: 275.8320):   3%|██▏                                                                              | 4/146 [00:00<00:10, 13.44it/s]Evaluating PPL for wikitext2 (PPL: 275.8320):   4%|███▎                                                                             | 6/146 [00:00<00:09, 14.13it/s]Evaluating PPL for wikitext2 (PPL: 262.8093):   4%|███▎                                                                             | 6/146 [00:00<00:09, 14.13it/s]Evaluating PPL for wikitext2 (PPL: 182.1951):   4%|███▎                                                                             | 6/146 [00:00<00:09, 14.13it/s]Evaluating PPL for wikitext2 (PPL: 182.1951):   5%|████▍                                                                            | 8/146 [00:00<00:09, 14.01it/s]Evaluating PPL for wikitext2 (PPL: 141.6168):   5%|████▍                                                                            | 8/146 [00:00<00:09, 14.01it/s]Evaluating PPL for wikitext2 (PPL: 116.6730):   5%|████▍                                                                            | 8/146 [00:00<00:09, 14.01it/s]Evaluating PPL for wikitext2 (PPL: 116.6730):   7%|█████▍                                                                          | 10/146 [00:00<00:09, 13.67it/s]Evaluating PPL for wikitext2 (PPL: 98.5840):   7%|█████▌                                                                           | 10/146 [00:00<00:09, 13.67it/s]Evaluating PPL for wikitext2 (PPL: 84.5633):   7%|█████▌                                                                           | 10/146 [00:00<00:09, 13.67it/s]Evaluating PPL for wikitext2 (PPL: 84.5633):   8%|██████▋                                                                          | 12/146 [00:00<00:09, 13.89it/s]Evaluating PPL for wikitext2 (PPL: 73.3816):   8%|██████▋                                                                          | 12/146 [00:00<00:09, 13.89it/s]Evaluating PPL for wikitext2 (PPL: 66.2265):   8%|██████▋                                                                          | 12/146 [00:01<00:09, 13.89it/s]Evaluating PPL for wikitext2 (PPL: 66.2265):  10%|███████▊                                                                         | 14/146 [00:01<00:09, 13.60it/s]Evaluating PPL for wikitext2 (PPL: 60.5922):  10%|███████▊                                                                         | 14/146 [00:01<00:09, 13.60it/s]Evaluating PPL for wikitext2 (PPL: 56.1665):  10%|███████▊                                                                         | 14/146 [00:01<00:09, 13.60it/s]Evaluating PPL for wikitext2 (PPL: 56.1665):  11%|████████▉                                                                        | 16/146 [00:01<00:09, 13.41it/s]Evaluating PPL for wikitext2 (PPL: 52.9670):  11%|████████▉                                                                        | 16/146 [00:01<00:09, 13.41it/s]Evaluating PPL for wikitext2 (PPL: 49.7122):  11%|████████▉                                                                        | 16/146 [00:01<00:09, 13.41it/s]Evaluating PPL for wikitext2 (PPL: 49.7122):  12%|█████████▉                                                                       | 18/146 [00:01<00:09, 13.72it/s]Evaluating PPL for wikitext2 (PPL: 46.4322):  12%|█████████▉                                                                       | 18/146 [00:01<00:09, 13.72it/s]Evaluating PPL for wikitext2 (PPL: 43.3259):  12%|█████████▉                                                                       | 18/146 [00:01<00:09, 13.72it/s]Evaluating PPL for wikitext2 (PPL: 43.3259):  14%|███████████                                                                      | 20/146 [00:01<00:09, 13.57it/s]Evaluating PPL for wikitext2 (PPL: 41.4897):  14%|███████████                                                                      | 20/146 [00:01<00:09, 13.57it/s]Evaluating PPL for wikitext2 (PPL: 40.2867):  14%|███████████                                                                      | 20/146 [00:01<00:09, 13.57it/s]Evaluating PPL for wikitext2 (PPL: 40.2867):  15%|████████████▏                                                                    | 22/146 [00:01<00:09, 13.40it/s]Evaluating PPL for wikitext2 (PPL: 38.7159):  15%|████████████▏                                                                    | 22/146 [00:01<00:09, 13.40it/s]Evaluating PPL for wikitext2 (PPL: 37.5736):  15%|████████████▏                                                                    | 22/146 [00:01<00:09, 13.40it/s]Evaluating PPL for wikitext2 (PPL: 37.5736):  16%|█████████████▎                                                                   | 24/146 [00:01<00:09, 13.45it/s]Evaluating PPL for wikitext2 (PPL: 36.5525):  16%|█████████████▎                                                                   | 24/146 [00:01<00:09, 13.45it/s]Evaluating PPL for wikitext2 (PPL: 35.7633):  16%|█████████████▎                                                                   | 24/146 [00:01<00:09, 13.45it/s]Evaluating PPL for wikitext2 (PPL: 35.7633):  18%|██████████████▍                                                                  | 26/146 [00:01<00:08, 13.99it/s]Evaluating PPL for wikitext2 (PPL: 35.0478):  18%|██████████████▍                                                                  | 26/146 [00:01<00:08, 13.99it/s]Evaluating PPL for wikitext2 (PPL: 34.7822):  18%|██████████████▍                                                                  | 26/146 [00:02<00:08, 13.99it/s]Evaluating PPL for wikitext2 (PPL: 34.7822):  19%|███████████████▌                                                                 | 28/146 [00:02<00:08, 14.05it/s]Evaluating PPL for wikitext2 (PPL: 34.2588):  19%|███████████████▌                                                                 | 28/146 [00:02<00:08, 14.05it/s]Evaluating PPL for wikitext2 (PPL: 33.2710):  19%|███████████████▌                                                                 | 28/146 [00:02<00:08, 14.05it/s]Evaluating PPL for wikitext2 (PPL: 33.2710):  21%|████████████████▋                                                                | 30/146 [00:02<00:08, 13.99it/s]Evaluating PPL for wikitext2 (PPL: 32.2913):  21%|████████████████▋                                                                | 30/146 [00:02<00:08, 13.99it/s]Evaluating PPL for wikitext2 (PPL: 31.8313):  21%|████████████████▋                                                                | 30/146 [00:02<00:08, 13.99it/s]Evaluating PPL for wikitext2 (PPL: 31.8313):  22%|█████████████████▊                                                               | 32/146 [00:02<00:08, 14.14it/s]Evaluating PPL for wikitext2 (PPL: 31.3902):  22%|█████████████████▊                                                               | 32/146 [00:02<00:08, 14.14it/s]Evaluating PPL for wikitext2 (PPL: 30.7962):  22%|█████████████████▊                                                               | 32/146 [00:02<00:08, 14.14it/s]Evaluating PPL for wikitext2 (PPL: 30.7962):  23%|██████████████████▊                                                              | 34/146 [00:02<00:08, 13.60it/s]Evaluating PPL for wikitext2 (PPL: 30.6405):  23%|██████████████████▊                                                              | 34/146 [00:02<00:08, 13.60it/s]Evaluating PPL for wikitext2 (PPL: 30.0997):  23%|██████████████████▊                                                              | 34/146 [00:02<00:08, 13.60it/s]Evaluating PPL for wikitext2 (PPL: 30.0997):  25%|███████████████████▉                                                             | 36/146 [00:02<00:08, 13.32it/s]Evaluating PPL for wikitext2 (PPL: 29.4722):  25%|███████████████████▉                                                             | 36/146 [00:02<00:08, 13.32it/s]Evaluating PPL for wikitext2 (PPL: 28.5708):  25%|███████████████████▉                                                             | 36/146 [00:02<00:08, 13.32it/s]Evaluating PPL for wikitext2 (PPL: 28.5708):  26%|█████████████████████                                                            | 38/146 [00:02<00:08, 13.12it/s]Evaluating PPL for wikitext2 (PPL: 27.8860):  26%|█████████████████████                                                            | 38/146 [00:02<00:08, 13.12it/s]Evaluating PPL for wikitext2 (PPL: 27.0703):  26%|█████████████████████                                                            | 38/146 [00:02<00:08, 13.12it/s]Evaluating PPL for wikitext2 (PPL: 27.0703):  27%|██████████████████████▏                                                          | 40/146 [00:02<00:08, 12.97it/s]Evaluating PPL for wikitext2 (PPL: 26.4876):  27%|██████████████████████▏                                                          | 40/146 [00:03<00:08, 12.97it/s]Evaluating PPL for wikitext2 (PPL: 26.1673):  27%|██████████████████████▏                                                          | 40/146 [00:03<00:08, 12.97it/s]Evaluating PPL for wikitext2 (PPL: 26.1673):  29%|███████████████████████▎                                                         | 42/146 [00:03<00:07, 13.16it/s]Evaluating PPL for wikitext2 (PPL: 26.1489):  29%|███████████████████████▎                                                         | 42/146 [00:03<00:07, 13.16it/s]Evaluating PPL for wikitext2 (PPL: 26.5053):  29%|███████████████████████▎                                                         | 42/146 [00:03<00:07, 13.16it/s]Evaluating PPL for wikitext2 (PPL: 26.5053):  30%|████████████████████████▍                                                        | 44/146 [00:03<00:07, 13.21it/s]Evaluating PPL for wikitext2 (PPL: 26.5260):  30%|████████████████████████▍                                                        | 44/146 [00:03<00:07, 13.21it/s]Evaluating PPL for wikitext2 (PPL: 26.5548):  30%|████████████████████████▍                                                        | 44/146 [00:03<00:07, 13.21it/s]Evaluating PPL for wikitext2 (PPL: 26.5548):  32%|█████████████████████████▌                                                       | 46/146 [00:03<00:07, 13.38it/s]Evaluating PPL for wikitext2 (PPL: 26.4503):  32%|█████████████████████████▌                                                       | 46/146 [00:03<00:07, 13.38it/s]Evaluating PPL for wikitext2 (PPL: 26.3076):  32%|█████████████████████████▌                                                       | 46/146 [00:03<00:07, 13.38it/s]Evaluating PPL for wikitext2 (PPL: 26.3076):  33%|██████████████████████████▋                                                      | 48/146 [00:03<00:07, 13.52it/s]Evaluating PPL for wikitext2 (PPL: 26.1547):  33%|██████████████████████████▋                                                      | 48/146 [00:03<00:07, 13.52it/s]Evaluating PPL for wikitext2 (PPL: 25.8226):  33%|██████████████████████████▋                                                      | 48/146 [00:03<00:07, 13.52it/s]Evaluating PPL for wikitext2 (PPL: 25.8226):  34%|███████████████████████████▋                                                     | 50/146 [00:03<00:07, 13.34it/s]Evaluating PPL for wikitext2 (PPL: 26.0764):  34%|███████████████████████████▋                                                     | 50/146 [00:03<00:07, 13.34it/s]Evaluating PPL for wikitext2 (PPL: 25.6975):  34%|███████████████████████████▋                                                     | 50/146 [00:03<00:07, 13.34it/s]Evaluating PPL for wikitext2 (PPL: 25.6975):  36%|████████████████████████████▊                                                    | 52/146 [00:03<00:06, 13.62it/s]Evaluating PPL for wikitext2 (PPL: 25.4580):  36%|████████████████████████████▊                                                    | 52/146 [00:03<00:06, 13.62it/s]Evaluating PPL for wikitext2 (PPL: 25.0403):  36%|████████████████████████████▊                                                    | 52/146 [00:03<00:06, 13.62it/s]Evaluating PPL for wikitext2 (PPL: 25.0403):  37%|█████████████████████████████▉                                                   | 54/146 [00:03<00:06, 14.15it/s]Evaluating PPL for wikitext2 (PPL: 24.6163):  37%|█████████████████████████████▉                                                   | 54/146 [00:04<00:06, 14.15it/s]Evaluating PPL for wikitext2 (PPL: 24.2548):  37%|█████████████████████████████▉                                                   | 54/146 [00:04<00:06, 14.15it/s]Evaluating PPL for wikitext2 (PPL: 24.2548):  38%|███████████████████████████████                                                  | 56/146 [00:04<00:06, 14.54it/s]Evaluating PPL for wikitext2 (PPL: 23.8260):  38%|███████████████████████████████                                                  | 56/146 [00:04<00:06, 14.54it/s]Evaluating PPL for wikitext2 (PPL: 23.3814):  38%|███████████████████████████████                                                  | 56/146 [00:04<00:06, 14.54it/s]Evaluating PPL for wikitext2 (PPL: 23.3814):  40%|████████████████████████████████▏                                                | 58/146 [00:04<00:05, 15.69it/s]Evaluating PPL for wikitext2 (PPL: 23.1367):  40%|████████████████████████████████▏                                                | 58/146 [00:04<00:05, 15.69it/s]Evaluating PPL for wikitext2 (PPL: 22.9265):  40%|████████████████████████████████▏                                                | 58/146 [00:04<00:05, 15.69it/s]Evaluating PPL for wikitext2 (PPL: 22.8534):  40%|████████████████████████████████▏                                                | 58/146 [00:04<00:05, 15.69it/s]Evaluating PPL for wikitext2 (PPL: 22.8534):  42%|█████████████████████████████████▊                                               | 61/146 [00:04<00:04, 17.33it/s]Evaluating PPL for wikitext2 (PPL: 22.8634):  42%|█████████████████████████████████▊                                               | 61/146 [00:04<00:04, 17.33it/s]Evaluating PPL for wikitext2 (PPL: 22.8788):  42%|█████████████████████████████████▊                                               | 61/146 [00:04<00:04, 17.33it/s]Evaluating PPL for wikitext2 (PPL: 22.8788):  43%|██████████████████████████████████▉                                              | 63/146 [00:04<00:04, 17.88it/s]Evaluating PPL for wikitext2 (PPL: 22.9384):  43%|██████████████████████████████████▉                                              | 63/146 [00:04<00:04, 17.88it/s]Evaluating PPL for wikitext2 (PPL: 22.8366):  43%|██████████████████████████████████▉                                              | 63/146 [00:04<00:04, 17.88it/s]Evaluating PPL for wikitext2 (PPL: 22.8366):  45%|████████████████████████████████████                                             | 65/146 [00:04<00:04, 16.91it/s]Evaluating PPL for wikitext2 (PPL: 22.7061):  45%|████████████████████████████████████                                             | 65/146 [00:04<00:04, 16.91it/s]Evaluating PPL for wikitext2 (PPL: 22.6963):  45%|████████████████████████████████████                                             | 65/146 [00:04<00:04, 16.91it/s]Evaluating PPL for wikitext2 (PPL: 22.6963):  46%|█████████████████████████████████████▏                                           | 67/146 [00:04<00:04, 16.63it/s]Evaluating PPL for wikitext2 (PPL: 22.7077):  46%|█████████████████████████████████████▏                                           | 67/146 [00:04<00:04, 16.63it/s]Evaluating PPL for wikitext2 (PPL: 22.6109):  46%|█████████████████████████████████████▏                                           | 67/146 [00:04<00:04, 16.63it/s]Evaluating PPL for wikitext2 (PPL: 22.6109):  47%|██████████████████████████████████████▎                                          | 69/146 [00:04<00:04, 15.87it/s]Evaluating PPL for wikitext2 (PPL: 22.4972):  47%|██████████████████████████████████████▎                                          | 69/146 [00:04<00:04, 15.87it/s]Evaluating PPL for wikitext2 (PPL: 22.3479):  47%|██████████████████████████████████████▎                                          | 69/146 [00:04<00:04, 15.87it/s]Evaluating PPL for wikitext2 (PPL: 22.3479):  49%|███████████████████████████████████████▍                                         | 71/146 [00:04<00:04, 15.42it/s]Evaluating PPL for wikitext2 (PPL: 22.3973):  49%|███████████████████████████████████████▍                                         | 71/146 [00:05<00:04, 15.42it/s]Evaluating PPL for wikitext2 (PPL: 22.3831):  49%|███████████████████████████████████████▍                                         | 71/146 [00:05<00:04, 15.42it/s]Evaluating PPL for wikitext2 (PPL: 22.3831):  50%|████████████████████████████████████████▌                                        | 73/146 [00:05<00:04, 15.97it/s]Evaluating PPL for wikitext2 (PPL: 22.4402):  50%|████████████████████████████████████████▌                                        | 73/146 [00:05<00:04, 15.97it/s]Evaluating PPL for wikitext2 (PPL: 22.3511):  50%|████████████████████████████████████████▌                                        | 73/146 [00:05<00:04, 15.97it/s]Evaluating PPL for wikitext2 (PPL: 22.3511):  51%|█████████████████████████████████████████▌                                       | 75/146 [00:05<00:04, 15.67it/s]Evaluating PPL for wikitext2 (PPL: 22.2144):  51%|█████████████████████████████████████████▌                                       | 75/146 [00:05<00:04, 15.67it/s]Evaluating PPL for wikitext2 (PPL: 22.1000):  51%|█████████████████████████████████████████▌                                       | 75/146 [00:05<00:04, 15.67it/s]Evaluating PPL for wikitext2 (PPL: 22.1000):  53%|██████████████████████████████████████████▋                                      | 77/146 [00:05<00:04, 15.38it/s]Evaluating PPL for wikitext2 (PPL: 21.9758):  53%|██████████████████████████████████████████▋                                      | 77/146 [00:05<00:04, 15.38it/s]Evaluating PPL for wikitext2 (PPL: 21.8988):  53%|██████████████████████████████████████████▋                                      | 77/146 [00:05<00:04, 15.38it/s]Evaluating PPL for wikitext2 (PPL: 21.8988):  54%|███████████████████████████████████████████▊                                     | 79/146 [00:05<00:04, 15.15it/s]Evaluating PPL for wikitext2 (PPL: 21.8794):  54%|███████████████████████████████████████████▊                                     | 79/146 [00:05<00:04, 15.15it/s]Evaluating PPL for wikitext2 (PPL: 21.8058):  54%|███████████████████████████████████████████▊                                     | 79/146 [00:05<00:04, 15.15it/s]Evaluating PPL for wikitext2 (PPL: 21.8058):  55%|████████████████████████████████████████████▉                                    | 81/146 [00:05<00:04, 14.90it/s]Evaluating PPL for wikitext2 (PPL: 21.7218):  55%|████████████████████████████████████████████▉                                    | 81/146 [00:05<00:04, 14.90it/s]Evaluating PPL for wikitext2 (PPL: 21.5507):  55%|████████████████████████████████████████████▉                                    | 81/146 [00:05<00:04, 14.90it/s]Evaluating PPL for wikitext2 (PPL: 21.5507):  57%|██████████████████████████████████████████████                                   | 83/146 [00:05<00:04, 15.25it/s]Evaluating PPL for wikitext2 (PPL: 21.4168):  57%|██████████████████████████████████████████████                                   | 83/146 [00:05<00:04, 15.25it/s]Evaluating PPL for wikitext2 (PPL: 21.3417):  57%|██████████████████████████████████████████████                                   | 83/146 [00:05<00:04, 15.25it/s]Evaluating PPL for wikitext2 (PPL: 21.3417):  58%|███████████████████████████████████████████████▏                                 | 85/146 [00:05<00:04, 15.19it/s]Evaluating PPL for wikitext2 (PPL: 21.2454):  58%|███████████████████████████████████████████████▏                                 | 85/146 [00:05<00:04, 15.19it/s]Evaluating PPL for wikitext2 (PPL: 21.1632):  58%|███████████████████████████████████████████████▏                                 | 85/146 [00:06<00:04, 15.19it/s]Evaluating PPL for wikitext2 (PPL: 21.1632):  60%|████████████████████████████████████████████████▎                                | 87/146 [00:06<00:03, 15.34it/s]Evaluating PPL for wikitext2 (PPL: 22.3713):  60%|████████████████████████████████████████████████▎                                | 87/146 [00:06<00:03, 15.34it/s]Evaluating PPL for wikitext2 (PPL: 22.3363):  60%|████████████████████████████████████████████████▎                                | 87/146 [00:06<00:03, 15.34it/s]Evaluating PPL for wikitext2 (PPL: 22.3363):  61%|█████████████████████████████████████████████████▍                               | 89/146 [00:06<00:03, 15.57it/s]Evaluating PPL for wikitext2 (PPL: 22.2906):  61%|█████████████████████████████████████████████████▍                               | 89/146 [00:06<00:03, 15.57it/s]Evaluating PPL for wikitext2 (PPL: 22.3034):  61%|█████████████████████████████████████████████████▍                               | 89/146 [00:06<00:03, 15.57it/s]Evaluating PPL for wikitext2 (PPL: 22.3034):  62%|██████████████████████████████████████████████████▍                              | 91/146 [00:06<00:03, 15.23it/s]Evaluating PPL for wikitext2 (PPL: 22.4223):  62%|██████████████████████████████████████████████████▍                              | 91/146 [00:06<00:03, 15.23it/s]Evaluating PPL for wikitext2 (PPL: 22.5278):  62%|██████████████████████████████████████████████████▍                              | 91/146 [00:06<00:03, 15.23it/s]Evaluating PPL for wikitext2 (PPL: 22.5278):  64%|███████████████████████████████████████████████████▌                             | 93/146 [00:06<00:03, 15.01it/s]Evaluating PPL for wikitext2 (PPL: 23.0991):  64%|███████████████████████████████████████████████████▌                             | 93/146 [00:06<00:03, 15.01it/s]Evaluating PPL for wikitext2 (PPL: 23.1564):  64%|███████████████████████████████████████████████████▌                             | 93/146 [00:06<00:03, 15.01it/s]Evaluating PPL for wikitext2 (PPL: 23.1564):  65%|████████████████████████████████████████████████████▋                            | 95/146 [00:06<00:03, 14.86it/s]Evaluating PPL for wikitext2 (PPL: 23.2050):  65%|████████████████████████████████████████████████████▋                            | 95/146 [00:06<00:03, 14.86it/s]Evaluating PPL for wikitext2 (PPL: 23.1407):  65%|████████████████████████████████████████████████████▋                            | 95/146 [00:06<00:03, 14.86it/s]Evaluating PPL for wikitext2 (PPL: 23.1407):  66%|█████████████████████████████████████████████████████▊                           | 97/146 [00:06<00:03, 14.69it/s]Evaluating PPL for wikitext2 (PPL: 23.1515):  66%|█████████████████████████████████████████████████████▊                           | 97/146 [00:06<00:03, 14.69it/s]Evaluating PPL for wikitext2 (PPL: 23.0782):  66%|█████████████████████████████████████████████████████▊                           | 97/146 [00:06<00:03, 14.69it/s]Evaluating PPL for wikitext2 (PPL: 23.0782):  68%|██████████████████████████████████████████████████████▉                          | 99/146 [00:06<00:03, 14.70it/s]Evaluating PPL for wikitext2 (PPL: 23.0570):  68%|██████████████████████████████████████████████████████▉                          | 99/146 [00:06<00:03, 14.70it/s]Evaluating PPL for wikitext2 (PPL: 23.0006):  68%|██████████████████████████████████████████████████████▉                          | 99/146 [00:06<00:03, 14.70it/s]Evaluating PPL for wikitext2 (PPL: 23.0006):  69%|███████████████████████████████████████████████████████▎                        | 101/146 [00:06<00:02, 15.15it/s]Evaluating PPL for wikitext2 (PPL: 22.9349):  69%|███████████████████████████████████████████████████████▎                        | 101/146 [00:07<00:02, 15.15it/s]Evaluating PPL for wikitext2 (PPL: 22.9297):  69%|███████████████████████████████████████████████████████▎                        | 101/146 [00:07<00:02, 15.15it/s]Evaluating PPL for wikitext2 (PPL: 22.9297):  71%|████████████████████████████████████████████████████████▍                       | 103/146 [00:07<00:02, 15.48it/s]Evaluating PPL for wikitext2 (PPL: 22.8868):  71%|████████████████████████████████████████████████████████▍                       | 103/146 [00:07<00:02, 15.48it/s]Evaluating PPL for wikitext2 (PPL: 22.8855):  71%|████████████████████████████████████████████████████████▍                       | 103/146 [00:07<00:02, 15.48it/s]Evaluating PPL for wikitext2 (PPL: 22.8855):  72%|█████████████████████████████████████████████████████████▌                      | 105/146 [00:07<00:02, 15.29it/s]Evaluating PPL for wikitext2 (PPL: 22.8608):  72%|█████████████████████████████████████████████████████████▌                      | 105/146 [00:07<00:02, 15.29it/s]Evaluating PPL for wikitext2 (PPL: 22.8832):  72%|█████████████████████████████████████████████████████████▌                      | 105/146 [00:07<00:02, 15.29it/s]Evaluating PPL for wikitext2 (PPL: 22.8832):  73%|██████████████████████████████████████████████████████████▋                     | 107/146 [00:07<00:02, 15.11it/s]Evaluating PPL for wikitext2 (PPL: 22.8391):  73%|██████████████████████████████████████████████████████████▋                     | 107/146 [00:07<00:02, 15.11it/s]Evaluating PPL for wikitext2 (PPL: 22.7338):  73%|██████████████████████████████████████████████████████████▋                     | 107/146 [00:07<00:02, 15.11it/s]Evaluating PPL for wikitext2 (PPL: 22.7338):  75%|███████████████████████████████████████████████████████████▋                    | 109/146 [00:07<00:02, 14.99it/s]Evaluating PPL for wikitext2 (PPL: 22.6857):  75%|███████████████████████████████████████████████████████████▋                    | 109/146 [00:07<00:02, 14.99it/s]Evaluating PPL for wikitext2 (PPL: 22.6257):  75%|███████████████████████████████████████████████████████████▋                    | 109/146 [00:07<00:02, 14.99it/s]Evaluating PPL for wikitext2 (PPL: 22.6257):  76%|████████████████████████████████████████████████████████████▊                   | 111/146 [00:07<00:02, 14.87it/s]Evaluating PPL for wikitext2 (PPL: 22.5356):  76%|████████████████████████████████████████████████████████████▊                   | 111/146 [00:07<00:02, 14.87it/s]Evaluating PPL for wikitext2 (PPL: 22.5594):  76%|████████████████████████████████████████████████████████████▊                   | 111/146 [00:07<00:02, 14.87it/s]Evaluating PPL for wikitext2 (PPL: 22.5594):  77%|█████████████████████████████████████████████████████████████▉                  | 113/146 [00:07<00:02, 14.83it/s]Evaluating PPL for wikitext2 (PPL: 22.4870):  77%|█████████████████████████████████████████████████████████████▉                  | 113/146 [00:07<00:02, 14.83it/s]Evaluating PPL for wikitext2 (PPL: 22.4467):  77%|█████████████████████████████████████████████████████████████▉                  | 113/146 [00:07<00:02, 14.83it/s]Evaluating PPL for wikitext2 (PPL: 22.4467):  79%|███████████████████████████████████████████████████████████████                 | 115/146 [00:07<00:02, 14.79it/s]Evaluating PPL for wikitext2 (PPL: 22.4372):  79%|███████████████████████████████████████████████████████████████                 | 115/146 [00:07<00:02, 14.79it/s]Evaluating PPL for wikitext2 (PPL: 22.4400):  79%|███████████████████████████████████████████████████████████████                 | 115/146 [00:08<00:02, 14.79it/s]Evaluating PPL for wikitext2 (PPL: 22.4400):  80%|████████████████████████████████████████████████████████████████                | 117/146 [00:08<00:01, 15.85it/s]Evaluating PPL for wikitext2 (PPL: 22.4100):  80%|████████████████████████████████████████████████████████████████                | 117/146 [00:08<00:01, 15.85it/s]Evaluating PPL for wikitext2 (PPL: 22.3072):  80%|████████████████████████████████████████████████████████████████                | 117/146 [00:08<00:01, 15.85it/s]Evaluating PPL for wikitext2 (PPL: 22.3072):  82%|█████████████████████████████████████████████████████████████████▏              | 119/146 [00:08<00:01, 16.45it/s]Evaluating PPL for wikitext2 (PPL: 22.2153):  82%|█████████████████████████████████████████████████████████████████▏              | 119/146 [00:08<00:01, 16.45it/s]Evaluating PPL for wikitext2 (PPL: 22.2025):  82%|█████████████████████████████████████████████████████████████████▏              | 119/146 [00:08<00:01, 16.45it/s]Evaluating PPL for wikitext2 (PPL: 22.2025):  83%|██████████████████████████████████████████████████████████████████▎             | 121/146 [00:08<00:01, 16.70it/s]Evaluating PPL for wikitext2 (PPL: 22.1021):  83%|██████████████████████████████████████████████████████████████████▎             | 121/146 [00:08<00:01, 16.70it/s]Evaluating PPL for wikitext2 (PPL: 21.9869):  83%|██████████████████████████████████████████████████████████████████▎             | 121/146 [00:08<00:01, 16.70it/s]Evaluating PPL for wikitext2 (PPL: 21.9869):  84%|███████████████████████████████████████████████████████████████████▍            | 123/146 [00:08<00:01, 16.83it/s]Evaluating PPL for wikitext2 (PPL: 21.9570):  84%|███████████████████████████████████████████████████████████████████▍            | 123/146 [00:08<00:01, 16.83it/s]Evaluating PPL for wikitext2 (PPL: 21.9167):  84%|███████████████████████████████████████████████████████████████████▍            | 123/146 [00:08<00:01, 16.83it/s]Evaluating PPL for wikitext2 (PPL: 21.9167):  86%|████████████████████████████████████████████████████████████████████▍           | 125/146 [00:08<00:01, 17.07it/s]Evaluating PPL for wikitext2 (PPL: 21.9070):  86%|████████████████████████████████████████████████████████████████████▍           | 125/146 [00:08<00:01, 17.07it/s]Evaluating PPL for wikitext2 (PPL: 21.8839):  86%|████████████████████████████████████████████████████████████████████▍           | 125/146 [00:08<00:01, 17.07it/s]Evaluating PPL for wikitext2 (PPL: 21.8839):  87%|█████████████████████████████████████████████████████████████████████▌          | 127/146 [00:08<00:01, 17.08it/s]Evaluating PPL for wikitext2 (PPL: 21.8239):  87%|█████████████████████████████████████████████████████████████████████▌          | 127/146 [00:08<00:01, 17.08it/s]Evaluating PPL for wikitext2 (PPL: 21.7203):  87%|█████████████████████████████████████████████████████████████████████▌          | 127/146 [00:08<00:01, 17.08it/s]Evaluating PPL for wikitext2 (PPL: 21.7203):  88%|██████████████████████████████████████████████████████████████████████▋         | 129/146 [00:08<00:00, 17.58it/s]Evaluating PPL for wikitext2 (PPL: 21.6239):  88%|██████████████████████████████████████████████████████████████████████▋         | 129/146 [00:08<00:00, 17.58it/s]Evaluating PPL for wikitext2 (PPL: 21.5499):  88%|██████████████████████████████████████████████████████████████████████▋         | 129/146 [00:08<00:00, 17.58it/s]Evaluating PPL for wikitext2 (PPL: 21.5499):  90%|███████████████████████████████████████████████████████████████████████▊        | 131/146 [00:08<00:00, 17.99it/s]Evaluating PPL for wikitext2 (PPL: 21.5155):  90%|███████████████████████████████████████████████████████████████████████▊        | 131/146 [00:08<00:00, 17.99it/s]Evaluating PPL for wikitext2 (PPL: 21.9124):  90%|███████████████████████████████████████████████████████████████████████▊        | 131/146 [00:08<00:00, 17.99it/s]Evaluating PPL for wikitext2 (PPL: 21.9124):  91%|████████████████████████████████████████████████████████████████████████▉       | 133/146 [00:08<00:00, 17.43it/s]Evaluating PPL for wikitext2 (PPL: 21.8421):  91%|████████████████████████████████████████████████████████████████████████▉       | 133/146 [00:08<00:00, 17.43it/s]Evaluating PPL for wikitext2 (PPL: 21.8513):  91%|████████████████████████████████████████████████████████████████████████▉       | 133/146 [00:09<00:00, 17.43it/s]Evaluating PPL for wikitext2 (PPL: 21.8513):  92%|█████████████████████████████████████████████████████████████████████████▉      | 135/146 [00:09<00:00, 17.10it/s]Evaluating PPL for wikitext2 (PPL: 21.8001):  92%|█████████████████████████████████████████████████████████████████████████▉      | 135/146 [00:09<00:00, 17.10it/s]Evaluating PPL for wikitext2 (PPL: 21.6929):  92%|█████████████████████████████████████████████████████████████████████████▉      | 135/146 [00:09<00:00, 17.10it/s]Evaluating PPL for wikitext2 (PPL: 21.6929):  94%|███████████████████████████████████████████████████████████████████████████     | 137/146 [00:09<00:00, 16.88it/s]Evaluating PPL for wikitext2 (PPL: 21.5560):  94%|███████████████████████████████████████████████████████████████████████████     | 137/146 [00:09<00:00, 16.88it/s]Evaluating PPL for wikitext2 (PPL: 21.4411):  94%|███████████████████████████████████████████████████████████████████████████     | 137/146 [00:09<00:00, 16.88it/s]Evaluating PPL for wikitext2 (PPL: 21.4411):  95%|████████████████████████████████████████████████████████████████████████████▏   | 139/146 [00:09<00:00, 16.74it/s]Evaluating PPL for wikitext2 (PPL: 21.4407):  95%|████████████████████████████████████████████████████████████████████████████▏   | 139/146 [00:09<00:00, 16.74it/s]Evaluating PPL for wikitext2 (PPL: 21.4569):  95%|████████████████████████████████████████████████████████████████████████████▏   | 139/146 [00:09<00:00, 16.74it/s]Evaluating PPL for wikitext2 (PPL: 21.4569):  97%|█████████████████████████████████████████████████████████████████████████████▎  | 141/146 [00:09<00:00, 16.60it/s]Evaluating PPL for wikitext2 (PPL: 21.4587):  97%|█████████████████████████████████████████████████████████████████████████████▎  | 141/146 [00:09<00:00, 16.60it/s]Evaluating PPL for wikitext2 (PPL: 21.7461):  97%|█████████████████████████████████████████████████████████████████████████████▎  | 141/146 [00:09<00:00, 16.60it/s]Evaluating PPL for wikitext2 (PPL: 21.7461):  98%|██████████████████████████████████████████████████████████████████████████████▎ | 143/146 [00:09<00:00, 17.28it/s]Evaluating PPL for wikitext2 (PPL: 21.7365):  98%|██████████████████████████████████████████████████████████████████████████████▎ | 143/146 [00:09<00:00, 17.28it/s]Evaluating PPL for wikitext2 (PPL: 21.7434):  98%|██████████████████████████████████████████████████████████████████████████████▎ | 143/146 [00:09<00:00, 17.28it/s]Evaluating PPL for wikitext2 (PPL: 21.7386):  98%|██████████████████████████████████████████████████████████████████████████████▎ | 143/146 [00:09<00:00, 17.28it/s]Evaluating PPL for wikitext2 (PPL: 21.7386): 100%|████████████████████████████████████████████████████████████████████████████████| 146/146 [00:09<00:00, 18.72it/s]Evaluating PPL for wikitext2 (PPL: 21.7386): 100%|████████████████████████████████████████████████████████████████████████████████| 146/146 [00:09<00:00, 15.14it/s]
Perplexity on wikitext2: 21.7386
{
 "arm": "cov",
 "eval": {
  "wikitext2": {
   "ppl": 21.73857307434082
  }
 },
 "mean_out_err": 0.14211023666390185,
 "mean_weight_err": 0.33382869739959076,
 "total_time": 1941.2113690376282
}
