Token indices sequence length is longer than the specified maximum sequence length for this model (2518423 > 131072). Running this sequence through the model will result in indexing errors
Loading model 'Qwen/Qwen3-0.6B-Base'...
Qwen3ForCausalLM(
  (model): Qwen3Model(
    (embed_tokens): Embedding(151936, 1024)
    (layers): ModuleList(
      (0-27): 28 x Qwen3DecoderLayer(
        (self_attn): Qwen3Attention(
          (q_proj): Linear(in_features=1024, out_features=2048, bias=False)
          (k_proj): Linear(in_features=1024, out_features=1024, bias=False)
          (v_proj): Linear(in_features=1024, out_features=1024, bias=False)
          (o_proj): Linear(in_features=2048, out_features=1024, bias=False)
          (q_norm): Qwen3RMSNorm((128,), eps=1e-06)
          (k_norm): Qwen3RMSNorm((128,), eps=1e-06)
        )
        (mlp): Qwen3MLP(
          (gate_proj): Linear(in_features=1024, out_features=3072, bias=False)
          (up_proj): Linear(in_features=1024, out_features=3072, bias=False)
          (down_proj): Linear(in_features=3072, out_features=1024, bias=False)
          (act_fn): SiLUActivation()
        )
        (input_layernorm): Qwen3RMSNorm((1024,), eps=1e-06)
        (post_attention_layernorm): Qwen3RMSNorm((1024,), eps=1e-06)
      )
    )
    (norm): Qwen3RMSNorm((1024,), eps=1e-06)
    (rotary_emb): Qwen3RotaryEmbedding()
  )
  (lm_head): Linear(in_features=1024, out_features=151936, bias=False)
)
Rank calculation: Bits = (1.00), Scales: 2
factorized bpw = 0.9729
Loading model 'Qwen/Qwen3-0.6B-Base'...
Qwen3ForCausalLM(
  (model): Qwen3Model(
    (embed_tokens): Embedding(151936, 1024)
    (layers): ModuleList(
      (0-27): 28 x Qwen3DecoderLayer(
        (self_attn): Qwen3Attention(
          (q_proj): Linear(in_features=1024, out_features=2048, bias=False)
          (k_proj): Linear(in_features=1024, out_features=1024, bias=False)
          (v_proj): Linear(in_features=1024, out_features=1024, bias=False)
          (o_proj): Linear(in_features=2048, out_features=1024, bias=False)
          (q_norm): Qwen3RMSNorm((128,), eps=1e-06)
          (k_norm): Qwen3RMSNorm((128,), eps=1e-06)
        )
        (mlp): Qwen3MLP(
          (gate_proj): Linear(in_features=1024, out_features=3072, bias=False)
          (up_proj): Linear(in_features=1024, out_features=3072, bias=False)
          (down_proj): Linear(in_features=3072, out_features=1024, bias=False)
          (act_fn): SiLUActivation()
        )
        (input_layernorm): Qwen3RMSNorm((1024,), eps=1e-06)
        (post_attention_layernorm): Qwen3RMSNorm((1024,), eps=1e-06)
      )
    )
    (norm): Qwen3RMSNorm((1024,), eps=1e-06)
    (rotary_emb): Qwen3RotaryEmbedding()
  )
  (lm_head): Linear(in_features=1024, out_features=151936, bias=False)
)

Processing dataset: Salesforce/wikitext (config: wikitext-2-raw-v1)
Attempting to generate 128 samples...
Applying special handling for wikitext: concatenating all documents.
Slicing concatenated wikitext:   0%|                                                                                                        | 0/128 [00:00<?, ?it/s]Slicing concatenated wikitext: 100%|████████████████████████████████████████████████████████████████████████████████████████████| 128/128 [00:00<00:00, 1317.15it/s]

Shuffling the final combined dataset (128 samples)...

Creating Hugging Face Dataset...
Calibration dataloader created with shape: torch.Size([128, 2048])
Loading cached calibration statistics from stats_q06.pt
Applying covariance shrinkage (strength: 0.4)...
Attaching statistics to 196 layers...
Registered i_norm and o_norm buffers to 196 layers
Rank calculation: Bits = (1.00), Scales: 2
Caching initial inputs & kwargs using Catcher...
Capturing inputs...
Initial input caching finished.
Compressing Layers:   0%|                                                                                                                    | 0/28 [00:00<?, ?it/s]Token indices sequence length is longer than the specified maximum sequence length for this model (299078 > 131072). Running this sequence through the model will result in indexing errors
Compressing Layers:   4%|███▊                                                                                                     | 1/28 [04:06<1:51:08, 246.99s/it]	(1/3) Block 1/28, self_attn.q_proj | Tuning Non-Factorized Weights...
		(Epoch 01/08) Block Loss: 0.0000e+00
		(Epoch 02/08) Block Loss: 0.0000e+00
		(Epoch 03/08) Block Loss: 0.0000e+00
		(Epoch 04/08) Block Loss: 0.0000e+00
		(Epoch 05/08) Block Loss: 0.0000e+00
		(Epoch 06/08) Block Loss: 0.0000e+00
		(Epoch 07/08) Block Loss: 0.0000e+00
		(Epoch 08/08) Block Loss: 0.0000e+00
	(2/3) Block 1/28, self_attn.q_proj | Initialization via ADMM...
		ADMM weight recon error: raw=713.6555, norm=0.3379, per_el=3.4030e-04, out_err=0.0322, ADMM time=10.85s
	(3/3) Block 1/28, self_attn.q_proj | Tuning Factorized Weights...
		(Epoch 01/08) Block Loss: 3.0048e-06
		(Epoch 02/08) Block Loss: 2.2419e-06
		(Epoch 03/08) Block Loss: 1.8601e-06
		(Epoch 04/08) Block Loss: 1.6383e-06
		(Epoch 05/08) Block Loss: 1.4961e-06
		(Epoch 06/08) Block Loss: 1.4077e-06
		(Epoch 07/08) Block Loss: 1.3494e-06
		(Epoch 08/08) Block Loss: 1.3101e-06
	(1/3) Block 1/28, self_attn.v_proj | Tuning Non-Factorized Weights...
		(Epoch 01/08) Block Loss: 1.7520e-06
		(Epoch 02/08) Block Loss: 1.1516e-06
		(Epoch 03/08) Block Loss: 1.0891e-06
		(Epoch 04/08) Block Loss: 8.6329e-07
		(Epoch 05/08) Block Loss: 7.4810e-07
		(Epoch 06/08) Block Loss: 6.4964e-07
		(Epoch 07/08) Block Loss: 6.1560e-07
		(Epoch 08/08) Block Loss: 6.0291e-07
	(2/3) Block 1/28, self_attn.v_proj | Initialization via ADMM...
		ADMM weight recon error: raw=304.4652, norm=0.3985, per_el=2.9036e-04, out_err=0.1719, ADMM time=10.67s
	(3/3) Block 1/28, self_attn.v_proj | Tuning Factorized Weights...
		(Epoch 01/08) Block Loss: 6.3455e-05
		(Epoch 02/08) Block Loss: 6.1157e-05
		(Epoch 03/08) Block Loss: 6.0978e-05
		(Epoch 04/08) Block Loss: 6.1726e-05
		(Epoch 05/08) Block Loss: 6.2716e-05
		(Epoch 06/08) Block Loss: 6.3177e-05
		(Epoch 07/08) Block Loss: 6.3597e-05
		(Epoch 08/08) Block Loss: 6.2130e-05
	(1/3) Block 1/28, self_attn.o_proj | Tuning Non-Factorized Weights...
		(Epoch 01/08) Block Loss: 4.6862e-05
		(Epoch 02/08) Block Loss: 3.4786e-05
		(Epoch 03/08) Block Loss: 2.9546e-05
		(Epoch 04/08) Block Loss: 2.6692e-05
		(Epoch 05/08) Block Loss: 2.4954e-05
		(Epoch 06/08) Block Loss: 2.3977e-05
		(Epoch 07/08) Block Loss: 2.3489e-05
		(Epoch 08/08) Block Loss: 2.3324e-05
	(2/3) Block 1/28, self_attn.o_proj | Initialization via ADMM...
		ADMM weight recon error: raw=620.7608, norm=0.4311, per_el=2.9600e-04, out_err=0.0875, ADMM time=10.66s
	(3/3) Block 1/28, self_attn.o_proj | Tuning Factorized Weights...
		(Epoch 01/08) Block Loss: 6.5354e-05
		(Epoch 02/08) Block Loss: 6.2060e-05
		(Epoch 03/08) Block Loss: 6.0984e-05
		(Epoch 04/08) Block Loss: 6.1000e-05
		(Epoch 05/08) Block Loss: 6.1267e-05
		(Epoch 06/08) Block Loss: 6.1334e-05
		(Epoch 07/08) Block Loss: 6.1570e-05
		(Epoch 08/08) Block Loss: 6.0703e-05
	(1/3) Block 1/28, self_attn.k_proj | Tuning Non-Factorized Weights...
		(Epoch 01/08) Block Loss: 5.0295e-05
		(Epoch 02/08) Block Loss: 4.1893e-05
		(Epoch 03/08) Block Loss: 3.7856e-05
		(Epoch 04/08) Block Loss: 3.5510e-05
		(Epoch 05/08) Block Loss: 3.4032e-05
		(Epoch 06/08) Block Loss: 3.3182e-05
		(Epoch 07/08) Block Loss: 3.2754e-05
		(Epoch 08/08) Block Loss: 3.2610e-05
	(2/3) Block 1/28, self_attn.k_proj | Initialization via ADMM...
		ADMM weight recon error: raw=325.9571, norm=0.3221, per_el=3.1086e-04, out_err=0.0241, ADMM time=10.05s
	(3/3) Block 1/28, self_attn.k_proj | Tuning Factorized Weights...
		(Epoch 01/08) Block Loss: 3.4820e-05
		(Epoch 02/08) Block Loss: 3.4426e-05
		(Epoch 03/08) Block Loss: 3.4202e-05
		(Epoch 04/08) Block Loss: 3.4058e-05
		(Epoch 05/08) Block Loss: 3.3961e-05
		(Epoch 06/08) Block Loss: 3.3903e-05
		(Epoch 07/08) Block Loss: 3.3869e-05
		(Epoch 08/08) Block Loss: 3.3850e-05
	(1/3) Block 1/28, mlp.gate_proj | Tuning Non-Factorized Weights...
		(Epoch 01/08) Block Loss: 3.3295e-05
		(Epoch 02/08) Block Loss: 3.1243e-05
		(Epoch 03/08) Block Loss: 2.9880e-05
		(Epoch 04/08) Block Loss: 2.8965e-05
		(Epoch 05/08) Block Loss: 2.8306e-05
		(Epoch 06/08) Block Loss: 2.7905e-05
		(Epoch 07/08) Block Loss: 2.7688e-05
		(Epoch 08/08) Block Loss: 2.7607e-05
	(2/3) Block 1/28, mlp.gate_proj | Initialization via ADMM...
		ADMM weight recon error: raw=1532.6174, norm=0.3471, per_el=4.8721e-04, out_err=0.0378, ADMM time=11.29s
	(3/3) Block 1/28, mlp.gate_proj | Tuning Factorized Weights...
		(Epoch 01/08) Block Loss: 3.8958e-05
		(Epoch 02/08) Block Loss: 3.6704e-05
		(Epoch 03/08) Block Loss: 3.6185e-05
		(Epoch 04/08) Block Loss: 3.6026e-05
		(Epoch 05/08) Block Loss: 3.5973e-05
		(Epoch 06/08) Block Loss: 3.5902e-05
		(Epoch 07/08) Block Loss: 3.5787e-05
		(Epoch 08/08) Block Loss: 3.5413e-05
	(1/3) Block 1/28, mlp.up_proj | Tuning Non-Factorized Weights...
		(Epoch 01/08) Block Loss: 3.3358e-05
		(Epoch 02/08) Block Loss: 3.1667e-05
		(Epoch 03/08) Block Loss: 3.0764e-05
		(Epoch 04/08) Block Loss: 3.0189e-05
		(Epoch 05/08) Block Loss: 2.9768e-05
		(Epoch 06/08) Block Loss: 2.9509e-05
		(Epoch 07/08) Block Loss: 2.9365e-05
		(Epoch 08/08) Block Loss: 2.9309e-05
	(2/3) Block 1/28, mlp.up_proj | Initialization via ADMM...
		ADMM weight recon error: raw=860.0441, norm=0.3707, per_el=2.7340e-04, out_err=0.1463, ADMM time=11.62s
	(3/3) Block 1/28, mlp.up_proj | Tuning Factorized Weights...
		(Epoch 01/08) Block Loss: 4.9230e-05
		(Epoch 02/08) Block Loss: 4.6220e-05
		(Epoch 03/08) Block Loss: 4.5379e-05
		(Epoch 04/08) Block Loss: 4.5194e-05
		(Epoch 05/08) Block Loss: 4.5325e-05
		(Epoch 06/08) Block Loss: 4.5016e-05
		(Epoch 07/08) Block Loss: 4.4880e-05
		(Epoch 08/08) Block Loss: 4.4055e-05
	(1/3) Block 1/28, mlp.down_proj | Tuning Non-Factorized Weights...
		(Epoch 01/08) Block Loss: 4.0441e-05
		(Epoch 02/08) Block Loss: 3.8391e-05
		(Epoch 03/08) Block Loss: 3.7394e-05
		(Epoch 04/08) Block Loss: 3.6813e-05
		(Epoch 05/08) Block Loss: 3.6431e-05
		(Epoch 06/08) Block Loss: 3.6210e-05
		(Epoch 07/08) Block Loss: 3.6094e-05
		(Epoch 08/08) Block Loss: 3.6053e-05
	(2/3) Block 1/28, mlp.down_proj | Initialization via ADMM...
		ADMM weight recon error: raw=929.5848, norm=0.3822, per_el=2.9551e-04, out_err=0.1473, ADMM time=12.25s
	(3/3) Block 1/28, mlp.down_proj | Tuning Factorized Weights...
		(Epoch 01/08) Block Loss: 6.6805e-05
		(Epoch 02/08) Block Loss: 6.6015e-05
		(Epoch 03/08) Block Loss: 6.6478e-05
		(Epoch 04/08) Block Loss: 6.7774e-05
		(Epoch 05/08) Block Loss: 6.8502e-05
		(Epoch 06/08) Block Loss: 6.7630e-05
		(Epoch 07/08) Block Loss: 6.7624e-05
		(Epoch 08/08) Block Loss: 6.6994e-05
		Block 0: relative block output error = 0.1073
Using sequence length: 2048 (model max: 2048)
		Block 0: Test Data PPL        = 16.888
	(1/3) Block 2/28, self_attn.q_proj | Tuning Non-Factorized Weights...
		(Epoch 01/08) Block Loss: 2.7674e-05
		(Epoch 02/08) Block Loss: 2.3912e-05
		(Epoch 03/08) Block Loss: 2.2153e-05
		(Epoch 04/08) Block Loss: 2.1142e-05
		(Epoch 05/08) Block Loss: 2.0523e-05
		(Epoch 06/08) Block Loss: 2.0102e-05
		(Epoch 07/08) Block Loss: 1.9881e-05
		(Epoch 08/08) Block Loss: 1.9801e-05
	(2/3) Block 2/28, self_attn.q_proj | Initialization via ADMM...
		ADMM weight recon error: raw=605.8165, norm=0.2981, per_el=2.8888e-04, out_err=0.0463, ADMM time=9.77s
	(3/3) Block 2/28, self_attn.q_proj | Tuning Factorized Weights...
		(Epoch 01/08) Block Loss: 2.0287e-05
		(Epoch 02/08) Block Loss: 2.0160e-05
		(Epoch 03/08) Block Loss: 2.0101e-05
		(Epoch 04/08) Block Loss: 2.0061e-05
		(Epoch 05/08) Block Loss: 2.0035e-05
		(Epoch 06/08) Block Loss: 2.0015e-05
		(Epoch 07/08) Block Loss: 2.0000e-05
		(Epoch 08/08) Block Loss: 1.9987e-05
	(1/3) Block 2/28, self_attn.v_proj | Tuning Non-Factorized Weights...
		(Epoch 01/08) Block Loss: 1.9966e-05
		(Epoch 02/08) Block Loss: 1.9004e-05
		(Epoch 03/08) Block Loss: 1.8416e-05
		(Epoch 04/08) Block Loss: 1.7935e-05
		(Epoch 05/08) Block Loss: 1.7615e-05
		(Epoch 06/08) Block Loss: 1.7402e-05
		(Epoch 07/08) Block Loss: 1.7281e-05
		(Epoch 08/08) Block Loss: 1.7236e-05
	(2/3) Block 2/28, self_attn.v_proj | Initialization via ADMM...
		ADMM weight recon error: raw=328.3237, norm=0.3765, per_el=3.1311e-04, out_err=0.1442, ADMM time=12.31s
	(3/3) Block 2/28, self_attn.v_proj | Tuning Factorized Weights...
Token indices sequence length is longer than the specified maximum sequence length for this model (299078 > 131072). Running this sequence through the model will result in indexing errors
Compressing Layers:   7%|███████▌                                                                                                 | 2/28 [07:57<1:42:49, 237.28s/it]		(Epoch 01/08) Block Loss: 1.9074e-05
		(Epoch 02/08) Block Loss: 1.8893e-05
		(Epoch 03/08) Block Loss: 1.8850e-05
		(Epoch 04/08) Block Loss: 1.8860e-05
		(Epoch 05/08) Block Loss: 1.8857e-05
		(Epoch 06/08) Block Loss: 1.8861e-05
		(Epoch 07/08) Block Loss: 1.8855e-05
		(Epoch 08/08) Block Loss: 1.8782e-05
	(1/3) Block 2/28, self_attn.o_proj | Tuning Non-Factorized Weights...
		(Epoch 01/08) Block Loss: 1.8469e-05
		(Epoch 02/08) Block Loss: 1.7752e-05
		(Epoch 03/08) Block Loss: 1.7344e-05
		(Epoch 04/08) Block Loss: 1.7046e-05
		(Epoch 05/08) Block Loss: 1.6822e-05
		(Epoch 06/08) Block Loss: 1.6664e-05
		(Epoch 07/08) Block Loss: 1.6578e-05
		(Epoch 08/08) Block Loss: 1.6543e-05
	(2/3) Block 2/28, self_attn.o_proj | Initialization via ADMM...
		ADMM weight recon error: raw=514.6798, norm=0.3299, per_el=2.4542e-04, out_err=0.0720, ADMM time=9.48s
	(3/3) Block 2/28, self_attn.o_proj | Tuning Factorized Weights...
		(Epoch 01/08) Block Loss: 1.8396e-05
		(Epoch 02/08) Block Loss: 1.8310e-05
		(Epoch 03/08) Block Loss: 1.8340e-05
		(Epoch 04/08) Block Loss: 1.8404e-05
		(Epoch 05/08) Block Loss: 1.8414e-05
		(Epoch 06/08) Block Loss: 1.8404e-05
		(Epoch 07/08) Block Loss: 1.8404e-05
		(Epoch 08/08) Block Loss: 1.8311e-05
	(1/3) Block 2/28, self_attn.k_proj | Tuning Non-Factorized Weights...
		(Epoch 01/08) Block Loss: 1.7921e-05
		(Epoch 02/08) Block Loss: 1.7335e-05
		(Epoch 03/08) Block Loss: 1.7018e-05
		(Epoch 04/08) Block Loss: 1.6807e-05
		(Epoch 05/08) Block Loss: 1.6637e-05
		(Epoch 06/08) Block Loss: 1.6526e-05
		(Epoch 07/08) Block Loss: 1.6460e-05
		(Epoch 08/08) Block Loss: 1.6431e-05
	(2/3) Block 2/28, self_attn.k_proj | Initialization via ADMM...
		ADMM weight recon error: raw=291.5382, norm=0.3211, per_el=2.7803e-04, out_err=0.0377, ADMM time=10.85s
	(3/3) Block 2/28, self_attn.k_proj | Tuning Factorized Weights...
		(Epoch 01/08) Block Loss: 1.6874e-05
		(Epoch 02/08) Block Loss: 1.6792e-05
		(Epoch 03/08) Block Loss: 1.6755e-05
		(Epoch 04/08) Block Loss: 1.6733e-05
		(Epoch 05/08) Block Loss: 1.6721e-05
		(Epoch 06/08) Block Loss: 1.6712e-05
		(Epoch 07/08) Block Loss: 1.6705e-05
		(Epoch 08/08) Block Loss: 1.6696e-05
	(1/3) Block 2/28, mlp.gate_proj | Tuning Non-Factorized Weights...
		(Epoch 01/08) Block Loss: 1.6832e-05
		(Epoch 02/08) Block Loss: 1.6528e-05
		(Epoch 03/08) Block Loss: 1.6324e-05
		(Epoch 04/08) Block Loss: 1.6183e-05
		(Epoch 05/08) Block Loss: 1.6059e-05
		(Epoch 06/08) Block Loss: 1.5975e-05
		(Epoch 07/08) Block Loss: 1.5923e-05
		(Epoch 08/08) Block Loss: 1.5899e-05
	(2/3) Block 2/28, mlp.gate_proj | Initialization via ADMM...
		ADMM weight recon error: raw=2208.2092, norm=0.3575, per_el=7.0197e-04, out_err=0.0179, ADMM time=10.18s
	(3/3) Block 2/28, mlp.gate_proj | Tuning Factorized Weights...
		(Epoch 01/08) Block Loss: 2.2509e-05
		(Epoch 02/08) Block Loss: 2.1201e-05
		(Epoch 03/08) Block Loss: 2.0816e-05
		(Epoch 04/08) Block Loss: 2.0655e-05
		(Epoch 05/08) Block Loss: 2.0585e-05
		(Epoch 06/08) Block Loss: 2.0523e-05
		(Epoch 07/08) Block Loss: 2.0474e-05
		(Epoch 08/08) Block Loss: 2.0312e-05
	(1/3) Block 2/28, mlp.up_proj | Tuning Non-Factorized Weights...
		(Epoch 01/08) Block Loss: 1.9540e-05
		(Epoch 02/08) Block Loss: 1.8859e-05
		(Epoch 03/08) Block Loss: 1.8542e-05
		(Epoch 04/08) Block Loss: 1.8355e-05
		(Epoch 05/08) Block Loss: 1.8212e-05
		(Epoch 06/08) Block Loss: 1.8121e-05
		(Epoch 07/08) Block Loss: 1.8067e-05
		(Epoch 08/08) Block Loss: 1.8044e-05
	(2/3) Block 2/28, mlp.up_proj | Initialization via ADMM...
		ADMM weight recon error: raw=679.6207, norm=0.3600, per_el=2.1605e-04, out_err=0.1588, ADMM time=10.15s
	(3/3) Block 2/28, mlp.up_proj | Tuning Factorized Weights...
		(Epoch 01/08) Block Loss: 2.7421e-05
		(Epoch 02/08) Block Loss: 2.6193e-05
		(Epoch 03/08) Block Loss: 2.5818e-05
		(Epoch 04/08) Block Loss: 2.5672e-05
		(Epoch 05/08) Block Loss: 2.5606e-05
		(Epoch 06/08) Block Loss: 2.5534e-05
		(Epoch 07/08) Block Loss: 2.5427e-05
		(Epoch 08/08) Block Loss: 2.5147e-05
	(1/3) Block 2/28, mlp.down_proj | Tuning Non-Factorized Weights...
		(Epoch 01/08) Block Loss: 2.3718e-05
		(Epoch 02/08) Block Loss: 2.2846e-05
		(Epoch 03/08) Block Loss: 2.2436e-05
		(Epoch 04/08) Block Loss: 2.2205e-05
		(Epoch 05/08) Block Loss: 2.2052e-05
		(Epoch 06/08) Block Loss: 2.1963e-05
		(Epoch 07/08) Block Loss: 2.1916e-05
		(Epoch 08/08) Block Loss: 2.1898e-05
	(2/3) Block 2/28, mlp.down_proj | Initialization via ADMM...
		ADMM weight recon error: raw=687.8488, norm=0.3755, per_el=2.1866e-04, out_err=0.1391, ADMM time=9.28s
	(3/3) Block 2/28, mlp.down_proj | Tuning Factorized Weights...
		(Epoch 01/08) Block Loss: 3.3125e-05
		(Epoch 02/08) Block Loss: 3.3095e-05
		(Epoch 03/08) Block Loss: 3.3694e-05
		(Epoch 04/08) Block Loss: 3.4103e-05
		(Epoch 05/08) Block Loss: 3.4224e-05
		(Epoch 06/08) Block Loss: 3.4337e-05
		(Epoch 07/08) Block Loss: 3.4113e-05
		(Epoch 08/08) Block Loss: 3.3588e-05
		Block 1: relative block output error = 0.0860
Using sequence length: 2048 (model max: 2048)
		Block 1: Test Data PPL        = 14.212
	(1/3) Block 3/28, self_attn.q_proj | Tuning Non-Factorized Weights...
		(Epoch 01/08) Block Loss: 5.9688e-05
		(Epoch 02/08) Block Loss: 3.2667e-05
		(Epoch 03/08) Block Loss: 2.5536e-05
		(Epoch 04/08) Block Loss: 2.3372e-05
		(Epoch 05/08) Block Loss: 2.2346e-05
		(Epoch 06/08) Block Loss: 2.1801e-05
		(Epoch 07/08) Block Loss: 2.1410e-05
		(Epoch 08/08) Block Loss: 2.1196e-05
	(2/3) Block 3/28, self_attn.q_proj | Initialization via ADMM...
		ADMM weight recon error: raw=555.9118, norm=0.2860, per_el=2.6508e-04, out_err=0.0475, ADMM time=8.53s
	(3/3) Block 3/28, self_attn.q_proj | Tuning Factorized Weights...
		(Epoch 01/08) Block Loss: 2.1801e-05
		(Epoch 02/08) Block Loss: 2.1667e-05
		(Epoch 03/08) Block Loss: 2.1616e-05
		(Epoch 04/08) Block Loss: 2.1583e-05
		(Epoch 05/08) Block Loss: 2.1561e-05
		(Epoch 06/08) Block Loss: 2.1542e-05
		(Epoch 07/08) Block Loss: 2.1528e-05
		(Epoch 08/08) Block Loss: 2.1515e-05
	(1/3) Block 3/28, self_attn.v_proj | Tuning Non-Factorized Weights...
		(Epoch 01/08) Block Loss: 2.9734e-05
		(Epoch 02/08) Block Loss: 2.9664e-05
		(Epoch 03/08) Block Loss: 2.2724e-05
		(Epoch 04/08) Block Loss: 2.0548e-05
		(Epoch 05/08) Block Loss: 1.9717e-05
		(Epoch 06/08) Block Loss: 1.9389e-05
		(Epoch 07/08) Block Loss: 1.9213e-05
		(Epoch 08/08) Block Loss: 1.9075e-05
	(2/3) Block 3/28, self_attn.v_proj | Initialization via ADMM...
		ADMM weight recon error: raw=300.6524, norm=0.3614, per_el=2.8672e-04, out_err=0.1432, ADMM time=15.22s
	(3/3) Block 3/28, self_attn.v_proj | Tuning Factorized Weights...
		(Epoch 01/08) Block Loss: 2.8937e-04
		(Epoch 02/08) Block Loss: 3.7348e-05
		(Epoch 03/08) Block Loss: 2.8137e-05
		(Epoch 04/08) Block Loss: 2.4734e-05
		(Epoch 05/08) Block Loss: 2.3135e-05
		(Epoch 06/08) Block Loss: 2.2471e-05
		(Epoch 07/08) Block Loss: 2.2351e-05
		(Epoch 08/08) Block Loss: 2.2217e-05
	(1/3) Block 3/28, self_attn.o_proj | Tuning Non-Factorized Weights...
		(Epoch 01/08) Block Loss: 2.5907e-05
		(Epoch 02/08) Block Loss: 2.2781e-05
		(Epoch 03/08) Block Loss: 2.0308e-05
		(Epoch 04/08) Block Loss: 1.9790e-05
		(Epoch 05/08) Block Loss: 1.9327e-05
		(Epoch 06/08) Block Loss: 1.9091e-05
		(Epoch 07/08) Block Loss: 1.8962e-05
		(Epoch 08/08) Block Loss: 1.8733e-05
	(2/3) Block 3/28, self_attn.o_proj | Initialization via ADMM...
		ADMM weight recon error: raw=468.0150, norm=0.3305, per_el=2.2317e-04, out_err=0.0765, ADMM time=8.65s
	(3/3) Block 3/28, self_attn.o_proj | Tuning Factorized Weights...
		(Epoch 01/08) Block Loss: 2.2686e-05
		(Epoch 02/08) Block Loss: 2.1073e-05
		(Epoch 03/08) Block Loss: 2.0819e-05
		(Epoch 04/08) Block Loss: 2.0641e-05
		(Epoch 05/08) Block Loss: 2.0624e-05
		(Epoch 06/08) Block Loss: 2.0568e-05
		(Epoch 07/08) Block Loss: 2.0490e-05
		(Epoch 08/08) Block Loss: 2.0424e-05
	(1/3) Block 3/28, self_attn.k_proj | Tuning Non-Factorized Weights...
		(Epoch 01/08) Block Loss: 2.0305e-05
		(Epoch 02/08) Block Loss: 1.9516e-05
		(Epoch 03/08) Block Loss: 1.9168e-05
		(Epoch 04/08) Block Loss: 1.8873e-05
		(Epoch 05/08) Block Loss: 1.8693e-05
		(Epoch 06/08) Block Loss: 1.8548e-05
Token indices sequence length is longer than the specified maximum sequence length for this model (299078 > 131072). Running this sequence through the model will result in indexing errors
Compressing Layers:  11%|███████████▎                                                                                             | 3/28 [11:54<1:38:46, 237.07s/it]		(Epoch 07/08) Block Loss: 1.8465e-05
		(Epoch 08/08) Block Loss: 1.8406e-05
	(2/3) Block 3/28, self_attn.k_proj | Initialization via ADMM...
		ADMM weight recon error: raw=267.8445, norm=0.3129, per_el=2.5544e-04, out_err=0.0373, ADMM time=15.51s
	(3/3) Block 3/28, self_attn.k_proj | Tuning Factorized Weights...
		(Epoch 01/08) Block Loss: 1.8883e-05
		(Epoch 02/08) Block Loss: 1.8805e-05
		(Epoch 03/08) Block Loss: 1.8766e-05
		(Epoch 04/08) Block Loss: 1.8743e-05
		(Epoch 05/08) Block Loss: 1.8728e-05
		(Epoch 06/08) Block Loss: 1.8719e-05
		(Epoch 07/08) Block Loss: 1.8712e-05
		(Epoch 08/08) Block Loss: 1.8706e-05
	(1/3) Block 3/28, mlp.gate_proj | Tuning Non-Factorized Weights...
		(Epoch 01/08) Block Loss: 1.9294e-05
		(Epoch 02/08) Block Loss: 1.8728e-05
		(Epoch 03/08) Block Loss: 1.8440e-05
		(Epoch 04/08) Block Loss: 1.8281e-05
		(Epoch 05/08) Block Loss: 1.8085e-05
		(Epoch 06/08) Block Loss: 1.8029e-05
		(Epoch 07/08) Block Loss: 1.7936e-05
		(Epoch 08/08) Block Loss: 1.7902e-05
	(2/3) Block 3/28, mlp.gate_proj | Initialization via ADMM...
		ADMM weight recon error: raw=1748.1768, norm=0.3414, per_el=5.5573e-04, out_err=0.0263, ADMM time=9.84s
	(3/3) Block 3/28, mlp.gate_proj | Tuning Factorized Weights...
		(Epoch 01/08) Block Loss: 5.0118e-05
		(Epoch 02/08) Block Loss: 2.4433e-05
		(Epoch 03/08) Block Loss: 2.3879e-05
		(Epoch 04/08) Block Loss: 2.3565e-05
		(Epoch 05/08) Block Loss: 2.3494e-05
		(Epoch 06/08) Block Loss: 2.3439e-05
		(Epoch 07/08) Block Loss: 2.3275e-05
		(Epoch 08/08) Block Loss: 2.3123e-05
	(1/3) Block 3/28, mlp.up_proj | Tuning Non-Factorized Weights...
		(Epoch 01/08) Block Loss: 2.2676e-05
		(Epoch 02/08) Block Loss: 2.1717e-05
		(Epoch 03/08) Block Loss: 2.1313e-05
		(Epoch 04/08) Block Loss: 2.1111e-05
		(Epoch 05/08) Block Loss: 2.0925e-05
		(Epoch 06/08) Block Loss: 2.0789e-05
		(Epoch 07/08) Block Loss: 2.0743e-05
		(Epoch 08/08) Block Loss: 2.0702e-05
	(2/3) Block 3/28, mlp.up_proj | Initialization via ADMM...
		ADMM weight recon error: raw=680.7711, norm=0.3561, per_el=2.1641e-04, out_err=0.1678, ADMM time=9.49s
	(3/3) Block 3/28, mlp.up_proj | Tuning Factorized Weights...
		(Epoch 01/08) Block Loss: 3.7036e-05
		(Epoch 02/08) Block Loss: 2.9825e-05
		(Epoch 03/08) Block Loss: 2.9387e-05
		(Epoch 04/08) Block Loss: 2.9022e-05
		(Epoch 05/08) Block Loss: 2.8878e-05
		(Epoch 06/08) Block Loss: 2.8867e-05
		(Epoch 07/08) Block Loss: 2.8734e-05
		(Epoch 08/08) Block Loss: 2.8481e-05
	(1/3) Block 3/28, mlp.down_proj | Tuning Non-Factorized Weights...
		(Epoch 01/08) Block Loss: 2.7394e-05
		(Epoch 02/08) Block Loss: 2.6386e-05
		(Epoch 03/08) Block Loss: 2.5944e-05
		(Epoch 04/08) Block Loss: 2.5676e-05
		(Epoch 05/08) Block Loss: 2.5503e-05
		(Epoch 06/08) Block Loss: 2.5403e-05
		(Epoch 07/08) Block Loss: 2.5338e-05
		(Epoch 08/08) Block Loss: 2.5312e-05
	(2/3) Block 3/28, mlp.down_proj | Initialization via ADMM...
		ADMM weight recon error: raw=738.5436, norm=0.3722, per_el=2.3478e-04, out_err=0.1672, ADMM time=9.36s
	(3/3) Block 3/28, mlp.down_proj | Tuning Factorized Weights...
		(Epoch 01/08) Block Loss: 4.7422e-04
		(Epoch 02/08) Block Loss: 4.1060e-04
		(Epoch 03/08) Block Loss: 3.6594e-04
		(Epoch 04/08) Block Loss: 3.3301e-04
		(Epoch 05/08) Block Loss: 3.1171e-04
		(Epoch 06/08) Block Loss: 3.0010e-04
		(Epoch 07/08) Block Loss: 2.9515e-04
		(Epoch 08/08) Block Loss: 2.9395e-04
		Block 2: relative block output error = 0.0058
Using sequence length: 2048 (model max: 2048)
		Block 2: Test Data PPL        = 15.928
	(1/3) Block 4/28, self_attn.q_proj | Tuning Non-Factorized Weights...
		(Epoch 01/08) Block Loss: 2.0003e-04
		(Epoch 02/08) Block Loss: 1.9451e-04
		(Epoch 03/08) Block Loss: 1.8738e-04
		(Epoch 04/08) Block Loss: 1.7407e-04
		(Epoch 05/08) Block Loss: 1.5836e-04
		(Epoch 06/08) Block Loss: 1.4628e-04
		(Epoch 07/08) Block Loss: 1.3994e-04
		(Epoch 08/08) Block Loss: 1.3803e-04
	(2/3) Block 4/28, self_attn.q_proj | Initialization via ADMM...
		ADMM weight recon error: raw=581.8347, norm=0.2969, per_el=2.7744e-04, out_err=0.0387, ADMM time=7.94s
	(3/3) Block 4/28, self_attn.q_proj | Tuning Factorized Weights...
		(Epoch 01/08) Block Loss: 1.3888e-04
		(Epoch 02/08) Block Loss: 1.3858e-04
		(Epoch 03/08) Block Loss: 1.3843e-04
		(Epoch 04/08) Block Loss: 1.3833e-04
		(Epoch 05/08) Block Loss: 1.3824e-04
		(Epoch 06/08) Block Loss: 1.3820e-04
		(Epoch 07/08) Block Loss: 1.3816e-04
		(Epoch 08/08) Block Loss: 1.3814e-04
	(1/3) Block 4/28, self_attn.v_proj | Tuning Non-Factorized Weights...
		(Epoch 01/08) Block Loss: 1.2600e-04
		(Epoch 02/08) Block Loss: 1.0584e-04
		(Epoch 03/08) Block Loss: 8.9315e-05
		(Epoch 04/08) Block Loss: 7.7995e-05
		(Epoch 05/08) Block Loss: 6.9241e-05
		(Epoch 06/08) Block Loss: 6.3821e-05
		(Epoch 07/08) Block Loss: 6.1214e-05
		(Epoch 08/08) Block Loss: 6.0363e-05
	(2/3) Block 4/28, self_attn.v_proj | Initialization via ADMM...
		ADMM weight recon error: raw=355.3020, norm=0.3339, per_el=3.3884e-04, out_err=0.1462, ADMM time=19.00s
	(3/3) Block 4/28, self_attn.v_proj | Tuning Factorized Weights...
		(Epoch 01/08) Block Loss: 6.4103e-05
		(Epoch 02/08) Block Loss: 5.2422e-05
		(Epoch 03/08) Block Loss: 4.7367e-05
		(Epoch 04/08) Block Loss: 4.5881e-05
		(Epoch 05/08) Block Loss: 4.4306e-05
		(Epoch 06/08) Block Loss: 4.3580e-05
		(Epoch 07/08) Block Loss: 4.3299e-05
		(Epoch 08/08) Block Loss: 4.3131e-05
	(1/3) Block 4/28, self_attn.o_proj | Tuning Non-Factorized Weights...
		(Epoch 01/08) Block Loss: 4.9645e-05
		(Epoch 02/08) Block Loss: 3.9821e-05
		(Epoch 03/08) Block Loss: 3.7347e-05
		(Epoch 04/08) Block Loss: 3.5861e-05
		(Epoch 05/08) Block Loss: 3.4809e-05
		(Epoch 06/08) Block Loss: 3.4083e-05
		(Epoch 07/08) Block Loss: 3.3696e-05
		(Epoch 08/08) Block Loss: 3.3553e-05
	(2/3) Block 4/28, self_attn.o_proj | Initialization via ADMM...
		ADMM weight recon error: raw=559.7378, norm=0.3003, per_el=2.6690e-04, out_err=0.0718, ADMM time=8.24s
	(3/3) Block 4/28, self_attn.o_proj | Tuning Factorized Weights...
		(Epoch 01/08) Block Loss: 4.8003e-05
		(Epoch 02/08) Block Loss: 3.5445e-05
		(Epoch 03/08) Block Loss: 3.3154e-05
		(Epoch 04/08) Block Loss: 3.2422e-05
		(Epoch 05/08) Block Loss: 3.2067e-05
		(Epoch 06/08) Block Loss: 3.1877e-05
		(Epoch 07/08) Block Loss: 3.1672e-05
		(Epoch 08/08) Block Loss: 3.1417e-05
	(1/3) Block 4/28, self_attn.k_proj | Tuning Non-Factorized Weights...
		(Epoch 01/08) Block Loss: 3.0864e-05
		(Epoch 02/08) Block Loss: 2.9006e-05
		(Epoch 03/08) Block Loss: 2.8210e-05
		(Epoch 04/08) Block Loss: 2.7741e-05
		(Epoch 05/08) Block Loss: 2.7397e-05
		(Epoch 06/08) Block Loss: 2.7170e-05
		(Epoch 07/08) Block Loss: 2.7044e-05
		(Epoch 08/08) Block Loss: 2.6982e-05
	(2/3) Block 4/28, self_attn.k_proj | Initialization via ADMM...
		ADMM weight recon error: raw=279.5275, norm=0.3134, per_el=2.6658e-04, out_err=0.0593, ADMM time=18.19s
	(3/3) Block 4/28, self_attn.k_proj | Tuning Factorized Weights...
		(Epoch 01/08) Block Loss: 1.9405e-03
		(Epoch 02/08) Block Loss: 6.6572e-05
		(Epoch 03/08) Block Loss: 4.6019e-05
		(Epoch 04/08) Block Loss: 4.2261e-05
		(Epoch 05/08) Block Loss: 4.0530e-05
		(Epoch 06/08) Block Loss: 3.9272e-05
		(Epoch 07/08) Block Loss: 3.8782e-05
		(Epoch 08/08) Block Loss: 3.8585e-05
	(1/3) Block 4/28, mlp.gate_proj | Tuning Non-Factorized Weights...
		(Epoch 01/08) Block Loss: 3.5270e-05
		(Epoch 02/08) Block Loss: 3.3244e-05
		(Epoch 03/08) Block Loss: 3.2542e-05
		(Epoch 04/08) Block Loss: 3.2129e-05
		(Epoch 05/08) Block Loss: 3.1810e-05
		(Epoch 06/08) Block Loss: 3.1617e-05
		(Epoch 07/08) Block Loss: 3.1496e-05
		(Epoch 08/08) Block Loss: 3.1441e-05
	(2/3) Block 4/28, mlp.gate_proj | Initialization via ADMM...
		ADMM weight recon error: raw=1899.8870, norm=0.3555, per_el=6.0396e-04, out_err=0.0301, ADMM time=8.81s
	(3/3) Block 4/28, mlp.gate_proj | Tuning Factorized Weights...
		(Epoch 01/08) Block Loss: 4.6011e-05
		(Epoch 02/08) Block Loss: 3.7438e-05
		(Epoch 03/08) Block Loss: 3.6036e-05
		(Epoch 04/08) Block Loss: 3.5560e-05
		(Epoch 05/08) Block Loss: 3.5315e-05
		(Epoch 06/08) Block Loss: 3.5182e-05
		(Epoch 07/08) Block Loss: 3.5068e-05
		(Epoch 08/08) Block Loss: 3.4953e-05
Token indices sequence length is longer than the specified maximum sequence length for this model (299078 > 131072). Running this sequence through the model will result in indexing errors
Compressing Layers:  14%|███████████████                                                                                          | 4/28 [15:46<1:34:00, 235.01s/it]	(1/3) Block 4/28, mlp.up_proj | Tuning Non-Factorized Weights...
		(Epoch 01/08) Block Loss: 3.4755e-05
		(Epoch 02/08) Block Loss: 3.4020e-05
		(Epoch 03/08) Block Loss: 3.3649e-05
		(Epoch 04/08) Block Loss: 3.3407e-05
		(Epoch 05/08) Block Loss: 3.3203e-05
		(Epoch 06/08) Block Loss: 3.3080e-05
		(Epoch 07/08) Block Loss: 3.2998e-05
		(Epoch 08/08) Block Loss: 3.2961e-05
	(2/3) Block 4/28, mlp.up_proj | Initialization via ADMM...
		ADMM weight recon error: raw=762.9313, norm=0.3612, per_el=2.4253e-04, out_err=0.1444, ADMM time=9.27s
	(3/3) Block 4/28, mlp.up_proj | Tuning Factorized Weights...
		(Epoch 01/08) Block Loss: 5.9760e-05
		(Epoch 02/08) Block Loss: 4.2089e-05
		(Epoch 03/08) Block Loss: 4.0943e-05
		(Epoch 04/08) Block Loss: 4.0514e-05
		(Epoch 05/08) Block Loss: 4.0312e-05
		(Epoch 06/08) Block Loss: 4.0183e-05
		(Epoch 07/08) Block Loss: 4.0051e-05
		(Epoch 08/08) Block Loss: 3.9814e-05
	(1/3) Block 4/28, mlp.down_proj | Tuning Non-Factorized Weights...
		(Epoch 01/08) Block Loss: 3.8859e-05
		(Epoch 02/08) Block Loss: 3.8042e-05
		(Epoch 03/08) Block Loss: 3.7600e-05
		(Epoch 04/08) Block Loss: 3.7327e-05
		(Epoch 05/08) Block Loss: 3.7141e-05
		(Epoch 06/08) Block Loss: 3.7027e-05
		(Epoch 07/08) Block Loss: 3.6969e-05
		(Epoch 08/08) Block Loss: 3.6945e-05
	(2/3) Block 4/28, mlp.down_proj | Initialization via ADMM...
		ADMM weight recon error: raw=798.7737, norm=0.3592, per_el=2.5392e-04, out_err=0.1454, ADMM time=8.49s
	(3/3) Block 4/28, mlp.down_proj | Tuning Factorized Weights...
		(Epoch 01/08) Block Loss: 5.1990e-05
		(Epoch 02/08) Block Loss: 4.8496e-05
		(Epoch 03/08) Block Loss: 4.7935e-05
		(Epoch 04/08) Block Loss: 4.8283e-05
		(Epoch 05/08) Block Loss: 4.8571e-05
		(Epoch 06/08) Block Loss: 4.8521e-05
		(Epoch 07/08) Block Loss: 4.8541e-05
		(Epoch 08/08) Block Loss: 4.8054e-05
		Block 3: relative block output error = 0.0014
Using sequence length: 2048 (model max: 2048)
		Block 3: Test Data PPL        = 19.078
	(1/3) Block 5/28, self_attn.q_proj | Tuning Non-Factorized Weights...
		(Epoch 01/08) Block Loss: 3.6506e-05
		(Epoch 02/08) Block Loss: 3.3114e-05
		(Epoch 03/08) Block Loss: 3.1232e-05
		(Epoch 04/08) Block Loss: 3.0091e-05
		(Epoch 05/08) Block Loss: 2.9320e-05
		(Epoch 06/08) Block Loss: 2.8863e-05
		(Epoch 07/08) Block Loss: 2.8625e-05
		(Epoch 08/08) Block Loss: 2.8537e-05
	(2/3) Block 5/28, self_attn.q_proj | Initialization via ADMM...
		ADMM weight recon error: raw=598.1973, norm=0.3223, per_el=2.8524e-04, out_err=0.0460, ADMM time=8.03s
	(3/3) Block 5/28, self_attn.q_proj | Tuning Factorized Weights...
		(Epoch 01/08) Block Loss: 2.9524e-05
		(Epoch 02/08) Block Loss: 2.9261e-05
		(Epoch 03/08) Block Loss: 2.9157e-05
		(Epoch 04/08) Block Loss: 2.9093e-05
		(Epoch 05/08) Block Loss: 2.9045e-05
		(Epoch 06/08) Block Loss: 2.9015e-05
		(Epoch 07/08) Block Loss: 2.8994e-05
		(Epoch 08/08) Block Loss: 2.8981e-05
	(1/3) Block 5/28, self_attn.v_proj | Tuning Non-Factorized Weights...
		(Epoch 01/08) Block Loss: 2.9034e-05
		(Epoch 02/08) Block Loss: 2.8025e-05
		(Epoch 03/08) Block Loss: 2.7242e-05
		(Epoch 04/08) Block Loss: 2.6702e-05
		(Epoch 05/08) Block Loss: 2.6316e-05
		(Epoch 06/08) Block Loss: 2.6064e-05
		(Epoch 07/08) Block Loss: 2.5922e-05
		(Epoch 08/08) Block Loss: 2.5865e-05
	(2/3) Block 5/28, self_attn.v_proj | Initialization via ADMM...
		ADMM weight recon error: raw=357.5263, norm=0.3803, per_el=3.4096e-04, out_err=0.1867, ADMM time=22.81s
	(3/3) Block 5/28, self_attn.v_proj | Tuning Factorized Weights...
		(Epoch 01/08) Block Loss: 3.0684e-05
		(Epoch 02/08) Block Loss: 2.9531e-05
		(Epoch 03/08) Block Loss: 2.9288e-05
		(Epoch 04/08) Block Loss: 2.9166e-05
		(Epoch 05/08) Block Loss: 2.9102e-05
		(Epoch 06/08) Block Loss: 2.9061e-05
		(Epoch 07/08) Block Loss: 2.9037e-05
		(Epoch 08/08) Block Loss: 2.9008e-05
	(1/3) Block 5/28, self_attn.o_proj | Tuning Non-Factorized Weights...
		(Epoch 01/08) Block Loss: 2.8395e-05
		(Epoch 02/08) Block Loss: 2.7347e-05
		(Epoch 03/08) Block Loss: 2.6741e-05
		(Epoch 04/08) Block Loss: 2.6344e-05
		(Epoch 05/08) Block Loss: 2.6056e-05
		(Epoch 06/08) Block Loss: 2.5860e-05
		(Epoch 07/08) Block Loss: 2.5748e-05
		(Epoch 08/08) Block Loss: 2.5702e-05
	(2/3) Block 5/28, self_attn.o_proj | Initialization via ADMM...
		ADMM weight recon error: raw=556.6714, norm=0.3514, per_el=2.6544e-04, out_err=0.1454, ADMM time=6.96s
	(3/3) Block 5/28, self_attn.o_proj | Tuning Factorized Weights...
		(Epoch 01/08) Block Loss: 2.8702e-05
		(Epoch 02/08) Block Loss: 2.8484e-05
		(Epoch 03/08) Block Loss: 2.8431e-05
		(Epoch 04/08) Block Loss: 2.8477e-05
		(Epoch 05/08) Block Loss: 2.8493e-05
		(Epoch 06/08) Block Loss: 2.8407e-05
		(Epoch 07/08) Block Loss: 2.8443e-05
		(Epoch 08/08) Block Loss: 2.8283e-05
	(1/3) Block 5/28, self_attn.k_proj | Tuning Non-Factorized Weights...
		(Epoch 01/08) Block Loss: 2.7833e-05
		(Epoch 02/08) Block Loss: 2.7039e-05
		(Epoch 03/08) Block Loss: 2.6614e-05
		(Epoch 04/08) Block Loss: 2.6332e-05
		(Epoch 05/08) Block Loss: 2.6116e-05
		(Epoch 06/08) Block Loss: 2.5973e-05
		(Epoch 07/08) Block Loss: 2.5887e-05
		(Epoch 08/08) Block Loss: 2.5851e-05
	(2/3) Block 5/28, self_attn.k_proj | Initialization via ADMM...
		ADMM weight recon error: raw=277.6267, norm=0.3213, per_el=2.6477e-04, out_err=0.0437, ADMM time=21.22s
	(3/3) Block 5/28, self_attn.k_proj | Tuning Factorized Weights...
		(Epoch 01/08) Block Loss: 2.9954e-05
		(Epoch 02/08) Block Loss: 2.7246e-05
		(Epoch 03/08) Block Loss: 2.6692e-05
		(Epoch 04/08) Block Loss: 2.6526e-05
		(Epoch 05/08) Block Loss: 2.6451e-05
		(Epoch 06/08) Block Loss: 2.6416e-05
		(Epoch 07/08) Block Loss: 2.6398e-05
		(Epoch 08/08) Block Loss: 2.6386e-05
	(1/3) Block 5/28, mlp.gate_proj | Tuning Non-Factorized Weights...
		(Epoch 01/08) Block Loss: 2.6532e-05
		(Epoch 02/08) Block Loss: 2.6122e-05
		(Epoch 03/08) Block Loss: 2.5863e-05
		(Epoch 04/08) Block Loss: 2.5684e-05
		(Epoch 05/08) Block Loss: 2.5531e-05
		(Epoch 06/08) Block Loss: 2.5428e-05
		(Epoch 07/08) Block Loss: 2.5362e-05
		(Epoch 08/08) Block Loss: 2.5333e-05
	(2/3) Block 5/28, mlp.gate_proj | Initialization via ADMM...
		ADMM weight recon error: raw=1639.4469, norm=0.3558, per_el=5.2117e-04, out_err=0.0346, ADMM time=9.81s
	(3/3) Block 5/28, mlp.gate_proj | Tuning Factorized Weights...
		(Epoch 01/08) Block Loss: 3.1511e-05
		(Epoch 02/08) Block Loss: 3.0195e-05
		(Epoch 03/08) Block Loss: 2.9840e-05
		(Epoch 04/08) Block Loss: 2.9695e-05
		(Epoch 05/08) Block Loss: 2.9628e-05
		(Epoch 06/08) Block Loss: 2.9569e-05
		(Epoch 07/08) Block Loss: 2.9509e-05
		(Epoch 08/08) Block Loss: 2.9385e-05
	(1/3) Block 5/28, mlp.up_proj | Tuning Non-Factorized Weights...
		(Epoch 01/08) Block Loss: 2.8854e-05
		(Epoch 02/08) Block Loss: 2.8258e-05
		(Epoch 03/08) Block Loss: 2.7957e-05
		(Epoch 04/08) Block Loss: 2.7773e-05
		(Epoch 05/08) Block Loss: 2.7627e-05
		(Epoch 06/08) Block Loss: 2.7534e-05
		(Epoch 07/08) Block Loss: 2.7477e-05
		(Epoch 08/08) Block Loss: 2.7452e-05
	(2/3) Block 5/28, mlp.up_proj | Initialization via ADMM...
		ADMM weight recon error: raw=770.2003, norm=0.3675, per_el=2.4484e-04, out_err=0.1644, ADMM time=8.72s
	(3/3) Block 5/28, mlp.up_proj | Tuning Factorized Weights...
		(Epoch 01/08) Block Loss: 3.7012e-05
		(Epoch 02/08) Block Loss: 3.6048e-05
		(Epoch 03/08) Block Loss: 3.5801e-05
		(Epoch 04/08) Block Loss: 3.5719e-05
		(Epoch 05/08) Block Loss: 3.5707e-05
		(Epoch 06/08) Block Loss: 3.5698e-05
		(Epoch 07/08) Block Loss: 3.5591e-05
		(Epoch 08/08) Block Loss: 3.5199e-05
	(1/3) Block 5/28, mlp.down_proj | Tuning Non-Factorized Weights...
		(Epoch 01/08) Block Loss: 3.3872e-05
		(Epoch 02/08) Block Loss: 3.3011e-05
		(Epoch 03/08) Block Loss: 3.2588e-05
		(Epoch 04/08) Block Loss: 3.2346e-05
		(Epoch 05/08) Block Loss: 3.2186e-05
		(Epoch 06/08) Block Loss: 3.2092e-05
		(Epoch 07/08) Block Loss: 3.2041e-05
		(Epoch 08/08) Block Loss: 3.2022e-05
	(2/3) Block 5/28, mlp.down_proj | Initialization via ADMM...
		ADMM weight recon error: raw=747.0408, norm=0.3706, per_el=2.3748e-04, out_err=0.1739, ADMM time=10.05s
	(3/3) Block 5/28, mlp.down_proj | Tuning Factorized Weights...
Token indices sequence length is longer than the specified maximum sequence length for this model (299078 > 131072). Running this sequence through the model will result in indexing errors
Compressing Layers:  18%|██████████████████▊                                                                                      | 5/28 [19:42<1:30:15, 235.46s/it]Token indices sequence length is longer than the specified maximum sequence length for this model (299078 > 131072). Running this sequence through the model will result in indexing errors
Compressing Layers:  21%|██████████████████████▌                                                                                  | 6/28 [24:17<1:31:18, 249.03s/it]		(Epoch 01/08) Block Loss: 4.4872e-05
		(Epoch 02/08) Block Loss: 4.4906e-05
		(Epoch 03/08) Block Loss: 4.5444e-05
		(Epoch 04/08) Block Loss: 4.5852e-05
		(Epoch 05/08) Block Loss: 4.5984e-05
		(Epoch 06/08) Block Loss: 4.6054e-05
		(Epoch 07/08) Block Loss: 4.6144e-05
		(Epoch 08/08) Block Loss: 4.5604e-05
		Block 4: relative block output error = 0.0016
Using sequence length: 2048 (model max: 2048)
		Block 4: Test Data PPL        = 18.167
	(1/3) Block 6/28, self_attn.q_proj | Tuning Non-Factorized Weights...
		(Epoch 01/08) Block Loss: 3.5500e-05
		(Epoch 02/08) Block Loss: 3.2423e-05
		(Epoch 03/08) Block Loss: 3.0882e-05
		(Epoch 04/08) Block Loss: 2.9938e-05
		(Epoch 05/08) Block Loss: 2.9310e-05
		(Epoch 06/08) Block Loss: 2.8930e-05
		(Epoch 07/08) Block Loss: 2.8726e-05
		(Epoch 08/08) Block Loss: 2.8651e-05
	(2/3) Block 6/28, self_attn.q_proj | Initialization via ADMM...
		ADMM weight recon error: raw=611.8716, norm=0.3059, per_el=2.9176e-04, out_err=0.0467, ADMM time=7.22s
	(3/3) Block 6/28, self_attn.q_proj | Tuning Factorized Weights...
		(Epoch 01/08) Block Loss: 2.9490e-05
		(Epoch 02/08) Block Loss: 2.9273e-05
		(Epoch 03/08) Block Loss: 2.9180e-05
		(Epoch 04/08) Block Loss: 2.9126e-05
		(Epoch 05/08) Block Loss: 2.9088e-05
		(Epoch 06/08) Block Loss: 2.9063e-05
		(Epoch 07/08) Block Loss: 2.9044e-05
		(Epoch 08/08) Block Loss: 2.9028e-05
	(1/3) Block 6/28, self_attn.v_proj | Tuning Non-Factorized Weights...
		(Epoch 01/08) Block Loss: 2.9007e-05
		(Epoch 02/08) Block Loss: 2.8070e-05
		(Epoch 03/08) Block Loss: 2.7448e-05
		(Epoch 04/08) Block Loss: 2.7026e-05
		(Epoch 05/08) Block Loss: 2.6693e-05
		(Epoch 06/08) Block Loss: 2.6483e-05
		(Epoch 07/08) Block Loss: 2.6364e-05
		(Epoch 08/08) Block Loss: 2.6316e-05
	(2/3) Block 6/28, self_attn.v_proj | Initialization via ADMM...
		ADMM weight recon error: raw=321.0171, norm=0.3750, per_el=3.0615e-04, out_err=0.1702, ADMM time=26.41s
	(3/3) Block 6/28, self_attn.v_proj | Tuning Factorized Weights...
		(Epoch 01/08) Block Loss: 3.0726e-05
		(Epoch 02/08) Block Loss: 2.9522e-05
		(Epoch 03/08) Block Loss: 2.9285e-05
		(Epoch 04/08) Block Loss: 2.9159e-05
		(Epoch 05/08) Block Loss: 2.9095e-05
		(Epoch 06/08) Block Loss: 2.9063e-05
		(Epoch 07/08) Block Loss: 2.9037e-05
		(Epoch 08/08) Block Loss: 2.9007e-05
	(1/3) Block 6/28, self_attn.o_proj | Tuning Non-Factorized Weights...
		(Epoch 01/08) Block Loss: 2.8446e-05
		(Epoch 02/08) Block Loss: 2.7550e-05
		(Epoch 03/08) Block Loss: 2.7065e-05
		(Epoch 04/08) Block Loss: 2.6746e-05
		(Epoch 05/08) Block Loss: 2.6497e-05
		(Epoch 06/08) Block Loss: 2.6335e-05
		(Epoch 07/08) Block Loss: 2.6241e-05
		(Epoch 08/08) Block Loss: 2.6201e-05
	(2/3) Block 6/28, self_attn.o_proj | Initialization via ADMM...
		ADMM weight recon error: raw=584.7095, norm=0.3729, per_el=2.7881e-04, out_err=0.1332, ADMM time=5.78s
	(3/3) Block 6/28, self_attn.o_proj | Tuning Factorized Weights...
		(Epoch 01/08) Block Loss: 2.9554e-05
		(Epoch 02/08) Block Loss: 2.9445e-05
		(Epoch 03/08) Block Loss: 2.9532e-05
		(Epoch 04/08) Block Loss: 2.9581e-05
		(Epoch 05/08) Block Loss: 2.9633e-05
		(Epoch 06/08) Block Loss: 2.9665e-05
		(Epoch 07/08) Block Loss: 2.9683e-05
		(Epoch 08/08) Block Loss: 2.9508e-05
	(1/3) Block 6/28, self_attn.k_proj | Tuning Non-Factorized Weights...
		(Epoch 01/08) Block Loss: 2.8754e-05
		(Epoch 02/08) Block Loss: 2.7951e-05
		(Epoch 03/08) Block Loss: 2.7544e-05
		(Epoch 04/08) Block Loss: 2.7283e-05
		(Epoch 05/08) Block Loss: 2.7084e-05
		(Epoch 06/08) Block Loss: 2.6956e-05
		(Epoch 07/08) Block Loss: 2.6880e-05
		(Epoch 08/08) Block Loss: 2.6848e-05
	(2/3) Block 6/28, self_attn.k_proj | Initialization via ADMM...
		ADMM weight recon error: raw=274.8659, norm=0.3241, per_el=2.6213e-04, out_err=0.0498, ADMM time=27.35s
	(3/3) Block 6/28, self_attn.k_proj | Tuning Factorized Weights...
		(Epoch 01/08) Block Loss: 2.9638e-05
		(Epoch 02/08) Block Loss: 2.7910e-05
		(Epoch 03/08) Block Loss: 2.7506e-05
		(Epoch 04/08) Block Loss: 2.7401e-05
		(Epoch 05/08) Block Loss: 2.7347e-05
		(Epoch 06/08) Block Loss: 2.7324e-05
		(Epoch 07/08) Block Loss: 2.7311e-05
		(Epoch 08/08) Block Loss: 2.7299e-05
	(1/3) Block 6/28, mlp.gate_proj | Tuning Non-Factorized Weights...
		(Epoch 01/08) Block Loss: 2.7427e-05
		(Epoch 02/08) Block Loss: 2.7073e-05
		(Epoch 03/08) Block Loss: 2.6847e-05
		(Epoch 04/08) Block Loss: 2.6691e-05
		(Epoch 05/08) Block Loss: 2.6556e-05
		(Epoch 06/08) Block Loss: 2.6466e-05
		(Epoch 07/08) Block Loss: 2.6409e-05
		(Epoch 08/08) Block Loss: 2.6383e-05
	(2/3) Block 6/28, mlp.gate_proj | Initialization via ADMM...
		ADMM weight recon error: raw=1318.3865, norm=0.3521, per_el=4.1910e-04, out_err=0.0507, ADMM time=11.41s
	(3/3) Block 6/28, mlp.gate_proj | Tuning Factorized Weights...
		(Epoch 01/08) Block Loss: 3.1497e-05
		(Epoch 02/08) Block Loss: 3.0891e-05
		(Epoch 03/08) Block Loss: 3.0766e-05
		(Epoch 04/08) Block Loss: 3.0739e-05
		(Epoch 05/08) Block Loss: 3.0724e-05
		(Epoch 06/08) Block Loss: 3.0695e-05
		(Epoch 07/08) Block Loss: 3.0665e-05
		(Epoch 08/08) Block Loss: 3.0502e-05
	(1/3) Block 6/28, mlp.up_proj | Tuning Non-Factorized Weights...
		(Epoch 01/08) Block Loss: 2.9870e-05
		(Epoch 02/08) Block Loss: 2.9311e-05
		(Epoch 03/08) Block Loss: 2.9028e-05
		(Epoch 04/08) Block Loss: 2.8854e-05
		(Epoch 05/08) Block Loss: 2.8720e-05
		(Epoch 06/08) Block Loss: 2.8635e-05
		(Epoch 07/08) Block Loss: 2.8583e-05
		(Epoch 08/08) Block Loss: 2.8561e-05
	(2/3) Block 6/28, mlp.up_proj | Initialization via ADMM...
		ADMM weight recon error: raw=865.1831, norm=0.3654, per_el=2.7503e-04, out_err=0.1654, ADMM time=12.58s
	(3/3) Block 6/28, mlp.up_proj | Tuning Factorized Weights...
		(Epoch 01/08) Block Loss: 3.6918e-05
		(Epoch 02/08) Block Loss: 3.6302e-05
		(Epoch 03/08) Block Loss: 3.6203e-05
		(Epoch 04/08) Block Loss: 3.6234e-05
		(Epoch 05/08) Block Loss: 3.6326e-05
		(Epoch 06/08) Block Loss: 3.6171e-05
		(Epoch 07/08) Block Loss: 3.6155e-05
		(Epoch 08/08) Block Loss: 3.5829e-05
	(1/3) Block 6/28, mlp.down_proj | Tuning Non-Factorized Weights...
		(Epoch 01/08) Block Loss: 3.4548e-05
		(Epoch 02/08) Block Loss: 3.3773e-05
		(Epoch 03/08) Block Loss: 3.3384e-05
		(Epoch 04/08) Block Loss: 3.3157e-05
		(Epoch 05/08) Block Loss: 3.3005e-05
		(Epoch 06/08) Block Loss: 3.2917e-05
		(Epoch 07/08) Block Loss: 3.2869e-05
		(Epoch 08/08) Block Loss: 3.2852e-05
	(2/3) Block 6/28, mlp.down_proj | Initialization via ADMM...
		ADMM weight recon error: raw=847.9550, norm=0.3732, per_el=2.6956e-04, out_err=0.1903, ADMM time=12.30s
	(3/3) Block 6/28, mlp.down_proj | Tuning Factorized Weights...
		(Epoch 01/08) Block Loss: 4.3347e-05
		(Epoch 02/08) Block Loss: 4.3287e-05
		(Epoch 03/08) Block Loss: 4.3568e-05
		(Epoch 04/08) Block Loss: 4.3824e-05
		(Epoch 05/08) Block Loss: 4.4091e-05
		(Epoch 06/08) Block Loss: 4.4056e-05
		(Epoch 07/08) Block Loss: 4.4063e-05
		(Epoch 08/08) Block Loss: 4.3718e-05
		Block 5: relative block output error = 0.0021
Using sequence length: 2048 (model max: 2048)
		Block 5: Test Data PPL        = 18.216
	(1/3) Block 7/28, self_attn.q_proj | Tuning Non-Factorized Weights...
		(Epoch 01/08) Block Loss: 2.9439e-05
		(Epoch 02/08) Block Loss: 2.7324e-05
		(Epoch 03/08) Block Loss: 2.6218e-05
		(Epoch 04/08) Block Loss: 2.5496e-05
		(Epoch 05/08) Block Loss: 2.4988e-05
		(Epoch 06/08) Block Loss: 2.4694e-05
		(Epoch 07/08) Block Loss: 2.4539e-05
		(Epoch 08/08) Block Loss: 2.4482e-05
	(2/3) Block 7/28, self_attn.q_proj | Initialization via ADMM...
		ADMM weight recon error: raw=492.5007, norm=0.2513, per_el=2.3484e-04, out_err=0.0347, ADMM time=7.21s
	(3/3) Block 7/28, self_attn.q_proj | Tuning Factorized Weights...
		(Epoch 01/08) Block Loss: 2.5017e-05
		(Epoch 02/08) Block Loss: 2.4906e-05
		(Epoch 03/08) Block Loss: 2.4861e-05
		(Epoch 04/08) Block Loss: 2.4832e-05
		(Epoch 05/08) Block Loss: 2.4809e-05
		(Epoch 06/08) Block Loss: 2.4793e-05
		(Epoch 07/08) Block Loss: 2.4781e-05
		(Epoch 08/08) Block Loss: 2.4769e-05
	(1/3) Block 7/28, self_attn.v_proj | Tuning Non-Factorized Weights...
		(Epoch 01/08) Block Loss: 2.4825e-05
		(Epoch 02/08) Block Loss: 2.4277e-05
Token indices sequence length is longer than the specified maximum sequence length for this model (299078 > 131072). Running this sequence through the model will result in indexing errors
Compressing Layers:  25%|██████████████████████████▎                                                                              | 7/28 [29:00<1:30:57, 259.90s/it]		(Epoch 03/08) Block Loss: 2.3733e-05
		(Epoch 04/08) Block Loss: 2.3332e-05
		(Epoch 05/08) Block Loss: 2.3084e-05
		(Epoch 06/08) Block Loss: 2.2917e-05
		(Epoch 07/08) Block Loss: 2.2825e-05
		(Epoch 08/08) Block Loss: 2.2788e-05
	(2/3) Block 7/28, self_attn.v_proj | Initialization via ADMM...
		ADMM weight recon error: raw=314.9146, norm=0.3679, per_el=3.0033e-04, out_err=0.1917, ADMM time=24.18s
	(3/3) Block 7/28, self_attn.v_proj | Tuning Factorized Weights...
		(Epoch 01/08) Block Loss: 2.5665e-05
		(Epoch 02/08) Block Loss: 2.4861e-05
		(Epoch 03/08) Block Loss: 2.4721e-05
		(Epoch 04/08) Block Loss: 2.4640e-05
		(Epoch 05/08) Block Loss: 2.4602e-05
		(Epoch 06/08) Block Loss: 2.4573e-05
		(Epoch 07/08) Block Loss: 2.4552e-05
		(Epoch 08/08) Block Loss: 2.4527e-05
	(1/3) Block 7/28, self_attn.o_proj | Tuning Non-Factorized Weights...
		(Epoch 01/08) Block Loss: 2.4251e-05
		(Epoch 02/08) Block Loss: 2.3627e-05
		(Epoch 03/08) Block Loss: 2.3336e-05
		(Epoch 04/08) Block Loss: 2.3000e-05
		(Epoch 05/08) Block Loss: 2.2803e-05
		(Epoch 06/08) Block Loss: 2.2679e-05
		(Epoch 07/08) Block Loss: 2.2606e-05
		(Epoch 08/08) Block Loss: 2.2575e-05
	(2/3) Block 7/28, self_attn.o_proj | Initialization via ADMM...
		ADMM weight recon error: raw=466.9556, norm=0.3433, per_el=2.2266e-04, out_err=0.0972, ADMM time=8.56s
	(3/3) Block 7/28, self_attn.o_proj | Tuning Factorized Weights...
		(Epoch 01/08) Block Loss: 2.4179e-05
		(Epoch 02/08) Block Loss: 2.4098e-05
		(Epoch 03/08) Block Loss: 2.4109e-05
		(Epoch 04/08) Block Loss: 2.4148e-05
		(Epoch 05/08) Block Loss: 2.4176e-05
		(Epoch 06/08) Block Loss: 2.4107e-05
		(Epoch 07/08) Block Loss: 2.4140e-05
		(Epoch 08/08) Block Loss: 2.4023e-05
	(1/3) Block 7/28, self_attn.k_proj | Tuning Non-Factorized Weights...
		(Epoch 01/08) Block Loss: 2.3835e-05
		(Epoch 02/08) Block Loss: 2.3365e-05
		(Epoch 03/08) Block Loss: 2.3107e-05
		(Epoch 04/08) Block Loss: 2.2925e-05
		(Epoch 05/08) Block Loss: 2.2782e-05
		(Epoch 06/08) Block Loss: 2.2690e-05
		(Epoch 07/08) Block Loss: 2.2632e-05
		(Epoch 08/08) Block Loss: 2.2608e-05
	(2/3) Block 7/28, self_attn.k_proj | Initialization via ADMM...
		ADMM weight recon error: raw=234.4835, norm=0.2818, per_el=2.2362e-04, out_err=0.0519, ADMM time=26.98s
	(3/3) Block 7/28, self_attn.k_proj | Tuning Factorized Weights...
		(Epoch 01/08) Block Loss: 2.5218e-05
		(Epoch 02/08) Block Loss: 2.3410e-05
		(Epoch 03/08) Block Loss: 2.3134e-05
		(Epoch 04/08) Block Loss: 2.3039e-05
		(Epoch 05/08) Block Loss: 2.2996e-05
		(Epoch 06/08) Block Loss: 2.2975e-05
		(Epoch 07/08) Block Loss: 2.2964e-05
		(Epoch 08/08) Block Loss: 2.2955e-05
	(1/3) Block 7/28, mlp.gate_proj | Tuning Non-Factorized Weights...
		(Epoch 01/08) Block Loss: 2.3081e-05
		(Epoch 02/08) Block Loss: 2.2820e-05
		(Epoch 03/08) Block Loss: 2.2656e-05
		(Epoch 04/08) Block Loss: 2.2538e-05
		(Epoch 05/08) Block Loss: 2.2436e-05
		(Epoch 06/08) Block Loss: 2.2367e-05
		(Epoch 07/08) Block Loss: 2.2322e-05
		(Epoch 08/08) Block Loss: 2.2302e-05
	(2/3) Block 7/28, mlp.gate_proj | Initialization via ADMM...
		ADMM weight recon error: raw=1269.8055, norm=0.3575, per_el=4.0366e-04, out_err=0.0462, ADMM time=11.03s
	(3/3) Block 7/28, mlp.gate_proj | Tuning Factorized Weights...
		(Epoch 01/08) Block Loss: 2.6037e-05
		(Epoch 02/08) Block Loss: 2.5650e-05
		(Epoch 03/08) Block Loss: 2.5576e-05
		(Epoch 04/08) Block Loss: 2.5573e-05
		(Epoch 05/08) Block Loss: 2.5578e-05
		(Epoch 06/08) Block Loss: 2.5552e-05
		(Epoch 07/08) Block Loss: 2.5524e-05
		(Epoch 08/08) Block Loss: 2.5400e-05
	(1/3) Block 7/28, mlp.up_proj | Tuning Non-Factorized Weights...
		(Epoch 01/08) Block Loss: 2.4953e-05
		(Epoch 02/08) Block Loss: 2.4541e-05
		(Epoch 03/08) Block Loss: 2.4334e-05
		(Epoch 04/08) Block Loss: 2.4205e-05
		(Epoch 05/08) Block Loss: 2.4105e-05
		(Epoch 06/08) Block Loss: 2.4040e-05
		(Epoch 07/08) Block Loss: 2.4000e-05
		(Epoch 08/08) Block Loss: 2.3983e-05
	(2/3) Block 7/28, mlp.up_proj | Initialization via ADMM...
		ADMM weight recon error: raw=871.3093, norm=0.3705, per_el=2.7698e-04, out_err=0.1722, ADMM time=9.28s
	(3/3) Block 7/28, mlp.up_proj | Tuning Factorized Weights...
		(Epoch 01/08) Block Loss: 3.0380e-05
		(Epoch 02/08) Block Loss: 2.9947e-05
		(Epoch 03/08) Block Loss: 2.9894e-05
		(Epoch 04/08) Block Loss: 2.9946e-05
		(Epoch 05/08) Block Loss: 2.9988e-05
		(Epoch 06/08) Block Loss: 2.9908e-05
		(Epoch 07/08) Block Loss: 2.9894e-05
		(Epoch 08/08) Block Loss: 2.9568e-05
	(1/3) Block 7/28, mlp.down_proj | Tuning Non-Factorized Weights...
		(Epoch 01/08) Block Loss: 2.8627e-05
		(Epoch 02/08) Block Loss: 2.8060e-05
		(Epoch 03/08) Block Loss: 2.7774e-05
		(Epoch 04/08) Block Loss: 2.7606e-05
		(Epoch 05/08) Block Loss: 2.7493e-05
		(Epoch 06/08) Block Loss: 2.7427e-05
		(Epoch 07/08) Block Loss: 2.7391e-05
		(Epoch 08/08) Block Loss: 2.7378e-05
	(2/3) Block 7/28, mlp.down_proj | Initialization via ADMM...
		ADMM weight recon error: raw=790.1899, norm=0.3553, per_el=2.5119e-04, out_err=0.1844, ADMM time=11.73s
	(3/3) Block 7/28, mlp.down_proj | Tuning Factorized Weights...
		(Epoch 01/08) Block Loss: 3.4831e-05
		(Epoch 02/08) Block Loss: 3.4809e-05
		(Epoch 03/08) Block Loss: 3.5024e-05
		(Epoch 04/08) Block Loss: 3.5240e-05
		(Epoch 05/08) Block Loss: 3.5370e-05
		(Epoch 06/08) Block Loss: 3.5407e-05
		(Epoch 07/08) Block Loss: 3.5388e-05
		(Epoch 08/08) Block Loss: 3.5092e-05
		Block 6: relative block output error = 0.0026
Using sequence length: 2048 (model max: 2048)
		Block 6: Test Data PPL        = 18.095
	(1/3) Block 8/28, self_attn.q_proj | Tuning Non-Factorized Weights...
		(Epoch 01/08) Block Loss: 3.7830e-05
		(Epoch 02/08) Block Loss: 3.5299e-05
		(Epoch 03/08) Block Loss: 3.4116e-05
		(Epoch 04/08) Block Loss: 3.3142e-05
		(Epoch 05/08) Block Loss: 3.2527e-05
		(Epoch 06/08) Block Loss: 3.2160e-05
		(Epoch 07/08) Block Loss: 3.1965e-05
		(Epoch 08/08) Block Loss: 3.1894e-05
	(2/3) Block 8/28, self_attn.q_proj | Initialization via ADMM...
		ADMM weight recon error: raw=544.7880, norm=0.3067, per_el=2.5978e-04, out_err=0.0468, ADMM time=10.82s
	(3/3) Block 8/28, self_attn.q_proj | Tuning Factorized Weights...
		(Epoch 01/08) Block Loss: 3.2709e-05
		(Epoch 02/08) Block Loss: 3.2486e-05
		(Epoch 03/08) Block Loss: 3.2396e-05
		(Epoch 04/08) Block Loss: 3.2341e-05
		(Epoch 05/08) Block Loss: 3.2295e-05
		(Epoch 06/08) Block Loss: 3.2263e-05
		(Epoch 07/08) Block Loss: 3.2239e-05
		(Epoch 08/08) Block Loss: 3.2219e-05
	(1/3) Block 8/28, self_attn.v_proj | Tuning Non-Factorized Weights...
		(Epoch 01/08) Block Loss: 3.2313e-05
		(Epoch 02/08) Block Loss: 3.1420e-05
		(Epoch 03/08) Block Loss: 3.0914e-05
		(Epoch 04/08) Block Loss: 3.0417e-05
		(Epoch 05/08) Block Loss: 3.0102e-05
		(Epoch 06/08) Block Loss: 2.9897e-05
		(Epoch 07/08) Block Loss: 2.9779e-05
		(Epoch 08/08) Block Loss: 2.9732e-05
	(2/3) Block 8/28, self_attn.v_proj | Initialization via ADMM...
		ADMM weight recon error: raw=301.5376, norm=0.3659, per_el=2.8757e-04, out_err=0.1926, ADMM time=19.73s
	(3/3) Block 8/28, self_attn.v_proj | Tuning Factorized Weights...
		(Epoch 01/08) Block Loss: 3.3541e-05
		(Epoch 02/08) Block Loss: 3.2924e-05
		(Epoch 03/08) Block Loss: 3.2796e-05
		(Epoch 04/08) Block Loss: 3.2728e-05
		(Epoch 05/08) Block Loss: 3.2705e-05
		(Epoch 06/08) Block Loss: 3.2672e-05
		(Epoch 07/08) Block Loss: 3.2672e-05
		(Epoch 08/08) Block Loss: 3.2610e-05
	(1/3) Block 8/28, self_attn.o_proj | Tuning Non-Factorized Weights...
		(Epoch 01/08) Block Loss: 3.2085e-05
		(Epoch 02/08) Block Loss: 3.1168e-05
		(Epoch 03/08) Block Loss: 3.0683e-05
		(Epoch 04/08) Block Loss: 3.0348e-05
		(Epoch 05/08) Block Loss: 3.0097e-05
		(Epoch 06/08) Block Loss: 2.9934e-05
		(Epoch 07/08) Block Loss: 2.9837e-05
		(Epoch 08/08) Block Loss: 2.9798e-05
	(2/3) Block 8/28, self_attn.o_proj | Initialization via ADMM...
		ADMM weight recon error: raw=469.9673, norm=0.3396, per_el=2.2410e-04, out_err=0.1471, ADMM time=11.23s
	(3/3) Block 8/28, self_attn.o_proj | Tuning Factorized Weights...
		(Epoch 01/08) Block Loss: 3.2599e-05
		(Epoch 02/08) Block Loss: 3.2505e-05
		(Epoch 03/08) Block Loss: 3.2548e-05
		(Epoch 04/08) Block Loss: 3.2557e-05Token indices sequence length is longer than the specified maximum sequence length for this model (299078 > 131072). Running this sequence through the model will result in indexing errors
Compressing Layers:  29%|██████████████████████████████                                                                           | 8/28 [33:51<1:30:00, 270.04s/it]
		(Epoch 05/08) Block Loss: 3.2680e-05
		(Epoch 06/08) Block Loss: 3.2555e-05
		(Epoch 07/08) Block Loss: 3.2528e-05
		(Epoch 08/08) Block Loss: 3.2419e-05
	(1/3) Block 8/28, self_attn.k_proj | Tuning Non-Factorized Weights...
		(Epoch 01/08) Block Loss: 3.1982e-05
		(Epoch 02/08) Block Loss: 3.1269e-05
		(Epoch 03/08) Block Loss: 3.0911e-05
		(Epoch 04/08) Block Loss: 3.0664e-05
		(Epoch 05/08) Block Loss: 3.0479e-05
		(Epoch 06/08) Block Loss: 3.0359e-05
		(Epoch 07/08) Block Loss: 3.0286e-05
		(Epoch 08/08) Block Loss: 3.0255e-05
	(2/3) Block 8/28, self_attn.k_proj | Initialization via ADMM...
		ADMM weight recon error: raw=240.1588, norm=0.3194, per_el=2.2903e-04, out_err=0.0526, ADMM time=26.97s
	(3/3) Block 8/28, self_attn.k_proj | Tuning Factorized Weights...
		(Epoch 01/08) Block Loss: 3.2917e-05
		(Epoch 02/08) Block Loss: 3.1456e-05
		(Epoch 03/08) Block Loss: 3.0931e-05
		(Epoch 04/08) Block Loss: 3.0808e-05
		(Epoch 05/08) Block Loss: 3.0760e-05
		(Epoch 06/08) Block Loss: 3.0737e-05
		(Epoch 07/08) Block Loss: 3.0720e-05
		(Epoch 08/08) Block Loss: 3.0709e-05
	(1/3) Block 8/28, mlp.gate_proj | Tuning Non-Factorized Weights...
		(Epoch 01/08) Block Loss: 3.0849e-05
		(Epoch 02/08) Block Loss: 3.0513e-05
		(Epoch 03/08) Block Loss: 3.0307e-05
		(Epoch 04/08) Block Loss: 3.0155e-05
		(Epoch 05/08) Block Loss: 3.0027e-05
		(Epoch 06/08) Block Loss: 2.9941e-05
		(Epoch 07/08) Block Loss: 2.9886e-05
		(Epoch 08/08) Block Loss: 2.9861e-05
	(2/3) Block 8/28, mlp.gate_proj | Initialization via ADMM...
		ADMM weight recon error: raw=1216.1166, norm=0.3439, per_el=3.8659e-04, out_err=0.0463, ADMM time=11.67s
	(3/3) Block 8/28, mlp.gate_proj | Tuning Factorized Weights...
		(Epoch 01/08) Block Loss: 3.4101e-05
		(Epoch 02/08) Block Loss: 3.3687e-05
		(Epoch 03/08) Block Loss: 3.3623e-05
		(Epoch 04/08) Block Loss: 3.3618e-05
		(Epoch 05/08) Block Loss: 3.3610e-05
		(Epoch 06/08) Block Loss: 3.3583e-05
		(Epoch 07/08) Block Loss: 3.3555e-05
		(Epoch 08/08) Block Loss: 3.3384e-05
	(1/3) Block 8/28, mlp.up_proj | Tuning Non-Factorized Weights...
		(Epoch 01/08) Block Loss: 3.2902e-05
		(Epoch 02/08) Block Loss: 3.2432e-05
		(Epoch 03/08) Block Loss: 3.2192e-05
		(Epoch 04/08) Block Loss: 3.2041e-05
		(Epoch 05/08) Block Loss: 3.1921e-05
		(Epoch 06/08) Block Loss: 3.1845e-05
		(Epoch 07/08) Block Loss: 3.1797e-05
		(Epoch 08/08) Block Loss: 3.1777e-05
	(2/3) Block 8/28, mlp.up_proj | Initialization via ADMM...
		ADMM weight recon error: raw=853.1099, norm=0.3652, per_el=2.7120e-04, out_err=0.1659, ADMM time=11.60s
	(3/3) Block 8/28, mlp.up_proj | Tuning Factorized Weights...
		(Epoch 01/08) Block Loss: 3.9415e-05
		(Epoch 02/08) Block Loss: 3.8879e-05
		(Epoch 03/08) Block Loss: 3.8847e-05
		(Epoch 04/08) Block Loss: 3.8927e-05
		(Epoch 05/08) Block Loss: 3.9086e-05
		(Epoch 06/08) Block Loss: 3.8780e-05
		(Epoch 07/08) Block Loss: 3.8896e-05
		(Epoch 08/08) Block Loss: 3.8379e-05
	(1/3) Block 8/28, mlp.down_proj | Tuning Non-Factorized Weights...
		(Epoch 01/08) Block Loss: 3.7378e-05
		(Epoch 02/08) Block Loss: 3.6720e-05
		(Epoch 03/08) Block Loss: 3.6379e-05
		(Epoch 04/08) Block Loss: 3.6176e-05
		(Epoch 05/08) Block Loss: 3.6040e-05
		(Epoch 06/08) Block Loss: 3.5960e-05
		(Epoch 07/08) Block Loss: 3.5917e-05
		(Epoch 08/08) Block Loss: 3.5901e-05
	(2/3) Block 8/28, mlp.down_proj | Initialization via ADMM...
		ADMM weight recon error: raw=763.1241, norm=0.3559, per_el=2.4259e-04, out_err=0.1833, ADMM time=10.75s
	(3/3) Block 8/28, mlp.down_proj | Tuning Factorized Weights...
		(Epoch 01/08) Block Loss: 4.4526e-05
		(Epoch 02/08) Block Loss: 4.4509e-05
		(Epoch 03/08) Block Loss: 4.4963e-05
		(Epoch 04/08) Block Loss: 4.5748e-05
		(Epoch 05/08) Block Loss: 4.5606e-05
		(Epoch 06/08) Block Loss: 4.5181e-05
		(Epoch 07/08) Block Loss: 4.5452e-05
		(Epoch 08/08) Block Loss: 4.4702e-05
		Block 7: relative block output error = 0.0029
Using sequence length: 2048 (model max: 2048)
		Block 7: Test Data PPL        = 18.220
	(1/3) Block 9/28, self_attn.q_proj | Tuning Non-Factorized Weights...
		(Epoch 01/08) Block Loss: 2.4682e-05
		(Epoch 02/08) Block Loss: 2.3135e-05
		(Epoch 03/08) Block Loss: 2.2335e-05
		(Epoch 04/08) Block Loss: 2.1811e-05
		(Epoch 05/08) Block Loss: 2.1456e-05
		(Epoch 06/08) Block Loss: 2.1240e-05
		(Epoch 07/08) Block Loss: 2.1122e-05
		(Epoch 08/08) Block Loss: 2.1079e-05
	(2/3) Block 9/28, self_attn.q_proj | Initialization via ADMM...
		ADMM weight recon error: raw=540.1619, norm=0.2790, per_el=2.5757e-04, out_err=0.0512, ADMM time=10.97s
	(3/3) Block 9/28, self_attn.q_proj | Tuning Factorized Weights...
		(Epoch 01/08) Block Loss: 2.1526e-05
		(Epoch 02/08) Block Loss: 2.1432e-05
		(Epoch 03/08) Block Loss: 2.1395e-05
		(Epoch 04/08) Block Loss: 2.1373e-05
		(Epoch 05/08) Block Loss: 2.1357e-05
		(Epoch 06/08) Block Loss: 2.1346e-05
		(Epoch 07/08) Block Loss: 2.1335e-05
		(Epoch 08/08) Block Loss: 2.1324e-05
	(1/3) Block 9/28, self_attn.v_proj | Tuning Non-Factorized Weights...
		(Epoch 01/08) Block Loss: 2.1355e-05
		(Epoch 02/08) Block Loss: 2.0832e-05
		(Epoch 03/08) Block Loss: 2.0493e-05
		(Epoch 04/08) Block Loss: 2.0223e-05
		(Epoch 05/08) Block Loss: 2.0031e-05
		(Epoch 06/08) Block Loss: 1.9907e-05
		(Epoch 07/08) Block Loss: 1.9836e-05
		(Epoch 08/08) Block Loss: 1.9807e-05
	(2/3) Block 9/28, self_attn.v_proj | Initialization via ADMM...
		ADMM weight recon error: raw=300.7247, norm=0.3667, per_el=2.8679e-04, out_err=0.1559, ADMM time=21.23s
	(3/3) Block 9/28, self_attn.v_proj | Tuning Factorized Weights...
		(Epoch 01/08) Block Loss: 2.1853e-05
		(Epoch 02/08) Block Loss: 2.1354e-05
		(Epoch 03/08) Block Loss: 2.1253e-05
		(Epoch 04/08) Block Loss: 2.1195e-05
		(Epoch 05/08) Block Loss: 2.1163e-05
		(Epoch 06/08) Block Loss: 2.1143e-05
		(Epoch 07/08) Block Loss: 2.1133e-05
		(Epoch 08/08) Block Loss: 2.1118e-05
	(1/3) Block 9/28, self_attn.o_proj | Tuning Non-Factorized Weights...
		(Epoch 01/08) Block Loss: 2.0921e-05
		(Epoch 02/08) Block Loss: 2.0429e-05
		(Epoch 03/08) Block Loss: 2.0152e-05
		(Epoch 04/08) Block Loss: 1.9962e-05
		(Epoch 05/08) Block Loss: 1.9816e-05
		(Epoch 06/08) Block Loss: 1.9721e-05
		(Epoch 07/08) Block Loss: 1.9664e-05
		(Epoch 08/08) Block Loss: 1.9640e-05
	(2/3) Block 9/28, self_attn.o_proj | Initialization via ADMM...
		ADMM weight recon error: raw=435.2172, norm=0.3277, per_el=2.0753e-04, out_err=0.1100, ADMM time=10.34s
	(3/3) Block 9/28, self_attn.o_proj | Tuning Factorized Weights...
		(Epoch 01/08) Block Loss: 2.0932e-05
		(Epoch 02/08) Block Loss: 2.0890e-05
		(Epoch 03/08) Block Loss: 2.0907e-05
		(Epoch 04/08) Block Loss: 2.0939e-05
		(Epoch 05/08) Block Loss: 2.0975e-05
		(Epoch 06/08) Block Loss: 2.0946e-05
		(Epoch 07/08) Block Loss: 2.0932e-05
		(Epoch 08/08) Block Loss: 2.0874e-05
	(1/3) Block 9/28, self_attn.k_proj | Tuning Non-Factorized Weights...
		(Epoch 01/08) Block Loss: 2.0684e-05
		(Epoch 02/08) Block Loss: 2.0324e-05
		(Epoch 03/08) Block Loss: 2.0128e-05
		(Epoch 04/08) Block Loss: 1.9992e-05
		(Epoch 05/08) Block Loss: 1.9883e-05
		(Epoch 06/08) Block Loss: 1.9813e-05
		(Epoch 07/08) Block Loss: 1.9769e-05
		(Epoch 08/08) Block Loss: 1.9750e-05
	(2/3) Block 9/28, self_attn.k_proj | Initialization via ADMM...
		ADMM weight recon error: raw=226.4771, norm=0.2860, per_el=2.1599e-04, out_err=0.0567, ADMM time=27.66s
	(3/3) Block 9/28, self_attn.k_proj | Tuning Factorized Weights...
		(Epoch 01/08) Block Loss: 2.1185e-05
		(Epoch 02/08) Block Loss: 2.0184e-05
		(Epoch 03/08) Block Loss: 2.0076e-05
		(Epoch 04/08) Block Loss: 2.0032e-05
		(Epoch 05/08) Block Loss: 2.0010e-05
		(Epoch 06/08) Block Loss: 1.9998e-05
		(Epoch 07/08) Block Loss: 1.9992e-05
		(Epoch 08/08) Block Loss: 1.9985e-05
	(1/3) Block 9/28, mlp.gate_proj | Tuning Non-Factorized Weights...
		(Epoch 01/08) Block Loss: 2.0088e-05
		(Epoch 02/08) Block Loss: 1.9891e-05
		(Epoch 03/08) Block Loss: 1.9768e-05
		(Epoch 04/08) Block Loss: 1.9679e-05
		(Epoch 05/08) Block Loss: 1.9601e-05
		(Epoch 06/08) Block Loss: 1.9549e-05
		(Epoch 07/08) Block Loss: 1.9515e-05
		(Epoch 08/08) Block Loss: 1.9499e-05
	(2/3) Block 9/28, mlp.gate_proj | Initialization via ADMM...
Token indices sequence length is longer than the specified maximum sequence length for this model (299078 > 131072). Running this sequence through the model will result in indexing errors
Compressing Layers:  32%|█████████████████████████████████▊                                                                       | 9/28 [38:54<1:28:45, 280.31s/it]		ADMM weight recon error: raw=1178.0728, norm=0.3441, per_el=3.7450e-04, out_err=0.0464, ADMM time=10.70s
	(3/3) Block 9/28, mlp.gate_proj | Tuning Factorized Weights...
		(Epoch 01/08) Block Loss: 2.2072e-05
		(Epoch 02/08) Block Loss: 2.1827e-05
		(Epoch 03/08) Block Loss: 2.1796e-05
		(Epoch 04/08) Block Loss: 2.1802e-05
		(Epoch 05/08) Block Loss: 2.1804e-05
		(Epoch 06/08) Block Loss: 2.1786e-05
		(Epoch 07/08) Block Loss: 2.1762e-05
		(Epoch 08/08) Block Loss: 2.1654e-05
	(1/3) Block 9/28, mlp.up_proj | Tuning Non-Factorized Weights...
		(Epoch 01/08) Block Loss: 2.1366e-05
		(Epoch 02/08) Block Loss: 2.1082e-05
		(Epoch 03/08) Block Loss: 2.0934e-05
		(Epoch 04/08) Block Loss: 2.0841e-05
		(Epoch 05/08) Block Loss: 2.0768e-05
		(Epoch 06/08) Block Loss: 2.0720e-05
		(Epoch 07/08) Block Loss: 2.0690e-05
		(Epoch 08/08) Block Loss: 2.0677e-05
	(2/3) Block 9/28, mlp.up_proj | Initialization via ADMM...
		ADMM weight recon error: raw=848.1406, norm=0.3631, per_el=2.6962e-04, out_err=0.1591, ADMM time=12.22s
	(3/3) Block 9/28, mlp.up_proj | Tuning Factorized Weights...
		(Epoch 01/08) Block Loss: 2.4990e-05
		(Epoch 02/08) Block Loss: 2.4726e-05
		(Epoch 03/08) Block Loss: 2.4745e-05
		(Epoch 04/08) Block Loss: 2.4736e-05
		(Epoch 05/08) Block Loss: 2.4771e-05
		(Epoch 06/08) Block Loss: 2.4764e-05
		(Epoch 07/08) Block Loss: 2.4785e-05
		(Epoch 08/08) Block Loss: 2.4444e-05
	(1/3) Block 9/28, mlp.down_proj | Tuning Non-Factorized Weights...
		(Epoch 01/08) Block Loss: 2.3885e-05
		(Epoch 02/08) Block Loss: 2.3527e-05
		(Epoch 03/08) Block Loss: 2.3339e-05
		(Epoch 04/08) Block Loss: 2.3227e-05
		(Epoch 05/08) Block Loss: 2.3150e-05
		(Epoch 06/08) Block Loss: 2.3104e-05
		(Epoch 07/08) Block Loss: 2.3078e-05
		(Epoch 08/08) Block Loss: 2.3069e-05
	(2/3) Block 9/28, mlp.down_proj | Initialization via ADMM...
		ADMM weight recon error: raw=755.7717, norm=0.3448, per_el=2.4025e-04, out_err=0.1854, ADMM time=11.64s
	(3/3) Block 9/28, mlp.down_proj | Tuning Factorized Weights...
		(Epoch 01/08) Block Loss: 2.7975e-05
		(Epoch 02/08) Block Loss: 2.8008e-05
		(Epoch 03/08) Block Loss: 2.8258e-05
		(Epoch 04/08) Block Loss: 2.8545e-05
		(Epoch 05/08) Block Loss: 2.8761e-05
		(Epoch 06/08) Block Loss: 2.8462e-05
		(Epoch 07/08) Block Loss: 2.8617e-05
		(Epoch 08/08) Block Loss: 2.8144e-05
		Block 8: relative block output error = 0.0034
Using sequence length: 2048 (model max: 2048)
		Block 8: Test Data PPL        = 18.526
	(1/3) Block 10/28, self_attn.q_proj | Tuning Non-Factorized Weights...
		(Epoch 01/08) Block Loss: 2.1649e-05
		(Epoch 02/08) Block Loss: 2.0495e-05
		(Epoch 03/08) Block Loss: 1.9871e-05
		(Epoch 04/08) Block Loss: 1.9423e-05
		(Epoch 05/08) Block Loss: 1.9127e-05
		(Epoch 06/08) Block Loss: 1.8951e-05
		(Epoch 07/08) Block Loss: 1.8852e-05
		(Epoch 08/08) Block Loss: 1.8815e-05
	(2/3) Block 10/28, self_attn.q_proj | Initialization via ADMM...
		ADMM weight recon error: raw=545.6650, norm=0.2830, per_el=2.6019e-04, out_err=0.0410, ADMM time=13.19s
	(3/3) Block 10/28, self_attn.q_proj | Tuning Factorized Weights...
		(Epoch 01/08) Block Loss: 1.9257e-05
		(Epoch 02/08) Block Loss: 1.9151e-05
		(Epoch 03/08) Block Loss: 1.9113e-05
		(Epoch 04/08) Block Loss: 1.9090e-05
		(Epoch 05/08) Block Loss: 1.9072e-05
		(Epoch 06/08) Block Loss: 1.9060e-05
		(Epoch 07/08) Block Loss: 1.9046e-05
		(Epoch 08/08) Block Loss: 1.9034e-05
	(1/3) Block 10/28, self_attn.v_proj | Tuning Non-Factorized Weights...
		(Epoch 01/08) Block Loss: 1.9160e-05
		(Epoch 02/08) Block Loss: 1.8776e-05
		(Epoch 03/08) Block Loss: 1.8456e-05
		(Epoch 04/08) Block Loss: 1.8215e-05
		(Epoch 05/08) Block Loss: 1.8050e-05
		(Epoch 06/08) Block Loss: 1.7946e-05
		(Epoch 07/08) Block Loss: 1.7881e-05
		(Epoch 08/08) Block Loss: 1.7855e-05
	(2/3) Block 10/28, self_attn.v_proj | Initialization via ADMM...
		ADMM weight recon error: raw=291.9791, norm=0.3724, per_el=2.7845e-04, out_err=0.2005, ADMM time=19.47s
	(3/3) Block 10/28, self_attn.v_proj | Tuning Factorized Weights...
		(Epoch 01/08) Block Loss: 2.0587e-05
		(Epoch 02/08) Block Loss: 2.0095e-05
		(Epoch 03/08) Block Loss: 1.9956e-05
		(Epoch 04/08) Block Loss: 1.9894e-05
		(Epoch 05/08) Block Loss: 1.9862e-05
		(Epoch 06/08) Block Loss: 1.9841e-05
		(Epoch 07/08) Block Loss: 1.9829e-05
		(Epoch 08/08) Block Loss: 1.9796e-05
	(1/3) Block 10/28, self_attn.o_proj | Tuning Non-Factorized Weights...
		(Epoch 01/08) Block Loss: 1.9426e-05
		(Epoch 02/08) Block Loss: 1.8869e-05
		(Epoch 03/08) Block Loss: 1.8584e-05
		(Epoch 04/08) Block Loss: 1.8387e-05
		(Epoch 05/08) Block Loss: 1.8243e-05
		(Epoch 06/08) Block Loss: 1.8150e-05
		(Epoch 07/08) Block Loss: 1.8094e-05
		(Epoch 08/08) Block Loss: 1.8071e-05
	(2/3) Block 10/28, self_attn.o_proj | Initialization via ADMM...
		ADMM weight recon error: raw=449.0800, norm=0.3302, per_el=2.1414e-04, out_err=0.1203, ADMM time=11.98s
	(3/3) Block 10/28, self_attn.o_proj | Tuning Factorized Weights...
		(Epoch 01/08) Block Loss: 1.9774e-05
		(Epoch 02/08) Block Loss: 1.9710e-05
		(Epoch 03/08) Block Loss: 1.9721e-05
		(Epoch 04/08) Block Loss: 1.9772e-05
		(Epoch 05/08) Block Loss: 1.9826e-05
		(Epoch 06/08) Block Loss: 1.9726e-05
		(Epoch 07/08) Block Loss: 1.9757e-05
		(Epoch 08/08) Block Loss: 1.9659e-05
	(1/3) Block 10/28, self_attn.k_proj | Tuning Non-Factorized Weights...
		(Epoch 01/08) Block Loss: 1.9355e-05
		(Epoch 02/08) Block Loss: 1.8945e-05
		(Epoch 03/08) Block Loss: 1.8734e-05
		(Epoch 04/08) Block Loss: 1.8585e-05
		(Epoch 05/08) Block Loss: 1.8475e-05
		(Epoch 06/08) Block Loss: 1.8405e-05
		(Epoch 07/08) Block Loss: 1.8362e-05
		(Epoch 08/08) Block Loss: 1.8344e-05
	(2/3) Block 10/28, self_attn.k_proj | Initialization via ADMM...
		ADMM weight recon error: raw=232.6837, norm=0.2999, per_el=2.2190e-04, out_err=0.0585, ADMM time=27.86s
	(3/3) Block 10/28, self_attn.k_proj | Tuning Factorized Weights...
		(Epoch 01/08) Block Loss: 1.9577e-05
		(Epoch 02/08) Block Loss: 1.8833e-05
		(Epoch 03/08) Block Loss: 1.8628e-05
		(Epoch 04/08) Block Loss: 1.8576e-05
		(Epoch 05/08) Block Loss: 1.8561e-05
		(Epoch 06/08) Block Loss: 1.8551e-05
		(Epoch 07/08) Block Loss: 1.8544e-05
		(Epoch 08/08) Block Loss: 1.8539e-05
	(1/3) Block 10/28, mlp.gate_proj | Tuning Non-Factorized Weights...
		(Epoch 01/08) Block Loss: 1.8625e-05
		(Epoch 02/08) Block Loss: 1.8434e-05
		(Epoch 03/08) Block Loss: 1.8313e-05
		(Epoch 04/08) Block Loss: 1.8225e-05
		(Epoch 05/08) Block Loss: 1.8150e-05
		(Epoch 06/08) Block Loss: 1.8099e-05
		(Epoch 07/08) Block Loss: 1.8067e-05
		(Epoch 08/08) Block Loss: 1.8052e-05
	(2/3) Block 10/28, mlp.gate_proj | Initialization via ADMM...
		ADMM weight recon error: raw=1199.8762, norm=0.3304, per_el=3.8143e-04, out_err=0.0431, ADMM time=13.26s
	(3/3) Block 10/28, mlp.gate_proj | Tuning Factorized Weights...
		(Epoch 01/08) Block Loss: 2.0123e-05
		(Epoch 02/08) Block Loss: 1.9950e-05
		(Epoch 03/08) Block Loss: 1.9937e-05
		(Epoch 04/08) Block Loss: 1.9964e-05
		(Epoch 05/08) Block Loss: 1.9965e-05
		(Epoch 06/08) Block Loss: 1.9938e-05
		(Epoch 07/08) Block Loss: 1.9924e-05
		(Epoch 08/08) Block Loss: 1.9817e-05
	(1/3) Block 10/28, mlp.up_proj | Tuning Non-Factorized Weights...
		(Epoch 01/08) Block Loss: 1.9572e-05
		(Epoch 02/08) Block Loss: 1.9315e-05
		(Epoch 03/08) Block Loss: 1.9184e-05
		(Epoch 04/08) Block Loss: 1.9099e-05
		(Epoch 05/08) Block Loss: 1.9031e-05
		(Epoch 06/08) Block Loss: 1.8987e-05
		(Epoch 07/08) Block Loss: 1.8960e-05
		(Epoch 08/08) Block Loss: 1.8948e-05
	(2/3) Block 10/28, mlp.up_proj | Initialization via ADMM...
		ADMM weight recon error: raw=865.6213, norm=0.3607, per_el=2.7517e-04, out_err=0.1377, ADMM time=11.07s
	(3/3) Block 10/28, mlp.up_proj | Tuning Factorized Weights...
		(Epoch 01/08) Block Loss: 2.2779e-05
		(Epoch 02/08) Block Loss: 2.2547e-05
		(Epoch 03/08) Block Loss: 2.2530e-05
		(Epoch 04/08) Block Loss: 2.2637e-05
		(Epoch 05/08) Block Loss: 2.2703e-05
		(Epoch 06/08) Block Loss: 2.2502e-05
		(Epoch 07/08) Block Loss: 2.2536e-05
		(Epoch 08/08) Block Loss: 2.2304e-05
	(1/3) Block 10/28, mlp.down_proj | Tuning Non-Factorized Weights...
		(Epoch 01/08) Block Loss: 2.1798e-05
Token indices sequence length is longer than the specified maximum sequence length for this model (299078 > 131072). Running this sequence through the model will result in indexing errors
Compressing Layers:  32%|█████████████████████████████████▊                                                                       | 9/28 [43:48<1:32:28, 292.02s/it]
Token indices sequence length is longer than the specified maximum sequence length for this model (299078 > 131072). Running this sequence through the model will result in indexing errors
		(Epoch 02/08) Block Loss: 2.1460e-05
		(Epoch 03/08) Block Loss: 2.1286e-05
		(Epoch 04/08) Block Loss: 2.1181e-05
		(Epoch 05/08) Block Loss: 2.1110e-05
		(Epoch 06/08) Block Loss: 2.1067e-05
		(Epoch 07/08) Block Loss: 2.1043e-05
		(Epoch 08/08) Block Loss: 2.1034e-05
	(2/3) Block 10/28, mlp.down_proj | Initialization via ADMM...
		ADMM weight recon error: raw=717.9341, norm=0.3452, per_el=2.2823e-04, out_err=0.1734, ADMM time=10.21s
	(3/3) Block 10/28, mlp.down_proj | Tuning Factorized Weights...
		(Epoch 01/08) Block Loss: 2.5394e-05
		(Epoch 02/08) Block Loss: 2.5413e-05
		(Epoch 03/08) Block Loss: 2.5622e-05
		(Epoch 04/08) Block Loss: 2.5820e-05
		(Epoch 05/08) Block Loss: 2.5886e-05
		(Epoch 06/08) Block Loss: 2.5750e-05
		(Epoch 07/08) Block Loss: 2.5761e-05
		(Epoch 08/08) Block Loss: 2.5528e-05
		Block 9: relative block output error = 0.0039
Using sequence length: 2048 (model max: 2048)
		Block 9: Test Data PPL        = 18.826
Stopping after block 9 (block_indices=[0, 1, 2, 3, 4, 5, 6, 7, 8, 9])
mean weight err 0.3426 | mean out err 0.1045
Using sequence length: 2048 (model max: 2048)
Evaluating perplexity on wikitext2 - num_samples=146, seqlen=2048
Evaluating PPL for wikitext2 (PPL: N/A):   0%|                                                                                              | 0/146 [00:00<?, ?it/s]Evaluating PPL for wikitext2 (PPL: 13.3799):   0%|                                                                                          | 0/146 [00:00<?, ?it/s]Evaluating PPL for wikitext2 (PPL: 16.9137):   0%|                                                                                          | 0/146 [00:00<?, ?it/s]Evaluating PPL for wikitext2 (PPL: 16.9137):   1%|█                                                                                 | 2/146 [00:00<00:11, 12.33it/s]Evaluating PPL for wikitext2 (PPL: 19.6714):   1%|█                                                                                 | 2/146 [00:00<00:11, 12.33it/s]Evaluating PPL for wikitext2 (PPL: 20.4817):   1%|█                                                                                 | 2/146 [00:00<00:11, 12.33it/s]Evaluating PPL for wikitext2 (PPL: 20.4817):   3%|██▏                                                                               | 4/146 [00:00<00:11, 12.36it/s]Evaluating PPL for wikitext2 (PPL: 20.5940):   3%|██▏                                                                               | 4/146 [00:00<00:11, 12.36it/s]Evaluating PPL for wikitext2 (PPL: 18.2405):   3%|██▏                                                                               | 4/146 [00:00<00:11, 12.36it/s]Evaluating PPL for wikitext2 (PPL: 18.2405):   4%|███▎                                                                              | 6/146 [00:00<00:11, 12.39it/s]Evaluating PPL for wikitext2 (PPL: 24.6093):   4%|███▎                                                                              | 6/146 [00:00<00:11, 12.39it/s]Evaluating PPL for wikitext2 (PPL: 23.0282):   4%|███▎                                                                              | 6/146 [00:00<00:11, 12.39it/s]Evaluating PPL for wikitext2 (PPL: 23.0282):   5%|████▍                                                                             | 8/146 [00:00<00:10, 12.55it/s]Evaluating PPL for wikitext2 (PPL: 22.4460):   5%|████▍                                                                             | 8/146 [00:00<00:10, 12.55it/s]Evaluating PPL for wikitext2 (PPL: 22.2674):   5%|████▍                                                                             | 8/146 [00:00<00:10, 12.55it/s]Evaluating PPL for wikitext2 (PPL: 22.2674):   7%|█████▌                                                                           | 10/146 [00:00<00:09, 13.79it/s]Evaluating PPL for wikitext2 (PPL: 21.5946):   7%|█████▌                                                                           | 10/146 [00:00<00:09, 13.79it/s]Evaluating PPL for wikitext2 (PPL: 21.0495):   7%|█████▌                                                                           | 10/146 [00:00<00:09, 13.79it/s]Evaluating PPL for wikitext2 (PPL: 21.0495):   8%|██████▋                                                                          | 12/146 [00:00<00:09, 14.29it/s]Evaluating PPL for wikitext2 (PPL: 20.3284):   8%|██████▋                                                                          | 12/146 [00:00<00:09, 14.29it/s]Evaluating PPL for wikitext2 (PPL: 20.1754):   8%|██████▋                                                                          | 12/146 [00:01<00:09, 14.29it/s]Evaluating PPL for wikitext2 (PPL: 20.1754):  10%|███████▊                                                                         | 14/146 [00:01<00:09, 13.59it/s]Evaluating PPL for wikitext2 (PPL: 19.8360):  10%|███████▊                                                                         | 14/146 [00:01<00:09, 13.59it/s]Evaluating PPL for wikitext2 (PPL: 19.7356):  10%|███████▊                                                                         | 14/146 [00:01<00:09, 13.59it/s]Evaluating PPL for wikitext2 (PPL: 19.7356):  11%|████████▉                                                                        | 16/146 [00:01<00:09, 13.14it/s]Evaluating PPL for wikitext2 (PPL: 19.7923):  11%|████████▉                                                                        | 16/146 [00:01<00:09, 13.14it/s]Evaluating PPL for wikitext2 (PPL: 19.6203):  11%|████████▉                                                                        | 16/146 [00:01<00:09, 13.14it/s]Evaluating PPL for wikitext2 (PPL: 19.6203):  12%|█████████▉                                                                       | 18/146 [00:01<00:09, 12.92it/s]Evaluating PPL for wikitext2 (PPL: 19.2289):  12%|█████████▉                                                                       | 18/146 [00:01<00:09, 12.92it/s]Evaluating PPL for wikitext2 (PPL: 18.7511):  12%|█████████▉                                                                       | 18/146 [00:01<00:09, 12.92it/s]Evaluating PPL for wikitext2 (PPL: 18.7511):  14%|███████████                                                                      | 20/146 [00:01<00:09, 12.78it/s]Evaluating PPL for wikitext2 (PPL: 18.5485):  14%|███████████                                                                      | 20/146 [00:01<00:09, 12.78it/s]Evaluating PPL for wikitext2 (PPL: 18.7884):  14%|███████████                                                                      | 20/146 [00:01<00:09, 12.78it/s]Evaluating PPL for wikitext2 (PPL: 18.7884):  15%|████████████▏                                                                    | 22/146 [00:01<00:09, 12.67it/s]Evaluating PPL for wikitext2 (PPL: 18.6773):  15%|████████████▏                                                                    | 22/146 [00:01<00:09, 12.67it/s]Evaluating PPL for wikitext2 (PPL: 18.6852):  15%|████████████▏                                                                    | 22/146 [00:01<00:09, 12.67it/s]Evaluating PPL for wikitext2 (PPL: 18.6852):  16%|█████████████▎                                                                   | 24/146 [00:01<00:09, 12.60it/s]Evaluating PPL for wikitext2 (PPL: 18.9869):  16%|█████████████▎                                                                   | 24/146 [00:01<00:09, 12.60it/s]Evaluating PPL for wikitext2 (PPL: 19.0395):  16%|█████████████▎                                                                   | 24/146 [00:01<00:09, 12.60it/s]Evaluating PPL for wikitext2 (PPL: 19.0395):  18%|██████████████▍                                                                  | 26/146 [00:01<00:08, 13.38it/s]Evaluating PPL for wikitext2 (PPL: 19.1214):  18%|██████████████▍                                                                  | 26/146 [00:02<00:08, 13.38it/s]Evaluating PPL for wikitext2 (PPL: 19.3484):  18%|██████████████▍                                                                  | 26/146 [00:02<00:08, 13.38it/s]Evaluating PPL for wikitext2 (PPL: 19.3484):  19%|███████████████▌                                                                 | 28/146 [00:02<00:08, 13.77it/s]Evaluating PPL for wikitext2 (PPL: 20.0423):  19%|███████████████▌                                                                 | 28/146 [00:02<00:08, 13.77it/s]Evaluating PPL for wikitext2 (PPL: 19.8051):  19%|███████████████▌                                                                 | 28/146 [00:02<00:08, 13.77it/s]Evaluating PPL for wikitext2 (PPL: 19.8051):  21%|████████████████▋                                                                | 30/146 [00:02<00:08, 13.32it/s]Evaluating PPL for wikitext2 (PPL: 19.5462):  21%|████████████████▋                                                                | 30/146 [00:02<00:08, 13.32it/s]Evaluating PPL for wikitext2 (PPL: 19.6107):  21%|████████████████▋                                                                | 30/146 [00:02<00:08, 13.32it/s]Evaluating PPL for wikitext2 (PPL: 19.6107):  22%|█████████████████▊                                                               | 32/146 [00:02<00:08, 13.03it/s]Evaluating PPL for wikitext2 (PPL: 19.4952):  22%|█████████████████▊                                                               | 32/146 [00:02<00:08, 13.03it/s]Evaluating PPL for wikitext2 (PPL: 19.4140):  22%|█████████████████▊                                                               | 32/146 [00:02<00:08, 13.03it/s]Evaluating PPL for wikitext2 (PPL: 19.4140):  23%|██████████████████▊                                                              | 34/146 [00:02<00:08, 12.86it/s]Evaluating PPL for wikitext2 (PPL: 19.3895):  23%|██████████████████▊                                                              | 34/146 [00:02<00:08, 12.86it/s]Evaluating PPL for wikitext2 (PPL: 19.3161):  23%|██████████████████▊                                                              | 34/146 [00:02<00:08, 12.86it/s]Evaluating PPL for wikitext2 (PPL: 19.3161):  25%|███████████████████▉                                                             | 36/146 [00:02<00:08, 12.77it/s]Evaluating PPL for wikitext2 (PPL: 18.9405):  25%|███████████████████▉                                                             | 36/146 [00:02<00:08, 12.77it/s]Evaluating PPL for wikitext2 (PPL: 18.5761):  25%|███████████████████▉                                                             | 36/146 [00:02<00:08, 12.77it/s]Evaluating PPL for wikitext2 (PPL: 18.5761):  26%|█████████████████████                                                            | 38/146 [00:02<00:08, 13.48it/s]Evaluating PPL for wikitext2 (PPL: 18.3248):  26%|█████████████████████                                                            | 38/146 [00:02<00:08, 13.48it/s]Evaluating PPL for wikitext2 (PPL: 17.9554):  26%|█████████████████████                                                            | 38/146 [00:03<00:08, 13.48it/s]Evaluating PPL for wikitext2 (PPL: 17.9554):  27%|██████████████████████▏                                                          | 40/146 [00:03<00:07, 14.21it/s]Evaluating PPL for wikitext2 (PPL: 17.7525):  27%|██████████████████████▏                                                          | 40/146 [00:03<00:07, 14.21it/s]Evaluating PPL for wikitext2 (PPL: 17.7057):  27%|██████████████████████▏                                                          | 40/146 [00:03<00:07, 14.21it/s]Evaluating PPL for wikitext2 (PPL: 17.7057):  29%|███████████████████████▎                                                         | 42/146 [00:03<00:06, 15.10it/s]Evaluating PPL for wikitext2 (PPL: 17.9132):  29%|███████████████████████▎                                                         | 42/146 [00:03<00:06, 15.10it/s]Evaluating PPL for wikitext2 (PPL: 18.2492):  29%|███████████████████████▎                                                         | 42/146 [00:03<00:06, 15.10it/s]Evaluating PPL for wikitext2 (PPL: 18.2492):  30%|████████████████████████▍                                                        | 44/146 [00:03<00:06, 16.01it/s]Evaluating PPL for wikitext2 (PPL: 18.4091):  30%|████████████████████████▍                                                        | 44/146 [00:03<00:06, 16.01it/s]Evaluating PPL for wikitext2 (PPL: 18.5635):  30%|████████████████████████▍                                                        | 44/146 [00:03<00:06, 16.01it/s]Evaluating PPL for wikitext2 (PPL: 18.5635):  32%|█████████████████████████▌                                                       | 46/146 [00:03<00:06, 16.13it/s]Evaluating PPL for wikitext2 (PPL: 18.6256):  32%|█████████████████████████▌                                                       | 46/146 [00:03<00:06, 16.13it/s]Evaluating PPL for wikitext2 (PPL: 18.6731):  32%|█████████████████████████▌                                                       | 46/146 [00:03<00:06, 16.13it/s]Evaluating PPL for wikitext2 (PPL: 18.6731):  33%|██████████████████████████▋                                                      | 48/146 [00:03<00:06, 15.88it/s]Evaluating PPL for wikitext2 (PPL: 18.6949):  33%|██████████████████████████▋                                                      | 48/146 [00:03<00:06, 15.88it/s]Evaluating PPL for wikitext2 (PPL: 18.5761):  33%|██████████████████████████▋                                                      | 48/146 [00:03<00:06, 15.88it/s]Evaluating PPL for wikitext2 (PPL: 18.5761):  34%|███████████████████████████▋                                                     | 50/146 [00:03<00:06, 15.79it/s]Evaluating PPL for wikitext2 (PPL: 18.5420):  34%|███████████████████████████▋                                                     | 50/146 [00:03<00:06, 15.79it/s]Evaluating PPL for wikitext2 (PPL: 18.3928):  34%|███████████████████████████▋                                                     | 50/146 [00:03<00:06, 15.79it/s]Evaluating PPL for wikitext2 (PPL: 18.3313):  34%|███████████████████████████▋                                                     | 50/146 [00:03<00:06, 15.79it/s]Evaluating PPL for wikitext2 (PPL: 18.3313):  36%|█████████████████████████████▍                                                   | 53/146 [00:03<00:05, 17.63it/s]Evaluating PPL for wikitext2 (PPL: 18.1405):  36%|█████████████████████████████▍                                                   | 53/146 [00:03<00:05, 17.63it/s]Evaluating PPL for wikitext2 (PPL: 17.9382):  36%|█████████████████████████████▍                                                   | 53/146 [00:03<00:05, 17.63it/s]Evaluating PPL for wikitext2 (PPL: 17.7700):  36%|█████████████████████████████▍                                                   | 53/146 [00:03<00:05, 17.63it/s]Evaluating PPL for wikitext2 (PPL: 17.7700):  38%|███████████████████████████████                                                  | 56/146 [00:03<00:04, 19.37it/s]Evaluating PPL for wikitext2 (PPL: 17.6479):  38%|███████████████████████████████                                                  | 56/146 [00:03<00:04, 19.37it/s]Evaluating PPL for wikitext2 (PPL: 17.4131):  38%|███████████████████████████████                                                  | 56/146 [00:03<00:04, 19.37it/s]Evaluating PPL for wikitext2 (PPL: 17.3999):  38%|███████████████████████████████                                                  | 56/146 [00:04<00:04, 19.37it/s]Evaluating PPL for wikitext2 (PPL: 17.3999):  40%|████████████████████████████████▋                                                | 59/146 [00:04<00:04, 20.31it/s]Evaluating PPL for wikitext2 (PPL: 17.5052):  40%|████████████████████████████████▋                                                | 59/146 [00:04<00:04, 20.31it/s]Evaluating PPL for wikitext2 (PPL: 17.6710):  40%|████████████████████████████████▋                                                | 59/146 [00:04<00:04, 20.31it/s]Evaluating PPL for wikitext2 (PPL: 17.7612):  40%|████████████████████████████████▋                                                | 59/146 [00:04<00:04, 20.31it/s]Evaluating PPL for wikitext2 (PPL: 17.7612):  42%|██████████████████████████████████▍                                              | 62/146 [00:04<00:03, 21.83it/s]Evaluating PPL for wikitext2 (PPL: 17.8180):  42%|██████████████████████████████████▍                                              | 62/146 [00:04<00:03, 21.83it/s]Evaluating PPL for wikitext2 (PPL: 17.9344):  42%|██████████████████████████████████▍                                              | 62/146 [00:04<00:03, 21.83it/s]Evaluating PPL for wikitext2 (PPL: 17.8752):  42%|██████████████████████████████████▍                                              | 62/146 [00:04<00:03, 21.83it/s]Evaluating PPL for wikitext2 (PPL: 17.8752):  45%|████████████████████████████████████                                             | 65/146 [00:04<00:03, 22.78it/s]Evaluating PPL for wikitext2 (PPL: 17.8349):  45%|████████████████████████████████████                                             | 65/146 [00:04<00:03, 22.78it/s]Evaluating PPL for wikitext2 (PPL: 17.8790):  45%|████████████████████████████████████                                             | 65/146 [00:04<00:03, 22.78it/s]Evaluating PPL for wikitext2 (PPL: 17.9014):  45%|████████████████████████████████████                                             | 65/146 [00:04<00:03, 22.78it/s]Evaluating PPL for wikitext2 (PPL: 17.9014):  47%|█████████████████████████████████████▋                                           | 68/146 [00:04<00:03, 23.50it/s]Evaluating PPL for wikitext2 (PPL: 17.8908):  47%|█████████████████████████████████████▋                                           | 68/146 [00:04<00:03, 23.50it/s]Evaluating PPL for wikitext2 (PPL: 17.8525):  47%|█████████████████████████████████████▋                                           | 68/146 [00:04<00:03, 23.50it/s]Evaluating PPL for wikitext2 (PPL: 17.7958):  47%|█████████████████████████████████████▋                                           | 68/146 [00:04<00:03, 23.50it/s]Evaluating PPL for wikitext2 (PPL: 17.7958):  49%|███████████████████████████████████████▍                                         | 71/146 [00:04<00:03, 24.53it/s]Evaluating PPL for wikitext2 (PPL: 17.8257):  49%|███████████████████████████████████████▍                                         | 71/146 [00:04<00:03, 24.53it/s]Evaluating PPL for wikitext2 (PPL: 17.9046):  49%|███████████████████████████████████████▍                                         | 71/146 [00:04<00:03, 24.53it/s]Evaluating PPL for wikitext2 (PPL: 18.0084):  49%|███████████████████████████████████████▍                                         | 71/146 [00:04<00:03, 24.53it/s]Evaluating PPL for wikitext2 (PPL: 18.0084):  51%|█████████████████████████████████████████                                        | 74/146 [00:04<00:03, 23.98it/s]Evaluating PPL for wikitext2 (PPL: 18.0083):  51%|█████████████████████████████████████████                                        | 74/146 [00:04<00:03, 23.98it/s]Evaluating PPL for wikitext2 (PPL: 17.9491):  51%|█████████████████████████████████████████                                        | 74/146 [00:04<00:03, 23.98it/s]Evaluating PPL for wikitext2 (PPL: 17.8989):  51%|█████████████████████████████████████████                                        | 74/146 [00:04<00:03, 23.98it/s]Evaluating PPL for wikitext2 (PPL: 17.8989):  53%|██████████████████████████████████████████▋                                      | 77/146 [00:04<00:02, 23.61it/s]Evaluating PPL for wikitext2 (PPL: 17.8430):  53%|██████████████████████████████████████████▋                                      | 77/146 [00:04<00:02, 23.61it/s]Evaluating PPL for wikitext2 (PPL: 17.8380):  53%|██████████████████████████████████████████▋                                      | 77/146 [00:04<00:02, 23.61it/s]Evaluating PPL for wikitext2 (PPL: 17.8644):  53%|██████████████████████████████████████████▋                                      | 77/146 [00:04<00:02, 23.61it/s]Evaluating PPL for wikitext2 (PPL: 17.8644):  55%|████████████████████████████████████████████▍                                    | 80/146 [00:04<00:02, 23.50it/s]Evaluating PPL for wikitext2 (PPL: 17.8558):  55%|████████████████████████████████████████████▍                                    | 80/146 [00:04<00:02, 23.50it/s]Evaluating PPL for wikitext2 (PPL: 17.8338):  55%|████████████████████████████████████████████▍                                    | 80/146 [00:04<00:02, 23.50it/s]Evaluating PPL for wikitext2 (PPL: 17.7288):  55%|████████████████████████████████████████████▍                                    | 80/146 [00:04<00:02, 23.50it/s]Evaluating PPL for wikitext2 (PPL: 17.7288):  57%|██████████████████████████████████████████████                                   | 83/146 [00:04<00:02, 23.70it/s]Evaluating PPL for wikitext2 (PPL: 17.6366):  57%|██████████████████████████████████████████████                                   | 83/146 [00:05<00:02, 23.70it/s]Evaluating PPL for wikitext2 (PPL: 17.5923):  57%|██████████████████████████████████████████████                                   | 83/146 [00:05<00:02, 23.70it/s]Evaluating PPL for wikitext2 (PPL: 17.6003):  57%|██████████████████████████████████████████████                                   | 83/146 [00:05<00:02, 23.70it/s]Evaluating PPL for wikitext2 (PPL: 17.6175):  57%|██████████████████████████████████████████████                                   | 83/146 [00:05<00:02, 23.70it/s]Evaluating PPL for wikitext2 (PPL: 17.6175):  60%|████████████████████████████████████████████████▎                                | 87/146 [00:05<00:02, 25.23it/s]Evaluating PPL for wikitext2 (PPL: 17.8644):  60%|████████████████████████████████████████████████▎                                | 87/146 [00:05<00:02, 25.23it/s]Evaluating PPL for wikitext2 (PPL: 17.9352):  60%|████████████████████████████████████████████████▎                                | 87/146 [00:05<00:02, 25.23it/s]Evaluating PPL for wikitext2 (PPL: 17.9390):  60%|████████████████████████████████████████████████▎                                | 87/146 [00:05<00:02, 25.23it/s]Evaluating PPL for wikitext2 (PPL: 17.9390):  62%|█████████████████████████████████████████████████▉                               | 90/146 [00:05<00:02, 24.62it/s]Evaluating PPL for wikitext2 (PPL: 17.9860):  62%|█████████████████████████████████████████████████▉                               | 90/146 [00:05<00:02, 24.62it/s]Evaluating PPL for wikitext2 (PPL: 18.1181):  62%|█████████████████████████████████████████████████▉                               | 90/146 [00:05<00:02, 24.62it/s]Evaluating PPL for wikitext2 (PPL: 18.2359):  62%|█████████████████████████████████████████████████▉                               | 90/146 [00:05<00:02, 24.62it/s]Evaluating PPL for wikitext2 (PPL: 18.2359):  64%|███████████████████████████████████████████████████▌                             | 93/146 [00:05<00:02, 21.88it/s]Evaluating PPL for wikitext2 (PPL: 18.3003):  64%|███████████████████████████████████████████████████▌                             | 93/146 [00:05<00:02, 21.88it/s]Evaluating PPL for wikitext2 (PPL: 18.3937):  64%|███████████████████████████████████████████████████▌                             | 93/146 [00:05<00:02, 21.88it/s]Evaluating PPL for wikitext2 (PPL: 18.4976):  64%|███████████████████████████████████████████████████▌                             | 93/146 [00:05<00:02, 21.88it/s]Evaluating PPL for wikitext2 (PPL: 18.4976):  66%|█████████████████████████████████████████████████████▎                           | 96/146 [00:05<00:02, 20.28it/s]Evaluating PPL for wikitext2 (PPL: 18.4865):  66%|█████████████████████████████████████████████████████▎                           | 96/146 [00:05<00:02, 20.28it/s]Evaluating PPL for wikitext2 (PPL: 18.5554):  66%|█████████████████████████████████████████████████████▎                           | 96/146 [00:05<00:02, 20.28it/s]Evaluating PPL for wikitext2 (PPL: 18.5380):  66%|█████████████████████████████████████████████████████▎                           | 96/146 [00:05<00:02, 20.28it/s]Evaluating PPL for wikitext2 (PPL: 18.5380):  68%|██████████████████████████████████████████████████████▉                          | 99/146 [00:05<00:02, 19.80it/s]Evaluating PPL for wikitext2 (PPL: 18.5587):  68%|██████████████████████████████████████████████████████▉                          | 99/146 [00:05<00:02, 19.80it/s]Evaluating PPL for wikitext2 (PPL: 18.5502):  68%|██████████████████████████████████████████████████████▉                          | 99/146 [00:05<00:02, 19.80it/s]Evaluating PPL for wikitext2 (PPL: 18.5335):  68%|██████████████████████████████████████████████████████▉                          | 99/146 [00:05<00:02, 19.80it/s]Evaluating PPL for wikitext2 (PPL: 18.5335):  70%|███████████████████████████████████████████████████████▉                        | 102/146 [00:05<00:02, 19.93it/s]Evaluating PPL for wikitext2 (PPL: 18.5564):  70%|███████████████████████████████████████████████████████▉                        | 102/146 [00:05<00:02, 19.93it/s]Evaluating PPL for wikitext2 (PPL: 18.5593):  70%|███████████████████████████████████████████████████████▉                        | 102/146 [00:06<00:02, 19.93it/s]Evaluating PPL for wikitext2 (PPL: 18.5927):  70%|███████████████████████████████████████████████████████▉                        | 102/146 [00:06<00:02, 19.93it/s]Evaluating PPL for wikitext2 (PPL: 18.5927):  72%|█████████████████████████████████████████████████████████▌                      | 105/146 [00:06<00:01, 20.58it/s]Evaluating PPL for wikitext2 (PPL: 18.6062):  72%|█████████████████████████████████████████████████████████▌                      | 105/146 [00:06<00:01, 20.58it/s]Evaluating PPL for wikitext2 (PPL: 18.6713):  72%|█████████████████████████████████████████████████████████▌                      | 105/146 [00:06<00:01, 20.58it/s]Evaluating PPL for wikitext2 (PPL: 18.6758):  72%|█████████████████████████████████████████████████████████▌                      | 105/146 [00:06<00:01, 20.58it/s]Evaluating PPL for wikitext2 (PPL: 18.6758):  74%|███████████████████████████████████████████████████████████▏                    | 108/146 [00:06<00:01, 19.15it/s]Evaluating PPL for wikitext2 (PPL: 18.6294):  74%|███████████████████████████████████████████████████████████▏                    | 108/146 [00:06<00:01, 19.15it/s]Evaluating PPL for wikitext2 (PPL: 18.6236):  74%|███████████████████████████████████████████████████████████▏                    | 108/146 [00:06<00:01, 19.15it/s]Evaluating PPL for wikitext2 (PPL: 18.6236):  75%|████████████████████████████████████████████████████████████▎                   | 110/146 [00:06<00:01, 18.36it/s]Evaluating PPL for wikitext2 (PPL: 18.6468):  75%|████████████████████████████████████████████████████████████▎                   | 110/146 [00:06<00:01, 18.36it/s]Evaluating PPL for wikitext2 (PPL: 18.6124):  75%|████████████████████████████████████████████████████████████▎                   | 110/146 [00:06<00:01, 18.36it/s]Evaluating PPL for wikitext2 (PPL: 18.6124):  77%|█████████████████████████████████████████████████████████████▎                  | 112/146 [00:06<00:01, 17.32it/s]Evaluating PPL for wikitext2 (PPL: 18.5967):  77%|█████████████████████████████████████████████████████████████▎                  | 112/146 [00:06<00:01, 17.32it/s]Evaluating PPL for wikitext2 (PPL: 18.5685):  77%|█████████████████████████████████████████████████████████████▎                  | 112/146 [00:06<00:01, 17.32it/s]Evaluating PPL for wikitext2 (PPL: 18.5685):  78%|██████████████████████████████████████████████████████████████▍                 | 114/146 [00:06<00:02, 15.86it/s]Evaluating PPL for wikitext2 (PPL: 18.5660):  78%|██████████████████████████████████████████████████████████████▍                 | 114/146 [00:06<00:02, 15.86it/s]Evaluating PPL for wikitext2 (PPL: 18.5886):  78%|██████████████████████████████████████████████████████████████▍                 | 114/146 [00:06<00:02, 15.86it/s]Evaluating PPL for wikitext2 (PPL: 18.5886):  79%|███████████████████████████████████████████████████████████████▌                | 116/146 [00:06<00:02, 14.83it/s]Evaluating PPL for wikitext2 (PPL: 18.6283):  79%|███████████████████████████████████████████████████████████████▌                | 116/146 [00:06<00:02, 14.83it/s]Evaluating PPL for wikitext2 (PPL: 18.6352):  79%|███████████████████████████████████████████████████████████████▌                | 116/146 [00:06<00:02, 14.83it/s]Evaluating PPL for wikitext2 (PPL: 18.6352):  81%|████████████████████████████████████████████████████████████████▋               | 118/146 [00:06<00:01, 14.65it/s]Evaluating PPL for wikitext2 (PPL: 18.5785):  81%|████████████████████████████████████████████████████████████████▋               | 118/146 [00:07<00:01, 14.65it/s]Evaluating PPL for wikitext2 (PPL: 18.5302):  81%|████████████████████████████████████████████████████████████████▋               | 118/146 [00:07<00:01, 14.65it/s]Evaluating PPL for wikitext2 (PPL: 18.5302):  82%|█████████████████████████████████████████████████████████████████▊              | 120/146 [00:07<00:01, 14.00it/s]Evaluating PPL for wikitext2 (PPL: 18.5473):  82%|█████████████████████████████████████████████████████████████████▊              | 120/146 [00:07<00:01, 14.00it/s]Evaluating PPL for wikitext2 (PPL: 18.4930):  82%|█████████████████████████████████████████████████████████████████▊              | 120/146 [00:07<00:01, 14.00it/s]Evaluating PPL for wikitext2 (PPL: 18.4930):  84%|██████████████████████████████████████████████████████████████████▊             | 122/146 [00:07<00:01, 13.63it/s]Evaluating PPL for wikitext2 (PPL: 18.4233):  84%|██████████████████████████████████████████████████████████████████▊             | 122/146 [00:07<00:01, 13.63it/s]Evaluating PPL for wikitext2 (PPL: 18.3689):  84%|██████████████████████████████████████████████████████████████████▊             | 122/146 [00:07<00:01, 13.63it/s]Evaluating PPL for wikitext2 (PPL: 18.3689):  85%|███████████████████████████████████████████████████████████████████▉            | 124/146 [00:07<00:01, 13.37it/s]Evaluating PPL for wikitext2 (PPL: 18.3545):  85%|███████████████████████████████████████████████████████████████████▉            | 124/146 [00:07<00:01, 13.37it/s]Evaluating PPL for wikitext2 (PPL: 18.3699):  85%|███████████████████████████████████████████████████████████████████▉            | 124/146 [00:07<00:01, 13.37it/s]Evaluating PPL for wikitext2 (PPL: 18.3699):  86%|█████████████████████████████████████████████████████████████████████           | 126/146 [00:07<00:01, 13.40it/s]Evaluating PPL for wikitext2 (PPL: 18.3738):  86%|█████████████████████████████████████████████████████████████████████           | 126/146 [00:07<00:01, 13.40it/s]Evaluating PPL for wikitext2 (PPL: 18.3552):  86%|█████████████████████████████████████████████████████████████████████           | 126/146 [00:07<00:01, 13.40it/s]Evaluating PPL for wikitext2 (PPL: 18.3552):  88%|██████████████████████████████████████████████████████████████████████▏         | 128/146 [00:07<00:01, 13.52it/s]Evaluating PPL for wikitext2 (PPL: 18.2925):  88%|██████████████████████████████████████████████████████████████████████▏         | 128/146 [00:07<00:01, 13.52it/s]Evaluating PPL for wikitext2 (PPL: 18.3519):  88%|██████████████████████████████████████████████████████████████████████▏         | 128/146 [00:07<00:01, 13.52it/s]Evaluating PPL for wikitext2 (PPL: 18.3519):  89%|███████████████████████████████████████████████████████████████████████▏        | 130/146 [00:07<00:01, 12.68it/s]Evaluating PPL for wikitext2 (PPL: 18.3121):  89%|███████████████████████████████████████████████████████████████████████▏        | 130/146 [00:07<00:01, 12.68it/s]Evaluating PPL for wikitext2 (PPL: 18.2989):  89%|███████████████████████████████████████████████████████████████████████▏        | 130/146 [00:08<00:01, 12.68it/s]Evaluating PPL for wikitext2 (PPL: 18.2989):  90%|████████████████████████████████████████████████████████████████████████▎       | 132/146 [00:08<00:01, 11.93it/s]Evaluating PPL for wikitext2 (PPL: 18.3139):  90%|████████████████████████████████████████████████████████████████████████▎       | 132/146 [00:08<00:01, 11.93it/s]Evaluating PPL for wikitext2 (PPL: 18.2817):  90%|████████████████████████████████████████████████████████████████████████▎       | 132/146 [00:08<00:01, 11.93it/s]Evaluating PPL for wikitext2 (PPL: 18.2817):  92%|█████████████████████████████████████████████████████████████████████████▍      | 134/146 [00:08<00:01, 11.19it/s]Evaluating PPL for wikitext2 (PPL: 18.3114):  92%|█████████████████████████████████████████████████████████████████████████▍      | 134/146 [00:08<00:01, 11.19it/s]Evaluating PPL for wikitext2 (PPL: 18.3007):  92%|█████████████████████████████████████████████████████████████████████████▍      | 134/146 [00:08<00:01, 11.19it/s]Evaluating PPL for wikitext2 (PPL: 18.3007):  93%|██████████████████████████████████████████████████████████████████████████▌     | 136/146 [00:08<00:00, 10.73it/s]Evaluating PPL for wikitext2 (PPL: 18.2381):  93%|██████████████████████████████████████████████████████████████████████████▌     | 136/146 [00:08<00:00, 10.73it/s]Evaluating PPL for wikitext2 (PPL: 18.1499):  93%|██████████████████████████████████████████████████████████████████████████▌     | 136/146 [00:08<00:00, 10.73it/s]Evaluating PPL for wikitext2 (PPL: 18.1499):  95%|███████████████████████████████████████████████████████████████████████████▌    | 138/146 [00:08<00:00, 10.43it/s]Evaluating PPL for wikitext2 (PPL: 18.0776):  95%|███████████████████████████████████████████████████████████████████████████▌    | 138/146 [00:08<00:00, 10.43it/s]Evaluating PPL for wikitext2 (PPL: 18.3802):  95%|███████████████████████████████████████████████████████████████████████████▌    | 138/146 [00:08<00:00, 10.43it/s]Evaluating PPL for wikitext2 (PPL: 18.3802):  96%|████████████████████████████████████████████████████████████████████████████▋   | 140/146 [00:08<00:00, 10.25it/s]Evaluating PPL for wikitext2 (PPL: 18.4121):  96%|████████████████████████████████████████████████████████████████████████████▋   | 140/146 [00:09<00:00, 10.25it/s]Evaluating PPL for wikitext2 (PPL: 18.4254):  96%|████████████████████████████████████████████████████████████████████████████▋   | 140/146 [00:09<00:00, 10.25it/s]Evaluating PPL for wikitext2 (PPL: 18.4254):  97%|█████████████████████████████████████████████████████████████████████████████▊  | 142/146 [00:09<00:00, 10.09it/s]Evaluating PPL for wikitext2 (PPL: 18.7781):  97%|█████████████████████████████████████████████████████████████████████████████▊  | 142/146 [00:09<00:00, 10.09it/s]Evaluating PPL for wikitext2 (PPL: 18.7869):  97%|█████████████████████████████████████████████████████████████████████████████▊  | 142/146 [00:09<00:00, 10.09it/s]Evaluating PPL for wikitext2 (PPL: 18.7869):  99%|██████████████████████████████████████████████████████████████████████████████▉ | 144/146 [00:09<00:00, 10.16it/s]Evaluating PPL for wikitext2 (PPL: 18.8138):  99%|██████████████████████████████████████████████████████████████████████████████▉ | 144/146 [00:09<00:00, 10.16it/s]Evaluating PPL for wikitext2 (PPL: 18.8263):  99%|██████████████████████████████████████████████████████████████████████████████▉ | 144/146 [00:09<00:00, 10.16it/s]Evaluating PPL for wikitext2 (PPL: 18.8263): 100%|████████████████████████████████████████████████████████████████████████████████| 146/146 [00:09<00:00, 10.08it/s]Evaluating PPL for wikitext2 (PPL: 18.8263): 100%|████████████████████████████████████████████████████████████████████████████████| 146/146 [00:09<00:00, 15.34it/s]
Perplexity on wikitext2: 18.8263
{
 "arm": "cov",
 "eval": {
  "wikitext2": {
   "ppl": 18.826265335083008
  }
 },
 "mean_out_err": 0.1045372737188124,
 "mean_weight_err": 0.34263325417049256,
 "total_time": 2667.8608627319336
}
