Token indices sequence length is longer than the specified maximum sequence length for this model (2518423 > 131072). Running this sequence through the model will result in indexing errors
Loading model 'Qwen/Qwen3-0.6B-Base'...
Qwen3ForCausalLM(
  (model): Qwen3Model(
    (embed_tokens): Embedding(151936, 1024)
    (layers): ModuleList(
      (0-27): 28 x Qwen3DecoderLayer(
        (self_attn): Qwen3Attention(
          (q_proj): Linear(in_features=1024, out_features=2048, bias=False)
          (k_proj): Linear(in_features=1024, out_features=1024, bias=False)
          (v_proj): Linear(in_features=1024, out_features=1024, bias=False)
          (o_proj): Linear(in_features=2048, out_features=1024, bias=False)
          (q_norm): Qwen3RMSNorm((128,), eps=1e-06)
          (k_norm): Qwen3RMSNorm((128,), eps=1e-06)
        )
        (mlp): Qwen3MLP(
          (gate_proj): Linear(in_features=1024, out_features=3072, bias=False)
          (up_proj): Linear(in_features=1024, out_features=3072, bias=False)
          (down_proj): Linear(in_features=3072, out_features=1024, bias=False)
          (act_fn): SiLUActivation()
        )
        (input_layernorm): Qwen3RMSNorm((1024,), eps=1e-06)
        (post_attention_layernorm): Qwen3RMSNorm((1024,), eps=1e-06)
      )
    )
    (norm): Qwen3RMSNorm((1024,), eps=1e-06)
    (rotary_emb): Qwen3RotaryEmbedding()
  )
  (lm_head): Linear(in_features=1024, out_features=151936, bias=False)
)
Rank calculation: Bits = (1.00), Scales: 2
factorized bpw = 0.9729
Loading model 'Qwen/Qwen3-0.6B-Base'...
Qwen3ForCausalLM(
  (model): Qwen3Model(
    (embed_tokens): Embedding(151936, 1024)
    (layers): ModuleList(
      (0-27): 28 x Qwen3DecoderLayer(
        (self_attn): Qwen3Attention(
          (q_proj): Linear(in_features=1024, out_features=2048, bias=False)
          (k_proj): Linear(in_features=1024, out_features=1024, bias=False)
          (v_proj): Linear(in_features=1024, out_features=1024, bias=False)
          (o_proj): Linear(in_features=2048, out_features=1024, bias=False)
          (q_norm): Qwen3RMSNorm((128,), eps=1e-06)
          (k_norm): Qwen3RMSNorm((128,), eps=1e-06)
        )
        (mlp): Qwen3MLP(
          (gate_proj): Linear(in_features=1024, out_features=3072, bias=False)
          (up_proj): Linear(in_features=1024, out_features=3072, bias=False)
          (down_proj): Linear(in_features=3072, out_features=1024, bias=False)
          (act_fn): SiLUActivation()
        )
        (input_layernorm): Qwen3RMSNorm((1024,), eps=1e-06)
        (post_attention_layernorm): Qwen3RMSNorm((1024,), eps=1e-06)
      )
    )
    (norm): Qwen3RMSNorm((1024,), eps=1e-06)
    (rotary_emb): Qwen3RotaryEmbedding()
  )
  (lm_head): Linear(in_features=1024, out_features=151936, bias=False)
)

Processing dataset: Salesforce/wikitext (config: wikitext-2-raw-v1)
Attempting to generate 128 samples...
Applying special handling for wikitext: concatenating all documents.
Slicing concatenated wikitext:   0%|                                                                                                        | 0/128 [00:00<?, ?it/s]Slicing concatenated wikitext:  32%|██████████████████████████████                                                                | 41/128 [00:00<00:00, 400.55it/s]Slicing concatenated wikitext: 100%|█████████████████████████████████████████████████████████████████████████████████████████████| 128/128 [00:00<00:00, 902.00it/s]

Shuffling the final combined dataset (128 samples)...

Creating Hugging Face Dataset...
Calibration dataloader created with shape: torch.Size([128, 2048])
Loading cached calibration statistics from stats_q06.pt
Applying covariance shrinkage (strength: 0.4)...
Attaching statistics to 196 layers...
Registered i_norm and o_norm buffers to 196 layers
Rank calculation: Bits = (1.00), Scales: 2
Caching initial inputs & kwargs using Catcher...
Capturing inputs...
Initial input caching finished.
Compressing Layers:   0%|                                                                                                                    | 0/28 [00:00<?, ?it/s]Token indices sequence length is longer than the specified maximum sequence length for this model (299078 > 131072). Running this sequence through the model will result in indexing errors
Compressing Layers:   4%|███▊                                                                                                     | 1/28 [02:28<1:07:01, 148.96s/it]	(1/3) Block 1/28, self_attn.q_proj | Tuning Non-Factorized Weights...
		(Epoch 01/08) Block Loss: 0.0000e+00
		(Epoch 02/08) Block Loss: 0.0000e+00
		(Epoch 03/08) Block Loss: 0.0000e+00
		(Epoch 04/08) Block Loss: 0.0000e+00
		(Epoch 05/08) Block Loss: 0.0000e+00
		(Epoch 06/08) Block Loss: 0.0000e+00
		(Epoch 07/08) Block Loss: 0.0000e+00
		(Epoch 08/08) Block Loss: 0.0000e+00
	(2/3) Block 1/28, self_attn.q_proj | Initialization via ADMM...
		ADMM weight recon error: raw=679.4387, norm=0.3217, per_el=3.2398e-04, out_err=0.0636, ADMM time=3.60s
	(3/3) Block 1/28, self_attn.q_proj | Tuning Factorized Weights...
		(Epoch 01/08) Block Loss: 3.6122e-06
		(Epoch 02/08) Block Loss: 2.5000e-06
		(Epoch 03/08) Block Loss: 2.0572e-06
		(Epoch 04/08) Block Loss: 1.7976e-06
		(Epoch 05/08) Block Loss: 1.6350e-06
		(Epoch 06/08) Block Loss: 1.5345e-06
		(Epoch 07/08) Block Loss: 1.4636e-06
		(Epoch 08/08) Block Loss: 1.4031e-06
	(1/3) Block 1/28, self_attn.v_proj | Tuning Non-Factorized Weights...
		(Epoch 01/08) Block Loss: 1.8700e-06
		(Epoch 02/08) Block Loss: 1.2636e-06
		(Epoch 03/08) Block Loss: 1.0775e-06
		(Epoch 04/08) Block Loss: 9.1475e-07
		(Epoch 05/08) Block Loss: 7.9687e-07
		(Epoch 06/08) Block Loss: 7.1479e-07
		(Epoch 07/08) Block Loss: 6.8178e-07
		(Epoch 08/08) Block Loss: 6.6927e-07
	(2/3) Block 1/28, self_attn.v_proj | Initialization via ADMM...
		ADMM weight recon error: raw=290.4119, norm=0.3801, per_el=2.7696e-04, out_err=0.3629, ADMM time=2.69s
	(3/3) Block 1/28, self_attn.v_proj | Tuning Factorized Weights...
		(Epoch 01/08) Block Loss: 1.0800e-04
		(Epoch 02/08) Block Loss: 8.3099e-05
		(Epoch 03/08) Block Loss: 7.6412e-05
		(Epoch 04/08) Block Loss: 7.5296e-05
		(Epoch 05/08) Block Loss: 7.5529e-05
		(Epoch 06/08) Block Loss: 7.5671e-05
		(Epoch 07/08) Block Loss: 7.5700e-05
		(Epoch 08/08) Block Loss: 7.3464e-05
	(1/3) Block 1/28, self_attn.o_proj | Tuning Non-Factorized Weights...
		(Epoch 01/08) Block Loss: 5.1914e-05
		(Epoch 02/08) Block Loss: 3.6909e-05
		(Epoch 03/08) Block Loss: 3.0799e-05
		(Epoch 04/08) Block Loss: 2.7553e-05
		(Epoch 05/08) Block Loss: 2.5632e-05
		(Epoch 06/08) Block Loss: 2.4561e-05
		(Epoch 07/08) Block Loss: 2.4029e-05
		(Epoch 08/08) Block Loss: 2.3852e-05
	(2/3) Block 1/28, self_attn.o_proj | Initialization via ADMM...
		ADMM weight recon error: raw=569.7012, norm=0.3978, per_el=2.7165e-04, out_err=0.1729, ADMM time=2.84s
	(3/3) Block 1/28, self_attn.o_proj | Tuning Factorized Weights...
		(Epoch 01/08) Block Loss: 1.0699e-04
		(Epoch 02/08) Block Loss: 9.0375e-05
		(Epoch 03/08) Block Loss: 8.3265e-05
		(Epoch 04/08) Block Loss: 8.0118e-05
		(Epoch 05/08) Block Loss: 7.8953e-05
		(Epoch 06/08) Block Loss: 7.8201e-05
		(Epoch 07/08) Block Loss: 7.7830e-05
		(Epoch 08/08) Block Loss: 7.6633e-05
	(1/3) Block 1/28, self_attn.k_proj | Tuning Non-Factorized Weights...
		(Epoch 01/08) Block Loss: 6.2500e-05
		(Epoch 02/08) Block Loss: 5.0914e-05
		(Epoch 03/08) Block Loss: 4.5315e-05
		(Epoch 04/08) Block Loss: 4.2067e-05
		(Epoch 05/08) Block Loss: 4.0056e-05
		(Epoch 06/08) Block Loss: 3.8908e-05
		(Epoch 07/08) Block Loss: 3.8340e-05
		(Epoch 08/08) Block Loss: 3.8153e-05
	(2/3) Block 1/28, self_attn.k_proj | Initialization via ADMM...
		ADMM weight recon error: raw=307.7881, norm=0.3041, per_el=2.9353e-04, out_err=0.0448, ADMM time=3.17s
	(3/3) Block 1/28, self_attn.k_proj | Tuning Factorized Weights...
		(Epoch 01/08) Block Loss: 4.1062e-05
		(Epoch 02/08) Block Loss: 4.0238e-05
		(Epoch 03/08) Block Loss: 3.9890e-05
		(Epoch 04/08) Block Loss: 3.9680e-05
		(Epoch 05/08) Block Loss: 3.9550e-05
		(Epoch 06/08) Block Loss: 3.9470e-05
		(Epoch 07/08) Block Loss: 3.9423e-05
		(Epoch 08/08) Block Loss: 3.9396e-05
	(1/3) Block 1/28, mlp.gate_proj | Tuning Non-Factorized Weights...
		(Epoch 01/08) Block Loss: 3.8470e-05
		(Epoch 02/08) Block Loss: 3.5771e-05
		(Epoch 03/08) Block Loss: 3.3980e-05
		(Epoch 04/08) Block Loss: 3.2786e-05
		(Epoch 05/08) Block Loss: 3.1946e-05
		(Epoch 06/08) Block Loss: 3.1438e-05
		(Epoch 07/08) Block Loss: 3.1170e-05
		(Epoch 08/08) Block Loss: 3.1072e-05
	(2/3) Block 1/28, mlp.gate_proj | Initialization via ADMM...
		ADMM weight recon error: raw=1426.4496, norm=0.3230, per_el=4.5346e-04, out_err=0.0610, ADMM time=3.36s
	(3/3) Block 1/28, mlp.gate_proj | Tuning Factorized Weights...
		(Epoch 01/08) Block Loss: 4.8595e-05
		(Epoch 02/08) Block Loss: 4.2684e-05
		(Epoch 03/08) Block Loss: 4.1419e-05
		(Epoch 04/08) Block Loss: 4.0980e-05
		(Epoch 05/08) Block Loss: 4.0728e-05
		(Epoch 06/08) Block Loss: 4.0544e-05
		(Epoch 07/08) Block Loss: 4.0336e-05
		(Epoch 08/08) Block Loss: 3.9824e-05
	(1/3) Block 1/28, mlp.up_proj | Tuning Non-Factorized Weights...
		(Epoch 01/08) Block Loss: 3.7323e-05
		(Epoch 02/08) Block Loss: 3.5312e-05
		(Epoch 03/08) Block Loss: 3.4222e-05
		(Epoch 04/08) Block Loss: 3.3524e-05
		(Epoch 05/08) Block Loss: 3.3019e-05
		(Epoch 06/08) Block Loss: 3.2709e-05
		(Epoch 07/08) Block Loss: 3.2540e-05
		(Epoch 08/08) Block Loss: 3.2475e-05
	(2/3) Block 1/28, mlp.up_proj | Initialization via ADMM...
		ADMM weight recon error: raw=815.8499, norm=0.3517, per_el=2.5935e-04, out_err=0.2408, ADMM time=3.90s
	(3/3) Block 1/28, mlp.up_proj | Tuning Factorized Weights...
		(Epoch 01/08) Block Loss: 6.1998e-05
		(Epoch 02/08) Block Loss: 5.3576e-05
		(Epoch 03/08) Block Loss: 5.1646e-05
		(Epoch 04/08) Block Loss: 5.1058e-05
		(Epoch 05/08) Block Loss: 5.0912e-05
		(Epoch 06/08) Block Loss: 5.0397e-05
		(Epoch 07/08) Block Loss: 5.0188e-05
		(Epoch 08/08) Block Loss: 4.9061e-05
	(1/3) Block 1/28, mlp.down_proj | Tuning Non-Factorized Weights...
		(Epoch 01/08) Block Loss: 4.4812e-05
		(Epoch 02/08) Block Loss: 4.2405e-05
		(Epoch 03/08) Block Loss: 4.1224e-05
		(Epoch 04/08) Block Loss: 4.0531e-05
		(Epoch 05/08) Block Loss: 4.0079e-05
		(Epoch 06/08) Block Loss: 3.9818e-05
		(Epoch 07/08) Block Loss: 3.9682e-05
		(Epoch 08/08) Block Loss: 3.9634e-05
	(2/3) Block 1/28, mlp.down_proj | Initialization via ADMM...
		ADMM weight recon error: raw=858.4426, norm=0.3530, per_el=2.7289e-04, out_err=0.2469, ADMM time=1.91s
	(3/3) Block 1/28, mlp.down_proj | Tuning Factorized Weights...
		(Epoch 01/08) Block Loss: 8.5914e-05
		(Epoch 02/08) Block Loss: 8.1102e-05
		(Epoch 03/08) Block Loss: 7.9785e-05
		(Epoch 04/08) Block Loss: 7.9285e-05
		(Epoch 05/08) Block Loss: 7.9191e-05
		(Epoch 06/08) Block Loss: 7.8964e-05
		(Epoch 07/08) Block Loss: 7.8741e-05
		(Epoch 08/08) Block Loss: 7.7564e-05
		Block 0: relative block output error = 0.1239
Using sequence length: 2048 (model max: 2048)
		Block 0: Test Data PPL        = 18.070
	(1/3) Block 2/28, self_attn.q_proj | Tuning Non-Factorized Weights...
		(Epoch 01/08) Block Loss: 3.1128e-05
		(Epoch 02/08) Block Loss: 2.6448e-05
		(Epoch 03/08) Block Loss: 2.4321e-05
		(Epoch 04/08) Block Loss: 2.3095e-05
		(Epoch 05/08) Block Loss: 2.2336e-05
		(Epoch 06/08) Block Loss: 2.1852e-05
		(Epoch 07/08) Block Loss: 2.1608e-05
		(Epoch 08/08) Block Loss: 2.1519e-05
	(2/3) Block 2/28, self_attn.q_proj | Initialization via ADMM...
		ADMM weight recon error: raw=570.1284, norm=0.2806, per_el=2.7186e-04, out_err=0.0779, ADMM time=2.82s
	(3/3) Block 2/28, self_attn.q_proj | Tuning Factorized Weights...
		(Epoch 01/08) Block Loss: 2.2435e-05
		(Epoch 02/08) Block Loss: 2.2064e-05
		(Epoch 03/08) Block Loss: 2.1951e-05
		(Epoch 04/08) Block Loss: 2.1891e-05
		(Epoch 05/08) Block Loss: 2.1849e-05
		(Epoch 06/08) Block Loss: 2.1818e-05
		(Epoch 07/08) Block Loss: 2.1796e-05
		(Epoch 08/08) Block Loss: 2.1778e-05
	(1/3) Block 2/28, self_attn.v_proj | Tuning Non-Factorized Weights...
		(Epoch 01/08) Block Loss: 2.1692e-05
		(Epoch 02/08) Block Loss: 2.0580e-05
		(Epoch 03/08) Block Loss: 1.9886e-05
		(Epoch 04/08) Block Loss: 1.9343e-05
		(Epoch 05/08) Block Loss: 1.8976e-05
		(Epoch 06/08) Block Loss: 1.8734e-05
		(Epoch 07/08) Block Loss: 1.8604e-05
		(Epoch 08/08) Block Loss: 1.8554e-05
	(2/3) Block 2/28, self_attn.v_proj | Initialization via ADMM...
		ADMM weight recon error: raw=308.4051, norm=0.3521, per_el=2.9412e-04, out_err=0.2410, ADMM time=1.29s
	(3/3) Block 2/28, self_attn.v_proj | Tuning Factorized Weights...
Compressing Layers:   7%|███████▋                                                                                                   | 2/28 [04:29<57:10, 131.95s/it]		(Epoch 01/08) Block Loss: 2.1965e-05
		(Epoch 02/08) Block Loss: 2.0980e-05
		(Epoch 03/08) Block Loss: 2.0748e-05
		(Epoch 04/08) Block Loss: 2.0700e-05
		(Epoch 05/08) Block Loss: 2.0657e-05
		(Epoch 06/08) Block Loss: 2.0637e-05
		(Epoch 07/08) Block Loss: 2.0608e-05
		(Epoch 08/08) Block Loss: 2.0500e-05
	(1/3) Block 2/28, self_attn.o_proj | Tuning Non-Factorized Weights...
		(Epoch 01/08) Block Loss: 2.0003e-05
		(Epoch 02/08) Block Loss: 1.9177e-05
		(Epoch 03/08) Block Loss: 1.8714e-05
		(Epoch 04/08) Block Loss: 1.8364e-05
		(Epoch 05/08) Block Loss: 1.8117e-05
		(Epoch 06/08) Block Loss: 1.7941e-05
		(Epoch 07/08) Block Loss: 1.7846e-05
		(Epoch 08/08) Block Loss: 1.7807e-05
	(2/3) Block 2/28, self_attn.o_proj | Initialization via ADMM...
		ADMM weight recon error: raw=471.7992, norm=0.3009, per_el=2.2497e-04, out_err=0.1662, ADMM time=3.13s
	(3/3) Block 2/28, self_attn.o_proj | Tuning Factorized Weights...
		(Epoch 01/08) Block Loss: 2.1539e-05
		(Epoch 02/08) Block Loss: 2.0648e-05
		(Epoch 03/08) Block Loss: 2.0498e-05
		(Epoch 04/08) Block Loss: 2.0518e-05
		(Epoch 05/08) Block Loss: 2.0452e-05
		(Epoch 06/08) Block Loss: 2.0525e-05
		(Epoch 07/08) Block Loss: 2.0382e-05
		(Epoch 08/08) Block Loss: 2.0200e-05
	(1/3) Block 2/28, self_attn.k_proj | Tuning Non-Factorized Weights...
		(Epoch 01/08) Block Loss: 1.9480e-05
		(Epoch 02/08) Block Loss: 1.8750e-05
		(Epoch 03/08) Block Loss: 1.8371e-05
		(Epoch 04/08) Block Loss: 1.8121e-05
		(Epoch 05/08) Block Loss: 1.7928e-05
		(Epoch 06/08) Block Loss: 1.7802e-05
		(Epoch 07/08) Block Loss: 1.7728e-05
		(Epoch 08/08) Block Loss: 1.7696e-05
	(2/3) Block 2/28, self_attn.k_proj | Initialization via ADMM...
		ADMM weight recon error: raw=273.0273, norm=0.3007, per_el=2.6038e-04, out_err=0.0635, ADMM time=2.44s
	(3/3) Block 2/28, self_attn.k_proj | Tuning Factorized Weights...
		(Epoch 01/08) Block Loss: 1.8454e-05
		(Epoch 02/08) Block Loss: 1.8214e-05
		(Epoch 03/08) Block Loss: 1.8129e-05
		(Epoch 04/08) Block Loss: 1.8087e-05
		(Epoch 05/08) Block Loss: 1.8060e-05
		(Epoch 06/08) Block Loss: 1.8047e-05
		(Epoch 07/08) Block Loss: 1.8031e-05
		(Epoch 08/08) Block Loss: 1.8020e-05
	(1/3) Block 2/28, mlp.gate_proj | Tuning Non-Factorized Weights...
		(Epoch 01/08) Block Loss: 1.8144e-05
		(Epoch 02/08) Block Loss: 1.7802e-05
		(Epoch 03/08) Block Loss: 1.7570e-05
		(Epoch 04/08) Block Loss: 1.7408e-05
		(Epoch 05/08) Block Loss: 1.7270e-05
		(Epoch 06/08) Block Loss: 1.7176e-05
		(Epoch 07/08) Block Loss: 1.7118e-05
		(Epoch 08/08) Block Loss: 1.7092e-05
	(2/3) Block 2/28, mlp.gate_proj | Initialization via ADMM...
		ADMM weight recon error: raw=2129.2046, norm=0.3466, per_el=6.7686e-04, out_err=0.0266, ADMM time=1.90s
	(3/3) Block 2/28, mlp.gate_proj | Tuning Factorized Weights...
		(Epoch 01/08) Block Loss: 2.6891e-05
		(Epoch 02/08) Block Loss: 2.3966e-05
		(Epoch 03/08) Block Loss: 2.3197e-05
		(Epoch 04/08) Block Loss: 2.2874e-05
		(Epoch 05/08) Block Loss: 2.2709e-05
		(Epoch 06/08) Block Loss: 2.2607e-05
		(Epoch 07/08) Block Loss: 2.2521e-05
		(Epoch 08/08) Block Loss: 2.2333e-05
	(1/3) Block 2/28, mlp.up_proj | Tuning Non-Factorized Weights...
		(Epoch 01/08) Block Loss: 2.1304e-05
		(Epoch 02/08) Block Loss: 2.0473e-05
		(Epoch 03/08) Block Loss: 2.0097e-05
		(Epoch 04/08) Block Loss: 1.9877e-05
		(Epoch 05/08) Block Loss: 1.9713e-05
		(Epoch 06/08) Block Loss: 1.9610e-05
		(Epoch 07/08) Block Loss: 1.9549e-05
		(Epoch 08/08) Block Loss: 1.9523e-05
	(2/3) Block 2/28, mlp.up_proj | Initialization via ADMM...
		ADMM weight recon error: raw=670.4011, norm=0.3536, per_el=2.1311e-04, out_err=0.2406, ADMM time=3.67s
	(3/3) Block 2/28, mlp.up_proj | Tuning Factorized Weights...
		(Epoch 01/08) Block Loss: 3.2132e-05
		(Epoch 02/08) Block Loss: 2.9177e-05
		(Epoch 03/08) Block Loss: 2.8366e-05
		(Epoch 04/08) Block Loss: 2.8074e-05
		(Epoch 05/08) Block Loss: 2.7904e-05
		(Epoch 06/08) Block Loss: 2.7786e-05
		(Epoch 07/08) Block Loss: 2.7615e-05
		(Epoch 08/08) Block Loss: 2.7273e-05
	(1/3) Block 2/28, mlp.down_proj | Tuning Non-Factorized Weights...
		(Epoch 01/08) Block Loss: 2.5657e-05
		(Epoch 02/08) Block Loss: 2.4653e-05
		(Epoch 03/08) Block Loss: 2.4184e-05
		(Epoch 04/08) Block Loss: 2.3919e-05
		(Epoch 05/08) Block Loss: 2.3746e-05
		(Epoch 06/08) Block Loss: 2.3646e-05
		(Epoch 07/08) Block Loss: 2.3593e-05
		(Epoch 08/08) Block Loss: 2.3573e-05
	(2/3) Block 2/28, mlp.down_proj | Initialization via ADMM...
		ADMM weight recon error: raw=648.2989, norm=0.3523, per_el=2.0609e-04, out_err=0.2342, ADMM time=1.77s
	(3/3) Block 2/28, mlp.down_proj | Tuning Factorized Weights...
		(Epoch 01/08) Block Loss: 3.9841e-05
		(Epoch 02/08) Block Loss: 3.8304e-05
		(Epoch 03/08) Block Loss: 3.8115e-05
		(Epoch 04/08) Block Loss: 3.8118e-05
		(Epoch 05/08) Block Loss: 3.8125e-05
		(Epoch 06/08) Block Loss: 3.8054e-05
		(Epoch 07/08) Block Loss: 3.7947e-05
		(Epoch 08/08) Block Loss: 3.7461e-05
		Block 1: relative block output error = 0.0951
Using sequence length: 2048 (model max: 2048)
		Block 1: Test Data PPL        = 14.295
	(1/3) Block 3/28, self_attn.q_proj | Tuning Non-Factorized Weights...
		(Epoch 01/08) Block Loss: 5.6219e-05
		(Epoch 02/08) Block Loss: 3.3556e-05
		(Epoch 03/08) Block Loss: 2.7669e-05
		(Epoch 04/08) Block Loss: 2.4720e-05
		(Epoch 05/08) Block Loss: 2.3667e-05
		(Epoch 06/08) Block Loss: 2.3055e-05
		(Epoch 07/08) Block Loss: 2.2689e-05
		(Epoch 08/08) Block Loss: 2.2560e-05
	(2/3) Block 3/28, self_attn.q_proj | Initialization via ADMM...
		ADMM weight recon error: raw=531.8792, norm=0.2736, per_el=2.5362e-04, out_err=0.0765, ADMM time=2.91s
	(3/3) Block 3/28, self_attn.q_proj | Tuning Factorized Weights...
		(Epoch 01/08) Block Loss: 2.3445e-05
		(Epoch 02/08) Block Loss: 2.3178e-05
		(Epoch 03/08) Block Loss: 2.3090e-05
		(Epoch 04/08) Block Loss: 2.3039e-05
		(Epoch 05/08) Block Loss: 2.3002e-05
		(Epoch 06/08) Block Loss: 2.2974e-05
		(Epoch 07/08) Block Loss: 2.2956e-05
		(Epoch 08/08) Block Loss: 2.2937e-05
	(1/3) Block 3/28, self_attn.v_proj | Tuning Non-Factorized Weights...
		(Epoch 01/08) Block Loss: 2.9229e-05
		(Epoch 02/08) Block Loss: 2.8534e-05
		(Epoch 03/08) Block Loss: 2.2925e-05
		(Epoch 04/08) Block Loss: 2.1851e-05
		(Epoch 05/08) Block Loss: 2.1218e-05
		(Epoch 06/08) Block Loss: 2.0665e-05
		(Epoch 07/08) Block Loss: 2.0491e-05
		(Epoch 08/08) Block Loss: 2.0346e-05
	(2/3) Block 3/28, self_attn.v_proj | Initialization via ADMM...
		ADMM weight recon error: raw=287.0671, norm=0.3450, per_el=2.7377e-04, out_err=0.2364, ADMM time=2.55s
	(3/3) Block 3/28, self_attn.v_proj | Tuning Factorized Weights...
		(Epoch 01/08) Block Loss: 4.0700e-05
		(Epoch 02/08) Block Loss: 2.6140e-05
		(Epoch 03/08) Block Loss: 2.4473e-05
		(Epoch 04/08) Block Loss: 2.3882e-05
		(Epoch 05/08) Block Loss: 2.3672e-05
		(Epoch 06/08) Block Loss: 2.3507e-05
		(Epoch 07/08) Block Loss: 2.3369e-05
		(Epoch 08/08) Block Loss: 2.3296e-05
	(1/3) Block 3/28, self_attn.o_proj | Tuning Non-Factorized Weights...
		(Epoch 01/08) Block Loss: 2.5285e-05
		(Epoch 02/08) Block Loss: 2.3165e-05
		(Epoch 03/08) Block Loss: 2.2080e-05
		(Epoch 04/08) Block Loss: 2.1692e-05
		(Epoch 05/08) Block Loss: 2.0883e-05
		(Epoch 06/08) Block Loss: 2.0365e-05
		(Epoch 07/08) Block Loss: 2.0084e-05
		(Epoch 08/08) Block Loss: 1.9920e-05
	(2/3) Block 3/28, self_attn.o_proj | Initialization via ADMM...
		ADMM weight recon error: raw=421.1610, norm=0.2974, per_el=2.0083e-04, out_err=0.1821, ADMM time=2.86s
	(3/3) Block 3/28, self_attn.o_proj | Tuning Factorized Weights...
		(Epoch 01/08) Block Loss: 2.6985e-05
		(Epoch 02/08) Block Loss: 2.5124e-05
		(Epoch 03/08) Block Loss: 2.4161e-05
		(Epoch 04/08) Block Loss: 2.4121e-05
		(Epoch 05/08) Block Loss: 2.3815e-05
		(Epoch 06/08) Block Loss: 2.3614e-05
		(Epoch 07/08) Block Loss: 2.3485e-05
		(Epoch 08/08) Block Loss: 2.3429e-05
	(1/3) Block 3/28, self_attn.k_proj | Tuning Non-Factorized Weights...
		(Epoch 01/08) Block Loss: 2.2410e-05
		(Epoch 02/08) Block Loss: 2.1161e-05
		(Epoch 03/08) Block Loss: 2.0599e-05
		(Epoch 04/08) Block Loss: 2.0350e-05
		(Epoch 05/08) Block Loss: 2.0124e-05
		(Epoch 06/08) Block Loss: 1.9997e-05
Compressing Layers:  11%|███████████▍                                                                                               | 3/28 [06:36<54:03, 129.75s/it]		(Epoch 07/08) Block Loss: 1.9862e-05
		(Epoch 08/08) Block Loss: 1.9822e-05
	(2/3) Block 3/28, self_attn.k_proj | Initialization via ADMM...
		ADMM weight recon error: raw=256.0625, norm=0.2977, per_el=2.4420e-04, out_err=0.0604, ADMM time=1.19s
	(3/3) Block 3/28, self_attn.k_proj | Tuning Factorized Weights...
		(Epoch 01/08) Block Loss: 2.0518e-05
		(Epoch 02/08) Block Loss: 2.0321e-05
		(Epoch 03/08) Block Loss: 2.0252e-05
		(Epoch 04/08) Block Loss: 2.0216e-05
		(Epoch 05/08) Block Loss: 2.0194e-05
		(Epoch 06/08) Block Loss: 2.0180e-05
		(Epoch 07/08) Block Loss: 2.0169e-05
		(Epoch 08/08) Block Loss: 2.0159e-05
	(1/3) Block 3/28, mlp.gate_proj | Tuning Non-Factorized Weights...
		(Epoch 01/08) Block Loss: 2.0586e-05
		(Epoch 02/08) Block Loss: 2.0113e-05
		(Epoch 03/08) Block Loss: 1.9783e-05
		(Epoch 04/08) Block Loss: 1.9647e-05
		(Epoch 05/08) Block Loss: 1.9468e-05
		(Epoch 06/08) Block Loss: 1.9323e-05
		(Epoch 07/08) Block Loss: 1.9262e-05
		(Epoch 08/08) Block Loss: 1.9232e-05
	(2/3) Block 3/28, mlp.gate_proj | Initialization via ADMM...
		ADMM weight recon error: raw=1678.5117, norm=0.3278, per_el=5.3358e-04, out_err=0.0390, ADMM time=3.34s
	(3/3) Block 3/28, mlp.gate_proj | Tuning Factorized Weights...
		(Epoch 01/08) Block Loss: 1.1432e-04
		(Epoch 02/08) Block Loss: 2.7540e-05
		(Epoch 03/08) Block Loss: 2.6707e-05
		(Epoch 04/08) Block Loss: 2.6235e-05
		(Epoch 05/08) Block Loss: 2.5848e-05
		(Epoch 06/08) Block Loss: 2.5761e-05
		(Epoch 07/08) Block Loss: 2.5609e-05
		(Epoch 08/08) Block Loss: 2.5326e-05
	(1/3) Block 3/28, mlp.up_proj | Tuning Non-Factorized Weights...
		(Epoch 01/08) Block Loss: 2.4605e-05
		(Epoch 02/08) Block Loss: 2.3457e-05
		(Epoch 03/08) Block Loss: 2.3057e-05
		(Epoch 04/08) Block Loss: 2.2850e-05
		(Epoch 05/08) Block Loss: 2.2595e-05
		(Epoch 06/08) Block Loss: 2.2434e-05
		(Epoch 07/08) Block Loss: 2.2359e-05
		(Epoch 08/08) Block Loss: 2.2318e-05
	(2/3) Block 3/28, mlp.up_proj | Initialization via ADMM...
		ADMM weight recon error: raw=665.4780, norm=0.3452, per_el=2.1155e-04, out_err=0.2572, ADMM time=2.35s
	(3/3) Block 3/28, mlp.up_proj | Tuning Factorized Weights...
		(Epoch 01/08) Block Loss: 5.8550e-05
		(Epoch 02/08) Block Loss: 3.3328e-05
		(Epoch 03/08) Block Loss: 3.2221e-05
		(Epoch 04/08) Block Loss: 3.1691e-05
		(Epoch 05/08) Block Loss: 3.1511e-05
		(Epoch 06/08) Block Loss: 3.1248e-05
		(Epoch 07/08) Block Loss: 3.1165e-05
		(Epoch 08/08) Block Loss: 3.0841e-05
	(1/3) Block 3/28, mlp.down_proj | Tuning Non-Factorized Weights...
		(Epoch 01/08) Block Loss: 2.9613e-05
		(Epoch 02/08) Block Loss: 2.8451e-05
		(Epoch 03/08) Block Loss: 2.7943e-05
		(Epoch 04/08) Block Loss: 2.7631e-05
		(Epoch 05/08) Block Loss: 2.7433e-05
		(Epoch 06/08) Block Loss: 2.7318e-05
		(Epoch 07/08) Block Loss: 2.7249e-05
		(Epoch 08/08) Block Loss: 2.7219e-05
	(2/3) Block 3/28, mlp.down_proj | Initialization via ADMM...
		ADMM weight recon error: raw=685.4701, norm=0.3441, per_el=2.1791e-04, out_err=0.2723, ADMM time=2.38s
	(3/3) Block 3/28, mlp.down_proj | Tuning Factorized Weights...
		(Epoch 01/08) Block Loss: 1.1873e-03
		(Epoch 02/08) Block Loss: 1.0604e-03
		(Epoch 03/08) Block Loss: 9.6694e-04
		(Epoch 04/08) Block Loss: 8.7845e-04
		(Epoch 05/08) Block Loss: 8.2092e-04
		(Epoch 06/08) Block Loss: 7.8578e-04
		(Epoch 07/08) Block Loss: 7.6622e-04
		(Epoch 08/08) Block Loss: 7.6111e-04
		Block 2: relative block output error = 0.0144
Using sequence length: 2048 (model max: 2048)
		Block 2: Test Data PPL        = 18.229
	(1/3) Block 4/28, self_attn.q_proj | Tuning Non-Factorized Weights...
		(Epoch 01/08) Block Loss: 5.0525e-04
		(Epoch 02/08) Block Loss: 4.8866e-04
		(Epoch 03/08) Block Loss: 4.4549e-04
		(Epoch 04/08) Block Loss: 3.7896e-04
		(Epoch 05/08) Block Loss: 3.2105e-04
		(Epoch 06/08) Block Loss: 2.8345e-04
		(Epoch 07/08) Block Loss: 2.6539e-04
		(Epoch 08/08) Block Loss: 2.6002e-04
	(2/3) Block 4/28, self_attn.q_proj | Initialization via ADMM...
		ADMM weight recon error: raw=556.4217, norm=0.2839, per_el=2.6532e-04, out_err=0.0586, ADMM time=2.21s
	(3/3) Block 4/28, self_attn.q_proj | Tuning Factorized Weights...
		(Epoch 01/08) Block Loss: 2.6128e-04
		(Epoch 02/08) Block Loss: 2.6048e-04
		(Epoch 03/08) Block Loss: 2.6016e-04
		(Epoch 04/08) Block Loss: 2.5998e-04
		(Epoch 05/08) Block Loss: 2.5981e-04
		(Epoch 06/08) Block Loss: 2.5970e-04
		(Epoch 07/08) Block Loss: 2.5965e-04
		(Epoch 08/08) Block Loss: 2.5961e-04
	(1/3) Block 4/28, self_attn.v_proj | Tuning Non-Factorized Weights...
		(Epoch 01/08) Block Loss: 2.2198e-04
		(Epoch 02/08) Block Loss: 1.3797e-04
		(Epoch 03/08) Block Loss: 8.0854e-05
		(Epoch 04/08) Block Loss: 5.7393e-05
		(Epoch 05/08) Block Loss: 4.9008e-05
		(Epoch 06/08) Block Loss: 4.5454e-05
		(Epoch 07/08) Block Loss: 4.3221e-05
		(Epoch 08/08) Block Loss: 4.2485e-05
	(2/3) Block 4/28, self_attn.v_proj | Initialization via ADMM...
		ADMM weight recon error: raw=338.1073, norm=0.3368, per_el=3.2244e-04, out_err=0.2532, ADMM time=1.73s
	(3/3) Block 4/28, self_attn.v_proj | Tuning Factorized Weights...
		(Epoch 01/08) Block Loss: 4.8661e-05
		(Epoch 02/08) Block Loss: 4.6552e-05
		(Epoch 03/08) Block Loss: 4.5524e-05
		(Epoch 04/08) Block Loss: 4.5159e-05
		(Epoch 05/08) Block Loss: 4.5019e-05
		(Epoch 06/08) Block Loss: 4.4914e-05
		(Epoch 07/08) Block Loss: 4.4819e-05
		(Epoch 08/08) Block Loss: 4.4756e-05
	(1/3) Block 4/28, self_attn.o_proj | Tuning Non-Factorized Weights...
		(Epoch 01/08) Block Loss: 4.3146e-05
		(Epoch 02/08) Block Loss: 3.6668e-05
		(Epoch 03/08) Block Loss: 3.3509e-05
		(Epoch 04/08) Block Loss: 3.1858e-05
		(Epoch 05/08) Block Loss: 3.0982e-05
		(Epoch 06/08) Block Loss: 3.0461e-05
		(Epoch 07/08) Block Loss: 3.0217e-05
		(Epoch 08/08) Block Loss: 3.0135e-05
	(2/3) Block 4/28, self_attn.o_proj | Initialization via ADMM...
		ADMM weight recon error: raw=516.9402, norm=0.3005, per_el=2.4650e-04, out_err=0.1759, ADMM time=2.25s
	(3/3) Block 4/28, self_attn.o_proj | Tuning Factorized Weights...
		(Epoch 01/08) Block Loss: 3.9037e-05
		(Epoch 02/08) Block Loss: 3.3723e-05
		(Epoch 03/08) Block Loss: 3.3051e-05
		(Epoch 04/08) Block Loss: 3.2766e-05
		(Epoch 05/08) Block Loss: 3.2561e-05
		(Epoch 06/08) Block Loss: 3.2527e-05
		(Epoch 07/08) Block Loss: 3.2401e-05
		(Epoch 08/08) Block Loss: 3.2232e-05
	(1/3) Block 4/28, self_attn.k_proj | Tuning Non-Factorized Weights...
		(Epoch 01/08) Block Loss: 3.1718e-05
		(Epoch 02/08) Block Loss: 3.0578e-05
		(Epoch 03/08) Block Loss: 2.9797e-05
		(Epoch 04/08) Block Loss: 2.9394e-05
		(Epoch 05/08) Block Loss: 2.9031e-05
		(Epoch 06/08) Block Loss: 2.8826e-05
		(Epoch 07/08) Block Loss: 2.8647e-05
		(Epoch 08/08) Block Loss: 2.8597e-05
	(2/3) Block 4/28, self_attn.k_proj | Initialization via ADMM...
		ADMM weight recon error: raw=269.6219, norm=0.3009, per_el=2.5713e-04, out_err=0.0940, ADMM time=1.45s
	(3/3) Block 4/28, self_attn.k_proj | Tuning Factorized Weights...
		(Epoch 01/08) Block Loss: 2.9619e-05
		(Epoch 02/08) Block Loss: 2.9290e-05
		(Epoch 03/08) Block Loss: 2.9194e-05
		(Epoch 04/08) Block Loss: 2.9135e-05
		(Epoch 05/08) Block Loss: 2.9109e-05
		(Epoch 06/08) Block Loss: 2.9083e-05
		(Epoch 07/08) Block Loss: 2.9065e-05
		(Epoch 08/08) Block Loss: 2.9055e-05
	(1/3) Block 4/28, mlp.gate_proj | Tuning Non-Factorized Weights...
		(Epoch 01/08) Block Loss: 2.9306e-05
		(Epoch 02/08) Block Loss: 2.8850e-05
		(Epoch 03/08) Block Loss: 2.8375e-05
		(Epoch 04/08) Block Loss: 2.8165e-05
		(Epoch 05/08) Block Loss: 2.7923e-05
		(Epoch 06/08) Block Loss: 2.7783e-05
		(Epoch 07/08) Block Loss: 2.7653e-05
		(Epoch 08/08) Block Loss: 2.7614e-05
	(2/3) Block 4/28, mlp.gate_proj | Initialization via ADMM...
		ADMM weight recon error: raw=1787.2898, norm=0.3266, per_el=5.6816e-04, out_err=0.0398, ADMM time=2.47s
	(3/3) Block 4/28, mlp.gate_proj | Tuning Factorized Weights...
		(Epoch 01/08) Block Loss: 3.8054e-05
		(Epoch 02/08) Block Loss: 3.4811e-05
		(Epoch 03/08) Block Loss: 3.3797e-05
		(Epoch 04/08) Block Loss: 3.3380e-05
		(Epoch 05/08) Block Loss: 3.3130e-05
		(Epoch 06/08) Block Loss: 3.3027e-05
		(Epoch 07/08) Block Loss: 3.2883e-05
		(Epoch 08/08) Block Loss: 3.2718e-05
Compressing Layers:  14%|███████████████▎                                                                                           | 4/28 [08:21<48:02, 120.10s/it]	(1/3) Block 4/28, mlp.up_proj | Tuning Non-Factorized Weights...
		(Epoch 01/08) Block Loss: 3.2198e-05
		(Epoch 02/08) Block Loss: 3.1444e-05
		(Epoch 03/08) Block Loss: 3.0917e-05
		(Epoch 04/08) Block Loss: 3.0714e-05
		(Epoch 05/08) Block Loss: 3.0497e-05
		(Epoch 06/08) Block Loss: 3.0352e-05
		(Epoch 07/08) Block Loss: 3.0241e-05
		(Epoch 08/08) Block Loss: 3.0211e-05
	(2/3) Block 4/28, mlp.up_proj | Initialization via ADMM...
		ADMM weight recon error: raw=728.6013, norm=0.3253, per_el=2.3162e-04, out_err=0.2166, ADMM time=1.73s
	(3/3) Block 4/28, mlp.up_proj | Tuning Factorized Weights...
		(Epoch 01/08) Block Loss: 4.4427e-05
		(Epoch 02/08) Block Loss: 4.0871e-05
		(Epoch 03/08) Block Loss: 3.9720e-05
		(Epoch 04/08) Block Loss: 3.9248e-05
		(Epoch 05/08) Block Loss: 3.9026e-05
		(Epoch 06/08) Block Loss: 3.8917e-05
		(Epoch 07/08) Block Loss: 3.8678e-05
		(Epoch 08/08) Block Loss: 3.8414e-05
	(1/3) Block 4/28, mlp.down_proj | Tuning Non-Factorized Weights...
		(Epoch 01/08) Block Loss: 3.7105e-05
		(Epoch 02/08) Block Loss: 3.6113e-05
		(Epoch 03/08) Block Loss: 3.5534e-05
		(Epoch 04/08) Block Loss: 3.5263e-05
		(Epoch 05/08) Block Loss: 3.5053e-05
		(Epoch 06/08) Block Loss: 3.4904e-05
		(Epoch 07/08) Block Loss: 3.4825e-05
		(Epoch 08/08) Block Loss: 3.4799e-05
	(2/3) Block 4/28, mlp.down_proj | Initialization via ADMM...
		ADMM weight recon error: raw=693.9346, norm=0.3311, per_el=2.2060e-04, out_err=0.2302, ADMM time=1.73s
	(3/3) Block 4/28, mlp.down_proj | Tuning Factorized Weights...
		(Epoch 01/08) Block Loss: 5.2062e-05
		(Epoch 02/08) Block Loss: 4.9932e-05
		(Epoch 03/08) Block Loss: 4.9739e-05
		(Epoch 04/08) Block Loss: 5.0272e-05
		(Epoch 05/08) Block Loss: 5.0290e-05
		(Epoch 06/08) Block Loss: 5.0173e-05
		(Epoch 07/08) Block Loss: 5.0114e-05
		(Epoch 08/08) Block Loss: 4.9182e-05
		Block 3: relative block output error = 0.0014
Using sequence length: 2048 (model max: 2048)
		Block 3: Test Data PPL        = 19.271
	(1/3) Block 5/28, self_attn.q_proj | Tuning Non-Factorized Weights...
		(Epoch 01/08) Block Loss: 3.6383e-05
		(Epoch 02/08) Block Loss: 3.2627e-05
		(Epoch 03/08) Block Loss: 3.0659e-05
		(Epoch 04/08) Block Loss: 2.9501e-05
		(Epoch 05/08) Block Loss: 2.8734e-05
		(Epoch 06/08) Block Loss: 2.8276e-05
		(Epoch 07/08) Block Loss: 2.8033e-05
		(Epoch 08/08) Block Loss: 2.7945e-05
	(2/3) Block 5/28, self_attn.q_proj | Initialization via ADMM...
		ADMM weight recon error: raw=579.4083, norm=0.3122, per_el=2.7628e-04, out_err=0.0704, ADMM time=1.41s
	(3/3) Block 5/28, self_attn.q_proj | Tuning Factorized Weights...
		(Epoch 01/08) Block Loss: 2.9637e-05
		(Epoch 02/08) Block Loss: 2.8924e-05
		(Epoch 03/08) Block Loss: 2.8766e-05
		(Epoch 04/08) Block Loss: 2.8675e-05
		(Epoch 05/08) Block Loss: 2.8619e-05
		(Epoch 06/08) Block Loss: 2.8577e-05
		(Epoch 07/08) Block Loss: 2.8550e-05
		(Epoch 08/08) Block Loss: 2.8525e-05
	(1/3) Block 5/28, self_attn.v_proj | Tuning Non-Factorized Weights...
		(Epoch 01/08) Block Loss: 2.8538e-05
		(Epoch 02/08) Block Loss: 2.7498e-05
		(Epoch 03/08) Block Loss: 2.6733e-05
		(Epoch 04/08) Block Loss: 2.6194e-05
		(Epoch 05/08) Block Loss: 2.5801e-05
		(Epoch 06/08) Block Loss: 2.5550e-05
		(Epoch 07/08) Block Loss: 2.5410e-05
		(Epoch 08/08) Block Loss: 2.5355e-05
	(2/3) Block 5/28, self_attn.v_proj | Initialization via ADMM...
		ADMM weight recon error: raw=345.8540, norm=0.3679, per_el=3.2983e-04, out_err=0.2922, ADMM time=1.16s
	(3/3) Block 5/28, self_attn.v_proj | Tuning Factorized Weights...
		(Epoch 01/08) Block Loss: 3.1629e-05
		(Epoch 02/08) Block Loss: 3.0403e-05
		(Epoch 03/08) Block Loss: 2.9889e-05
		(Epoch 04/08) Block Loss: 2.9615e-05
		(Epoch 05/08) Block Loss: 2.9464e-05
		(Epoch 06/08) Block Loss: 2.9387e-05
		(Epoch 07/08) Block Loss: 2.9344e-05
		(Epoch 08/08) Block Loss: 2.9275e-05
	(1/3) Block 5/28, self_attn.o_proj | Tuning Non-Factorized Weights...
		(Epoch 01/08) Block Loss: 2.8266e-05
		(Epoch 02/08) Block Loss: 2.7043e-05
		(Epoch 03/08) Block Loss: 2.6415e-05
		(Epoch 04/08) Block Loss: 2.6004e-05
		(Epoch 05/08) Block Loss: 2.5715e-05
		(Epoch 06/08) Block Loss: 2.5507e-05
		(Epoch 07/08) Block Loss: 2.5391e-05
		(Epoch 08/08) Block Loss: 2.5344e-05
	(2/3) Block 5/28, self_attn.o_proj | Initialization via ADMM...
		ADMM weight recon error: raw=526.9319, norm=0.3327, per_el=2.5126e-04, out_err=0.2820, ADMM time=1.69s
	(3/3) Block 5/28, self_attn.o_proj | Tuning Factorized Weights...
		(Epoch 01/08) Block Loss: 3.0265e-05
		(Epoch 02/08) Block Loss: 2.9351e-05
		(Epoch 03/08) Block Loss: 2.9006e-05
		(Epoch 04/08) Block Loss: 2.8897e-05
		(Epoch 05/08) Block Loss: 2.8902e-05
		(Epoch 06/08) Block Loss: 2.8755e-05
		(Epoch 07/08) Block Loss: 2.8761e-05
		(Epoch 08/08) Block Loss: 2.8564e-05
	(1/3) Block 5/28, self_attn.k_proj | Tuning Non-Factorized Weights...
		(Epoch 01/08) Block Loss: 2.7798e-05
		(Epoch 02/08) Block Loss: 2.6893e-05
		(Epoch 03/08) Block Loss: 2.6433e-05
		(Epoch 04/08) Block Loss: 2.6138e-05
		(Epoch 05/08) Block Loss: 2.5912e-05
		(Epoch 06/08) Block Loss: 2.5765e-05
		(Epoch 07/08) Block Loss: 2.5677e-05
		(Epoch 08/08) Block Loss: 2.5640e-05
	(2/3) Block 5/28, self_attn.k_proj | Initialization via ADMM...
		ADMM weight recon error: raw=267.9622, norm=0.3101, per_el=2.5555e-04, out_err=0.0674, ADMM time=1.09s
	(3/3) Block 5/28, self_attn.k_proj | Tuning Factorized Weights...
		(Epoch 01/08) Block Loss: 2.6707e-05
		(Epoch 02/08) Block Loss: 2.6339e-05
		(Epoch 03/08) Block Loss: 2.6249e-05
		(Epoch 04/08) Block Loss: 2.6196e-05
		(Epoch 05/08) Block Loss: 2.6163e-05
		(Epoch 06/08) Block Loss: 2.6142e-05
		(Epoch 07/08) Block Loss: 2.6130e-05
		(Epoch 08/08) Block Loss: 2.6121e-05
	(1/3) Block 5/28, mlp.gate_proj | Tuning Non-Factorized Weights...
		(Epoch 01/08) Block Loss: 2.6267e-05
		(Epoch 02/08) Block Loss: 2.5854e-05
		(Epoch 03/08) Block Loss: 2.5590e-05
		(Epoch 04/08) Block Loss: 2.5408e-05
		(Epoch 05/08) Block Loss: 2.5253e-05
		(Epoch 06/08) Block Loss: 2.5149e-05
		(Epoch 07/08) Block Loss: 2.5083e-05
		(Epoch 08/08) Block Loss: 2.5054e-05
	(2/3) Block 5/28, mlp.gate_proj | Initialization via ADMM...
		ADMM weight recon error: raw=1569.2438, norm=0.3405, per_el=4.9885e-04, out_err=0.0511, ADMM time=2.66s
	(3/3) Block 5/28, mlp.gate_proj | Tuning Factorized Weights...
		(Epoch 01/08) Block Loss: 3.4104e-05
		(Epoch 02/08) Block Loss: 3.1483e-05
		(Epoch 03/08) Block Loss: 3.0768e-05
		(Epoch 04/08) Block Loss: 3.0465e-05
		(Epoch 05/08) Block Loss: 3.0319e-05
		(Epoch 06/08) Block Loss: 3.0197e-05
		(Epoch 07/08) Block Loss: 3.0108e-05
		(Epoch 08/08) Block Loss: 2.9933e-05
	(1/3) Block 5/28, mlp.up_proj | Tuning Non-Factorized Weights...
		(Epoch 01/08) Block Loss: 2.9196e-05
		(Epoch 02/08) Block Loss: 2.8481e-05
		(Epoch 03/08) Block Loss: 2.8134e-05
		(Epoch 04/08) Block Loss: 2.7925e-05
		(Epoch 05/08) Block Loss: 2.7766e-05
		(Epoch 06/08) Block Loss: 2.7665e-05
		(Epoch 07/08) Block Loss: 2.7603e-05
		(Epoch 08/08) Block Loss: 2.7577e-05
	(2/3) Block 5/28, mlp.up_proj | Initialization via ADMM...
		ADMM weight recon error: raw=745.0495, norm=0.3555, per_el=2.3684e-04, out_err=0.2531, ADMM time=2.32s
	(3/3) Block 5/28, mlp.up_proj | Tuning Factorized Weights...
		(Epoch 01/08) Block Loss: 4.0736e-05
		(Epoch 02/08) Block Loss: 3.7954e-05
		(Epoch 03/08) Block Loss: 3.7250e-05
		(Epoch 04/08) Block Loss: 3.6931e-05
		(Epoch 05/08) Block Loss: 3.6802e-05
		(Epoch 06/08) Block Loss: 3.6658e-05
		(Epoch 07/08) Block Loss: 3.6516e-05
		(Epoch 08/08) Block Loss: 3.6121e-05
	(1/3) Block 5/28, mlp.down_proj | Tuning Non-Factorized Weights...
		(Epoch 01/08) Block Loss: 3.4554e-05
		(Epoch 02/08) Block Loss: 3.3525e-05
		(Epoch 03/08) Block Loss: 3.3027e-05
		(Epoch 04/08) Block Loss: 3.2744e-05
		(Epoch 05/08) Block Loss: 3.2561e-05
		(Epoch 06/08) Block Loss: 3.2455e-05
		(Epoch 07/08) Block Loss: 3.2398e-05
		(Epoch 08/08) Block Loss: 3.2378e-05
	(2/3) Block 5/28, mlp.down_proj | Initialization via ADMM...
		ADMM weight recon error: raw=699.6967, norm=0.3471, per_el=2.2243e-04, out_err=0.2709, ADMM time=1.40s
	(3/3) Block 5/28, mlp.down_proj | Tuning Factorized Weights...
Compressing Layers:  18%|███████████████████                                                                                        | 5/28 [10:02<43:21, 113.10s/it]Compressing Layers:  21%|██████████████████████▉                                                                                    | 6/28 [11:37<39:16, 107.11s/it]		(Epoch 01/08) Block Loss: 4.9995e-05
		(Epoch 02/08) Block Loss: 4.8758e-05
		(Epoch 03/08) Block Loss: 4.8652e-05
		(Epoch 04/08) Block Loss: 4.8754e-05
		(Epoch 05/08) Block Loss: 4.9072e-05
		(Epoch 06/08) Block Loss: 4.8749e-05
		(Epoch 07/08) Block Loss: 4.8668e-05
		(Epoch 08/08) Block Loss: 4.8122e-05
		Block 4: relative block output error = 0.0017
Using sequence length: 2048 (model max: 2048)
		Block 4: Test Data PPL        = 18.964
	(1/3) Block 6/28, self_attn.q_proj | Tuning Non-Factorized Weights...
		(Epoch 01/08) Block Loss: 3.6611e-05
		(Epoch 02/08) Block Loss: 3.3037e-05
		(Epoch 03/08) Block Loss: 3.1331e-05
		(Epoch 04/08) Block Loss: 3.0307e-05
		(Epoch 05/08) Block Loss: 2.9623e-05
		(Epoch 06/08) Block Loss: 2.9218e-05
		(Epoch 07/08) Block Loss: 2.9004e-05
		(Epoch 08/08) Block Loss: 2.8926e-05
	(2/3) Block 6/28, self_attn.q_proj | Initialization via ADMM...
		ADMM weight recon error: raw=593.7534, norm=0.2969, per_el=2.8312e-04, out_err=0.0713, ADMM time=1.23s
	(3/3) Block 6/28, self_attn.q_proj | Tuning Factorized Weights...
		(Epoch 01/08) Block Loss: 3.0369e-05
		(Epoch 02/08) Block Loss: 2.9829e-05
		(Epoch 03/08) Block Loss: 2.9673e-05
		(Epoch 04/08) Block Loss: 2.9589e-05
		(Epoch 05/08) Block Loss: 2.9537e-05
		(Epoch 06/08) Block Loss: 2.9504e-05
		(Epoch 07/08) Block Loss: 2.9474e-05
		(Epoch 08/08) Block Loss: 2.9453e-05
	(1/3) Block 6/28, self_attn.v_proj | Tuning Non-Factorized Weights...
		(Epoch 01/08) Block Loss: 2.9393e-05
		(Epoch 02/08) Block Loss: 2.8393e-05
		(Epoch 03/08) Block Loss: 2.7725e-05
		(Epoch 04/08) Block Loss: 2.7276e-05
		(Epoch 05/08) Block Loss: 2.6931e-05
		(Epoch 06/08) Block Loss: 2.6711e-05
		(Epoch 07/08) Block Loss: 2.6586e-05
		(Epoch 08/08) Block Loss: 2.6536e-05
	(2/3) Block 6/28, self_attn.v_proj | Initialization via ADMM...
		ADMM weight recon error: raw=311.4578, norm=0.3656, per_el=2.9703e-04, out_err=0.2631, ADMM time=1.17s
	(3/3) Block 6/28, self_attn.v_proj | Tuning Factorized Weights...
		(Epoch 01/08) Block Loss: 3.1753e-05
		(Epoch 02/08) Block Loss: 3.0760e-05
		(Epoch 03/08) Block Loss: 3.0327e-05
		(Epoch 04/08) Block Loss: 3.0106e-05
		(Epoch 05/08) Block Loss: 2.9983e-05
		(Epoch 06/08) Block Loss: 2.9914e-05
		(Epoch 07/08) Block Loss: 2.9879e-05
		(Epoch 08/08) Block Loss: 2.9827e-05
	(1/3) Block 6/28, self_attn.o_proj | Tuning Non-Factorized Weights...
		(Epoch 01/08) Block Loss: 2.8997e-05
		(Epoch 02/08) Block Loss: 2.7966e-05
		(Epoch 03/08) Block Loss: 2.7431e-05
		(Epoch 04/08) Block Loss: 2.7084e-05
		(Epoch 05/08) Block Loss: 2.6817e-05
		(Epoch 06/08) Block Loss: 2.6647e-05
		(Epoch 07/08) Block Loss: 2.6548e-05
		(Epoch 08/08) Block Loss: 2.6507e-05
	(2/3) Block 6/28, self_attn.o_proj | Initialization via ADMM...
		ADMM weight recon error: raw=545.8605, norm=0.3481, per_el=2.6029e-04, out_err=0.2428, ADMM time=1.69s
	(3/3) Block 6/28, self_attn.o_proj | Tuning Factorized Weights...
		(Epoch 01/08) Block Loss: 3.1848e-05
		(Epoch 02/08) Block Loss: 3.1029e-05
		(Epoch 03/08) Block Loss: 3.0831e-05
		(Epoch 04/08) Block Loss: 3.0844e-05
		(Epoch 05/08) Block Loss: 3.0836e-05
		(Epoch 06/08) Block Loss: 3.0828e-05
		(Epoch 07/08) Block Loss: 3.0745e-05
		(Epoch 08/08) Block Loss: 3.0479e-05
	(1/3) Block 6/28, self_attn.k_proj | Tuning Non-Factorized Weights...
		(Epoch 01/08) Block Loss: 2.9415e-05
		(Epoch 02/08) Block Loss: 2.8470e-05
		(Epoch 03/08) Block Loss: 2.8009e-05
		(Epoch 04/08) Block Loss: 2.7723e-05
		(Epoch 05/08) Block Loss: 2.7504e-05
		(Epoch 06/08) Block Loss: 2.7366e-05
		(Epoch 07/08) Block Loss: 2.7285e-05
		(Epoch 08/08) Block Loss: 2.7252e-05
	(2/3) Block 6/28, self_attn.k_proj | Initialization via ADMM...
		ADMM weight recon error: raw=266.1938, norm=0.3154, per_el=2.5386e-04, out_err=0.0776, ADMM time=1.12s
	(3/3) Block 6/28, self_attn.k_proj | Tuning Factorized Weights...
		(Epoch 01/08) Block Loss: 2.8115e-05
		(Epoch 02/08) Block Loss: 2.7855e-05
		(Epoch 03/08) Block Loss: 2.7781e-05
		(Epoch 04/08) Block Loss: 2.7740e-05
		(Epoch 05/08) Block Loss: 2.7714e-05
		(Epoch 06/08) Block Loss: 2.7698e-05
		(Epoch 07/08) Block Loss: 2.7686e-05
		(Epoch 08/08) Block Loss: 2.7676e-05
	(1/3) Block 6/28, mlp.gate_proj | Tuning Non-Factorized Weights...
		(Epoch 01/08) Block Loss: 2.7800e-05
		(Epoch 02/08) Block Loss: 2.7426e-05
		(Epoch 03/08) Block Loss: 2.7185e-05
		(Epoch 04/08) Block Loss: 2.7020e-05
		(Epoch 05/08) Block Loss: 2.6878e-05
		(Epoch 06/08) Block Loss: 2.6783e-05
		(Epoch 07/08) Block Loss: 2.6723e-05
		(Epoch 08/08) Block Loss: 2.6697e-05
	(2/3) Block 6/28, mlp.gate_proj | Initialization via ADMM...
		ADMM weight recon error: raw=1255.7097, norm=0.3354, per_el=3.9918e-04, out_err=0.0773, ADMM time=1.69s
	(3/3) Block 6/28, mlp.gate_proj | Tuning Factorized Weights...
		(Epoch 01/08) Block Loss: 3.4482e-05
		(Epoch 02/08) Block Loss: 3.2777e-05
		(Epoch 03/08) Block Loss: 3.2303e-05
		(Epoch 04/08) Block Loss: 3.2120e-05
		(Epoch 05/08) Block Loss: 3.2033e-05
		(Epoch 06/08) Block Loss: 3.1963e-05
		(Epoch 07/08) Block Loss: 3.1873e-05
		(Epoch 08/08) Block Loss: 3.1650e-05
	(1/3) Block 6/28, mlp.up_proj | Tuning Non-Factorized Weights...
		(Epoch 01/08) Block Loss: 3.0798e-05
		(Epoch 02/08) Block Loss: 3.0128e-05
		(Epoch 03/08) Block Loss: 2.9798e-05
		(Epoch 04/08) Block Loss: 2.9598e-05
		(Epoch 05/08) Block Loss: 2.9447e-05
		(Epoch 06/08) Block Loss: 2.9352e-05
		(Epoch 07/08) Block Loss: 2.9296e-05
		(Epoch 08/08) Block Loss: 2.9272e-05
	(2/3) Block 6/28, mlp.up_proj | Initialization via ADMM...
		ADMM weight recon error: raw=832.9397, norm=0.3517, per_el=2.6478e-04, out_err=0.2583, ADMM time=2.00s
	(3/3) Block 6/28, mlp.up_proj | Tuning Factorized Weights...
		(Epoch 01/08) Block Loss: 4.0990e-05
		(Epoch 02/08) Block Loss: 3.8767e-05
		(Epoch 03/08) Block Loss: 3.8203e-05
		(Epoch 04/08) Block Loss: 3.8055e-05
		(Epoch 05/08) Block Loss: 3.7993e-05
		(Epoch 06/08) Block Loss: 3.7854e-05
		(Epoch 07/08) Block Loss: 3.7752e-05
		(Epoch 08/08) Block Loss: 3.7305e-05
	(1/3) Block 6/28, mlp.down_proj | Tuning Non-Factorized Weights...
		(Epoch 01/08) Block Loss: 3.5846e-05
		(Epoch 02/08) Block Loss: 3.4923e-05
		(Epoch 03/08) Block Loss: 3.4462e-05
		(Epoch 04/08) Block Loss: 3.4193e-05
		(Epoch 05/08) Block Loss: 3.4017e-05
		(Epoch 06/08) Block Loss: 3.3915e-05
		(Epoch 07/08) Block Loss: 3.3862e-05
		(Epoch 08/08) Block Loss: 3.3843e-05
	(2/3) Block 6/28, mlp.down_proj | Initialization via ADMM...
		ADMM weight recon error: raw=788.7369, norm=0.3447, per_el=2.5073e-04, out_err=0.2978, ADMM time=1.52s
	(3/3) Block 6/28, mlp.down_proj | Tuning Factorized Weights...
		(Epoch 01/08) Block Loss: 4.8373e-05
		(Epoch 02/08) Block Loss: 4.7254e-05
		(Epoch 03/08) Block Loss: 4.7100e-05
		(Epoch 04/08) Block Loss: 4.7149e-05
		(Epoch 05/08) Block Loss: 4.7144e-05
		(Epoch 06/08) Block Loss: 4.7069e-05
		(Epoch 07/08) Block Loss: 4.7013e-05
		(Epoch 08/08) Block Loss: 4.6441e-05
		Block 5: relative block output error = 0.0023
Using sequence length: 2048 (model max: 2048)
		Block 5: Test Data PPL        = 19.000
	(1/3) Block 7/28, self_attn.q_proj | Tuning Non-Factorized Weights...
		(Epoch 01/08) Block Loss: 3.0693e-05
		(Epoch 02/08) Block Loss: 2.8185e-05
		(Epoch 03/08) Block Loss: 2.6946e-05
		(Epoch 04/08) Block Loss: 2.6202e-05
		(Epoch 05/08) Block Loss: 2.5653e-05
		(Epoch 06/08) Block Loss: 2.5343e-05
		(Epoch 07/08) Block Loss: 2.5158e-05
		(Epoch 08/08) Block Loss: 2.5097e-05
	(2/3) Block 7/28, self_attn.q_proj | Initialization via ADMM...
		ADMM weight recon error: raw=475.0254, norm=0.2424, per_el=2.2651e-04, out_err=0.0514, ADMM time=1.81s
	(3/3) Block 7/28, self_attn.q_proj | Tuning Factorized Weights...
		(Epoch 01/08) Block Loss: 2.5952e-05
		(Epoch 02/08) Block Loss: 2.5681e-05
		(Epoch 03/08) Block Loss: 2.5607e-05
		(Epoch 04/08) Block Loss: 2.5565e-05
		(Epoch 05/08) Block Loss: 2.5537e-05
		(Epoch 06/08) Block Loss: 2.5517e-05
		(Epoch 07/08) Block Loss: 2.5495e-05
		(Epoch 08/08) Block Loss: 2.5473e-05
	(1/3) Block 7/28, self_attn.v_proj | Tuning Non-Factorized Weights...
		(Epoch 01/08) Block Loss: 2.5491e-05
		(Epoch 02/08) Block Loss: 2.4890e-05
Compressing Layers:  25%|██████████████████████████▊                                                                                | 7/28 [13:19<36:56, 105.54s/it]		(Epoch 03/08) Block Loss: 2.4384e-05
		(Epoch 04/08) Block Loss: 2.3922e-05
		(Epoch 05/08) Block Loss: 2.3641e-05
		(Epoch 06/08) Block Loss: 2.3466e-05
		(Epoch 07/08) Block Loss: 2.3369e-05
		(Epoch 08/08) Block Loss: 2.3332e-05
	(2/3) Block 7/28, self_attn.v_proj | Initialization via ADMM...
		ADMM weight recon error: raw=304.9536, norm=0.3563, per_el=2.9083e-04, out_err=0.2881, ADMM time=1.90s
	(3/3) Block 7/28, self_attn.v_proj | Tuning Factorized Weights...
		(Epoch 01/08) Block Loss: 2.7291e-05
		(Epoch 02/08) Block Loss: 2.6266e-05
		(Epoch 03/08) Block Loss: 2.5927e-05
		(Epoch 04/08) Block Loss: 2.5743e-05
		(Epoch 05/08) Block Loss: 2.5654e-05
		(Epoch 06/08) Block Loss: 2.5595e-05
		(Epoch 07/08) Block Loss: 2.5560e-05
		(Epoch 08/08) Block Loss: 2.5519e-05
	(1/3) Block 7/28, self_attn.o_proj | Tuning Non-Factorized Weights...
		(Epoch 01/08) Block Loss: 2.5035e-05
		(Epoch 02/08) Block Loss: 2.4306e-05
		(Epoch 03/08) Block Loss: 2.3965e-05
		(Epoch 04/08) Block Loss: 2.3625e-05
		(Epoch 05/08) Block Loss: 2.3410e-05
		(Epoch 06/08) Block Loss: 2.3271e-05
		(Epoch 07/08) Block Loss: 2.3193e-05
		(Epoch 08/08) Block Loss: 2.3162e-05
	(2/3) Block 7/28, self_attn.o_proj | Initialization via ADMM...
		ADMM weight recon error: raw=437.8426, norm=0.3219, per_el=2.0878e-04, out_err=0.1970, ADMM time=1.96s
	(3/3) Block 7/28, self_attn.o_proj | Tuning Factorized Weights...
		(Epoch 01/08) Block Loss: 2.5954e-05
		(Epoch 02/08) Block Loss: 2.5425e-05
		(Epoch 03/08) Block Loss: 2.5293e-05
		(Epoch 04/08) Block Loss: 2.5272e-05
		(Epoch 05/08) Block Loss: 2.5286e-05
		(Epoch 06/08) Block Loss: 2.5145e-05
		(Epoch 07/08) Block Loss: 2.5114e-05
		(Epoch 08/08) Block Loss: 2.4984e-05
	(1/3) Block 7/28, self_attn.k_proj | Tuning Non-Factorized Weights...
		(Epoch 01/08) Block Loss: 2.4628e-05
		(Epoch 02/08) Block Loss: 2.4075e-05
		(Epoch 03/08) Block Loss: 2.3779e-05
		(Epoch 04/08) Block Loss: 2.3582e-05
		(Epoch 05/08) Block Loss: 2.3425e-05
		(Epoch 06/08) Block Loss: 2.3325e-05
		(Epoch 07/08) Block Loss: 2.3264e-05
		(Epoch 08/08) Block Loss: 2.3238e-05
	(2/3) Block 7/28, self_attn.k_proj | Initialization via ADMM...
		ADMM weight recon error: raw=226.2897, norm=0.2733, per_el=2.1581e-04, out_err=0.0779, ADMM time=1.11s
	(3/3) Block 7/28, self_attn.k_proj | Tuning Factorized Weights...
		(Epoch 01/08) Block Loss: 2.3734e-05
		(Epoch 02/08) Block Loss: 2.3635e-05
		(Epoch 03/08) Block Loss: 2.3598e-05
		(Epoch 04/08) Block Loss: 2.3575e-05
		(Epoch 05/08) Block Loss: 2.3562e-05
		(Epoch 06/08) Block Loss: 2.3552e-05
		(Epoch 07/08) Block Loss: 2.3544e-05
		(Epoch 08/08) Block Loss: 2.3535e-05
	(1/3) Block 7/28, mlp.gate_proj | Tuning Non-Factorized Weights...
		(Epoch 01/08) Block Loss: 2.3668e-05
		(Epoch 02/08) Block Loss: 2.3394e-05
		(Epoch 03/08) Block Loss: 2.3217e-05
		(Epoch 04/08) Block Loss: 2.3092e-05
		(Epoch 05/08) Block Loss: 2.2984e-05
		(Epoch 06/08) Block Loss: 2.2911e-05
		(Epoch 07/08) Block Loss: 2.2864e-05
		(Epoch 08/08) Block Loss: 2.2843e-05
	(2/3) Block 7/28, mlp.gate_proj | Initialization via ADMM...
		ADMM weight recon error: raw=1205.9398, norm=0.3410, per_el=3.8336e-04, out_err=0.0683, ADMM time=2.19s
	(3/3) Block 7/28, mlp.gate_proj | Tuning Factorized Weights...
		(Epoch 01/08) Block Loss: 2.8412e-05
		(Epoch 02/08) Block Loss: 2.7332e-05
		(Epoch 03/08) Block Loss: 2.7025e-05
		(Epoch 04/08) Block Loss: 2.6904e-05
		(Epoch 05/08) Block Loss: 2.6848e-05
		(Epoch 06/08) Block Loss: 2.6786e-05
		(Epoch 07/08) Block Loss: 2.6722e-05
		(Epoch 08/08) Block Loss: 2.6544e-05
	(1/3) Block 7/28, mlp.up_proj | Tuning Non-Factorized Weights...
		(Epoch 01/08) Block Loss: 2.5949e-05
		(Epoch 02/08) Block Loss: 2.5459e-05
		(Epoch 03/08) Block Loss: 2.5216e-05
		(Epoch 04/08) Block Loss: 2.5069e-05
		(Epoch 05/08) Block Loss: 2.4956e-05
		(Epoch 06/08) Block Loss: 2.4885e-05
		(Epoch 07/08) Block Loss: 2.4841e-05
		(Epoch 08/08) Block Loss: 2.4823e-05
	(2/3) Block 7/28, mlp.up_proj | Initialization via ADMM...
		ADMM weight recon error: raw=840.9042, norm=0.3551, per_el=2.6732e-04, out_err=0.2627, ADMM time=2.11s
	(3/3) Block 7/28, mlp.up_proj | Tuning Factorized Weights...
		(Epoch 01/08) Block Loss: 3.3868e-05
		(Epoch 02/08) Block Loss: 3.2209e-05
		(Epoch 03/08) Block Loss: 3.1798e-05
		(Epoch 04/08) Block Loss: 3.1690e-05
		(Epoch 05/08) Block Loss: 3.1620e-05
		(Epoch 06/08) Block Loss: 3.1500e-05
		(Epoch 07/08) Block Loss: 3.1439e-05
		(Epoch 08/08) Block Loss: 3.1054e-05
	(1/3) Block 7/28, mlp.down_proj | Tuning Non-Factorized Weights...
		(Epoch 01/08) Block Loss: 2.9984e-05
		(Epoch 02/08) Block Loss: 2.9304e-05
		(Epoch 03/08) Block Loss: 2.8959e-05
		(Epoch 04/08) Block Loss: 2.8757e-05
		(Epoch 05/08) Block Loss: 2.8624e-05
		(Epoch 06/08) Block Loss: 2.8547e-05
		(Epoch 07/08) Block Loss: 2.8506e-05
		(Epoch 08/08) Block Loss: 2.8491e-05
	(2/3) Block 7/28, mlp.down_proj | Initialization via ADMM...
		ADMM weight recon error: raw=737.2931, norm=0.3315, per_el=2.3438e-04, out_err=0.2846, ADMM time=1.63s
	(3/3) Block 7/28, mlp.down_proj | Tuning Factorized Weights...
		(Epoch 01/08) Block Loss: 3.8835e-05
		(Epoch 02/08) Block Loss: 3.8022e-05
		(Epoch 03/08) Block Loss: 3.7888e-05
		(Epoch 04/08) Block Loss: 3.7989e-05
		(Epoch 05/08) Block Loss: 3.7931e-05
		(Epoch 06/08) Block Loss: 3.7862e-05
		(Epoch 07/08) Block Loss: 3.7809e-05
		(Epoch 08/08) Block Loss: 3.7419e-05
		Block 6: relative block output error = 0.0027
Using sequence length: 2048 (model max: 2048)
		Block 6: Test Data PPL        = 19.006
	(1/3) Block 8/28, self_attn.q_proj | Tuning Non-Factorized Weights...
		(Epoch 01/08) Block Loss: 3.9559e-05
		(Epoch 02/08) Block Loss: 3.6744e-05
		(Epoch 03/08) Block Loss: 3.5435e-05
		(Epoch 04/08) Block Loss: 3.4282e-05
		(Epoch 05/08) Block Loss: 3.3626e-05
		(Epoch 06/08) Block Loss: 3.3236e-05
		(Epoch 07/08) Block Loss: 3.3031e-05
		(Epoch 08/08) Block Loss: 3.2955e-05
	(2/3) Block 8/28, self_attn.q_proj | Initialization via ADMM...
		ADMM weight recon error: raw=525.7878, norm=0.2961, per_el=2.5072e-04, out_err=0.0696, ADMM time=1.78s
	(3/3) Block 8/28, self_attn.q_proj | Tuning Factorized Weights...
		(Epoch 01/08) Block Loss: 3.4392e-05
		(Epoch 02/08) Block Loss: 3.3804e-05
		(Epoch 03/08) Block Loss: 3.3667e-05
		(Epoch 04/08) Block Loss: 3.3586e-05
		(Epoch 05/08) Block Loss: 3.3527e-05
		(Epoch 06/08) Block Loss: 3.3487e-05
		(Epoch 07/08) Block Loss: 3.3455e-05
		(Epoch 08/08) Block Loss: 3.3430e-05
	(1/3) Block 8/28, self_attn.v_proj | Tuning Non-Factorized Weights...
		(Epoch 01/08) Block Loss: 3.3478e-05
		(Epoch 02/08) Block Loss: 3.2506e-05
		(Epoch 03/08) Block Loss: 3.1882e-05
		(Epoch 04/08) Block Loss: 3.1425e-05
		(Epoch 05/08) Block Loss: 3.1093e-05
		(Epoch 06/08) Block Loss: 3.0856e-05
		(Epoch 07/08) Block Loss: 3.0729e-05
		(Epoch 08/08) Block Loss: 3.0680e-05
	(2/3) Block 8/28, self_attn.v_proj | Initialization via ADMM...
		ADMM weight recon error: raw=290.3166, norm=0.3523, per_el=2.7687e-04, out_err=0.2896, ADMM time=1.11s
	(3/3) Block 8/28, self_attn.v_proj | Tuning Factorized Weights...
		(Epoch 01/08) Block Loss: 3.6342e-05
		(Epoch 02/08) Block Loss: 3.5292e-05
		(Epoch 03/08) Block Loss: 3.4867e-05
		(Epoch 04/08) Block Loss: 3.4639e-05
		(Epoch 05/08) Block Loss: 3.4531e-05
		(Epoch 06/08) Block Loss: 3.4467e-05
		(Epoch 07/08) Block Loss: 3.4426e-05
		(Epoch 08/08) Block Loss: 3.4354e-05
	(1/3) Block 8/28, self_attn.o_proj | Tuning Non-Factorized Weights...
		(Epoch 01/08) Block Loss: 3.3511e-05
		(Epoch 02/08) Block Loss: 3.2409e-05
		(Epoch 03/08) Block Loss: 3.1862e-05
		(Epoch 04/08) Block Loss: 3.1486e-05
		(Epoch 05/08) Block Loss: 3.1210e-05
		(Epoch 06/08) Block Loss: 3.1033e-05
		(Epoch 07/08) Block Loss: 3.0930e-05
		(Epoch 08/08) Block Loss: 3.0888e-05
	(2/3) Block 8/28, self_attn.o_proj | Initialization via ADMM...
		ADMM weight recon error: raw=432.1164, norm=0.3122, per_el=2.0605e-04, out_err=0.2883, ADMM time=1.62s
	(3/3) Block 8/28, self_attn.o_proj | Tuning Factorized Weights...
		(Epoch 01/08) Block Loss: 3.5725e-05
		(Epoch 02/08) Block Loss: 3.4915e-05
		(Epoch 03/08) Block Loss: 3.4693e-05
		(Epoch 04/08) Block Loss: 3.4620e-05
Compressing Layers:  29%|██████████████████████████████▌                                                                            | 8/28 [15:02<34:50, 104.52s/it]		(Epoch 05/08) Block Loss: 3.4768e-05
		(Epoch 06/08) Block Loss: 3.4389e-05
		(Epoch 07/08) Block Loss: 3.4396e-05
		(Epoch 08/08) Block Loss: 3.4154e-05
	(1/3) Block 8/28, self_attn.k_proj | Tuning Non-Factorized Weights...
		(Epoch 01/08) Block Loss: 3.3450e-05
		(Epoch 02/08) Block Loss: 3.2590e-05
		(Epoch 03/08) Block Loss: 3.2170e-05
		(Epoch 04/08) Block Loss: 3.1893e-05
		(Epoch 05/08) Block Loss: 3.1681e-05
		(Epoch 06/08) Block Loss: 3.1549e-05
		(Epoch 07/08) Block Loss: 3.1469e-05
		(Epoch 08/08) Block Loss: 3.1436e-05
	(2/3) Block 8/28, self_attn.k_proj | Initialization via ADMM...
		ADMM weight recon error: raw=231.8262, norm=0.3083, per_el=2.2109e-04, out_err=0.0794, ADMM time=1.61s
	(3/3) Block 8/28, self_attn.k_proj | Tuning Factorized Weights...
		(Epoch 01/08) Block Loss: 3.2544e-05
		(Epoch 02/08) Block Loss: 3.2087e-05
		(Epoch 03/08) Block Loss: 3.2007e-05
		(Epoch 04/08) Block Loss: 3.1960e-05
		(Epoch 05/08) Block Loss: 3.1929e-05
		(Epoch 06/08) Block Loss: 3.1911e-05
		(Epoch 07/08) Block Loss: 3.1900e-05
		(Epoch 08/08) Block Loss: 3.1892e-05
	(1/3) Block 8/28, mlp.gate_proj | Tuning Non-Factorized Weights...
		(Epoch 01/08) Block Loss: 3.2035e-05
		(Epoch 02/08) Block Loss: 3.1670e-05
		(Epoch 03/08) Block Loss: 3.1443e-05
		(Epoch 04/08) Block Loss: 3.1277e-05
		(Epoch 05/08) Block Loss: 3.1138e-05
		(Epoch 06/08) Block Loss: 3.1046e-05
		(Epoch 07/08) Block Loss: 3.0986e-05
		(Epoch 08/08) Block Loss: 3.0960e-05
	(2/3) Block 8/28, mlp.gate_proj | Initialization via ADMM...
		ADMM weight recon error: raw=1154.2815, norm=0.3279, per_el=3.6694e-04, out_err=0.0680, ADMM time=1.94s
	(3/3) Block 8/28, mlp.gate_proj | Tuning Factorized Weights...
		(Epoch 01/08) Block Loss: 3.7126e-05
		(Epoch 02/08) Block Loss: 3.6049e-05
		(Epoch 03/08) Block Loss: 3.5764e-05
		(Epoch 04/08) Block Loss: 3.5634e-05
		(Epoch 05/08) Block Loss: 3.5564e-05
		(Epoch 06/08) Block Loss: 3.5496e-05
		(Epoch 07/08) Block Loss: 3.5400e-05
		(Epoch 08/08) Block Loss: 3.5159e-05
	(1/3) Block 8/28, mlp.up_proj | Tuning Non-Factorized Weights...
		(Epoch 01/08) Block Loss: 3.4537e-05
		(Epoch 02/08) Block Loss: 3.3982e-05
		(Epoch 03/08) Block Loss: 3.3701e-05
		(Epoch 04/08) Block Loss: 3.3527e-05
		(Epoch 05/08) Block Loss: 3.3392e-05
		(Epoch 06/08) Block Loss: 3.3306e-05
		(Epoch 07/08) Block Loss: 3.3253e-05
		(Epoch 08/08) Block Loss: 3.3231e-05
	(2/3) Block 8/28, mlp.up_proj | Initialization via ADMM...
		ADMM weight recon error: raw=825.3073, norm=0.3509, per_el=2.6236e-04, out_err=0.2518, ADMM time=2.18s
	(3/3) Block 8/28, mlp.up_proj | Tuning Factorized Weights...
		(Epoch 01/08) Block Loss: 4.3775e-05
		(Epoch 02/08) Block Loss: 4.1955e-05
		(Epoch 03/08) Block Loss: 4.1579e-05
		(Epoch 04/08) Block Loss: 4.1344e-05
		(Epoch 05/08) Block Loss: 4.1514e-05
		(Epoch 06/08) Block Loss: 4.1150e-05
		(Epoch 07/08) Block Loss: 4.1090e-05
		(Epoch 08/08) Block Loss: 4.0606e-05
	(1/3) Block 8/28, mlp.down_proj | Tuning Non-Factorized Weights...
		(Epoch 01/08) Block Loss: 3.9444e-05
		(Epoch 02/08) Block Loss: 3.8650e-05
		(Epoch 03/08) Block Loss: 3.8240e-05
		(Epoch 04/08) Block Loss: 3.7998e-05
		(Epoch 05/08) Block Loss: 3.7838e-05
		(Epoch 06/08) Block Loss: 3.7745e-05
		(Epoch 07/08) Block Loss: 3.7695e-05
		(Epoch 08/08) Block Loss: 3.7677e-05
	(2/3) Block 8/28, mlp.down_proj | Initialization via ADMM...
		ADMM weight recon error: raw=719.1639, norm=0.3329, per_el=2.2862e-04, out_err=0.2748, ADMM time=2.59s
	(3/3) Block 8/28, mlp.down_proj | Tuning Factorized Weights...
		(Epoch 01/08) Block Loss: 4.9457e-05
		(Epoch 02/08) Block Loss: 4.8578e-05
		(Epoch 03/08) Block Loss: 4.8723e-05
		(Epoch 04/08) Block Loss: 4.8875e-05
		(Epoch 05/08) Block Loss: 4.8699e-05
		(Epoch 06/08) Block Loss: 4.8546e-05
		(Epoch 07/08) Block Loss: 4.8442e-05
		(Epoch 08/08) Block Loss: 4.7911e-05
		Block 7: relative block output error = 0.0031
Using sequence length: 2048 (model max: 2048)
		Block 7: Test Data PPL        = 19.184
	(1/3) Block 9/28, self_attn.q_proj | Tuning Non-Factorized Weights...
		(Epoch 01/08) Block Loss: 2.6081e-05
		(Epoch 02/08) Block Loss: 2.4281e-05
		(Epoch 03/08) Block Loss: 2.3380e-05
		(Epoch 04/08) Block Loss: 2.2793e-05
		(Epoch 05/08) Block Loss: 2.2406e-05
		(Epoch 06/08) Block Loss: 2.2170e-05
		(Epoch 07/08) Block Loss: 2.2042e-05
		(Epoch 08/08) Block Loss: 2.1996e-05
	(2/3) Block 9/28, self_attn.q_proj | Initialization via ADMM...
		ADMM weight recon error: raw=521.2905, norm=0.2693, per_el=2.4857e-04, out_err=0.0748, ADMM time=1.26s
	(3/3) Block 9/28, self_attn.q_proj | Tuning Factorized Weights...
		(Epoch 01/08) Block Loss: 2.2765e-05
		(Epoch 02/08) Block Loss: 2.2488e-05
		(Epoch 03/08) Block Loss: 2.2425e-05
		(Epoch 04/08) Block Loss: 2.2390e-05
		(Epoch 05/08) Block Loss: 2.2369e-05
		(Epoch 06/08) Block Loss: 2.2347e-05
		(Epoch 07/08) Block Loss: 2.2337e-05
		(Epoch 08/08) Block Loss: 2.2320e-05
	(1/3) Block 9/28, self_attn.v_proj | Tuning Non-Factorized Weights...
		(Epoch 01/08) Block Loss: 2.2331e-05
		(Epoch 02/08) Block Loss: 2.1741e-05
		(Epoch 03/08) Block Loss: 2.1362e-05
		(Epoch 04/08) Block Loss: 2.1080e-05
		(Epoch 05/08) Block Loss: 2.0868e-05
		(Epoch 06/08) Block Loss: 2.0734e-05
		(Epoch 07/08) Block Loss: 2.0657e-05
		(Epoch 08/08) Block Loss: 2.0626e-05
	(2/3) Block 9/28, self_attn.v_proj | Initialization via ADMM...
		ADMM weight recon error: raw=290.3719, norm=0.3541, per_el=2.7692e-04, out_err=0.2317, ADMM time=1.42s
	(3/3) Block 9/28, self_attn.v_proj | Tuning Factorized Weights...
		(Epoch 01/08) Block Loss: 2.3129e-05
		(Epoch 02/08) Block Loss: 2.2711e-05
		(Epoch 03/08) Block Loss: 2.2527e-05
		(Epoch 04/08) Block Loss: 2.2415e-05
		(Epoch 05/08) Block Loss: 2.2361e-05
		(Epoch 06/08) Block Loss: 2.2322e-05
		(Epoch 07/08) Block Loss: 2.2300e-05
		(Epoch 08/08) Block Loss: 2.2275e-05
	(1/3) Block 9/28, self_attn.o_proj | Tuning Non-Factorized Weights...
		(Epoch 01/08) Block Loss: 2.1935e-05
		(Epoch 02/08) Block Loss: 2.1352e-05
		(Epoch 03/08) Block Loss: 2.1041e-05
		(Epoch 04/08) Block Loss: 2.0832e-05
		(Epoch 05/08) Block Loss: 2.0670e-05
		(Epoch 06/08) Block Loss: 2.0567e-05
		(Epoch 07/08) Block Loss: 2.0504e-05
		(Epoch 08/08) Block Loss: 2.0479e-05
	(2/3) Block 9/28, self_attn.o_proj | Initialization via ADMM...
		ADMM weight recon error: raw=419.1212, norm=0.3156, per_el=1.9985e-04, out_err=0.2177, ADMM time=2.18s
	(3/3) Block 9/28, self_attn.o_proj | Tuning Factorized Weights...
		(Epoch 01/08) Block Loss: 2.2612e-05
		(Epoch 02/08) Block Loss: 2.2246e-05
		(Epoch 03/08) Block Loss: 2.2140e-05
		(Epoch 04/08) Block Loss: 2.2108e-05
		(Epoch 05/08) Block Loss: 2.2114e-05
		(Epoch 06/08) Block Loss: 2.2077e-05
		(Epoch 07/08) Block Loss: 2.2041e-05
		(Epoch 08/08) Block Loss: 2.1939e-05
	(1/3) Block 9/28, self_attn.k_proj | Tuning Non-Factorized Weights...
		(Epoch 01/08) Block Loss: 2.1650e-05
		(Epoch 02/08) Block Loss: 2.1233e-05
		(Epoch 03/08) Block Loss: 2.1011e-05
		(Epoch 04/08) Block Loss: 2.0860e-05
		(Epoch 05/08) Block Loss: 2.0742e-05
		(Epoch 06/08) Block Loss: 2.0666e-05
		(Epoch 07/08) Block Loss: 2.0619e-05
		(Epoch 08/08) Block Loss: 2.0599e-05
	(2/3) Block 9/28, self_attn.k_proj | Initialization via ADMM...
		ADMM weight recon error: raw=218.5879, norm=0.2760, per_el=2.0846e-04, out_err=0.0842, ADMM time=1.46s
	(3/3) Block 9/28, self_attn.k_proj | Tuning Factorized Weights...
		(Epoch 01/08) Block Loss: 2.0987e-05
		(Epoch 02/08) Block Loss: 2.0902e-05
		(Epoch 03/08) Block Loss: 2.0872e-05
		(Epoch 04/08) Block Loss: 2.0856e-05
		(Epoch 05/08) Block Loss: 2.0846e-05
		(Epoch 06/08) Block Loss: 2.0838e-05
		(Epoch 07/08) Block Loss: 2.0833e-05
		(Epoch 08/08) Block Loss: 2.0826e-05
	(1/3) Block 9/28, mlp.gate_proj | Tuning Non-Factorized Weights...
		(Epoch 01/08) Block Loss: 2.0933e-05
		(Epoch 02/08) Block Loss: 2.0723e-05
		(Epoch 03/08) Block Loss: 2.0588e-05
		(Epoch 04/08) Block Loss: 2.0493e-05
		(Epoch 05/08) Block Loss: 2.0409e-05
		(Epoch 06/08) Block Loss: 2.0353e-05
		(Epoch 07/08) Block Loss: 2.0316e-05
		(Epoch 08/08) Block Loss: 2.0300e-05
	(2/3) Block 9/28, mlp.gate_proj | Initialization via ADMM...
Compressing Layers:  32%|██████████████████████████████████▍                                                                        | 9/28 [16:43<32:43, 103.37s/it]		ADMM weight recon error: raw=1114.5333, norm=0.3270, per_el=3.5430e-04, out_err=0.0690, ADMM time=2.26s
	(3/3) Block 9/28, mlp.gate_proj | Tuning Factorized Weights...
		(Epoch 01/08) Block Loss: 2.4107e-05
		(Epoch 02/08) Block Loss: 2.3403e-05
		(Epoch 03/08) Block Loss: 2.3225e-05
		(Epoch 04/08) Block Loss: 2.3159e-05
		(Epoch 05/08) Block Loss: 2.3115e-05
		(Epoch 06/08) Block Loss: 2.3072e-05
		(Epoch 07/08) Block Loss: 2.3023e-05
		(Epoch 08/08) Block Loss: 2.2863e-05
	(1/3) Block 9/28, mlp.up_proj | Tuning Non-Factorized Weights...
		(Epoch 01/08) Block Loss: 2.2486e-05
		(Epoch 02/08) Block Loss: 2.2149e-05
		(Epoch 03/08) Block Loss: 2.1978e-05
		(Epoch 04/08) Block Loss: 2.1872e-05
		(Epoch 05/08) Block Loss: 2.1788e-05
		(Epoch 06/08) Block Loss: 2.1735e-05
		(Epoch 07/08) Block Loss: 2.1703e-05
		(Epoch 08/08) Block Loss: 2.1689e-05
	(2/3) Block 9/28, mlp.up_proj | Initialization via ADMM...
		ADMM weight recon error: raw=818.7340, norm=0.3505, per_el=2.6027e-04, out_err=0.2449, ADMM time=1.89s
	(3/3) Block 9/28, mlp.up_proj | Tuning Factorized Weights...
		(Epoch 01/08) Block Loss: 2.7714e-05
		(Epoch 02/08) Block Loss: 2.6701e-05
		(Epoch 03/08) Block Loss: 2.6515e-05
		(Epoch 04/08) Block Loss: 2.6382e-05
		(Epoch 05/08) Block Loss: 2.6405e-05
		(Epoch 06/08) Block Loss: 2.6259e-05
		(Epoch 07/08) Block Loss: 2.6252e-05
		(Epoch 08/08) Block Loss: 2.5931e-05
	(1/3) Block 9/28, mlp.down_proj | Tuning Non-Factorized Weights...
		(Epoch 01/08) Block Loss: 2.5271e-05
		(Epoch 02/08) Block Loss: 2.4835e-05
		(Epoch 03/08) Block Loss: 2.4607e-05
		(Epoch 04/08) Block Loss: 2.4471e-05
		(Epoch 05/08) Block Loss: 2.4380e-05
		(Epoch 06/08) Block Loss: 2.4326e-05
		(Epoch 07/08) Block Loss: 2.4297e-05
		(Epoch 08/08) Block Loss: 2.4286e-05
	(2/3) Block 9/28, mlp.down_proj | Initialization via ADMM...
		ADMM weight recon error: raw=710.9747, norm=0.3243, per_el=2.2601e-04, out_err=0.2784, ADMM time=2.82s
	(3/3) Block 9/28, mlp.down_proj | Tuning Factorized Weights...
		(Epoch 01/08) Block Loss: 3.0941e-05
		(Epoch 02/08) Block Loss: 3.0492e-05
		(Epoch 03/08) Block Loss: 3.0516e-05
		(Epoch 04/08) Block Loss: 3.0583e-05
		(Epoch 05/08) Block Loss: 3.0731e-05
		(Epoch 06/08) Block Loss: 3.0474e-05
		(Epoch 07/08) Block Loss: 3.0558e-05
		(Epoch 08/08) Block Loss: 3.0142e-05
		Block 8: relative block output error = 0.0036
Using sequence length: 2048 (model max: 2048)
		Block 8: Test Data PPL        = 19.178
	(1/3) Block 10/28, self_attn.q_proj | Tuning Non-Factorized Weights...
		(Epoch 01/08) Block Loss: 2.2842e-05
		(Epoch 02/08) Block Loss: 2.1465e-05
		(Epoch 03/08) Block Loss: 2.0793e-05
		(Epoch 04/08) Block Loss: 2.0338e-05
		(Epoch 05/08) Block Loss: 2.0056e-05
		(Epoch 06/08) Block Loss: 1.9824e-05
		(Epoch 07/08) Block Loss: 1.9704e-05
		(Epoch 08/08) Block Loss: 1.9664e-05
	(2/3) Block 10/28, self_attn.q_proj | Initialization via ADMM...
		ADMM weight recon error: raw=530.2933, norm=0.2750, per_el=2.5286e-04, out_err=0.0606, ADMM time=1.35s
	(3/3) Block 10/28, self_attn.q_proj | Tuning Factorized Weights...
		(Epoch 01/08) Block Loss: 2.0359e-05
		(Epoch 02/08) Block Loss: 2.0126e-05
		(Epoch 03/08) Block Loss: 2.0063e-05
		(Epoch 04/08) Block Loss: 2.0026e-05
		(Epoch 05/08) Block Loss: 2.0003e-05
		(Epoch 06/08) Block Loss: 1.9979e-05
		(Epoch 07/08) Block Loss: 1.9964e-05
		(Epoch 08/08) Block Loss: 1.9949e-05
	(1/3) Block 10/28, self_attn.v_proj | Tuning Non-Factorized Weights...
		(Epoch 01/08) Block Loss: 2.0031e-05
		(Epoch 02/08) Block Loss: 1.9639e-05
		(Epoch 03/08) Block Loss: 1.9286e-05
		(Epoch 04/08) Block Loss: 1.9021e-05
		(Epoch 05/08) Block Loss: 1.8843e-05
		(Epoch 06/08) Block Loss: 1.8732e-05
		(Epoch 07/08) Block Loss: 1.8664e-05
		(Epoch 08/08) Block Loss: 1.8637e-05
	(2/3) Block 10/28, self_attn.v_proj | Initialization via ADMM...
		ADMM weight recon error: raw=284.7863, norm=0.3632, per_el=2.7159e-04, out_err=0.3061, ADMM time=1.24s
	(3/3) Block 10/28, self_attn.v_proj | Tuning Factorized Weights...
		(Epoch 01/08) Block Loss: 2.2161e-05
		(Epoch 02/08) Block Loss: 2.1594e-05
		(Epoch 03/08) Block Loss: 2.1343e-05
		(Epoch 04/08) Block Loss: 2.1209e-05
		(Epoch 05/08) Block Loss: 2.1128e-05
		(Epoch 06/08) Block Loss: 2.1082e-05
		(Epoch 07/08) Block Loss: 2.1054e-05
		(Epoch 08/08) Block Loss: 2.1013e-05
	(1/3) Block 10/28, self_attn.o_proj | Tuning Non-Factorized Weights...
		(Epoch 01/08) Block Loss: 2.0434e-05
		(Epoch 02/08) Block Loss: 1.9768e-05
		(Epoch 03/08) Block Loss: 1.9453e-05
		(Epoch 04/08) Block Loss: 1.9231e-05
		(Epoch 05/08) Block Loss: 1.9075e-05
		(Epoch 06/08) Block Loss: 1.8972e-05
		(Epoch 07/08) Block Loss: 1.8913e-05
		(Epoch 08/08) Block Loss: 1.8889e-05
	(2/3) Block 10/28, self_attn.o_proj | Initialization via ADMM...
		ADMM weight recon error: raw=431.3073, norm=0.3171, per_el=2.0566e-04, out_err=0.2484, ADMM time=1.68s
	(3/3) Block 10/28, self_attn.o_proj | Tuning Factorized Weights...
		(Epoch 01/08) Block Loss: 2.1726e-05
		(Epoch 02/08) Block Loss: 2.1255e-05
		(Epoch 03/08) Block Loss: 2.1125e-05
		(Epoch 04/08) Block Loss: 2.1107e-05
		(Epoch 05/08) Block Loss: 2.1025e-05
		(Epoch 06/08) Block Loss: 2.0959e-05
		(Epoch 07/08) Block Loss: 2.0934e-05
		(Epoch 08/08) Block Loss: 2.0807e-05
	(1/3) Block 10/28, self_attn.k_proj | Tuning Non-Factorized Weights...
		(Epoch 01/08) Block Loss: 2.0367e-05
		(Epoch 02/08) Block Loss: 1.9869e-05
		(Epoch 03/08) Block Loss: 1.9622e-05
		(Epoch 04/08) Block Loss: 1.9462e-05
		(Epoch 05/08) Block Loss: 1.9341e-05
		(Epoch 06/08) Block Loss: 1.9262e-05
		(Epoch 07/08) Block Loss: 1.9215e-05
		(Epoch 08/08) Block Loss: 1.9196e-05
	(2/3) Block 10/28, self_attn.k_proj | Initialization via ADMM...
		ADMM weight recon error: raw=226.4942, norm=0.2919, per_el=2.1600e-04, out_err=0.0876, ADMM time=0.95s
	(3/3) Block 10/28, self_attn.k_proj | Tuning Factorized Weights...
		(Epoch 01/08) Block Loss: 1.9497e-05
		(Epoch 02/08) Block Loss: 1.9431e-05
		(Epoch 03/08) Block Loss: 1.9409e-05
		(Epoch 04/08) Block Loss: 1.9396e-05
		(Epoch 05/08) Block Loss: 1.9386e-05
		(Epoch 06/08) Block Loss: 1.9380e-05
		(Epoch 07/08) Block Loss: 1.9375e-05
		(Epoch 08/08) Block Loss: 1.9371e-05
	(1/3) Block 10/28, mlp.gate_proj | Tuning Non-Factorized Weights...
		(Epoch 01/08) Block Loss: 1.9466e-05
		(Epoch 02/08) Block Loss: 1.9262e-05
		(Epoch 03/08) Block Loss: 1.9129e-05
		(Epoch 04/08) Block Loss: 1.9034e-05
		(Epoch 05/08) Block Loss: 1.8952e-05
		(Epoch 06/08) Block Loss: 1.8898e-05
		(Epoch 07/08) Block Loss: 1.8863e-05
		(Epoch 08/08) Block Loss: 1.8847e-05
	(2/3) Block 10/28, mlp.gate_proj | Initialization via ADMM...
		ADMM weight recon error: raw=1146.7499, norm=0.3171, per_el=3.6454e-04, out_err=0.0648, ADMM time=2.37s
	(3/3) Block 10/28, mlp.gate_proj | Tuning Factorized Weights...
		(Epoch 01/08) Block Loss: 2.1933e-05
		(Epoch 02/08) Block Loss: 2.1354e-05
		(Epoch 03/08) Block Loss: 2.1223e-05
		(Epoch 04/08) Block Loss: 2.1194e-05
		(Epoch 05/08) Block Loss: 2.1150e-05
		(Epoch 06/08) Block Loss: 2.1110e-05
		(Epoch 07/08) Block Loss: 2.1070e-05
		(Epoch 08/08) Block Loss: 2.0921e-05
	(1/3) Block 10/28, mlp.up_proj | Tuning Non-Factorized Weights...
		(Epoch 01/08) Block Loss: 2.0608e-05
		(Epoch 02/08) Block Loss: 2.0310e-05
		(Epoch 03/08) Block Loss: 2.0158e-05
		(Epoch 04/08) Block Loss: 2.0063e-05
		(Epoch 05/08) Block Loss: 1.9988e-05
		(Epoch 06/08) Block Loss: 1.9939e-05
		(Epoch 07/08) Block Loss: 1.9909e-05
		(Epoch 08/08) Block Loss: 1.9896e-05
	(2/3) Block 10/28, mlp.up_proj | Initialization via ADMM...
		ADMM weight recon error: raw=841.3575, norm=0.3506, per_el=2.6746e-04, out_err=0.2136, ADMM time=2.06s
	(3/3) Block 10/28, mlp.up_proj | Tuning Factorized Weights...
		(Epoch 01/08) Block Loss: 2.5197e-05
		(Epoch 02/08) Block Loss: 2.4343e-05
		(Epoch 03/08) Block Loss: 2.4119e-05
		(Epoch 04/08) Block Loss: 2.4162e-05
		(Epoch 05/08) Block Loss: 2.4086e-05
		(Epoch 06/08) Block Loss: 2.3908e-05
		(Epoch 07/08) Block Loss: 2.3973e-05
		(Epoch 08/08) Block Loss: 2.3628e-05
	(1/3) Block 10/28, mlp.down_proj | Tuning Non-Factorized Weights...
		(Epoch 01/08) Block Loss: 2.3055e-05
		(Epoch 02/08) Block Loss: 2.2650e-05
Compressing Layers:  36%|█████████████████████████████████████▊                                                                    | 10/28 [18:23<30:42, 102.38s/it]Compressing Layers:  39%|█████████████████████████████████████████▋                                                                | 11/28 [20:06<29:07, 102.79s/it]		(Epoch 03/08) Block Loss: 2.2441e-05
		(Epoch 04/08) Block Loss: 2.2318e-05
		(Epoch 05/08) Block Loss: 2.2234e-05
		(Epoch 06/08) Block Loss: 2.2185e-05
		(Epoch 07/08) Block Loss: 2.2158e-05
		(Epoch 08/08) Block Loss: 2.2148e-05
	(2/3) Block 10/28, mlp.down_proj | Initialization via ADMM...
		ADMM weight recon error: raw=678.0681, norm=0.3260, per_el=2.1555e-04, out_err=0.2802, ADMM time=1.55s
	(3/3) Block 10/28, mlp.down_proj | Tuning Factorized Weights...
		(Epoch 01/08) Block Loss: 2.8378e-05
		(Epoch 02/08) Block Loss: 2.7835e-05
		(Epoch 03/08) Block Loss: 2.7776e-05
		(Epoch 04/08) Block Loss: 2.7996e-05
		(Epoch 05/08) Block Loss: 2.7808e-05
		(Epoch 06/08) Block Loss: 2.7806e-05
		(Epoch 07/08) Block Loss: 2.7693e-05
		(Epoch 08/08) Block Loss: 2.7367e-05
		Block 9: relative block output error = 0.0041
Using sequence length: 2048 (model max: 2048)
		Block 9: Test Data PPL        = 19.742
	(1/3) Block 11/28, self_attn.q_proj | Tuning Non-Factorized Weights...
		(Epoch 01/08) Block Loss: 2.3327e-05
		(Epoch 02/08) Block Loss: 2.1967e-05
		(Epoch 03/08) Block Loss: 2.1306e-05
		(Epoch 04/08) Block Loss: 2.0789e-05
		(Epoch 05/08) Block Loss: 2.0477e-05
		(Epoch 06/08) Block Loss: 2.0289e-05
		(Epoch 07/08) Block Loss: 2.0182e-05
		(Epoch 08/08) Block Loss: 2.0141e-05
	(2/3) Block 11/28, self_attn.q_proj | Initialization via ADMM...
		ADMM weight recon error: raw=518.9628, norm=0.2883, per_el=2.4746e-04, out_err=0.0634, ADMM time=1.20s
	(3/3) Block 11/28, self_attn.q_proj | Tuning Factorized Weights...
		(Epoch 01/08) Block Loss: 2.0959e-05
		(Epoch 02/08) Block Loss: 2.0630e-05
		(Epoch 03/08) Block Loss: 2.0561e-05
		(Epoch 04/08) Block Loss: 2.0525e-05
		(Epoch 05/08) Block Loss: 2.0499e-05
		(Epoch 06/08) Block Loss: 2.0480e-05
		(Epoch 07/08) Block Loss: 2.0463e-05
		(Epoch 08/08) Block Loss: 2.0447e-05
	(1/3) Block 11/28, self_attn.v_proj | Tuning Non-Factorized Weights...
		(Epoch 01/08) Block Loss: 2.0555e-05
		(Epoch 02/08) Block Loss: 2.0103e-05
		(Epoch 03/08) Block Loss: 1.9785e-05
		(Epoch 04/08) Block Loss: 1.9533e-05
		(Epoch 05/08) Block Loss: 1.9356e-05
		(Epoch 06/08) Block Loss: 1.9241e-05
		(Epoch 07/08) Block Loss: 1.9170e-05
		(Epoch 08/08) Block Loss: 1.9142e-05
	(2/3) Block 11/28, self_attn.v_proj | Initialization via ADMM...
		ADMM weight recon error: raw=270.4237, norm=0.3449, per_el=2.5790e-04, out_err=0.2634, ADMM time=2.01s
	(3/3) Block 11/28, self_attn.v_proj | Tuning Factorized Weights...
		(Epoch 01/08) Block Loss: 2.2377e-05
		(Epoch 02/08) Block Loss: 2.1691e-05
		(Epoch 03/08) Block Loss: 2.1474e-05
		(Epoch 04/08) Block Loss: 2.1342e-05
		(Epoch 05/08) Block Loss: 2.1278e-05
		(Epoch 06/08) Block Loss: 2.1236e-05
		(Epoch 07/08) Block Loss: 2.1209e-05
		(Epoch 08/08) Block Loss: 2.1162e-05
	(1/3) Block 11/28, self_attn.o_proj | Tuning Non-Factorized Weights...
		(Epoch 01/08) Block Loss: 2.0719e-05
		(Epoch 02/08) Block Loss: 2.0125e-05
		(Epoch 03/08) Block Loss: 1.9829e-05
		(Epoch 04/08) Block Loss: 1.9628e-05
		(Epoch 05/08) Block Loss: 1.9477e-05
		(Epoch 06/08) Block Loss: 1.9378e-05
		(Epoch 07/08) Block Loss: 1.9319e-05
		(Epoch 08/08) Block Loss: 1.9294e-05
	(2/3) Block 11/28, self_attn.o_proj | Initialization via ADMM...
		ADMM weight recon error: raw=408.5017, norm=0.3133, per_el=1.9479e-04, out_err=0.2668, ADMM time=2.13s
	(3/3) Block 11/28, self_attn.o_proj | Tuning Factorized Weights...
		(Epoch 01/08) Block Loss: 2.2564e-05
		(Epoch 02/08) Block Loss: 2.1950e-05
		(Epoch 03/08) Block Loss: 2.1763e-05
		(Epoch 04/08) Block Loss: 2.1702e-05
		(Epoch 05/08) Block Loss: 2.1647e-05
		(Epoch 06/08) Block Loss: 2.1586e-05
		(Epoch 07/08) Block Loss: 2.1565e-05
		(Epoch 08/08) Block Loss: 2.1383e-05
	(1/3) Block 11/28, self_attn.k_proj | Tuning Non-Factorized Weights...
		(Epoch 01/08) Block Loss: 2.0928e-05
		(Epoch 02/08) Block Loss: 2.0431e-05
		(Epoch 03/08) Block Loss: 2.0186e-05
		(Epoch 04/08) Block Loss: 2.0026e-05
		(Epoch 05/08) Block Loss: 1.9904e-05
		(Epoch 06/08) Block Loss: 1.9826e-05
		(Epoch 07/08) Block Loss: 1.9778e-05
		(Epoch 08/08) Block Loss: 1.9758e-05
	(2/3) Block 11/28, self_attn.k_proj | Initialization via ADMM...
		ADMM weight recon error: raw=235.9701, norm=0.2964, per_el=2.2504e-04, out_err=0.0862, ADMM time=0.94s
	(3/3) Block 11/28, self_attn.k_proj | Tuning Factorized Weights...
		(Epoch 01/08) Block Loss: 2.0112e-05
		(Epoch 02/08) Block Loss: 2.0041e-05
		(Epoch 03/08) Block Loss: 2.0014e-05
		(Epoch 04/08) Block Loss: 2.0000e-05
		(Epoch 05/08) Block Loss: 1.9991e-05
		(Epoch 06/08) Block Loss: 1.9983e-05
		(Epoch 07/08) Block Loss: 1.9978e-05
		(Epoch 08/08) Block Loss: 1.9973e-05
	(1/3) Block 11/28, mlp.gate_proj | Tuning Non-Factorized Weights...
		(Epoch 01/08) Block Loss: 2.0077e-05
		(Epoch 02/08) Block Loss: 1.9882e-05
		(Epoch 03/08) Block Loss: 1.9756e-05
		(Epoch 04/08) Block Loss: 1.9654e-05
		(Epoch 05/08) Block Loss: 1.9575e-05
		(Epoch 06/08) Block Loss: 1.9520e-05
		(Epoch 07/08) Block Loss: 1.9485e-05
		(Epoch 08/08) Block Loss: 1.9469e-05
	(2/3) Block 11/28, mlp.gate_proj | Initialization via ADMM...
		ADMM weight recon error: raw=1130.1577, norm=0.3125, per_el=3.5927e-04, out_err=0.0677, ADMM time=2.66s
	(3/3) Block 11/28, mlp.gate_proj | Tuning Factorized Weights...
		(Epoch 01/08) Block Loss: 2.2583e-05
		(Epoch 02/08) Block Loss: 2.2080e-05
		(Epoch 03/08) Block Loss: 2.1986e-05
		(Epoch 04/08) Block Loss: 2.2020e-05
		(Epoch 05/08) Block Loss: 2.1962e-05
		(Epoch 06/08) Block Loss: 2.1891e-05
		(Epoch 07/08) Block Loss: 2.1865e-05
		(Epoch 08/08) Block Loss: 2.1694e-05
	(1/3) Block 11/28, mlp.up_proj | Tuning Non-Factorized Weights...
		(Epoch 01/08) Block Loss: 2.1327e-05
		(Epoch 02/08) Block Loss: 2.1011e-05
		(Epoch 03/08) Block Loss: 2.0854e-05
		(Epoch 04/08) Block Loss: 2.0752e-05
		(Epoch 05/08) Block Loss: 2.0675e-05
		(Epoch 06/08) Block Loss: 2.0624e-05
		(Epoch 07/08) Block Loss: 2.0593e-05
		(Epoch 08/08) Block Loss: 2.0579e-05
	(2/3) Block 11/28, mlp.up_proj | Initialization via ADMM...
		ADMM weight recon error: raw=824.7322, norm=0.3531, per_el=2.6218e-04, out_err=0.1716, ADMM time=2.30s
	(3/3) Block 11/28, mlp.up_proj | Tuning Factorized Weights...
		(Epoch 01/08) Block Loss: 2.5762e-05
		(Epoch 02/08) Block Loss: 2.4803e-05
		(Epoch 03/08) Block Loss: 2.4661e-05
		(Epoch 04/08) Block Loss: 2.4674e-05
		(Epoch 05/08) Block Loss: 2.4599e-05
		(Epoch 06/08) Block Loss: 2.4526e-05
		(Epoch 07/08) Block Loss: 2.4512e-05
		(Epoch 08/08) Block Loss: 2.4168e-05
	(1/3) Block 11/28, mlp.down_proj | Tuning Non-Factorized Weights...
		(Epoch 01/08) Block Loss: 2.3588e-05
		(Epoch 02/08) Block Loss: 2.3201e-05
		(Epoch 03/08) Block Loss: 2.3004e-05
		(Epoch 04/08) Block Loss: 2.2887e-05
		(Epoch 05/08) Block Loss: 2.2806e-05
		(Epoch 06/08) Block Loss: 2.2758e-05
		(Epoch 07/08) Block Loss: 2.2731e-05
		(Epoch 08/08) Block Loss: 2.2721e-05
	(2/3) Block 11/28, mlp.down_proj | Initialization via ADMM...
		ADMM weight recon error: raw=646.8102, norm=0.3341, per_el=2.0562e-04, out_err=0.2429, ADMM time=2.01s
	(3/3) Block 11/28, mlp.down_proj | Tuning Factorized Weights...
		(Epoch 01/08) Block Loss: 2.8964e-05
		(Epoch 02/08) Block Loss: 2.8370e-05
		(Epoch 03/08) Block Loss: 2.8526e-05
		(Epoch 04/08) Block Loss: 2.8666e-05
		(Epoch 05/08) Block Loss: 2.8587e-05
		(Epoch 06/08) Block Loss: 2.8256e-05
		(Epoch 07/08) Block Loss: 2.8401e-05
		(Epoch 08/08) Block Loss: 2.7936e-05
		Block 10: relative block output error = 0.0053
Using sequence length: 2048 (model max: 2048)
		Block 10: Test Data PPL        = 19.927
	(1/3) Block 12/28, self_attn.q_proj | Tuning Non-Factorized Weights...
		(Epoch 01/08) Block Loss: 2.5874e-05
		(Epoch 02/08) Block Loss: 2.4384e-05
		(Epoch 03/08) Block Loss: 2.3670e-05
		(Epoch 04/08) Block Loss: 2.3198e-05
		(Epoch 05/08) Block Loss: 2.2879e-05
		(Epoch 06/08) Block Loss: 2.2680e-05
		(Epoch 07/08) Block Loss: 2.2571e-05
		(Epoch 08/08) Block Loss: 2.2529e-05
	(2/3) Block 12/28, self_attn.q_proj | Initialization via ADMM...
		ADMM weight recon error: raw=483.4885, norm=0.2289, per_el=2.3055e-04, out_err=0.0418, ADMM time=1.73s
	(3/3) Block 12/28, self_attn.q_proj | Tuning Factorized Weights...
Compressing Layers:  43%|█████████████████████████████████████████████▍                                                            | 12/28 [21:50<27:29, 103.07s/it]		(Epoch 01/08) Block Loss: 2.3243e-05
		(Epoch 02/08) Block Loss: 2.3052e-05
		(Epoch 03/08) Block Loss: 2.2996e-05
		(Epoch 04/08) Block Loss: 2.2969e-05
		(Epoch 05/08) Block Loss: 2.2948e-05
		(Epoch 06/08) Block Loss: 2.2932e-05
		(Epoch 07/08) Block Loss: 2.2916e-05
		(Epoch 08/08) Block Loss: 2.2888e-05
	(1/3) Block 12/28, self_attn.v_proj | Tuning Non-Factorized Weights...
		(Epoch 01/08) Block Loss: 2.2970e-05
		(Epoch 02/08) Block Loss: 2.2494e-05
		(Epoch 03/08) Block Loss: 2.2183e-05
		(Epoch 04/08) Block Loss: 2.1938e-05
		(Epoch 05/08) Block Loss: 2.1758e-05
		(Epoch 06/08) Block Loss: 2.1641e-05
		(Epoch 07/08) Block Loss: 2.1571e-05
		(Epoch 08/08) Block Loss: 2.1541e-05
	(2/3) Block 12/28, self_attn.v_proj | Initialization via ADMM...
		ADMM weight recon error: raw=253.6459, norm=0.3583, per_el=2.4190e-04, out_err=0.2500, ADMM time=1.11s
	(3/3) Block 12/28, self_attn.v_proj | Tuning Factorized Weights...
		(Epoch 01/08) Block Loss: 2.5780e-05
		(Epoch 02/08) Block Loss: 2.5052e-05
		(Epoch 03/08) Block Loss: 2.4720e-05
		(Epoch 04/08) Block Loss: 2.4543e-05
		(Epoch 05/08) Block Loss: 2.4461e-05
		(Epoch 06/08) Block Loss: 2.4406e-05
		(Epoch 07/08) Block Loss: 2.4378e-05
		(Epoch 08/08) Block Loss: 2.4334e-05
	(1/3) Block 12/28, self_attn.o_proj | Tuning Non-Factorized Weights...
		(Epoch 01/08) Block Loss: 2.3585e-05
		(Epoch 02/08) Block Loss: 2.2823e-05
		(Epoch 03/08) Block Loss: 2.2484e-05
		(Epoch 04/08) Block Loss: 2.2259e-05
		(Epoch 05/08) Block Loss: 2.2093e-05
		(Epoch 06/08) Block Loss: 2.1986e-05
		(Epoch 07/08) Block Loss: 2.1924e-05
		(Epoch 08/08) Block Loss: 2.1898e-05
	(2/3) Block 12/28, self_attn.o_proj | Initialization via ADMM...
		ADMM weight recon error: raw=368.9261, norm=0.3137, per_el=1.7592e-04, out_err=0.1895, ADMM time=2.55s
	(3/3) Block 12/28, self_attn.o_proj | Tuning Factorized Weights...
		(Epoch 01/08) Block Loss: 2.5821e-05
		(Epoch 02/08) Block Loss: 2.5090e-05
		(Epoch 03/08) Block Loss: 2.4913e-05
		(Epoch 04/08) Block Loss: 2.4895e-05
		(Epoch 05/08) Block Loss: 2.4850e-05
		(Epoch 06/08) Block Loss: 2.4807e-05
		(Epoch 07/08) Block Loss: 2.4763e-05
		(Epoch 08/08) Block Loss: 2.4613e-05
	(1/3) Block 12/28, self_attn.k_proj | Tuning Non-Factorized Weights...
		(Epoch 01/08) Block Loss: 2.3912e-05
		(Epoch 02/08) Block Loss: 2.3322e-05
		(Epoch 03/08) Block Loss: 2.3035e-05
		(Epoch 04/08) Block Loss: 2.2850e-05
		(Epoch 05/08) Block Loss: 2.2714e-05
		(Epoch 06/08) Block Loss: 2.2627e-05
		(Epoch 07/08) Block Loss: 2.2576e-05
		(Epoch 08/08) Block Loss: 2.2555e-05
	(2/3) Block 12/28, self_attn.k_proj | Initialization via ADMM...
		ADMM weight recon error: raw=214.2381, norm=0.2761, per_el=2.0431e-04, out_err=0.0725, ADMM time=1.85s
	(3/3) Block 12/28, self_attn.k_proj | Tuning Factorized Weights...
		(Epoch 01/08) Block Loss: 2.2899e-05
		(Epoch 02/08) Block Loss: 2.2838e-05
		(Epoch 03/08) Block Loss: 2.2812e-05
		(Epoch 04/08) Block Loss: 2.2798e-05
		(Epoch 05/08) Block Loss: 2.2789e-05
		(Epoch 06/08) Block Loss: 2.2782e-05
		(Epoch 07/08) Block Loss: 2.2777e-05
		(Epoch 08/08) Block Loss: 2.2773e-05
	(1/3) Block 12/28, mlp.gate_proj | Tuning Non-Factorized Weights...
		(Epoch 01/08) Block Loss: 2.2870e-05
		(Epoch 02/08) Block Loss: 2.2653e-05
		(Epoch 03/08) Block Loss: 2.2520e-05
		(Epoch 04/08) Block Loss: 2.2409e-05
		(Epoch 05/08) Block Loss: 2.2321e-05
		(Epoch 06/08) Block Loss: 2.2263e-05
		(Epoch 07/08) Block Loss: 2.2226e-05
		(Epoch 08/08) Block Loss: 2.2210e-05
	(2/3) Block 12/28, mlp.gate_proj | Initialization via ADMM...
		ADMM weight recon error: raw=987.6832, norm=0.3149, per_el=3.1398e-04, out_err=0.0730, ADMM time=2.01s
	(3/3) Block 12/28, mlp.gate_proj | Tuning Factorized Weights...
		(Epoch 01/08) Block Loss: 2.4982e-05
		(Epoch 02/08) Block Loss: 2.4505e-05
		(Epoch 03/08) Block Loss: 2.4444e-05
		(Epoch 04/08) Block Loss: 2.4505e-05
		(Epoch 05/08) Block Loss: 2.4409e-05
		(Epoch 06/08) Block Loss: 2.4338e-05
		(Epoch 07/08) Block Loss: 2.4322e-05
		(Epoch 08/08) Block Loss: 2.4159e-05
	(1/3) Block 12/28, mlp.up_proj | Tuning Non-Factorized Weights...
		(Epoch 01/08) Block Loss: 2.3840e-05
		(Epoch 02/08) Block Loss: 2.3552e-05
		(Epoch 03/08) Block Loss: 2.3404e-05
		(Epoch 04/08) Block Loss: 2.3305e-05
		(Epoch 05/08) Block Loss: 2.3229e-05
		(Epoch 06/08) Block Loss: 2.3179e-05
		(Epoch 07/08) Block Loss: 2.3148e-05
		(Epoch 08/08) Block Loss: 2.3134e-05
	(2/3) Block 12/28, mlp.up_proj | Initialization via ADMM...
		ADMM weight recon error: raw=868.1475, norm=0.3478, per_el=2.7598e-04, out_err=0.2035, ADMM time=1.56s
	(3/3) Block 12/28, mlp.up_proj | Tuning Factorized Weights...
		(Epoch 01/08) Block Loss: 2.8495e-05
		(Epoch 02/08) Block Loss: 2.7664e-05
		(Epoch 03/08) Block Loss: 2.7563e-05
		(Epoch 04/08) Block Loss: 2.7854e-05
		(Epoch 05/08) Block Loss: 2.7530e-05
		(Epoch 06/08) Block Loss: 2.7415e-05
		(Epoch 07/08) Block Loss: 2.7438e-05
		(Epoch 08/08) Block Loss: 2.6994e-05
	(1/3) Block 12/28, mlp.down_proj | Tuning Non-Factorized Weights...
		(Epoch 01/08) Block Loss: 2.6359e-05
		(Epoch 02/08) Block Loss: 2.5934e-05
		(Epoch 03/08) Block Loss: 2.5718e-05
		(Epoch 04/08) Block Loss: 2.5589e-05
		(Epoch 05/08) Block Loss: 2.5501e-05
		(Epoch 06/08) Block Loss: 2.5449e-05
		(Epoch 07/08) Block Loss: 2.5421e-05
		(Epoch 08/08) Block Loss: 2.5410e-05
	(2/3) Block 12/28, mlp.down_proj | Initialization via ADMM...
		ADMM weight recon error: raw=706.8469, norm=0.3225, per_el=2.2470e-04, out_err=0.2821, ADMM time=2.00s
	(3/3) Block 12/28, mlp.down_proj | Tuning Factorized Weights...
		(Epoch 01/08) Block Loss: 3.1480e-05
		(Epoch 02/08) Block Loss: 3.1020e-05
		(Epoch 03/08) Block Loss: 3.0993e-05
		(Epoch 04/08) Block Loss: 3.1114e-05
		(Epoch 05/08) Block Loss: 3.1073e-05
		(Epoch 06/08) Block Loss: 3.0677e-05
		(Epoch 07/08) Block Loss: 3.0693e-05
		(Epoch 08/08) Block Loss: 3.0385e-05
		Block 11: relative block output error = 0.0066
Using sequence length: 2048 (model max: 2048)
		Block 11: Test Data PPL        = 20.265
	(1/3) Block 13/28, self_attn.q_proj | Tuning Non-Factorized Weights...
		(Epoch 01/08) Block Loss: 2.7752e-05
		(Epoch 02/08) Block Loss: 2.6293e-05
		(Epoch 03/08) Block Loss: 2.5553e-05
		(Epoch 04/08) Block Loss: 2.5079e-05
		(Epoch 05/08) Block Loss: 2.4755e-05
		(Epoch 06/08) Block Loss: 2.4553e-05
		(Epoch 07/08) Block Loss: 2.4440e-05
		(Epoch 08/08) Block Loss: 2.4398e-05
	(2/3) Block 13/28, self_attn.q_proj | Initialization via ADMM...
		ADMM weight recon error: raw=516.9503, norm=0.2616, per_el=2.4650e-04, out_err=0.0620, ADMM time=1.11s
	(3/3) Block 13/28, self_attn.q_proj | Tuning Factorized Weights...
		(Epoch 01/08) Block Loss: 2.5179e-05
		(Epoch 02/08) Block Loss: 2.4986e-05
		(Epoch 03/08) Block Loss: 2.4921e-05
		(Epoch 04/08) Block Loss: 2.4886e-05
		(Epoch 05/08) Block Loss: 2.4859e-05
		(Epoch 06/08) Block Loss: 2.4838e-05
		(Epoch 07/08) Block Loss: 2.4822e-05
		(Epoch 08/08) Block Loss: 2.4797e-05
	(1/3) Block 13/28, self_attn.v_proj | Tuning Non-Factorized Weights...
		(Epoch 01/08) Block Loss: 2.4852e-05
		(Epoch 02/08) Block Loss: 2.4352e-05
		(Epoch 03/08) Block Loss: 2.4026e-05
		(Epoch 04/08) Block Loss: 2.3779e-05
		(Epoch 05/08) Block Loss: 2.3594e-05
		(Epoch 06/08) Block Loss: 2.3474e-05
		(Epoch 07/08) Block Loss: 2.3402e-05
		(Epoch 08/08) Block Loss: 2.3373e-05
	(2/3) Block 13/28, self_attn.v_proj | Initialization via ADMM...
		ADMM weight recon error: raw=218.1492, norm=0.2916, per_el=2.0804e-04, out_err=0.1483, ADMM time=1.39s
	(3/3) Block 13/28, self_attn.v_proj | Tuning Factorized Weights...
		(Epoch 01/08) Block Loss: 2.5488e-05
		(Epoch 02/08) Block Loss: 2.5089e-05
		(Epoch 03/08) Block Loss: 2.4919e-05
		(Epoch 04/08) Block Loss: 2.4826e-05
		(Epoch 05/08) Block Loss: 2.4777e-05
		(Epoch 06/08) Block Loss: 2.4743e-05
		(Epoch 07/08) Block Loss: 2.4724e-05
		(Epoch 08/08) Block Loss: 2.4693e-05
	(1/3) Block 13/28, self_attn.o_proj | Tuning Non-Factorized Weights...
		(Epoch 01/08) Block Loss: 2.4468e-05
		(Epoch 02/08) Block Loss: 2.3975e-05
		(Epoch 03/08) Block Loss: 2.3712e-05
		(Epoch 04/08) Block Loss: 2.3527e-05
		(Epoch 05/08) Block Loss: 2.3385e-05
Compressing Layers:  46%|█████████████████████████████████████████████████▏                                                        | 13/28 [23:33<25:42, 102.84s/it]		(Epoch 06/08) Block Loss: 2.3290e-05
		(Epoch 07/08) Block Loss: 2.3233e-05
		(Epoch 08/08) Block Loss: 2.3208e-05
	(2/3) Block 13/28, self_attn.o_proj | Initialization via ADMM...
		ADMM weight recon error: raw=340.4780, norm=0.2895, per_el=1.6235e-04, out_err=0.2268, ADMM time=1.73s
	(3/3) Block 13/28, self_attn.o_proj | Tuning Factorized Weights...
		(Epoch 01/08) Block Loss: 2.5603e-05
		(Epoch 02/08) Block Loss: 2.5161e-05
		(Epoch 03/08) Block Loss: 2.5023e-05
		(Epoch 04/08) Block Loss: 2.4976e-05
		(Epoch 05/08) Block Loss: 2.4950e-05
		(Epoch 06/08) Block Loss: 2.4879e-05
		(Epoch 07/08) Block Loss: 2.4835e-05
		(Epoch 08/08) Block Loss: 2.4738e-05
	(1/3) Block 13/28, self_attn.k_proj | Tuning Non-Factorized Weights...
		(Epoch 01/08) Block Loss: 2.4451e-05
		(Epoch 02/08) Block Loss: 2.4059e-05
		(Epoch 03/08) Block Loss: 2.3854e-05
		(Epoch 04/08) Block Loss: 2.3713e-05
		(Epoch 05/08) Block Loss: 2.3605e-05
		(Epoch 06/08) Block Loss: 2.3533e-05
		(Epoch 07/08) Block Loss: 2.3489e-05
		(Epoch 08/08) Block Loss: 2.3470e-05
	(2/3) Block 13/28, self_attn.k_proj | Initialization via ADMM...
		ADMM weight recon error: raw=195.2555, norm=0.2697, per_el=1.8621e-04, out_err=0.0659, ADMM time=1.45s
	(3/3) Block 13/28, self_attn.k_proj | Tuning Factorized Weights...
		(Epoch 01/08) Block Loss: 2.3899e-05
		(Epoch 02/08) Block Loss: 2.3816e-05
		(Epoch 03/08) Block Loss: 2.3783e-05
		(Epoch 04/08) Block Loss: 2.3765e-05
		(Epoch 05/08) Block Loss: 2.3754e-05
		(Epoch 06/08) Block Loss: 2.3747e-05
		(Epoch 07/08) Block Loss: 2.3741e-05
		(Epoch 08/08) Block Loss: 2.3734e-05
	(1/3) Block 13/28, mlp.gate_proj | Tuning Non-Factorized Weights...
		(Epoch 01/08) Block Loss: 2.3841e-05
		(Epoch 02/08) Block Loss: 2.3650e-05
		(Epoch 03/08) Block Loss: 2.3528e-05
		(Epoch 04/08) Block Loss: 2.3440e-05
		(Epoch 05/08) Block Loss: 2.3364e-05
		(Epoch 06/08) Block Loss: 2.3310e-05
		(Epoch 07/08) Block Loss: 2.3276e-05
		(Epoch 08/08) Block Loss: 2.3260e-05
	(2/3) Block 13/28, mlp.gate_proj | Initialization via ADMM...
		ADMM weight recon error: raw=896.0188, norm=0.3111, per_el=2.8484e-04, out_err=0.0703, ADMM time=2.14s
	(3/3) Block 13/28, mlp.gate_proj | Tuning Factorized Weights...
		(Epoch 01/08) Block Loss: 2.5866e-05
		(Epoch 02/08) Block Loss: 2.5404e-05
		(Epoch 03/08) Block Loss: 2.5358e-05
		(Epoch 04/08) Block Loss: 2.5388e-05
		(Epoch 05/08) Block Loss: 2.5349e-05
		(Epoch 06/08) Block Loss: 2.5306e-05
		(Epoch 07/08) Block Loss: 2.5275e-05
		(Epoch 08/08) Block Loss: 2.5128e-05
	(1/3) Block 13/28, mlp.up_proj | Tuning Non-Factorized Weights...
		(Epoch 01/08) Block Loss: 2.4823e-05
		(Epoch 02/08) Block Loss: 2.4556e-05
		(Epoch 03/08) Block Loss: 2.4421e-05
		(Epoch 04/08) Block Loss: 2.4334e-05
		(Epoch 05/08) Block Loss: 2.4264e-05
		(Epoch 06/08) Block Loss: 2.4218e-05
		(Epoch 07/08) Block Loss: 2.4188e-05
		(Epoch 08/08) Block Loss: 2.4175e-05
	(2/3) Block 13/28, mlp.up_proj | Initialization via ADMM...
		ADMM weight recon error: raw=854.4839, norm=0.3514, per_el=2.7163e-04, out_err=0.2217, ADMM time=2.00s
	(3/3) Block 13/28, mlp.up_proj | Tuning Factorized Weights...
		(Epoch 01/08) Block Loss: 2.9847e-05
		(Epoch 02/08) Block Loss: 2.9021e-05
		(Epoch 03/08) Block Loss: 2.9051e-05
		(Epoch 04/08) Block Loss: 2.9154e-05
		(Epoch 05/08) Block Loss: 2.8903e-05
		(Epoch 06/08) Block Loss: 2.8922e-05
		(Epoch 07/08) Block Loss: 2.8936e-05
		(Epoch 08/08) Block Loss: 2.8427e-05
	(1/3) Block 13/28, mlp.down_proj | Tuning Non-Factorized Weights...
		(Epoch 01/08) Block Loss: 2.7652e-05
		(Epoch 02/08) Block Loss: 2.7202e-05
		(Epoch 03/08) Block Loss: 2.6975e-05
		(Epoch 04/08) Block Loss: 2.6840e-05
		(Epoch 05/08) Block Loss: 2.6748e-05
		(Epoch 06/08) Block Loss: 2.6694e-05
		(Epoch 07/08) Block Loss: 2.6665e-05
		(Epoch 08/08) Block Loss: 2.6654e-05
	(2/3) Block 13/28, mlp.down_proj | Initialization via ADMM...
		ADMM weight recon error: raw=701.9475, norm=0.3202, per_el=2.2314e-04, out_err=0.2660, ADMM time=2.43s
	(3/3) Block 13/28, mlp.down_proj | Tuning Factorized Weights...
		(Epoch 01/08) Block Loss: 3.2508e-05
		(Epoch 02/08) Block Loss: 3.1997e-05
		(Epoch 03/08) Block Loss: 3.2127e-05
		(Epoch 04/08) Block Loss: 3.1895e-05
		(Epoch 05/08) Block Loss: 3.1945e-05
		(Epoch 06/08) Block Loss: 3.1942e-05
		(Epoch 07/08) Block Loss: 3.1813e-05
		(Epoch 08/08) Block Loss: 3.1501e-05
		Block 12: relative block output error = 0.0071
Using sequence length: 2048 (model max: 2048)
		Block 12: Test Data PPL        = 20.635
	(1/3) Block 14/28, self_attn.q_proj | Tuning Non-Factorized Weights...
		(Epoch 01/08) Block Loss: 2.5881e-05
		(Epoch 02/08) Block Loss: 2.4568e-05
		(Epoch 03/08) Block Loss: 2.3906e-05
		(Epoch 04/08) Block Loss: 2.3476e-05
		(Epoch 05/08) Block Loss: 2.3180e-05
		(Epoch 06/08) Block Loss: 2.2997e-05
		(Epoch 07/08) Block Loss: 2.2894e-05
		(Epoch 08/08) Block Loss: 2.2855e-05
	(2/3) Block 14/28, self_attn.q_proj | Initialization via ADMM...
		ADMM weight recon error: raw=419.3665, norm=0.2279, per_el=1.9997e-04, out_err=0.0506, ADMM time=1.52s
	(3/3) Block 14/28, self_attn.q_proj | Tuning Factorized Weights...
		(Epoch 01/08) Block Loss: 2.3551e-05
		(Epoch 02/08) Block Loss: 2.3383e-05
		(Epoch 03/08) Block Loss: 2.3341e-05
		(Epoch 04/08) Block Loss: 2.3317e-05
		(Epoch 05/08) Block Loss: 2.3297e-05
		(Epoch 06/08) Block Loss: 2.3279e-05
		(Epoch 07/08) Block Loss: 2.3259e-05
		(Epoch 08/08) Block Loss: 2.3233e-05
	(1/3) Block 14/28, self_attn.v_proj | Tuning Non-Factorized Weights...
		(Epoch 01/08) Block Loss: 2.3284e-05
		(Epoch 02/08) Block Loss: 2.2827e-05
		(Epoch 03/08) Block Loss: 2.2528e-05
		(Epoch 04/08) Block Loss: 2.2311e-05
		(Epoch 05/08) Block Loss: 2.2144e-05
		(Epoch 06/08) Block Loss: 2.2035e-05
		(Epoch 07/08) Block Loss: 2.1968e-05
		(Epoch 08/08) Block Loss: 2.1940e-05
	(2/3) Block 14/28, self_attn.v_proj | Initialization via ADMM...
		ADMM weight recon error: raw=225.3054, norm=0.3045, per_el=2.1487e-04, out_err=0.1632, ADMM time=1.67s
	(3/3) Block 14/28, self_attn.v_proj | Tuning Factorized Weights...
		(Epoch 01/08) Block Loss: 2.4049e-05
		(Epoch 02/08) Block Loss: 2.3661e-05
		(Epoch 03/08) Block Loss: 2.3506e-05
		(Epoch 04/08) Block Loss: 2.3422e-05
		(Epoch 05/08) Block Loss: 2.3381e-05
		(Epoch 06/08) Block Loss: 2.3352e-05
		(Epoch 07/08) Block Loss: 2.3332e-05
		(Epoch 08/08) Block Loss: 2.3293e-05
	(1/3) Block 14/28, self_attn.o_proj | Tuning Non-Factorized Weights...
		(Epoch 01/08) Block Loss: 2.3031e-05
		(Epoch 02/08) Block Loss: 2.2567e-05
		(Epoch 03/08) Block Loss: 2.2319e-05
		(Epoch 04/08) Block Loss: 2.2151e-05
		(Epoch 05/08) Block Loss: 2.2020e-05
		(Epoch 06/08) Block Loss: 2.1932e-05
		(Epoch 07/08) Block Loss: 2.1878e-05
		(Epoch 08/08) Block Loss: 2.1855e-05
	(2/3) Block 14/28, self_attn.o_proj | Initialization via ADMM...
		ADMM weight recon error: raw=313.5984, norm=0.2861, per_el=1.4954e-04, out_err=0.2824, ADMM time=1.81s
	(3/3) Block 14/28, self_attn.o_proj | Tuning Factorized Weights...
		(Epoch 01/08) Block Loss: 2.4789e-05
		(Epoch 02/08) Block Loss: 2.4156e-05
		(Epoch 03/08) Block Loss: 2.3957e-05
		(Epoch 04/08) Block Loss: 2.3888e-05
		(Epoch 05/08) Block Loss: 2.3814e-05
		(Epoch 06/08) Block Loss: 2.3767e-05
		(Epoch 07/08) Block Loss: 2.3710e-05
		(Epoch 08/08) Block Loss: 2.3597e-05
	(1/3) Block 14/28, self_attn.k_proj | Tuning Non-Factorized Weights...
		(Epoch 01/08) Block Loss: 2.3233e-05
		(Epoch 02/08) Block Loss: 2.2819e-05
		(Epoch 03/08) Block Loss: 2.2611e-05
		(Epoch 04/08) Block Loss: 2.2475e-05
		(Epoch 05/08) Block Loss: 2.2370e-05
		(Epoch 06/08) Block Loss: 2.2302e-05
		(Epoch 07/08) Block Loss: 2.2259e-05
		(Epoch 08/08) Block Loss: 2.2241e-05
	(2/3) Block 14/28, self_attn.k_proj | Initialization via ADMM...
		ADMM weight recon error: raw=170.9118, norm=0.2621, per_el=1.6299e-04, out_err=0.0608, ADMM time=1.14s
	(3/3) Block 14/28, self_attn.k_proj | Tuning Factorized Weights...
		(Epoch 01/08) Block Loss: 2.2589e-05
		(Epoch 02/08) Block Loss: 2.2530e-05
		(Epoch 03/08) Block Loss: 2.2507e-05
		(Epoch 04/08) Block Loss: 2.2493e-05
		(Epoch 05/08) Block Loss: 2.2485e-05
		(Epoch 06/08) Block Loss: 2.2479e-05
Compressing Layers:  50%|█████████████████████████████████████████████████████                                                     | 14/28 [25:14<23:52, 102.33s/it]		(Epoch 07/08) Block Loss: 2.2473e-05
		(Epoch 08/08) Block Loss: 2.2469e-05
	(1/3) Block 14/28, mlp.gate_proj | Tuning Non-Factorized Weights...
		(Epoch 01/08) Block Loss: 2.2567e-05
		(Epoch 02/08) Block Loss: 2.2385e-05
		(Epoch 03/08) Block Loss: 2.2268e-05
		(Epoch 04/08) Block Loss: 2.2187e-05
		(Epoch 05/08) Block Loss: 2.2115e-05
		(Epoch 06/08) Block Loss: 2.2066e-05
		(Epoch 07/08) Block Loss: 2.2034e-05
		(Epoch 08/08) Block Loss: 2.2019e-05
	(2/3) Block 14/28, mlp.gate_proj | Initialization via ADMM...
		ADMM weight recon error: raw=806.5303, norm=0.3037, per_el=2.5639e-04, out_err=0.0743, ADMM time=2.34s
	(3/3) Block 14/28, mlp.gate_proj | Tuning Factorized Weights...
		(Epoch 01/08) Block Loss: 2.4360e-05
		(Epoch 02/08) Block Loss: 2.3966e-05
		(Epoch 03/08) Block Loss: 2.3929e-05
		(Epoch 04/08) Block Loss: 2.3937e-05
		(Epoch 05/08) Block Loss: 2.3918e-05
		(Epoch 06/08) Block Loss: 2.3903e-05
		(Epoch 07/08) Block Loss: 2.3856e-05
		(Epoch 08/08) Block Loss: 2.3733e-05
	(1/3) Block 14/28, mlp.up_proj | Tuning Non-Factorized Weights...
		(Epoch 01/08) Block Loss: 2.3457e-05
		(Epoch 02/08) Block Loss: 2.3219e-05
		(Epoch 03/08) Block Loss: 2.3096e-05
		(Epoch 04/08) Block Loss: 2.3017e-05
		(Epoch 05/08) Block Loss: 2.2953e-05
		(Epoch 06/08) Block Loss: 2.2911e-05
		(Epoch 07/08) Block Loss: 2.2884e-05
		(Epoch 08/08) Block Loss: 2.2873e-05
	(2/3) Block 14/28, mlp.up_proj | Initialization via ADMM...
		ADMM weight recon error: raw=775.0837, norm=0.3436, per_el=2.4639e-04, out_err=0.2120, ADMM time=1.57s
	(3/3) Block 14/28, mlp.up_proj | Tuning Factorized Weights...
		(Epoch 01/08) Block Loss: 2.7329e-05
		(Epoch 02/08) Block Loss: 2.6723e-05
		(Epoch 03/08) Block Loss: 2.6779e-05
		(Epoch 04/08) Block Loss: 2.6767e-05
		(Epoch 05/08) Block Loss: 2.6705e-05
		(Epoch 06/08) Block Loss: 2.6639e-05
		(Epoch 07/08) Block Loss: 2.6595e-05
		(Epoch 08/08) Block Loss: 2.6323e-05
	(1/3) Block 14/28, mlp.down_proj | Tuning Non-Factorized Weights...
		(Epoch 01/08) Block Loss: 2.5671e-05
		(Epoch 02/08) Block Loss: 2.5329e-05
		(Epoch 03/08) Block Loss: 2.5156e-05
		(Epoch 04/08) Block Loss: 2.5053e-05
		(Epoch 05/08) Block Loss: 2.4982e-05
		(Epoch 06/08) Block Loss: 2.4939e-05
		(Epoch 07/08) Block Loss: 2.4916e-05
		(Epoch 08/08) Block Loss: 2.4907e-05
	(2/3) Block 14/28, mlp.down_proj | Initialization via ADMM...
		ADMM weight recon error: raw=635.6782, norm=0.3141, per_el=2.0208e-04, out_err=0.2834, ADMM time=1.83s
	(3/3) Block 14/28, mlp.down_proj | Tuning Factorized Weights...
		(Epoch 01/08) Block Loss: 2.9702e-05
		(Epoch 02/08) Block Loss: 2.9323e-05
		(Epoch 03/08) Block Loss: 2.9459e-05
		(Epoch 04/08) Block Loss: 2.9368e-05
		(Epoch 05/08) Block Loss: 2.9325e-05
		(Epoch 06/08) Block Loss: 2.9310e-05
		(Epoch 07/08) Block Loss: 2.9308e-05
		(Epoch 08/08) Block Loss: 2.9011e-05
		Block 13: relative block output error = 0.0081
Using sequence length: 2048 (model max: 2048)
		Block 13: Test Data PPL        = 21.002
	(1/3) Block 15/28, self_attn.q_proj | Tuning Non-Factorized Weights...
		(Epoch 01/08) Block Loss: 2.2991e-05
		(Epoch 02/08) Block Loss: 2.1877e-05
		(Epoch 03/08) Block Loss: 2.1299e-05
		(Epoch 04/08) Block Loss: 2.0931e-05
		(Epoch 05/08) Block Loss: 2.0674e-05
		(Epoch 06/08) Block Loss: 2.0516e-05
		(Epoch 07/08) Block Loss: 2.0427e-05
		(Epoch 08/08) Block Loss: 2.0393e-05
	(2/3) Block 15/28, self_attn.q_proj | Initialization via ADMM...
		ADMM weight recon error: raw=439.5076, norm=0.2486, per_el=2.0957e-04, out_err=0.0584, ADMM time=1.35s
	(3/3) Block 15/28, self_attn.q_proj | Tuning Factorized Weights...
		(Epoch 01/08) Block Loss: 2.0900e-05
		(Epoch 02/08) Block Loss: 2.0768e-05
		(Epoch 03/08) Block Loss: 2.0737e-05
		(Epoch 04/08) Block Loss: 2.0718e-05
		(Epoch 05/08) Block Loss: 2.0700e-05
		(Epoch 06/08) Block Loss: 2.0687e-05
		(Epoch 07/08) Block Loss: 2.0674e-05
		(Epoch 08/08) Block Loss: 2.0654e-05
	(1/3) Block 15/28, self_attn.v_proj | Tuning Non-Factorized Weights...
		(Epoch 01/08) Block Loss: 2.0704e-05
		(Epoch 02/08) Block Loss: 2.0311e-05
		(Epoch 03/08) Block Loss: 2.0048e-05
		(Epoch 04/08) Block Loss: 1.9862e-05
		(Epoch 05/08) Block Loss: 1.9718e-05
		(Epoch 06/08) Block Loss: 1.9623e-05
		(Epoch 07/08) Block Loss: 1.9565e-05
		(Epoch 08/08) Block Loss: 1.9542e-05
	(2/3) Block 15/28, self_attn.v_proj | Initialization via ADMM...
		ADMM weight recon error: raw=222.1223, norm=0.3345, per_el=2.1183e-04, out_err=0.1966, ADMM time=1.12s
	(3/3) Block 15/28, self_attn.v_proj | Tuning Factorized Weights...
		(Epoch 01/08) Block Loss: 2.1556e-05
		(Epoch 02/08) Block Loss: 2.1254e-05
		(Epoch 03/08) Block Loss: 2.1116e-05
		(Epoch 04/08) Block Loss: 2.1044e-05
		(Epoch 05/08) Block Loss: 2.1006e-05
		(Epoch 06/08) Block Loss: 2.0984e-05
		(Epoch 07/08) Block Loss: 2.0969e-05
		(Epoch 08/08) Block Loss: 2.0943e-05
	(1/3) Block 15/28, self_attn.o_proj | Tuning Non-Factorized Weights...
		(Epoch 01/08) Block Loss: 2.0644e-05
		(Epoch 02/08) Block Loss: 2.0200e-05
		(Epoch 03/08) Block Loss: 1.9971e-05
		(Epoch 04/08) Block Loss: 1.9818e-05
		(Epoch 05/08) Block Loss: 1.9699e-05
		(Epoch 06/08) Block Loss: 1.9622e-05
		(Epoch 07/08) Block Loss: 1.9574e-05
		(Epoch 08/08) Block Loss: 1.9554e-05
	(2/3) Block 15/28, self_attn.o_proj | Initialization via ADMM...
		ADMM weight recon error: raw=316.3096, norm=0.3018, per_el=1.5083e-04, out_err=0.2303, ADMM time=2.46s
	(3/3) Block 15/28, self_attn.o_proj | Tuning Factorized Weights...
		(Epoch 01/08) Block Loss: 2.1500e-05
		(Epoch 02/08) Block Loss: 2.1182e-05
		(Epoch 03/08) Block Loss: 2.1115e-05
		(Epoch 04/08) Block Loss: 2.1091e-05
		(Epoch 05/08) Block Loss: 2.1081e-05
		(Epoch 06/08) Block Loss: 2.1060e-05
		(Epoch 07/08) Block Loss: 2.1023e-05
		(Epoch 08/08) Block Loss: 2.0929e-05
	(1/3) Block 15/28, self_attn.k_proj | Tuning Non-Factorized Weights...
		(Epoch 01/08) Block Loss: 2.0647e-05
		(Epoch 02/08) Block Loss: 2.0319e-05
		(Epoch 03/08) Block Loss: 2.0146e-05
		(Epoch 04/08) Block Loss: 2.0032e-05
		(Epoch 05/08) Block Loss: 1.9942e-05
		(Epoch 06/08) Block Loss: 1.9883e-05
		(Epoch 07/08) Block Loss: 1.9846e-05
		(Epoch 08/08) Block Loss: 1.9830e-05
	(2/3) Block 15/28, self_attn.k_proj | Initialization via ADMM...
		ADMM weight recon error: raw=172.4434, norm=0.2661, per_el=1.6445e-04, out_err=0.0611, ADMM time=1.28s
	(3/3) Block 15/28, self_attn.k_proj | Tuning Factorized Weights...
		(Epoch 01/08) Block Loss: 2.0085e-05
		(Epoch 02/08) Block Loss: 2.0045e-05
		(Epoch 03/08) Block Loss: 2.0028e-05
		(Epoch 04/08) Block Loss: 2.0018e-05
		(Epoch 05/08) Block Loss: 2.0013e-05
		(Epoch 06/08) Block Loss: 2.0009e-05
		(Epoch 07/08) Block Loss: 2.0005e-05
		(Epoch 08/08) Block Loss: 2.0001e-05
	(1/3) Block 15/28, mlp.gate_proj | Tuning Non-Factorized Weights...
		(Epoch 01/08) Block Loss: 2.0094e-05
		(Epoch 02/08) Block Loss: 1.9936e-05
		(Epoch 03/08) Block Loss: 1.9835e-05
		(Epoch 04/08) Block Loss: 1.9764e-05
		(Epoch 05/08) Block Loss: 1.9701e-05
		(Epoch 06/08) Block Loss: 1.9658e-05
		(Epoch 07/08) Block Loss: 1.9629e-05
		(Epoch 08/08) Block Loss: 1.9616e-05
	(2/3) Block 15/28, mlp.gate_proj | Initialization via ADMM...
		ADMM weight recon error: raw=742.7017, norm=0.3014, per_el=2.3610e-04, out_err=0.0769, ADMM time=1.85s
	(3/3) Block 15/28, mlp.gate_proj | Tuning Factorized Weights...
		(Epoch 01/08) Block Loss: 2.1613e-05
		(Epoch 02/08) Block Loss: 2.1385e-05
		(Epoch 03/08) Block Loss: 2.1381e-05
		(Epoch 04/08) Block Loss: 2.1405e-05
		(Epoch 05/08) Block Loss: 2.1380e-05
		(Epoch 06/08) Block Loss: 2.1370e-05
		(Epoch 07/08) Block Loss: 2.1334e-05
		(Epoch 08/08) Block Loss: 2.1218e-05
	(1/3) Block 15/28, mlp.up_proj | Tuning Non-Factorized Weights...
		(Epoch 01/08) Block Loss: 2.0942e-05
		(Epoch 02/08) Block Loss: 2.0729e-05
		(Epoch 03/08) Block Loss: 2.0619e-05
		(Epoch 04/08) Block Loss: 2.0549e-05
		(Epoch 05/08) Block Loss: 2.0493e-05
		(Epoch 06/08) Block Loss: 2.0456e-05
		(Epoch 07/08) Block Loss: 2.0432e-05
		(Epoch 08/08) Block Loss: 2.0421e-05
	(2/3) Block 15/28, mlp.up_proj | Initialization via ADMM...
Compressing Layers:  54%|████████████████████████████████████████████████████████▊                                                 | 15/28 [26:52<21:55, 101.20s/it]		ADMM weight recon error: raw=722.0757, norm=0.3445, per_el=2.2954e-04, out_err=0.1930, ADMM time=2.37s
	(3/3) Block 15/28, mlp.up_proj | Tuning Factorized Weights...
		(Epoch 01/08) Block Loss: 2.4259e-05
		(Epoch 02/08) Block Loss: 2.3757e-05
		(Epoch 03/08) Block Loss: 2.3720e-05
		(Epoch 04/08) Block Loss: 2.3821e-05
		(Epoch 05/08) Block Loss: 2.3825e-05
		(Epoch 06/08) Block Loss: 2.3674e-05
		(Epoch 07/08) Block Loss: 2.3653e-05
		(Epoch 08/08) Block Loss: 2.3428e-05
	(1/3) Block 15/28, mlp.down_proj | Tuning Non-Factorized Weights...
		(Epoch 01/08) Block Loss: 2.2851e-05
		(Epoch 02/08) Block Loss: 2.2560e-05
		(Epoch 03/08) Block Loss: 2.2416e-05
		(Epoch 04/08) Block Loss: 2.2330e-05
		(Epoch 05/08) Block Loss: 2.2270e-05
		(Epoch 06/08) Block Loss: 2.2235e-05
		(Epoch 07/08) Block Loss: 2.2215e-05
		(Epoch 08/08) Block Loss: 2.2207e-05
	(2/3) Block 15/28, mlp.down_proj | Initialization via ADMM...
		ADMM weight recon error: raw=616.2922, norm=0.3157, per_el=1.9591e-04, out_err=0.2696, ADMM time=1.54s
	(3/3) Block 15/28, mlp.down_proj | Tuning Factorized Weights...
		(Epoch 01/08) Block Loss: 2.6496e-05
		(Epoch 02/08) Block Loss: 2.6179e-05
		(Epoch 03/08) Block Loss: 2.6231e-05
		(Epoch 04/08) Block Loss: 2.6274e-05
		(Epoch 05/08) Block Loss: 2.6279e-05
		(Epoch 06/08) Block Loss: 2.6258e-05
		(Epoch 07/08) Block Loss: 2.6208e-05
		(Epoch 08/08) Block Loss: 2.5985e-05
		Block 14: relative block output error = 0.0088
Using sequence length: 2048 (model max: 2048)
		Block 14: Test Data PPL        = 21.165
	(1/3) Block 16/28, self_attn.q_proj | Tuning Non-Factorized Weights...
		(Epoch 01/08) Block Loss: 3.0602e-05
		(Epoch 02/08) Block Loss: 2.9147e-05
		(Epoch 03/08) Block Loss: 2.8408e-05
		(Epoch 04/08) Block Loss: 2.7931e-05
		(Epoch 05/08) Block Loss: 2.7598e-05
		(Epoch 06/08) Block Loss: 2.7393e-05
		(Epoch 07/08) Block Loss: 2.7277e-05
		(Epoch 08/08) Block Loss: 2.7232e-05
	(2/3) Block 16/28, self_attn.q_proj | Initialization via ADMM...
		ADMM weight recon error: raw=424.9492, norm=0.2320, per_el=2.0263e-04, out_err=0.0556, ADMM time=2.40s
	(3/3) Block 16/28, self_attn.q_proj | Tuning Factorized Weights...
		(Epoch 01/08) Block Loss: 2.7868e-05
		(Epoch 02/08) Block Loss: 2.7733e-05
		(Epoch 03/08) Block Loss: 2.7684e-05
		(Epoch 04/08) Block Loss: 2.7661e-05
		(Epoch 05/08) Block Loss: 2.7633e-05
		(Epoch 06/08) Block Loss: 2.7621e-05
		(Epoch 07/08) Block Loss: 2.7595e-05
		(Epoch 08/08) Block Loss: 2.7574e-05
	(1/3) Block 16/28, self_attn.v_proj | Tuning Non-Factorized Weights...
		(Epoch 01/08) Block Loss: 2.7675e-05
		(Epoch 02/08) Block Loss: 2.7155e-05
		(Epoch 03/08) Block Loss: 2.6820e-05
		(Epoch 04/08) Block Loss: 2.6572e-05
		(Epoch 05/08) Block Loss: 2.6383e-05
		(Epoch 06/08) Block Loss: 2.6258e-05
		(Epoch 07/08) Block Loss: 2.6181e-05
		(Epoch 08/08) Block Loss: 2.6148e-05
	(2/3) Block 16/28, self_attn.v_proj | Initialization via ADMM...
		ADMM weight recon error: raw=233.6000, norm=0.3244, per_el=2.2278e-04, out_err=0.2763, ADMM time=0.94s
	(3/3) Block 16/28, self_attn.v_proj | Tuning Factorized Weights...
		(Epoch 01/08) Block Loss: 2.9539e-05
		(Epoch 02/08) Block Loss: 2.8902e-05
		(Epoch 03/08) Block Loss: 2.8655e-05
		(Epoch 04/08) Block Loss: 2.8519e-05
		(Epoch 05/08) Block Loss: 2.8446e-05
		(Epoch 06/08) Block Loss: 2.8404e-05
		(Epoch 07/08) Block Loss: 2.8370e-05
		(Epoch 08/08) Block Loss: 2.8311e-05
	(1/3) Block 16/28, self_attn.o_proj | Tuning Non-Factorized Weights...
		(Epoch 01/08) Block Loss: 2.7885e-05
		(Epoch 02/08) Block Loss: 2.7280e-05
		(Epoch 03/08) Block Loss: 2.6976e-05
		(Epoch 04/08) Block Loss: 2.6770e-05
		(Epoch 05/08) Block Loss: 2.6612e-05
		(Epoch 06/08) Block Loss: 2.6507e-05
		(Epoch 07/08) Block Loss: 2.6442e-05
		(Epoch 08/08) Block Loss: 2.6414e-05
	(2/3) Block 16/28, self_attn.o_proj | Initialization via ADMM...
		ADMM weight recon error: raw=323.3440, norm=0.2826, per_el=1.5418e-04, out_err=0.1947, ADMM time=2.19s
	(3/3) Block 16/28, self_attn.o_proj | Tuning Factorized Weights...
		(Epoch 01/08) Block Loss: 2.9403e-05
		(Epoch 02/08) Block Loss: 2.8890e-05
		(Epoch 03/08) Block Loss: 2.8762e-05
		(Epoch 04/08) Block Loss: 2.8708e-05
		(Epoch 05/08) Block Loss: 2.8674e-05
		(Epoch 06/08) Block Loss: 2.8621e-05
		(Epoch 07/08) Block Loss: 2.8569e-05
		(Epoch 08/08) Block Loss: 2.8439e-05
	(1/3) Block 16/28, self_attn.k_proj | Tuning Non-Factorized Weights...
		(Epoch 01/08) Block Loss: 2.7983e-05
		(Epoch 02/08) Block Loss: 2.7521e-05
		(Epoch 03/08) Block Loss: 2.7285e-05
		(Epoch 04/08) Block Loss: 2.7131e-05
		(Epoch 05/08) Block Loss: 2.7010e-05
		(Epoch 06/08) Block Loss: 2.6930e-05
		(Epoch 07/08) Block Loss: 2.6880e-05
		(Epoch 08/08) Block Loss: 2.6858e-05
	(2/3) Block 16/28, self_attn.k_proj | Initialization via ADMM...
		ADMM weight recon error: raw=161.1200, norm=0.2797, per_el=1.5366e-04, out_err=0.0825, ADMM time=1.59s
	(3/3) Block 16/28, self_attn.k_proj | Tuning Factorized Weights...
		(Epoch 01/08) Block Loss: 2.7227e-05
		(Epoch 02/08) Block Loss: 2.7171e-05
		(Epoch 03/08) Block Loss: 2.7147e-05
		(Epoch 04/08) Block Loss: 2.7133e-05
		(Epoch 05/08) Block Loss: 2.7124e-05
		(Epoch 06/08) Block Loss: 2.7118e-05
		(Epoch 07/08) Block Loss: 2.7113e-05
		(Epoch 08/08) Block Loss: 2.7108e-05
	(1/3) Block 16/28, mlp.gate_proj | Tuning Non-Factorized Weights...
		(Epoch 01/08) Block Loss: 2.7241e-05
		(Epoch 02/08) Block Loss: 2.7032e-05
		(Epoch 03/08) Block Loss: 2.6899e-05
		(Epoch 04/08) Block Loss: 2.6806e-05
		(Epoch 05/08) Block Loss: 2.6723e-05
		(Epoch 06/08) Block Loss: 2.6666e-05
		(Epoch 07/08) Block Loss: 2.6627e-05
		(Epoch 08/08) Block Loss: 2.6609e-05
	(2/3) Block 16/28, mlp.gate_proj | Initialization via ADMM...
		ADMM weight recon error: raw=763.3381, norm=0.3058, per_el=2.4266e-04, out_err=0.0704, ADMM time=1.64s
	(3/3) Block 16/28, mlp.gate_proj | Tuning Factorized Weights...
		(Epoch 01/08) Block Loss: 2.9520e-05
		(Epoch 02/08) Block Loss: 2.9124e-05
		(Epoch 03/08) Block Loss: 2.9098e-05
		(Epoch 04/08) Block Loss: 2.9151e-05
		(Epoch 05/08) Block Loss: 2.9108e-05
		(Epoch 06/08) Block Loss: 2.9090e-05
		(Epoch 07/08) Block Loss: 2.9034e-05
		(Epoch 08/08) Block Loss: 2.8885e-05
	(1/3) Block 16/28, mlp.up_proj | Tuning Non-Factorized Weights...
		(Epoch 01/08) Block Loss: 2.8482e-05
		(Epoch 02/08) Block Loss: 2.8188e-05
		(Epoch 03/08) Block Loss: 2.8039e-05
		(Epoch 04/08) Block Loss: 2.7944e-05
		(Epoch 05/08) Block Loss: 2.7868e-05
		(Epoch 06/08) Block Loss: 2.7818e-05
		(Epoch 07/08) Block Loss: 2.7785e-05
		(Epoch 08/08) Block Loss: 2.7771e-05
	(2/3) Block 16/28, mlp.up_proj | Initialization via ADMM...
		ADMM weight recon error: raw=760.0829, norm=0.3493, per_el=2.4162e-04, out_err=0.1764, ADMM time=2.56s
	(3/3) Block 16/28, mlp.up_proj | Tuning Factorized Weights...
		(Epoch 01/08) Block Loss: 3.3200e-05
		(Epoch 02/08) Block Loss: 3.2431e-05
		(Epoch 03/08) Block Loss: 3.2348e-05
		(Epoch 04/08) Block Loss: 3.2406e-05
		(Epoch 05/08) Block Loss: 3.2348e-05
		(Epoch 06/08) Block Loss: 3.2327e-05
		(Epoch 07/08) Block Loss: 3.2236e-05
		(Epoch 08/08) Block Loss: 3.1932e-05
	(1/3) Block 16/28, mlp.down_proj | Tuning Non-Factorized Weights...
		(Epoch 01/08) Block Loss: 3.1140e-05
		(Epoch 02/08) Block Loss: 3.0729e-05
		(Epoch 03/08) Block Loss: 3.0528e-05
		(Epoch 04/08) Block Loss: 3.0408e-05
		(Epoch 05/08) Block Loss: 3.0326e-05
		(Epoch 06/08) Block Loss: 3.0277e-05
		(Epoch 07/08) Block Loss: 3.0250e-05
		(Epoch 08/08) Block Loss: 3.0239e-05
	(2/3) Block 16/28, mlp.down_proj | Initialization via ADMM...
		ADMM weight recon error: raw=605.4244, norm=0.3127, per_el=1.9246e-04, out_err=0.2546, ADMM time=2.57s
	(3/3) Block 16/28, mlp.down_proj | Tuning Factorized Weights...
		(Epoch 01/08) Block Loss: 3.6243e-05
		(Epoch 02/08) Block Loss: 3.5750e-05
		(Epoch 03/08) Block Loss: 3.5777e-05
		(Epoch 04/08) Block Loss: 3.5834e-05
		(Epoch 05/08) Block Loss: 3.5828e-05
		(Epoch 06/08) Block Loss: 3.5792e-05
		(Epoch 07/08) Block Loss: 3.5739e-05
		(Epoch 08/08) Block Loss: 3.5445e-05
		Block 15: relative block output error = 0.0110
Using sequence length: 2048 (model max: 2048)
		Block 15: Test Data PPL        = 21.338
Compressing Layers:  57%|████████████████████████████████████████████████████████████▌                                             | 16/28 [28:34<20:15, 101.27s/it]Compressing Layers:  61%|████████████████████████████████████████████████████████████████▎                                         | 17/28 [30:15<18:34, 101.30s/it]	(1/3) Block 17/28, self_attn.q_proj | Tuning Non-Factorized Weights...
		(Epoch 01/08) Block Loss: 2.1446e-05
		(Epoch 02/08) Block Loss: 2.0338e-05
		(Epoch 03/08) Block Loss: 1.9792e-05
		(Epoch 04/08) Block Loss: 1.9452e-05
		(Epoch 05/08) Block Loss: 1.9214e-05
		(Epoch 06/08) Block Loss: 1.9065e-05
		(Epoch 07/08) Block Loss: 1.8978e-05
		(Epoch 08/08) Block Loss: 1.8944e-05
	(2/3) Block 17/28, self_attn.q_proj | Initialization via ADMM...
		ADMM weight recon error: raw=447.1332, norm=0.2070, per_el=2.1321e-04, out_err=0.0512, ADMM time=1.43s
	(3/3) Block 17/28, self_attn.q_proj | Tuning Factorized Weights...
		(Epoch 01/08) Block Loss: 1.9498e-05
		(Epoch 02/08) Block Loss: 1.9364e-05
		(Epoch 03/08) Block Loss: 1.9329e-05
		(Epoch 04/08) Block Loss: 1.9307e-05
		(Epoch 05/08) Block Loss: 1.9292e-05
		(Epoch 06/08) Block Loss: 1.9285e-05
		(Epoch 07/08) Block Loss: 1.9268e-05
		(Epoch 08/08) Block Loss: 1.9252e-05
	(1/3) Block 17/28, self_attn.v_proj | Tuning Non-Factorized Weights...
		(Epoch 01/08) Block Loss: 1.9339e-05
		(Epoch 02/08) Block Loss: 1.8963e-05
		(Epoch 03/08) Block Loss: 1.8722e-05
		(Epoch 04/08) Block Loss: 1.8548e-05
		(Epoch 05/08) Block Loss: 1.8412e-05
		(Epoch 06/08) Block Loss: 1.8321e-05
		(Epoch 07/08) Block Loss: 1.8264e-05
		(Epoch 08/08) Block Loss: 1.8239e-05
	(2/3) Block 17/28, self_attn.v_proj | Initialization via ADMM...
		ADMM weight recon error: raw=228.6807, norm=0.3230, per_el=2.1809e-04, out_err=0.2584, ADMM time=1.22s
	(3/3) Block 17/28, self_attn.v_proj | Tuning Factorized Weights...
		(Epoch 01/08) Block Loss: 2.0518e-05
		(Epoch 02/08) Block Loss: 2.0074e-05
		(Epoch 03/08) Block Loss: 1.9900e-05
		(Epoch 04/08) Block Loss: 1.9808e-05
		(Epoch 05/08) Block Loss: 1.9753e-05
		(Epoch 06/08) Block Loss: 1.9714e-05
		(Epoch 07/08) Block Loss: 1.9695e-05
		(Epoch 08/08) Block Loss: 1.9669e-05
	(1/3) Block 17/28, self_attn.o_proj | Tuning Non-Factorized Weights...
		(Epoch 01/08) Block Loss: 1.9388e-05
		(Epoch 02/08) Block Loss: 1.8965e-05
		(Epoch 03/08) Block Loss: 1.8751e-05
		(Epoch 04/08) Block Loss: 1.8611e-05
		(Epoch 05/08) Block Loss: 1.8499e-05
		(Epoch 06/08) Block Loss: 1.8424e-05
		(Epoch 07/08) Block Loss: 1.8377e-05
		(Epoch 08/08) Block Loss: 1.8355e-05
	(2/3) Block 17/28, self_attn.o_proj | Initialization via ADMM...
		ADMM weight recon error: raw=327.3387, norm=0.2902, per_el=1.5609e-04, out_err=0.2010, ADMM time=2.18s
	(3/3) Block 17/28, self_attn.o_proj | Tuning Factorized Weights...
		(Epoch 01/08) Block Loss: 2.0639e-05
		(Epoch 02/08) Block Loss: 2.0177e-05
		(Epoch 03/08) Block Loss: 2.0045e-05
		(Epoch 04/08) Block Loss: 1.9999e-05
		(Epoch 05/08) Block Loss: 1.9965e-05
		(Epoch 06/08) Block Loss: 1.9924e-05
		(Epoch 07/08) Block Loss: 1.9881e-05
		(Epoch 08/08) Block Loss: 1.9780e-05
	(1/3) Block 17/28, self_attn.k_proj | Tuning Non-Factorized Weights...
		(Epoch 01/08) Block Loss: 1.9499e-05
		(Epoch 02/08) Block Loss: 1.9163e-05
		(Epoch 03/08) Block Loss: 1.8994e-05
		(Epoch 04/08) Block Loss: 1.8886e-05
		(Epoch 05/08) Block Loss: 1.8798e-05
		(Epoch 06/08) Block Loss: 1.8740e-05
		(Epoch 07/08) Block Loss: 1.8703e-05
		(Epoch 08/08) Block Loss: 1.8685e-05
	(2/3) Block 17/28, self_attn.k_proj | Initialization via ADMM...
		ADMM weight recon error: raw=162.5690, norm=0.2605, per_el=1.5504e-04, out_err=0.0760, ADMM time=1.75s
	(3/3) Block 17/28, self_attn.k_proj | Tuning Factorized Weights...
		(Epoch 01/08) Block Loss: 1.8958e-05
		(Epoch 02/08) Block Loss: 1.8908e-05
		(Epoch 03/08) Block Loss: 1.8891e-05
		(Epoch 04/08) Block Loss: 1.8882e-05
		(Epoch 05/08) Block Loss: 1.8875e-05
		(Epoch 06/08) Block Loss: 1.8871e-05
		(Epoch 07/08) Block Loss: 1.8867e-05
		(Epoch 08/08) Block Loss: 1.8862e-05
	(1/3) Block 17/28, mlp.gate_proj | Tuning Non-Factorized Weights...
		(Epoch 01/08) Block Loss: 1.8979e-05
		(Epoch 02/08) Block Loss: 1.8826e-05
		(Epoch 03/08) Block Loss: 1.8730e-05
		(Epoch 04/08) Block Loss: 1.8664e-05
		(Epoch 05/08) Block Loss: 1.8604e-05
		(Epoch 06/08) Block Loss: 1.8561e-05
		(Epoch 07/08) Block Loss: 1.8532e-05
		(Epoch 08/08) Block Loss: 1.8517e-05
	(2/3) Block 17/28, mlp.gate_proj | Initialization via ADMM...
		ADMM weight recon error: raw=759.6611, norm=0.3063, per_el=2.4149e-04, out_err=0.0611, ADMM time=1.40s
	(3/3) Block 17/28, mlp.gate_proj | Tuning Factorized Weights...
		(Epoch 01/08) Block Loss: 2.0800e-05
		(Epoch 02/08) Block Loss: 2.0455e-05
		(Epoch 03/08) Block Loss: 2.0434e-05
		(Epoch 04/08) Block Loss: 2.0448e-05
		(Epoch 05/08) Block Loss: 2.0445e-05
		(Epoch 06/08) Block Loss: 2.0429e-05
		(Epoch 07/08) Block Loss: 2.0393e-05
		(Epoch 08/08) Block Loss: 2.0268e-05
	(1/3) Block 17/28, mlp.up_proj | Tuning Non-Factorized Weights...
		(Epoch 01/08) Block Loss: 1.9950e-05
		(Epoch 02/08) Block Loss: 1.9725e-05
		(Epoch 03/08) Block Loss: 1.9614e-05
		(Epoch 04/08) Block Loss: 1.9547e-05
		(Epoch 05/08) Block Loss: 1.9491e-05
		(Epoch 06/08) Block Loss: 1.9453e-05
		(Epoch 07/08) Block Loss: 1.9428e-05
		(Epoch 08/08) Block Loss: 1.9416e-05
	(2/3) Block 17/28, mlp.up_proj | Initialization via ADMM...
		ADMM weight recon error: raw=835.8674, norm=0.3653, per_el=2.6572e-04, out_err=0.1559, ADMM time=2.80s
	(3/3) Block 17/28, mlp.up_proj | Tuning Factorized Weights...
		(Epoch 01/08) Block Loss: 2.4836e-05
		(Epoch 02/08) Block Loss: 2.4011e-05
		(Epoch 03/08) Block Loss: 2.3922e-05
		(Epoch 04/08) Block Loss: 2.3921e-05
		(Epoch 05/08) Block Loss: 2.3912e-05
		(Epoch 06/08) Block Loss: 2.3884e-05
		(Epoch 07/08) Block Loss: 2.3816e-05
		(Epoch 08/08) Block Loss: 2.3575e-05
	(1/3) Block 17/28, mlp.down_proj | Tuning Non-Factorized Weights...
		(Epoch 01/08) Block Loss: 2.2634e-05
		(Epoch 02/08) Block Loss: 2.2155e-05
		(Epoch 03/08) Block Loss: 2.1942e-05
		(Epoch 04/08) Block Loss: 2.1822e-05
		(Epoch 05/08) Block Loss: 2.1743e-05
		(Epoch 06/08) Block Loss: 2.1696e-05
		(Epoch 07/08) Block Loss: 2.1671e-05
		(Epoch 08/08) Block Loss: 2.1661e-05
	(2/3) Block 17/28, mlp.down_proj | Initialization via ADMM...
		ADMM weight recon error: raw=670.2307, norm=0.3434, per_el=2.1306e-04, out_err=0.2142, ADMM time=2.12s
	(3/3) Block 17/28, mlp.down_proj | Tuning Factorized Weights...
		(Epoch 01/08) Block Loss: 2.8450e-05
		(Epoch 02/08) Block Loss: 2.7846e-05
		(Epoch 03/08) Block Loss: 2.7851e-05
		(Epoch 04/08) Block Loss: 2.7916e-05
		(Epoch 05/08) Block Loss: 2.7931e-05
		(Epoch 06/08) Block Loss: 2.7908e-05
		(Epoch 07/08) Block Loss: 2.7868e-05
		(Epoch 08/08) Block Loss: 2.7579e-05
		Block 16: relative block output error = 0.0175
Using sequence length: 2048 (model max: 2048)
		Block 16: Test Data PPL        = 21.876
	(1/3) Block 18/28, self_attn.q_proj | Tuning Non-Factorized Weights...
		(Epoch 01/08) Block Loss: 2.1955e-05
		(Epoch 02/08) Block Loss: 2.0521e-05
		(Epoch 03/08) Block Loss: 1.9844e-05
		(Epoch 04/08) Block Loss: 1.9420e-05
		(Epoch 05/08) Block Loss: 1.9135e-05
		(Epoch 06/08) Block Loss: 1.8960e-05
		(Epoch 07/08) Block Loss: 1.8860e-05
		(Epoch 08/08) Block Loss: 1.8821e-05
	(2/3) Block 18/28, self_attn.q_proj | Initialization via ADMM...
		ADMM weight recon error: raw=422.5018, norm=0.2201, per_el=2.0146e-04, out_err=0.0577, ADMM time=2.27s
	(3/3) Block 18/28, self_attn.q_proj | Tuning Factorized Weights...
		(Epoch 01/08) Block Loss: 1.9509e-05
		(Epoch 02/08) Block Loss: 1.9345e-05
		(Epoch 03/08) Block Loss: 1.9299e-05
		(Epoch 04/08) Block Loss: 1.9272e-05
		(Epoch 05/08) Block Loss: 1.9248e-05
		(Epoch 06/08) Block Loss: 1.9230e-05
		(Epoch 07/08) Block Loss: 1.9215e-05
		(Epoch 08/08) Block Loss: 1.9188e-05
	(1/3) Block 18/28, self_attn.v_proj | Tuning Non-Factorized Weights...
		(Epoch 01/08) Block Loss: 1.9262e-05
		(Epoch 02/08) Block Loss: 1.8839e-05
		(Epoch 03/08) Block Loss: 1.8563e-05
		(Epoch 04/08) Block Loss: 1.8363e-05
		(Epoch 05/08) Block Loss: 1.8211e-05
		(Epoch 06/08) Block Loss: 1.8112e-05
		(Epoch 07/08) Block Loss: 1.8049e-05
		(Epoch 08/08) Block Loss: 1.8023e-05
	(2/3) Block 18/28, self_attn.v_proj | Initialization via ADMM...
		ADMM weight recon error: raw=238.7694, norm=0.3175, per_el=2.2771e-04, out_err=0.3005, ADMM time=1.11s
Compressing Layers:  64%|████████████████████████████████████████████████████████████████████▏                                     | 18/28 [31:56<16:53, 101.34s/it]	(3/3) Block 18/28, self_attn.v_proj | Tuning Factorized Weights...
		(Epoch 01/08) Block Loss: 2.1460e-05
		(Epoch 02/08) Block Loss: 2.0806e-05
		(Epoch 03/08) Block Loss: 2.0521e-05
		(Epoch 04/08) Block Loss: 2.0357e-05
		(Epoch 05/08) Block Loss: 2.0262e-05
		(Epoch 06/08) Block Loss: 2.0202e-05
		(Epoch 07/08) Block Loss: 2.0170e-05
		(Epoch 08/08) Block Loss: 2.0122e-05
	(1/3) Block 18/28, self_attn.o_proj | Tuning Non-Factorized Weights...
		(Epoch 01/08) Block Loss: 1.9617e-05
		(Epoch 02/08) Block Loss: 1.9070e-05
		(Epoch 03/08) Block Loss: 1.8812e-05
		(Epoch 04/08) Block Loss: 1.8643e-05
		(Epoch 05/08) Block Loss: 1.8514e-05
		(Epoch 06/08) Block Loss: 1.8430e-05
		(Epoch 07/08) Block Loss: 1.8377e-05
		(Epoch 08/08) Block Loss: 1.8353e-05
	(2/3) Block 18/28, self_attn.o_proj | Initialization via ADMM...
		ADMM weight recon error: raw=316.4440, norm=0.2805, per_el=1.5089e-04, out_err=0.2679, ADMM time=1.35s
	(3/3) Block 18/28, self_attn.o_proj | Tuning Factorized Weights...
		(Epoch 01/08) Block Loss: 2.1552e-05
		(Epoch 02/08) Block Loss: 2.0901e-05
		(Epoch 03/08) Block Loss: 2.0677e-05
		(Epoch 04/08) Block Loss: 2.0612e-05
		(Epoch 05/08) Block Loss: 2.0540e-05
		(Epoch 06/08) Block Loss: 2.0460e-05
		(Epoch 07/08) Block Loss: 2.0413e-05
		(Epoch 08/08) Block Loss: 2.0286e-05
	(1/3) Block 18/28, self_attn.k_proj | Tuning Non-Factorized Weights...
		(Epoch 01/08) Block Loss: 1.9895e-05
		(Epoch 02/08) Block Loss: 1.9472e-05
		(Epoch 03/08) Block Loss: 1.9259e-05
		(Epoch 04/08) Block Loss: 1.9123e-05
		(Epoch 05/08) Block Loss: 1.9020e-05
		(Epoch 06/08) Block Loss: 1.8952e-05
		(Epoch 07/08) Block Loss: 1.8910e-05
		(Epoch 08/08) Block Loss: 1.8892e-05
	(2/3) Block 18/28, self_attn.k_proj | Initialization via ADMM...
		ADMM weight recon error: raw=165.9484, norm=0.2747, per_el=1.5826e-04, out_err=0.0666, ADMM time=1.16s
	(3/3) Block 18/28, self_attn.k_proj | Tuning Factorized Weights...
		(Epoch 01/08) Block Loss: 1.9206e-05
		(Epoch 02/08) Block Loss: 1.9150e-05
		(Epoch 03/08) Block Loss: 1.9127e-05
		(Epoch 04/08) Block Loss: 1.9114e-05
		(Epoch 05/08) Block Loss: 1.9106e-05
		(Epoch 06/08) Block Loss: 1.9100e-05
		(Epoch 07/08) Block Loss: 1.9095e-05
		(Epoch 08/08) Block Loss: 1.9090e-05
	(1/3) Block 18/28, mlp.gate_proj | Tuning Non-Factorized Weights...
		(Epoch 01/08) Block Loss: 1.9194e-05
		(Epoch 02/08) Block Loss: 1.9021e-05
		(Epoch 03/08) Block Loss: 1.8910e-05
		(Epoch 04/08) Block Loss: 1.8832e-05
		(Epoch 05/08) Block Loss: 1.8765e-05
		(Epoch 06/08) Block Loss: 1.8718e-05
		(Epoch 07/08) Block Loss: 1.8687e-05
		(Epoch 08/08) Block Loss: 1.8672e-05
	(2/3) Block 18/28, mlp.gate_proj | Initialization via ADMM...
		ADMM weight recon error: raw=785.0703, norm=0.3186, per_el=2.4957e-04, out_err=0.0694, ADMM time=2.05s
	(3/3) Block 18/28, mlp.gate_proj | Tuning Factorized Weights...
		(Epoch 01/08) Block Loss: 2.1418e-05
		(Epoch 02/08) Block Loss: 2.0918e-05
		(Epoch 03/08) Block Loss: 2.0864e-05
		(Epoch 04/08) Block Loss: 2.0867e-05
		(Epoch 05/08) Block Loss: 2.0851e-05
		(Epoch 06/08) Block Loss: 2.0839e-05
		(Epoch 07/08) Block Loss: 2.0790e-05
		(Epoch 08/08) Block Loss: 2.0632e-05
	(1/3) Block 18/28, mlp.up_proj | Tuning Non-Factorized Weights...
		(Epoch 01/08) Block Loss: 2.0248e-05
		(Epoch 02/08) Block Loss: 1.9991e-05
		(Epoch 03/08) Block Loss: 1.9862e-05
		(Epoch 04/08) Block Loss: 1.9781e-05
		(Epoch 05/08) Block Loss: 1.9719e-05
		(Epoch 06/08) Block Loss: 1.9677e-05
		(Epoch 07/08) Block Loss: 1.9651e-05
		(Epoch 08/08) Block Loss: 1.9639e-05
	(2/3) Block 18/28, mlp.up_proj | Initialization via ADMM...
		ADMM weight recon error: raw=869.5563, norm=0.3506, per_el=2.7642e-04, out_err=0.1303, ADMM time=2.07s
	(3/3) Block 18/28, mlp.up_proj | Tuning Factorized Weights...
		(Epoch 01/08) Block Loss: 2.3832e-05
		(Epoch 02/08) Block Loss: 2.3113e-05
		(Epoch 03/08) Block Loss: 2.3002e-05
		(Epoch 04/08) Block Loss: 2.2981e-05
		(Epoch 05/08) Block Loss: 2.2933e-05
		(Epoch 06/08) Block Loss: 2.2889e-05
		(Epoch 07/08) Block Loss: 2.2832e-05
		(Epoch 08/08) Block Loss: 2.2637e-05
	(1/3) Block 18/28, mlp.down_proj | Tuning Non-Factorized Weights...
		(Epoch 01/08) Block Loss: 2.2024e-05
		(Epoch 02/08) Block Loss: 2.1716e-05
		(Epoch 03/08) Block Loss: 2.1572e-05
		(Epoch 04/08) Block Loss: 2.1488e-05
		(Epoch 05/08) Block Loss: 2.1429e-05
		(Epoch 06/08) Block Loss: 2.1393e-05
		(Epoch 07/08) Block Loss: 2.1373e-05
		(Epoch 08/08) Block Loss: 2.1364e-05
	(2/3) Block 18/28, mlp.down_proj | Initialization via ADMM...
		ADMM weight recon error: raw=670.3245, norm=0.3365, per_el=2.1309e-04, out_err=0.2410, ADMM time=2.10s
	(3/3) Block 18/28, mlp.down_proj | Tuning Factorized Weights...
		(Epoch 01/08) Block Loss: 2.8001e-05
		(Epoch 02/08) Block Loss: 2.7518e-05
		(Epoch 03/08) Block Loss: 2.7576e-05
		(Epoch 04/08) Block Loss: 2.7675e-05
		(Epoch 05/08) Block Loss: 2.7665e-05
		(Epoch 06/08) Block Loss: 2.7660e-05
		(Epoch 07/08) Block Loss: 2.7620e-05
		(Epoch 08/08) Block Loss: 2.7317e-05
		Block 17: relative block output error = 0.0239
Using sequence length: 2048 (model max: 2048)
		Block 17: Test Data PPL        = 22.390
	(1/3) Block 19/28, self_attn.q_proj | Tuning Non-Factorized Weights...
		(Epoch 01/08) Block Loss: 2.3375e-05
		(Epoch 02/08) Block Loss: 2.1866e-05
		(Epoch 03/08) Block Loss: 2.1150e-05
		(Epoch 04/08) Block Loss: 2.0709e-05
		(Epoch 05/08) Block Loss: 2.0413e-05
		(Epoch 06/08) Block Loss: 2.0234e-05
		(Epoch 07/08) Block Loss: 2.0131e-05
		(Epoch 08/08) Block Loss: 2.0092e-05
	(2/3) Block 19/28, self_attn.q_proj | Initialization via ADMM...
		ADMM weight recon error: raw=442.1758, norm=0.2220, per_el=2.1085e-04, out_err=0.0529, ADMM time=2.16s
	(3/3) Block 19/28, self_attn.q_proj | Tuning Factorized Weights...
		(Epoch 01/08) Block Loss: 2.0654e-05
		(Epoch 02/08) Block Loss: 2.0509e-05
		(Epoch 03/08) Block Loss: 2.0468e-05
		(Epoch 04/08) Block Loss: 2.0453e-05
		(Epoch 05/08) Block Loss: 2.0423e-05
		(Epoch 06/08) Block Loss: 2.0411e-05
		(Epoch 07/08) Block Loss: 2.0396e-05
		(Epoch 08/08) Block Loss: 2.0376e-05
	(1/3) Block 19/28, self_attn.v_proj | Tuning Non-Factorized Weights...
		(Epoch 01/08) Block Loss: 2.0451e-05
		(Epoch 02/08) Block Loss: 2.0003e-05
		(Epoch 03/08) Block Loss: 1.9715e-05
		(Epoch 04/08) Block Loss: 1.9508e-05
		(Epoch 05/08) Block Loss: 1.9348e-05
		(Epoch 06/08) Block Loss: 1.9245e-05
		(Epoch 07/08) Block Loss: 1.9180e-05
		(Epoch 08/08) Block Loss: 1.9153e-05
	(2/3) Block 19/28, self_attn.v_proj | Initialization via ADMM...
		ADMM weight recon error: raw=238.7069, norm=0.3430, per_el=2.2765e-04, out_err=0.3006, ADMM time=1.55s
	(3/3) Block 19/28, self_attn.v_proj | Tuning Factorized Weights...
		(Epoch 01/08) Block Loss: 2.2768e-05
		(Epoch 02/08) Block Loss: 2.1776e-05
		(Epoch 03/08) Block Loss: 2.1440e-05
		(Epoch 04/08) Block Loss: 2.1247e-05
		(Epoch 05/08) Block Loss: 2.1145e-05
		(Epoch 06/08) Block Loss: 2.1086e-05
		(Epoch 07/08) Block Loss: 2.1054e-05
		(Epoch 08/08) Block Loss: 2.1008e-05
	(1/3) Block 19/28, self_attn.o_proj | Tuning Non-Factorized Weights...
		(Epoch 01/08) Block Loss: 2.0566e-05
		(Epoch 02/08) Block Loss: 2.0028e-05
		(Epoch 03/08) Block Loss: 1.9768e-05
		(Epoch 04/08) Block Loss: 1.9600e-05
		(Epoch 05/08) Block Loss: 1.9471e-05
		(Epoch 06/08) Block Loss: 1.9385e-05
		(Epoch 07/08) Block Loss: 1.9332e-05
		(Epoch 08/08) Block Loss: 1.9308e-05
	(2/3) Block 19/28, self_attn.o_proj | Initialization via ADMM...
		ADMM weight recon error: raw=311.3727, norm=0.2949, per_el=1.4847e-04, out_err=0.1746, ADMM time=1.50s
	(3/3) Block 19/28, self_attn.o_proj | Tuning Factorized Weights...
		(Epoch 01/08) Block Loss: 2.1495e-05
		(Epoch 02/08) Block Loss: 2.1078e-05
		(Epoch 03/08) Block Loss: 2.0967e-05
		(Epoch 04/08) Block Loss: 2.0926e-05
		(Epoch 05/08) Block Loss: 2.0895e-05
		(Epoch 06/08) Block Loss: 2.0856e-05
		(Epoch 07/08) Block Loss: 2.0834e-05
		(Epoch 08/08) Block Loss: 2.0704e-05
	(1/3) Block 19/28, self_attn.k_proj | Tuning Non-Factorized Weights...
		(Epoch 01/08) Block Loss: 2.0422e-05
		(Epoch 02/08) Block Loss: 2.0066e-05
		(Epoch 03/08) Block Loss: 1.9882e-05
		(Epoch 04/08) Block Loss: 1.9761e-05
Compressing Layers:  68%|███████████████████████████████████████████████████████████████████████▉                                  | 19/28 [33:40<15:19, 102.14s/it]		(Epoch 05/08) Block Loss: 1.9665e-05
		(Epoch 06/08) Block Loss: 1.9602e-05
		(Epoch 07/08) Block Loss: 1.9561e-05
		(Epoch 08/08) Block Loss: 1.9543e-05
	(2/3) Block 19/28, self_attn.k_proj | Initialization via ADMM...
		ADMM weight recon error: raw=161.9905, norm=0.2832, per_el=1.5449e-04, out_err=0.0858, ADMM time=1.83s
	(3/3) Block 19/28, self_attn.k_proj | Tuning Factorized Weights...
		(Epoch 01/08) Block Loss: 1.9844e-05
		(Epoch 02/08) Block Loss: 1.9782e-05
		(Epoch 03/08) Block Loss: 1.9762e-05
		(Epoch 04/08) Block Loss: 1.9751e-05
		(Epoch 05/08) Block Loss: 1.9744e-05
		(Epoch 06/08) Block Loss: 1.9737e-05
		(Epoch 07/08) Block Loss: 1.9733e-05
		(Epoch 08/08) Block Loss: 1.9729e-05
	(1/3) Block 19/28, mlp.gate_proj | Tuning Non-Factorized Weights...
		(Epoch 01/08) Block Loss: 1.9844e-05
		(Epoch 02/08) Block Loss: 1.9675e-05
		(Epoch 03/08) Block Loss: 1.9568e-05
		(Epoch 04/08) Block Loss: 1.9493e-05
		(Epoch 05/08) Block Loss: 1.9426e-05
		(Epoch 06/08) Block Loss: 1.9379e-05
		(Epoch 07/08) Block Loss: 1.9348e-05
		(Epoch 08/08) Block Loss: 1.9332e-05
	(2/3) Block 19/28, mlp.gate_proj | Initialization via ADMM...
		ADMM weight recon error: raw=793.9857, norm=0.3222, per_el=2.5240e-04, out_err=0.0692, ADMM time=2.19s
	(3/3) Block 19/28, mlp.gate_proj | Tuning Factorized Weights...
		(Epoch 01/08) Block Loss: 2.2585e-05
		(Epoch 02/08) Block Loss: 2.1951e-05
		(Epoch 03/08) Block Loss: 2.1871e-05
		(Epoch 04/08) Block Loss: 2.1866e-05
		(Epoch 05/08) Block Loss: 2.1843e-05
		(Epoch 06/08) Block Loss: 2.1818e-05
		(Epoch 07/08) Block Loss: 2.1764e-05
		(Epoch 08/08) Block Loss: 2.1594e-05
	(1/3) Block 19/28, mlp.up_proj | Tuning Non-Factorized Weights...
		(Epoch 01/08) Block Loss: 2.1163e-05
		(Epoch 02/08) Block Loss: 2.0882e-05
		(Epoch 03/08) Block Loss: 2.0745e-05
		(Epoch 04/08) Block Loss: 2.0660e-05
		(Epoch 05/08) Block Loss: 2.0594e-05
		(Epoch 06/08) Block Loss: 2.0550e-05
		(Epoch 07/08) Block Loss: 2.0522e-05
		(Epoch 08/08) Block Loss: 2.0510e-05
	(2/3) Block 19/28, mlp.up_proj | Initialization via ADMM...
		ADMM weight recon error: raw=897.5409, norm=0.3573, per_el=2.8532e-04, out_err=0.1180, ADMM time=1.54s
	(3/3) Block 19/28, mlp.up_proj | Tuning Factorized Weights...
		(Epoch 01/08) Block Loss: 2.5420e-05
		(Epoch 02/08) Block Loss: 2.4470e-05
		(Epoch 03/08) Block Loss: 2.4308e-05
		(Epoch 04/08) Block Loss: 2.4268e-05
		(Epoch 05/08) Block Loss: 2.4228e-05
		(Epoch 06/08) Block Loss: 2.4181e-05
		(Epoch 07/08) Block Loss: 2.4117e-05
		(Epoch 08/08) Block Loss: 2.3903e-05
	(1/3) Block 19/28, mlp.down_proj | Tuning Non-Factorized Weights...
		(Epoch 01/08) Block Loss: 2.3202e-05
		(Epoch 02/08) Block Loss: 2.2844e-05
		(Epoch 03/08) Block Loss: 2.2680e-05
		(Epoch 04/08) Block Loss: 2.2585e-05
		(Epoch 05/08) Block Loss: 2.2520e-05
		(Epoch 06/08) Block Loss: 2.2481e-05
		(Epoch 07/08) Block Loss: 2.2459e-05
		(Epoch 08/08) Block Loss: 2.2450e-05
	(2/3) Block 19/28, mlp.down_proj | Initialization via ADMM...
		ADMM weight recon error: raw=732.4736, norm=0.3391, per_el=2.3285e-04, out_err=0.2382, ADMM time=1.99s
	(3/3) Block 19/28, mlp.down_proj | Tuning Factorized Weights...
		(Epoch 01/08) Block Loss: 2.9681e-05
		(Epoch 02/08) Block Loss: 2.9161e-05
		(Epoch 03/08) Block Loss: 2.9258e-05
		(Epoch 04/08) Block Loss: 2.9374e-05
		(Epoch 05/08) Block Loss: 2.9410e-05
		(Epoch 06/08) Block Loss: 2.9405e-05
		(Epoch 07/08) Block Loss: 2.9367e-05
		(Epoch 08/08) Block Loss: 2.9052e-05
		Block 18: relative block output error = 0.0304
Using sequence length: 2048 (model max: 2048)
		Block 18: Test Data PPL        = 23.007
	(1/3) Block 20/28, self_attn.q_proj | Tuning Non-Factorized Weights...
		(Epoch 01/08) Block Loss: 2.2800e-05
		(Epoch 02/08) Block Loss: 2.1263e-05
		(Epoch 03/08) Block Loss: 2.0532e-05
		(Epoch 04/08) Block Loss: 2.0089e-05
		(Epoch 05/08) Block Loss: 1.9786e-05
		(Epoch 06/08) Block Loss: 1.9601e-05
		(Epoch 07/08) Block Loss: 1.9496e-05
		(Epoch 08/08) Block Loss: 1.9455e-05
	(2/3) Block 20/28, self_attn.q_proj | Initialization via ADMM...
		ADMM weight recon error: raw=451.3092, norm=0.2074, per_el=2.1520e-04, out_err=0.0574, ADMM time=1.76s
	(3/3) Block 20/28, self_attn.q_proj | Tuning Factorized Weights...
		(Epoch 01/08) Block Loss: 2.0155e-05
		(Epoch 02/08) Block Loss: 1.9961e-05
		(Epoch 03/08) Block Loss: 1.9905e-05
		(Epoch 04/08) Block Loss: 1.9878e-05
		(Epoch 05/08) Block Loss: 1.9856e-05
		(Epoch 06/08) Block Loss: 1.9836e-05
		(Epoch 07/08) Block Loss: 1.9820e-05
		(Epoch 08/08) Block Loss: 1.9797e-05
	(1/3) Block 20/28, self_attn.v_proj | Tuning Non-Factorized Weights...
		(Epoch 01/08) Block Loss: 1.9865e-05
		(Epoch 02/08) Block Loss: 1.9410e-05
		(Epoch 03/08) Block Loss: 1.9116e-05
		(Epoch 04/08) Block Loss: 1.8906e-05
		(Epoch 05/08) Block Loss: 1.8745e-05
		(Epoch 06/08) Block Loss: 1.8638e-05
		(Epoch 07/08) Block Loss: 1.8572e-05
		(Epoch 08/08) Block Loss: 1.8544e-05
	(2/3) Block 20/28, self_attn.v_proj | Initialization via ADMM...
		ADMM weight recon error: raw=231.7395, norm=0.3237, per_el=2.2100e-04, out_err=0.2918, ADMM time=1.12s
	(3/3) Block 20/28, self_attn.v_proj | Tuning Factorized Weights...
		(Epoch 01/08) Block Loss: 2.1868e-05
		(Epoch 02/08) Block Loss: 2.1146e-05
		(Epoch 03/08) Block Loss: 2.0860e-05
		(Epoch 04/08) Block Loss: 2.0709e-05
		(Epoch 05/08) Block Loss: 2.0618e-05
		(Epoch 06/08) Block Loss: 2.0571e-05
		(Epoch 07/08) Block Loss: 2.0541e-05
		(Epoch 08/08) Block Loss: 2.0504e-05
	(1/3) Block 20/28, self_attn.o_proj | Tuning Non-Factorized Weights...
		(Epoch 01/08) Block Loss: 2.0084e-05
		(Epoch 02/08) Block Loss: 1.9538e-05
		(Epoch 03/08) Block Loss: 1.9271e-05
		(Epoch 04/08) Block Loss: 1.9097e-05
		(Epoch 05/08) Block Loss: 1.8963e-05
		(Epoch 06/08) Block Loss: 1.8874e-05
		(Epoch 07/08) Block Loss: 1.8819e-05
		(Epoch 08/08) Block Loss: 1.8794e-05
	(2/3) Block 20/28, self_attn.o_proj | Initialization via ADMM...
		ADMM weight recon error: raw=336.7467, norm=0.2883, per_el=1.6057e-04, out_err=0.2027, ADMM time=1.99s
	(3/3) Block 20/28, self_attn.o_proj | Tuning Factorized Weights...
		(Epoch 01/08) Block Loss: 2.1160e-05
		(Epoch 02/08) Block Loss: 2.0776e-05
		(Epoch 03/08) Block Loss: 2.0690e-05
		(Epoch 04/08) Block Loss: 2.0678e-05
		(Epoch 05/08) Block Loss: 2.0662e-05
		(Epoch 06/08) Block Loss: 2.0637e-05
		(Epoch 07/08) Block Loss: 2.0590e-05
		(Epoch 08/08) Block Loss: 2.0482e-05
	(1/3) Block 20/28, self_attn.k_proj | Tuning Non-Factorized Weights...
		(Epoch 01/08) Block Loss: 2.0108e-05
		(Epoch 02/08) Block Loss: 1.9710e-05
		(Epoch 03/08) Block Loss: 1.9511e-05
		(Epoch 04/08) Block Loss: 1.9381e-05
		(Epoch 05/08) Block Loss: 1.9280e-05
		(Epoch 06/08) Block Loss: 1.9212e-05
		(Epoch 07/08) Block Loss: 1.9170e-05
		(Epoch 08/08) Block Loss: 1.9150e-05
	(2/3) Block 20/28, self_attn.k_proj | Initialization via ADMM...
		ADMM weight recon error: raw=162.9351, norm=0.2809, per_el=1.5539e-04, out_err=0.0845, ADMM time=1.35s
	(3/3) Block 20/28, self_attn.k_proj | Tuning Factorized Weights...
		(Epoch 01/08) Block Loss: 1.9554e-05
		(Epoch 02/08) Block Loss: 1.9463e-05
		(Epoch 03/08) Block Loss: 1.9431e-05
		(Epoch 04/08) Block Loss: 1.9413e-05
		(Epoch 05/08) Block Loss: 1.9405e-05
		(Epoch 06/08) Block Loss: 1.9398e-05
		(Epoch 07/08) Block Loss: 1.9392e-05
		(Epoch 08/08) Block Loss: 1.9388e-05
	(1/3) Block 20/28, mlp.gate_proj | Tuning Non-Factorized Weights...
		(Epoch 01/08) Block Loss: 1.9510e-05
		(Epoch 02/08) Block Loss: 1.9331e-05
		(Epoch 03/08) Block Loss: 1.9220e-05
		(Epoch 04/08) Block Loss: 1.9141e-05
		(Epoch 05/08) Block Loss: 1.9072e-05
		(Epoch 06/08) Block Loss: 1.9023e-05
		(Epoch 07/08) Block Loss: 1.8990e-05
		(Epoch 08/08) Block Loss: 1.8974e-05
	(2/3) Block 20/28, mlp.gate_proj | Initialization via ADMM...
		ADMM weight recon error: raw=773.1611, norm=0.3222, per_el=2.4578e-04, out_err=0.0651, ADMM time=2.08s
	(3/3) Block 20/28, mlp.gate_proj | Tuning Factorized Weights...
		(Epoch 01/08) Block Loss: 2.2575e-05
		(Epoch 02/08) Block Loss: 2.1794e-05
		(Epoch 03/08) Block Loss: 2.1667e-05
		(Epoch 04/08) Block Loss: 2.1643e-05
		(Epoch 05/08) Block Loss: 2.1622e-05
Compressing Layers:  71%|███████████████████████████████████████████████████████████████████████████▋                              | 20/28 [35:25<13:42, 102.79s/it]		(Epoch 06/08) Block Loss: 2.1588e-05
		(Epoch 07/08) Block Loss: 2.1533e-05
		(Epoch 08/08) Block Loss: 2.1373e-05
	(1/3) Block 20/28, mlp.up_proj | Tuning Non-Factorized Weights...
		(Epoch 01/08) Block Loss: 2.0933e-05
		(Epoch 02/08) Block Loss: 2.0640e-05
		(Epoch 03/08) Block Loss: 2.0497e-05
		(Epoch 04/08) Block Loss: 2.0408e-05
		(Epoch 05/08) Block Loss: 2.0340e-05
		(Epoch 06/08) Block Loss: 2.0294e-05
		(Epoch 07/08) Block Loss: 2.0265e-05
		(Epoch 08/08) Block Loss: 2.0252e-05
	(2/3) Block 20/28, mlp.up_proj | Initialization via ADMM...
		ADMM weight recon error: raw=984.0677, norm=0.3597, per_el=3.1283e-04, out_err=0.1184, ADMM time=2.56s
	(3/3) Block 20/28, mlp.up_proj | Tuning Factorized Weights...
		(Epoch 01/08) Block Loss: 2.6224e-05
		(Epoch 02/08) Block Loss: 2.5098e-05
		(Epoch 03/08) Block Loss: 2.4899e-05
		(Epoch 04/08) Block Loss: 2.4839e-05
		(Epoch 05/08) Block Loss: 2.4796e-05
		(Epoch 06/08) Block Loss: 2.4754e-05
		(Epoch 07/08) Block Loss: 2.4693e-05
		(Epoch 08/08) Block Loss: 2.4440e-05
	(1/3) Block 20/28, mlp.down_proj | Tuning Non-Factorized Weights...
		(Epoch 01/08) Block Loss: 2.3554e-05
		(Epoch 02/08) Block Loss: 2.3100e-05
		(Epoch 03/08) Block Loss: 2.2891e-05
		(Epoch 04/08) Block Loss: 2.2772e-05
		(Epoch 05/08) Block Loss: 2.2693e-05
		(Epoch 06/08) Block Loss: 2.2647e-05
		(Epoch 07/08) Block Loss: 2.2621e-05
		(Epoch 08/08) Block Loss: 2.2611e-05
	(2/3) Block 20/28, mlp.down_proj | Initialization via ADMM...
		ADMM weight recon error: raw=806.2546, norm=0.3359, per_el=2.5630e-04, out_err=0.2277, ADMM time=2.45s
	(3/3) Block 20/28, mlp.down_proj | Tuning Factorized Weights...
		(Epoch 01/08) Block Loss: 3.1067e-05
		(Epoch 02/08) Block Loss: 3.0470e-05
		(Epoch 03/08) Block Loss: 3.0539e-05
		(Epoch 04/08) Block Loss: 3.0653e-05
		(Epoch 05/08) Block Loss: 3.0711e-05
		(Epoch 06/08) Block Loss: 3.0704e-05
		(Epoch 07/08) Block Loss: 3.0672e-05
		(Epoch 08/08) Block Loss: 3.0304e-05
		Block 19: relative block output error = 0.0419
Using sequence length: 2048 (model max: 2048)
		Block 19: Test Data PPL        = 24.246
	(1/3) Block 21/28, self_attn.q_proj | Tuning Non-Factorized Weights...
		(Epoch 01/08) Block Loss: 2.9189e-05
		(Epoch 02/08) Block Loss: 2.7138e-05
		(Epoch 03/08) Block Loss: 2.6143e-05
		(Epoch 04/08) Block Loss: 2.5538e-05
		(Epoch 05/08) Block Loss: 2.5143e-05
		(Epoch 06/08) Block Loss: 2.4891e-05
		(Epoch 07/08) Block Loss: 2.4758e-05
		(Epoch 08/08) Block Loss: 2.4708e-05
	(2/3) Block 21/28, self_attn.q_proj | Initialization via ADMM...
		ADMM weight recon error: raw=497.2839, norm=0.2072, per_el=2.3712e-04, out_err=0.0655, ADMM time=1.32s
	(3/3) Block 21/28, self_attn.q_proj | Tuning Factorized Weights...
		(Epoch 01/08) Block Loss: 2.5734e-05
		(Epoch 02/08) Block Loss: 2.5398e-05
		(Epoch 03/08) Block Loss: 2.5321e-05
		(Epoch 04/08) Block Loss: 2.5270e-05
		(Epoch 05/08) Block Loss: 2.5237e-05
		(Epoch 06/08) Block Loss: 2.5220e-05
		(Epoch 07/08) Block Loss: 2.5198e-05
		(Epoch 08/08) Block Loss: 2.5168e-05
	(1/3) Block 21/28, self_attn.v_proj | Tuning Non-Factorized Weights...
		(Epoch 01/08) Block Loss: 2.5187e-05
		(Epoch 02/08) Block Loss: 2.4604e-05
		(Epoch 03/08) Block Loss: 2.4223e-05
		(Epoch 04/08) Block Loss: 2.3948e-05
		(Epoch 05/08) Block Loss: 2.3741e-05
		(Epoch 06/08) Block Loss: 2.3594e-05
		(Epoch 07/08) Block Loss: 2.3513e-05
		(Epoch 08/08) Block Loss: 2.3481e-05
	(2/3) Block 21/28, self_attn.v_proj | Initialization via ADMM...
		ADMM weight recon error: raw=250.9159, norm=0.3200, per_el=2.3929e-04, out_err=0.2953, ADMM time=1.31s
	(3/3) Block 21/28, self_attn.v_proj | Tuning Factorized Weights...
		(Epoch 01/08) Block Loss: 2.7228e-05
		(Epoch 02/08) Block Loss: 2.6308e-05
		(Epoch 03/08) Block Loss: 2.5942e-05
		(Epoch 04/08) Block Loss: 2.5762e-05
		(Epoch 05/08) Block Loss: 2.5654e-05
		(Epoch 06/08) Block Loss: 2.5590e-05
		(Epoch 07/08) Block Loss: 2.5558e-05
		(Epoch 08/08) Block Loss: 2.5516e-05
	(1/3) Block 21/28, self_attn.o_proj | Tuning Non-Factorized Weights...
		(Epoch 01/08) Block Loss: 2.5090e-05
		(Epoch 02/08) Block Loss: 2.4478e-05
		(Epoch 03/08) Block Loss: 2.4161e-05
		(Epoch 04/08) Block Loss: 2.3949e-05
		(Epoch 05/08) Block Loss: 2.3786e-05
		(Epoch 06/08) Block Loss: 2.3676e-05
		(Epoch 07/08) Block Loss: 2.3611e-05
		(Epoch 08/08) Block Loss: 2.3584e-05
	(2/3) Block 21/28, self_attn.o_proj | Initialization via ADMM...
		ADMM weight recon error: raw=415.4557, norm=0.3206, per_el=1.9810e-04, out_err=0.1668, ADMM time=1.53s
	(3/3) Block 21/28, self_attn.o_proj | Tuning Factorized Weights...
		(Epoch 01/08) Block Loss: 2.6199e-05
		(Epoch 02/08) Block Loss: 2.5759e-05
		(Epoch 03/08) Block Loss: 2.5648e-05
		(Epoch 04/08) Block Loss: 2.5578e-05
		(Epoch 05/08) Block Loss: 2.5636e-05
		(Epoch 06/08) Block Loss: 2.5479e-05
		(Epoch 07/08) Block Loss: 2.5509e-05
		(Epoch 08/08) Block Loss: 2.5315e-05
	(1/3) Block 21/28, self_attn.k_proj | Tuning Non-Factorized Weights...
		(Epoch 01/08) Block Loss: 2.5029e-05
		(Epoch 02/08) Block Loss: 2.4579e-05
		(Epoch 03/08) Block Loss: 2.4343e-05
		(Epoch 04/08) Block Loss: 2.4185e-05
		(Epoch 05/08) Block Loss: 2.4063e-05
		(Epoch 06/08) Block Loss: 2.3982e-05
		(Epoch 07/08) Block Loss: 2.3932e-05
		(Epoch 08/08) Block Loss: 2.3910e-05
	(2/3) Block 21/28, self_attn.k_proj | Initialization via ADMM...
		ADMM weight recon error: raw=199.1786, norm=0.2946, per_el=1.8995e-04, out_err=0.1104, ADMM time=1.42s
	(3/3) Block 21/28, self_attn.k_proj | Tuning Factorized Weights...
		(Epoch 01/08) Block Loss: 2.4313e-05
		(Epoch 02/08) Block Loss: 2.4219e-05
		(Epoch 03/08) Block Loss: 2.4188e-05
		(Epoch 04/08) Block Loss: 2.4173e-05
		(Epoch 05/08) Block Loss: 2.4162e-05
		(Epoch 06/08) Block Loss: 2.4154e-05
		(Epoch 07/08) Block Loss: 2.4148e-05
		(Epoch 08/08) Block Loss: 2.4141e-05
	(1/3) Block 21/28, mlp.gate_proj | Tuning Non-Factorized Weights...
		(Epoch 01/08) Block Loss: 2.4273e-05
		(Epoch 02/08) Block Loss: 2.4057e-05
		(Epoch 03/08) Block Loss: 2.3919e-05
		(Epoch 04/08) Block Loss: 2.3820e-05
		(Epoch 05/08) Block Loss: 2.3735e-05
		(Epoch 06/08) Block Loss: 2.3676e-05
		(Epoch 07/08) Block Loss: 2.3637e-05
		(Epoch 08/08) Block Loss: 2.3619e-05
	(2/3) Block 21/28, mlp.gate_proj | Initialization via ADMM...
		ADMM weight recon error: raw=825.9550, norm=0.3309, per_el=2.6256e-04, out_err=0.0769, ADMM time=1.50s
	(3/3) Block 21/28, mlp.gate_proj | Tuning Factorized Weights...
		(Epoch 01/08) Block Loss: 2.8230e-05
		(Epoch 02/08) Block Loss: 2.7194e-05
		(Epoch 03/08) Block Loss: 2.6971e-05
		(Epoch 04/08) Block Loss: 2.6902e-05
		(Epoch 05/08) Block Loss: 2.6868e-05
		(Epoch 06/08) Block Loss: 2.6820e-05
		(Epoch 07/08) Block Loss: 2.6750e-05
		(Epoch 08/08) Block Loss: 2.6568e-05
	(1/3) Block 21/28, mlp.up_proj | Tuning Non-Factorized Weights...
		(Epoch 01/08) Block Loss: 2.6087e-05
		(Epoch 02/08) Block Loss: 2.5725e-05
		(Epoch 03/08) Block Loss: 2.5544e-05
		(Epoch 04/08) Block Loss: 2.5431e-05
		(Epoch 05/08) Block Loss: 2.5345e-05
		(Epoch 06/08) Block Loss: 2.5290e-05
		(Epoch 07/08) Block Loss: 2.5255e-05
		(Epoch 08/08) Block Loss: 2.5240e-05
	(2/3) Block 21/28, mlp.up_proj | Initialization via ADMM...
		ADMM weight recon error: raw=1092.4000, norm=0.3575, per_el=3.4726e-04, out_err=0.1248, ADMM time=2.02s
	(3/3) Block 21/28, mlp.up_proj | Tuning Factorized Weights...
		(Epoch 01/08) Block Loss: 3.1272e-05
		(Epoch 02/08) Block Loss: 3.0148e-05
		(Epoch 03/08) Block Loss: 2.9917e-05
		(Epoch 04/08) Block Loss: 2.9824e-05
		(Epoch 05/08) Block Loss: 2.9771e-05
		(Epoch 06/08) Block Loss: 2.9720e-05
		(Epoch 07/08) Block Loss: 2.9634e-05
		(Epoch 08/08) Block Loss: 2.9384e-05
	(1/3) Block 21/28, mlp.down_proj | Tuning Non-Factorized Weights...
		(Epoch 01/08) Block Loss: 2.8608e-05
		(Epoch 02/08) Block Loss: 2.8176e-05
		(Epoch 03/08) Block Loss: 2.7970e-05
		(Epoch 04/08) Block Loss: 2.7850e-05
		(Epoch 05/08) Block Loss: 2.7769e-05
		(Epoch 06/08) Block Loss: 2.7720e-05
		(Epoch 07/08) Block Loss: 2.7692e-05
		(Epoch 08/08) Block Loss: 2.7682e-05
	(2/3) Block 21/28, mlp.down_proj | Initialization via ADMM...
Compressing Layers:  75%|███████████████████████████████████████████████████████████████████████████████▌                          | 21/28 [37:03<11:49, 101.38s/it]Compressing Layers:  79%|███████████████████████████████████████████████████████████████████████████████████▎                      | 22/28 [38:44<10:07, 101.30s/it]		ADMM weight recon error: raw=924.0361, norm=0.3397, per_el=2.9374e-04, out_err=0.2113, ADMM time=2.29s
	(3/3) Block 21/28, mlp.down_proj | Tuning Factorized Weights...
		(Epoch 01/08) Block Loss: 3.7355e-05
		(Epoch 02/08) Block Loss: 3.6783e-05
		(Epoch 03/08) Block Loss: 3.6876e-05
		(Epoch 04/08) Block Loss: 3.7048e-05
		(Epoch 05/08) Block Loss: 3.7174e-05
		(Epoch 06/08) Block Loss: 3.7067e-05
		(Epoch 07/08) Block Loss: 3.7012e-05
		(Epoch 08/08) Block Loss: 3.6597e-05
		Block 20: relative block output error = 0.0495
Using sequence length: 2048 (model max: 2048)
		Block 20: Test Data PPL        = 24.967
	(1/3) Block 22/28, self_attn.q_proj | Tuning Non-Factorized Weights...
		(Epoch 01/08) Block Loss: 3.0688e-05
		(Epoch 02/08) Block Loss: 2.8690e-05
		(Epoch 03/08) Block Loss: 2.7665e-05
		(Epoch 04/08) Block Loss: 2.7041e-05
		(Epoch 05/08) Block Loss: 2.6629e-05
		(Epoch 06/08) Block Loss: 2.6370e-05
		(Epoch 07/08) Block Loss: 2.6233e-05
		(Epoch 08/08) Block Loss: 2.6182e-05
	(2/3) Block 22/28, self_attn.q_proj | Initialization via ADMM...
		ADMM weight recon error: raw=573.7133, norm=0.2313, per_el=2.7357e-04, out_err=0.0890, ADMM time=1.34s
	(3/3) Block 22/28, self_attn.q_proj | Tuning Factorized Weights...
		(Epoch 01/08) Block Loss: 2.7127e-05
		(Epoch 02/08) Block Loss: 2.6837e-05
		(Epoch 03/08) Block Loss: 2.6751e-05
		(Epoch 04/08) Block Loss: 2.6709e-05
		(Epoch 05/08) Block Loss: 2.6675e-05
		(Epoch 06/08) Block Loss: 2.6649e-05
		(Epoch 07/08) Block Loss: 2.6629e-05
		(Epoch 08/08) Block Loss: 2.6607e-05
	(1/3) Block 22/28, self_attn.v_proj | Tuning Non-Factorized Weights...
		(Epoch 01/08) Block Loss: 2.6629e-05
		(Epoch 02/08) Block Loss: 2.6041e-05
		(Epoch 03/08) Block Loss: 2.5618e-05
		(Epoch 04/08) Block Loss: 2.5320e-05
		(Epoch 05/08) Block Loss: 2.5109e-05
		(Epoch 06/08) Block Loss: 2.4963e-05
		(Epoch 07/08) Block Loss: 2.4879e-05
		(Epoch 08/08) Block Loss: 2.4847e-05
	(2/3) Block 22/28, self_attn.v_proj | Initialization via ADMM...
		ADMM weight recon error: raw=261.5032, norm=0.2919, per_el=2.4939e-04, out_err=0.2680, ADMM time=1.73s
	(3/3) Block 22/28, self_attn.v_proj | Tuning Factorized Weights...
		(Epoch 01/08) Block Loss: 2.8380e-05
		(Epoch 02/08) Block Loss: 2.7533e-05
		(Epoch 03/08) Block Loss: 2.7188e-05
		(Epoch 04/08) Block Loss: 2.7000e-05
		(Epoch 05/08) Block Loss: 2.6898e-05
		(Epoch 06/08) Block Loss: 2.6836e-05
		(Epoch 07/08) Block Loss: 2.6794e-05
		(Epoch 08/08) Block Loss: 2.6751e-05
	(1/3) Block 22/28, self_attn.o_proj | Tuning Non-Factorized Weights...
		(Epoch 01/08) Block Loss: 2.6380e-05
		(Epoch 02/08) Block Loss: 2.5763e-05
		(Epoch 03/08) Block Loss: 2.5429e-05
		(Epoch 04/08) Block Loss: 2.5205e-05
		(Epoch 05/08) Block Loss: 2.5038e-05
		(Epoch 06/08) Block Loss: 2.4925e-05
		(Epoch 07/08) Block Loss: 2.4859e-05
		(Epoch 08/08) Block Loss: 2.4831e-05
	(2/3) Block 22/28, self_attn.o_proj | Initialization via ADMM...
		ADMM weight recon error: raw=405.3789, norm=0.2784, per_el=1.9330e-04, out_err=0.1840, ADMM time=2.07s
	(3/3) Block 22/28, self_attn.o_proj | Tuning Factorized Weights...
		(Epoch 01/08) Block Loss: 2.7416e-05
		(Epoch 02/08) Block Loss: 2.7061e-05
		(Epoch 03/08) Block Loss: 2.6959e-05
		(Epoch 04/08) Block Loss: 2.6944e-05
		(Epoch 05/08) Block Loss: 2.6901e-05
		(Epoch 06/08) Block Loss: 2.6864e-05
		(Epoch 07/08) Block Loss: 2.6879e-05
		(Epoch 08/08) Block Loss: 2.6732e-05
	(1/3) Block 22/28, self_attn.k_proj | Tuning Non-Factorized Weights...
		(Epoch 01/08) Block Loss: 2.6421e-05
		(Epoch 02/08) Block Loss: 2.5959e-05
		(Epoch 03/08) Block Loss: 2.5708e-05
		(Epoch 04/08) Block Loss: 2.5540e-05
		(Epoch 05/08) Block Loss: 2.5410e-05
		(Epoch 06/08) Block Loss: 2.5326e-05
		(Epoch 07/08) Block Loss: 2.5274e-05
		(Epoch 08/08) Block Loss: 2.5252e-05
	(2/3) Block 22/28, self_attn.k_proj | Initialization via ADMM...
		ADMM weight recon error: raw=193.9228, norm=0.2755, per_el=1.8494e-04, out_err=0.1215, ADMM time=1.46s
	(3/3) Block 22/28, self_attn.k_proj | Tuning Factorized Weights...
		(Epoch 01/08) Block Loss: 2.5685e-05
		(Epoch 02/08) Block Loss: 2.5595e-05
		(Epoch 03/08) Block Loss: 2.5562e-05
		(Epoch 04/08) Block Loss: 2.5543e-05
		(Epoch 05/08) Block Loss: 2.5533e-05
		(Epoch 06/08) Block Loss: 2.5524e-05
		(Epoch 07/08) Block Loss: 2.5518e-05
		(Epoch 08/08) Block Loss: 2.5513e-05
	(1/3) Block 22/28, mlp.gate_proj | Tuning Non-Factorized Weights...
		(Epoch 01/08) Block Loss: 2.5636e-05
		(Epoch 02/08) Block Loss: 2.5413e-05
		(Epoch 03/08) Block Loss: 2.5269e-05
		(Epoch 04/08) Block Loss: 2.5164e-05
		(Epoch 05/08) Block Loss: 2.5075e-05
		(Epoch 06/08) Block Loss: 2.5015e-05
		(Epoch 07/08) Block Loss: 2.4976e-05
		(Epoch 08/08) Block Loss: 2.4958e-05
	(2/3) Block 22/28, mlp.gate_proj | Initialization via ADMM...
		ADMM weight recon error: raw=857.2579, norm=0.3328, per_el=2.7251e-04, out_err=0.0812, ADMM time=2.05s
	(3/3) Block 22/28, mlp.gate_proj | Tuning Factorized Weights...
		(Epoch 01/08) Block Loss: 2.9783e-05
		(Epoch 02/08) Block Loss: 2.8666e-05
		(Epoch 03/08) Block Loss: 2.8404e-05
		(Epoch 04/08) Block Loss: 2.8312e-05
		(Epoch 05/08) Block Loss: 2.8265e-05
		(Epoch 06/08) Block Loss: 2.8199e-05
		(Epoch 07/08) Block Loss: 2.8122e-05
		(Epoch 08/08) Block Loss: 2.7946e-05
	(1/3) Block 22/28, mlp.up_proj | Tuning Non-Factorized Weights...
		(Epoch 01/08) Block Loss: 2.7500e-05
		(Epoch 02/08) Block Loss: 2.7139e-05
		(Epoch 03/08) Block Loss: 2.6952e-05
		(Epoch 04/08) Block Loss: 2.6834e-05
		(Epoch 05/08) Block Loss: 2.6744e-05
		(Epoch 06/08) Block Loss: 2.6686e-05
		(Epoch 07/08) Block Loss: 2.6652e-05
		(Epoch 08/08) Block Loss: 2.6637e-05
	(2/3) Block 22/28, mlp.up_proj | Initialization via ADMM...
		ADMM weight recon error: raw=1263.2733, norm=0.3605, per_el=4.0158e-04, out_err=0.1544, ADMM time=1.83s
	(3/3) Block 22/28, mlp.up_proj | Tuning Factorized Weights...
		(Epoch 01/08) Block Loss: 3.2394e-05
		(Epoch 02/08) Block Loss: 3.1351e-05
		(Epoch 03/08) Block Loss: 3.1075e-05
		(Epoch 04/08) Block Loss: 3.0989e-05
		(Epoch 05/08) Block Loss: 3.0955e-05
		(Epoch 06/08) Block Loss: 3.0833e-05
		(Epoch 07/08) Block Loss: 3.0828e-05
		(Epoch 08/08) Block Loss: 3.0521e-05
	(1/3) Block 22/28, mlp.down_proj | Tuning Non-Factorized Weights...
		(Epoch 01/08) Block Loss: 2.9872e-05
		(Epoch 02/08) Block Loss: 2.9481e-05
		(Epoch 03/08) Block Loss: 2.9286e-05
		(Epoch 04/08) Block Loss: 2.9170e-05
		(Epoch 05/08) Block Loss: 2.9090e-05
		(Epoch 06/08) Block Loss: 2.9042e-05
		(Epoch 07/08) Block Loss: 2.9015e-05
		(Epoch 08/08) Block Loss: 2.9005e-05
	(2/3) Block 22/28, mlp.down_proj | Initialization via ADMM...
		ADMM weight recon error: raw=1088.4010, norm=0.3453, per_el=3.4599e-04, out_err=0.1946, ADMM time=1.98s
	(3/3) Block 22/28, mlp.down_proj | Tuning Factorized Weights...
		(Epoch 01/08) Block Loss: 3.8882e-05
		(Epoch 02/08) Block Loss: 3.8399e-05
		(Epoch 03/08) Block Loss: 3.8510e-05
		(Epoch 04/08) Block Loss: 3.8633e-05
		(Epoch 05/08) Block Loss: 3.8693e-05
		(Epoch 06/08) Block Loss: 3.8717e-05
		(Epoch 07/08) Block Loss: 3.8632e-05
		(Epoch 08/08) Block Loss: 3.8211e-05
		Block 21: relative block output error = 0.0546
Using sequence length: 2048 (model max: 2048)
		Block 21: Test Data PPL        = 25.887
	(1/3) Block 23/28, self_attn.q_proj | Tuning Non-Factorized Weights...
		(Epoch 01/08) Block Loss: 3.4052e-05
		(Epoch 02/08) Block Loss: 3.2019e-05
		(Epoch 03/08) Block Loss: 3.0984e-05
		(Epoch 04/08) Block Loss: 3.0307e-05
		(Epoch 05/08) Block Loss: 2.9858e-05
		(Epoch 06/08) Block Loss: 2.9584e-05
		(Epoch 07/08) Block Loss: 2.9439e-05
		(Epoch 08/08) Block Loss: 2.9386e-05
	(2/3) Block 23/28, self_attn.q_proj | Initialization via ADMM...
		ADMM weight recon error: raw=610.0906, norm=0.2542, per_el=2.9091e-04, out_err=0.0893, ADMM time=1.85s
	(3/3) Block 23/28, self_attn.q_proj | Tuning Factorized Weights...
		(Epoch 01/08) Block Loss: 3.0321e-05
		(Epoch 02/08) Block Loss: 3.0003e-05
		(Epoch 03/08) Block Loss: 2.9920e-05
		(Epoch 04/08) Block Loss: 2.9877e-05
		(Epoch 05/08) Block Loss: 2.9849e-05
		(Epoch 06/08) Block Loss: 2.9822e-05
		(Epoch 07/08) Block Loss: 2.9801e-05
Compressing Layers:  82%|███████████████████████████████████████████████████████████████████████████████████████                   | 23/28 [40:29<08:31, 102.34s/it]		(Epoch 08/08) Block Loss: 2.9780e-05
	(1/3) Block 23/28, self_attn.v_proj | Tuning Non-Factorized Weights...
		(Epoch 01/08) Block Loss: 2.9772e-05
		(Epoch 02/08) Block Loss: 2.9108e-05
		(Epoch 03/08) Block Loss: 2.8665e-05
		(Epoch 04/08) Block Loss: 2.8340e-05
		(Epoch 05/08) Block Loss: 2.8099e-05
		(Epoch 06/08) Block Loss: 2.7946e-05
		(Epoch 07/08) Block Loss: 2.7858e-05
		(Epoch 08/08) Block Loss: 2.7824e-05
	(2/3) Block 23/28, self_attn.v_proj | Initialization via ADMM...
		ADMM weight recon error: raw=296.1289, norm=0.3305, per_el=2.8241e-04, out_err=0.2807, ADMM time=1.81s
	(3/3) Block 23/28, self_attn.v_proj | Tuning Factorized Weights...
		(Epoch 01/08) Block Loss: 3.1108e-05
		(Epoch 02/08) Block Loss: 3.0333e-05
		(Epoch 03/08) Block Loss: 3.0059e-05
		(Epoch 04/08) Block Loss: 2.9899e-05
		(Epoch 05/08) Block Loss: 2.9816e-05
		(Epoch 06/08) Block Loss: 2.9762e-05
		(Epoch 07/08) Block Loss: 2.9723e-05
		(Epoch 08/08) Block Loss: 2.9690e-05
	(1/3) Block 23/28, self_attn.o_proj | Tuning Non-Factorized Weights...
		(Epoch 01/08) Block Loss: 2.9323e-05
		(Epoch 02/08) Block Loss: 2.8688e-05
		(Epoch 03/08) Block Loss: 2.8340e-05
		(Epoch 04/08) Block Loss: 2.8100e-05
		(Epoch 05/08) Block Loss: 2.7921e-05
		(Epoch 06/08) Block Loss: 2.7801e-05
		(Epoch 07/08) Block Loss: 2.7731e-05
		(Epoch 08/08) Block Loss: 2.7703e-05
	(2/3) Block 23/28, self_attn.o_proj | Initialization via ADMM...
		ADMM weight recon error: raw=473.9708, norm=0.3238, per_el=2.2601e-04, out_err=0.2008, ADMM time=1.92s
	(3/3) Block 23/28, self_attn.o_proj | Tuning Factorized Weights...
		(Epoch 01/08) Block Loss: 3.0519e-05
		(Epoch 02/08) Block Loss: 3.0062e-05
		(Epoch 03/08) Block Loss: 2.9919e-05
		(Epoch 04/08) Block Loss: 2.9870e-05
		(Epoch 05/08) Block Loss: 2.9893e-05
		(Epoch 06/08) Block Loss: 2.9762e-05
		(Epoch 07/08) Block Loss: 2.9716e-05
		(Epoch 08/08) Block Loss: 2.9618e-05
	(1/3) Block 23/28, self_attn.k_proj | Tuning Non-Factorized Weights...
		(Epoch 01/08) Block Loss: 2.9305e-05
		(Epoch 02/08) Block Loss: 2.8817e-05
		(Epoch 03/08) Block Loss: 2.8554e-05
		(Epoch 04/08) Block Loss: 2.8376e-05
		(Epoch 05/08) Block Loss: 2.8242e-05
		(Epoch 06/08) Block Loss: 2.8152e-05
		(Epoch 07/08) Block Loss: 2.8099e-05
		(Epoch 08/08) Block Loss: 2.8076e-05
	(2/3) Block 23/28, self_attn.k_proj | Initialization via ADMM...
		ADMM weight recon error: raw=215.2906, norm=0.2909, per_el=2.0532e-04, out_err=0.1177, ADMM time=1.08s
	(3/3) Block 23/28, self_attn.k_proj | Tuning Factorized Weights...
		(Epoch 01/08) Block Loss: 2.8543e-05
		(Epoch 02/08) Block Loss: 2.8404e-05
		(Epoch 03/08) Block Loss: 2.8363e-05
		(Epoch 04/08) Block Loss: 2.8340e-05
		(Epoch 05/08) Block Loss: 2.8328e-05
		(Epoch 06/08) Block Loss: 2.8319e-05
		(Epoch 07/08) Block Loss: 2.8312e-05
		(Epoch 08/08) Block Loss: 2.8306e-05
	(1/3) Block 23/28, mlp.gate_proj | Tuning Non-Factorized Weights...
		(Epoch 01/08) Block Loss: 2.8418e-05
		(Epoch 02/08) Block Loss: 2.8177e-05
		(Epoch 03/08) Block Loss: 2.8022e-05
		(Epoch 04/08) Block Loss: 2.7907e-05
		(Epoch 05/08) Block Loss: 2.7813e-05
		(Epoch 06/08) Block Loss: 2.7748e-05
		(Epoch 07/08) Block Loss: 2.7707e-05
		(Epoch 08/08) Block Loss: 2.7689e-05
	(2/3) Block 23/28, mlp.gate_proj | Initialization via ADMM...
		ADMM weight recon error: raw=915.1236, norm=0.3364, per_el=2.9091e-04, out_err=0.0928, ADMM time=2.73s
	(3/3) Block 23/28, mlp.gate_proj | Tuning Factorized Weights...
		(Epoch 01/08) Block Loss: 3.2898e-05
		(Epoch 02/08) Block Loss: 3.1664e-05
		(Epoch 03/08) Block Loss: 3.1323e-05
		(Epoch 04/08) Block Loss: 3.1194e-05
		(Epoch 05/08) Block Loss: 3.1129e-05
		(Epoch 06/08) Block Loss: 3.1055e-05
		(Epoch 07/08) Block Loss: 3.0968e-05
		(Epoch 08/08) Block Loss: 3.0786e-05
	(1/3) Block 23/28, mlp.up_proj | Tuning Non-Factorized Weights...
		(Epoch 01/08) Block Loss: 3.0369e-05
		(Epoch 02/08) Block Loss: 2.9997e-05
		(Epoch 03/08) Block Loss: 2.9796e-05
		(Epoch 04/08) Block Loss: 2.9667e-05
		(Epoch 05/08) Block Loss: 2.9571e-05
		(Epoch 06/08) Block Loss: 2.9509e-05
		(Epoch 07/08) Block Loss: 2.9473e-05
		(Epoch 08/08) Block Loss: 2.9458e-05
	(2/3) Block 23/28, mlp.up_proj | Initialization via ADMM...
		ADMM weight recon error: raw=1359.3567, norm=0.3600, per_el=4.3213e-04, out_err=0.1861, ADMM time=2.11s
	(3/3) Block 23/28, mlp.up_proj | Tuning Factorized Weights...
		(Epoch 01/08) Block Loss: 3.4638e-05
		(Epoch 02/08) Block Loss: 3.3544e-05
		(Epoch 03/08) Block Loss: 3.3240e-05
		(Epoch 04/08) Block Loss: 3.3147e-05
		(Epoch 05/08) Block Loss: 3.3065e-05
		(Epoch 06/08) Block Loss: 3.2948e-05
		(Epoch 07/08) Block Loss: 3.2903e-05
		(Epoch 08/08) Block Loss: 3.2690e-05
	(1/3) Block 23/28, mlp.down_proj | Tuning Non-Factorized Weights...
		(Epoch 01/08) Block Loss: 3.2228e-05
		(Epoch 02/08) Block Loss: 3.1913e-05
		(Epoch 03/08) Block Loss: 3.1745e-05
		(Epoch 04/08) Block Loss: 3.1642e-05
		(Epoch 05/08) Block Loss: 3.1568e-05
		(Epoch 06/08) Block Loss: 3.1523e-05
		(Epoch 07/08) Block Loss: 3.1498e-05
		(Epoch 08/08) Block Loss: 3.1488e-05
	(2/3) Block 23/28, mlp.down_proj | Initialization via ADMM...
		ADMM weight recon error: raw=1182.0615, norm=0.3389, per_el=3.7577e-04, out_err=0.1751, ADMM time=1.63s
	(3/3) Block 23/28, mlp.down_proj | Tuning Factorized Weights...
		(Epoch 01/08) Block Loss: 4.0477e-05
		(Epoch 02/08) Block Loss: 4.0105e-05
		(Epoch 03/08) Block Loss: 4.0189e-05
		(Epoch 04/08) Block Loss: 4.0279e-05
		(Epoch 05/08) Block Loss: 4.0351e-05
		(Epoch 06/08) Block Loss: 4.0416e-05
		(Epoch 07/08) Block Loss: 4.0356e-05
		(Epoch 08/08) Block Loss: 3.9933e-05
		Block 22: relative block output error = 0.0533
Using sequence length: 2048 (model max: 2048)
		Block 22: Test Data PPL        = 26.558
	(1/3) Block 24/28, self_attn.q_proj | Tuning Non-Factorized Weights...
		(Epoch 01/08) Block Loss: 3.7471e-05
		(Epoch 02/08) Block Loss: 3.5519e-05
		(Epoch 03/08) Block Loss: 3.4479e-05
		(Epoch 04/08) Block Loss: 3.3802e-05
		(Epoch 05/08) Block Loss: 3.3352e-05
		(Epoch 06/08) Block Loss: 3.3072e-05
		(Epoch 07/08) Block Loss: 3.2925e-05
		(Epoch 08/08) Block Loss: 3.2871e-05
	(2/3) Block 24/28, self_attn.q_proj | Initialization via ADMM...
		ADMM weight recon error: raw=536.5433, norm=0.2704, per_el=2.5584e-04, out_err=0.0706, ADMM time=1.90s
	(3/3) Block 24/28, self_attn.q_proj | Tuning Factorized Weights...
		(Epoch 01/08) Block Loss: 3.3512e-05
		(Epoch 02/08) Block Loss: 3.3312e-05
		(Epoch 03/08) Block Loss: 3.3260e-05
		(Epoch 04/08) Block Loss: 3.3230e-05
		(Epoch 05/08) Block Loss: 3.3209e-05
		(Epoch 06/08) Block Loss: 3.3190e-05
		(Epoch 07/08) Block Loss: 3.3177e-05
		(Epoch 08/08) Block Loss: 3.3158e-05
	(1/3) Block 24/28, self_attn.v_proj | Tuning Non-Factorized Weights...
		(Epoch 01/08) Block Loss: 3.3143e-05
		(Epoch 02/08) Block Loss: 3.2445e-05
		(Epoch 03/08) Block Loss: 3.1976e-05
		(Epoch 04/08) Block Loss: 3.1638e-05
		(Epoch 05/08) Block Loss: 3.1388e-05
		(Epoch 06/08) Block Loss: 3.1228e-05
		(Epoch 07/08) Block Loss: 3.1137e-05
		(Epoch 08/08) Block Loss: 3.1102e-05
	(2/3) Block 24/28, self_attn.v_proj | Initialization via ADMM...
		ADMM weight recon error: raw=292.8519, norm=0.3437, per_el=2.7929e-04, out_err=0.3006, ADMM time=1.08s
	(3/3) Block 24/28, self_attn.v_proj | Tuning Factorized Weights...
		(Epoch 01/08) Block Loss: 3.4486e-05
		(Epoch 02/08) Block Loss: 3.3851e-05
		(Epoch 03/08) Block Loss: 3.3578e-05
		(Epoch 04/08) Block Loss: 3.3420e-05
		(Epoch 05/08) Block Loss: 3.3332e-05
		(Epoch 06/08) Block Loss: 3.3282e-05
		(Epoch 07/08) Block Loss: 3.3250e-05
		(Epoch 08/08) Block Loss: 3.3222e-05
	(1/3) Block 24/28, self_attn.o_proj | Tuning Non-Factorized Weights...
		(Epoch 01/08) Block Loss: 3.2791e-05
		(Epoch 02/08) Block Loss: 3.2090e-05
		(Epoch 03/08) Block Loss: 3.1707e-05
		(Epoch 04/08) Block Loss: 3.1447e-05
		(Epoch 05/08) Block Loss: 3.1252e-05
		(Epoch 06/08) Block Loss: 3.1126e-05
		(Epoch 07/08) Block Loss: 3.1053e-05
		(Epoch 08/08) Block Loss: 3.1024e-05
	(2/3) Block 24/28, self_attn.o_proj | Initialization via ADMM...
		ADMM weight recon error: raw=511.1730, norm=0.3435, per_el=2.4375e-04, out_err=0.2232, ADMM time=1.29s
Compressing Layers:  86%|██████████████████████████████████████████████████████████████████████████████████████████▊               | 24/28 [42:15<06:53, 103.49s/it]	(3/3) Block 24/28, self_attn.o_proj | Tuning Factorized Weights...
		(Epoch 01/08) Block Loss: 3.3440e-05
		(Epoch 02/08) Block Loss: 3.3074e-05
		(Epoch 03/08) Block Loss: 3.2957e-05
		(Epoch 04/08) Block Loss: 3.2943e-05
		(Epoch 05/08) Block Loss: 3.2925e-05
		(Epoch 06/08) Block Loss: 3.2834e-05
		(Epoch 07/08) Block Loss: 3.2815e-05
		(Epoch 08/08) Block Loss: 3.2710e-05
	(1/3) Block 24/28, self_attn.k_proj | Tuning Non-Factorized Weights...
		(Epoch 01/08) Block Loss: 3.2434e-05
		(Epoch 02/08) Block Loss: 3.1975e-05
		(Epoch 03/08) Block Loss: 3.1715e-05
		(Epoch 04/08) Block Loss: 3.1535e-05
		(Epoch 05/08) Block Loss: 3.1398e-05
		(Epoch 06/08) Block Loss: 3.1309e-05
		(Epoch 07/08) Block Loss: 3.1256e-05
		(Epoch 08/08) Block Loss: 3.1233e-05
	(2/3) Block 24/28, self_attn.k_proj | Initialization via ADMM...
		ADMM weight recon error: raw=218.1975, norm=0.3117, per_el=2.0809e-04, out_err=0.1043, ADMM time=1.95s
	(3/3) Block 24/28, self_attn.k_proj | Tuning Factorized Weights...
		(Epoch 01/08) Block Loss: 3.1592e-05
		(Epoch 02/08) Block Loss: 3.1494e-05
		(Epoch 03/08) Block Loss: 3.1467e-05
		(Epoch 04/08) Block Loss: 3.1454e-05
		(Epoch 05/08) Block Loss: 3.1444e-05
		(Epoch 06/08) Block Loss: 3.1438e-05
		(Epoch 07/08) Block Loss: 3.1433e-05
		(Epoch 08/08) Block Loss: 3.1428e-05
	(1/3) Block 24/28, mlp.gate_proj | Tuning Non-Factorized Weights...
		(Epoch 01/08) Block Loss: 3.1542e-05
		(Epoch 02/08) Block Loss: 3.1296e-05
		(Epoch 03/08) Block Loss: 3.1136e-05
		(Epoch 04/08) Block Loss: 3.1018e-05
		(Epoch 05/08) Block Loss: 3.0919e-05
		(Epoch 06/08) Block Loss: 3.0853e-05
		(Epoch 07/08) Block Loss: 3.0811e-05
		(Epoch 08/08) Block Loss: 3.0793e-05
	(2/3) Block 24/28, mlp.gate_proj | Initialization via ADMM...
		ADMM weight recon error: raw=956.5720, norm=0.3359, per_el=3.0409e-04, out_err=0.0969, ADMM time=2.43s
	(3/3) Block 24/28, mlp.gate_proj | Tuning Factorized Weights...
		(Epoch 01/08) Block Loss: 3.6254e-05
		(Epoch 02/08) Block Loss: 3.5094e-05
		(Epoch 03/08) Block Loss: 3.4734e-05
		(Epoch 04/08) Block Loss: 3.4577e-05
		(Epoch 05/08) Block Loss: 3.4512e-05
		(Epoch 06/08) Block Loss: 3.4422e-05
		(Epoch 07/08) Block Loss: 3.4340e-05
		(Epoch 08/08) Block Loss: 3.4158e-05
	(1/3) Block 24/28, mlp.up_proj | Tuning Non-Factorized Weights...
		(Epoch 01/08) Block Loss: 3.3745e-05
		(Epoch 02/08) Block Loss: 3.3356e-05
		(Epoch 03/08) Block Loss: 3.3139e-05
		(Epoch 04/08) Block Loss: 3.2999e-05
		(Epoch 05/08) Block Loss: 3.2894e-05
		(Epoch 06/08) Block Loss: 3.2827e-05
		(Epoch 07/08) Block Loss: 3.2789e-05
		(Epoch 08/08) Block Loss: 3.2773e-05
	(2/3) Block 24/28, mlp.up_proj | Initialization via ADMM...
		ADMM weight recon error: raw=1390.1064, norm=0.3561, per_el=4.4190e-04, out_err=0.1950, ADMM time=1.56s
	(3/3) Block 24/28, mlp.up_proj | Tuning Factorized Weights...
		(Epoch 01/08) Block Loss: 3.7910e-05
		(Epoch 02/08) Block Loss: 3.6801e-05
		(Epoch 03/08) Block Loss: 3.6443e-05
		(Epoch 04/08) Block Loss: 3.6305e-05
		(Epoch 05/08) Block Loss: 3.6254e-05
		(Epoch 06/08) Block Loss: 3.6136e-05
		(Epoch 07/08) Block Loss: 3.6061e-05
		(Epoch 08/08) Block Loss: 3.5882e-05
	(1/3) Block 24/28, mlp.down_proj | Tuning Non-Factorized Weights...
		(Epoch 01/08) Block Loss: 3.5491e-05
		(Epoch 02/08) Block Loss: 3.5203e-05
		(Epoch 03/08) Block Loss: 3.5040e-05
		(Epoch 04/08) Block Loss: 3.4936e-05
		(Epoch 05/08) Block Loss: 3.4860e-05
		(Epoch 06/08) Block Loss: 3.4814e-05
		(Epoch 07/08) Block Loss: 3.4788e-05
		(Epoch 08/08) Block Loss: 3.4778e-05
	(2/3) Block 24/28, mlp.down_proj | Initialization via ADMM...
		ADMM weight recon error: raw=1214.9991, norm=0.3316, per_el=3.8624e-04, out_err=0.1823, ADMM time=2.56s
	(3/3) Block 24/28, mlp.down_proj | Tuning Factorized Weights...
		(Epoch 01/08) Block Loss: 4.2529e-05
		(Epoch 02/08) Block Loss: 4.2242e-05
		(Epoch 03/08) Block Loss: 4.2300e-05
		(Epoch 04/08) Block Loss: 4.2370e-05
		(Epoch 05/08) Block Loss: 4.2433e-05
		(Epoch 06/08) Block Loss: 4.2421e-05
		(Epoch 07/08) Block Loss: 4.2402e-05
		(Epoch 08/08) Block Loss: 4.2076e-05
		Block 23: relative block output error = 0.0536
Using sequence length: 2048 (model max: 2048)
		Block 23: Test Data PPL        = 27.398
	(1/3) Block 25/28, self_attn.q_proj | Tuning Non-Factorized Weights...
		(Epoch 01/08) Block Loss: 4.1083e-05
		(Epoch 02/08) Block Loss: 3.9150e-05
		(Epoch 03/08) Block Loss: 3.8113e-05
		(Epoch 04/08) Block Loss: 3.7428e-05
		(Epoch 05/08) Block Loss: 3.6970e-05
		(Epoch 06/08) Block Loss: 3.6688e-05
		(Epoch 07/08) Block Loss: 3.6538e-05
		(Epoch 08/08) Block Loss: 3.6483e-05
	(2/3) Block 25/28, self_attn.q_proj | Initialization via ADMM...
		ADMM weight recon error: raw=548.6167, norm=0.2381, per_el=2.6160e-04, out_err=0.0568, ADMM time=1.82s
	(3/3) Block 25/28, self_attn.q_proj | Tuning Factorized Weights...
		(Epoch 01/08) Block Loss: 3.6991e-05
		(Epoch 02/08) Block Loss: 3.6840e-05
		(Epoch 03/08) Block Loss: 3.6792e-05
		(Epoch 04/08) Block Loss: 3.6768e-05
		(Epoch 05/08) Block Loss: 3.6745e-05
		(Epoch 06/08) Block Loss: 3.6729e-05
		(Epoch 07/08) Block Loss: 3.6714e-05
		(Epoch 08/08) Block Loss: 3.6700e-05
	(1/3) Block 25/28, self_attn.v_proj | Tuning Non-Factorized Weights...
		(Epoch 01/08) Block Loss: 3.6703e-05
		(Epoch 02/08) Block Loss: 3.5986e-05
		(Epoch 03/08) Block Loss: 3.5505e-05
		(Epoch 04/08) Block Loss: 3.5144e-05
		(Epoch 05/08) Block Loss: 3.4884e-05
		(Epoch 06/08) Block Loss: 3.4717e-05
		(Epoch 07/08) Block Loss: 3.4623e-05
		(Epoch 08/08) Block Loss: 3.4586e-05
	(2/3) Block 25/28, self_attn.v_proj | Initialization via ADMM...
		ADMM weight recon error: raw=270.0657, norm=0.3230, per_el=2.5755e-04, out_err=0.2697, ADMM time=1.08s
	(3/3) Block 25/28, self_attn.v_proj | Tuning Factorized Weights...
		(Epoch 01/08) Block Loss: 3.8510e-05
		(Epoch 02/08) Block Loss: 3.7526e-05
		(Epoch 03/08) Block Loss: 3.7171e-05
		(Epoch 04/08) Block Loss: 3.6990e-05
		(Epoch 05/08) Block Loss: 3.6886e-05
		(Epoch 06/08) Block Loss: 3.6821e-05
		(Epoch 07/08) Block Loss: 3.6783e-05
		(Epoch 08/08) Block Loss: 3.6747e-05
	(1/3) Block 25/28, self_attn.o_proj | Tuning Non-Factorized Weights...
		(Epoch 01/08) Block Loss: 3.6303e-05
		(Epoch 02/08) Block Loss: 3.5553e-05
		(Epoch 03/08) Block Loss: 3.5143e-05
		(Epoch 04/08) Block Loss: 3.4863e-05
		(Epoch 05/08) Block Loss: 3.4656e-05
		(Epoch 06/08) Block Loss: 3.4522e-05
		(Epoch 07/08) Block Loss: 3.4445e-05
		(Epoch 08/08) Block Loss: 3.4414e-05
	(2/3) Block 25/28, self_attn.o_proj | Initialization via ADMM...
		ADMM weight recon error: raw=503.1055, norm=0.3345, per_el=2.3990e-04, out_err=0.1580, ADMM time=1.87s
	(3/3) Block 25/28, self_attn.o_proj | Tuning Factorized Weights...
		(Epoch 01/08) Block Loss: 3.7100e-05
		(Epoch 02/08) Block Loss: 3.6756e-05
		(Epoch 03/08) Block Loss: 3.6633e-05
		(Epoch 04/08) Block Loss: 3.6586e-05
		(Epoch 05/08) Block Loss: 3.6602e-05
		(Epoch 06/08) Block Loss: 3.6488e-05
		(Epoch 07/08) Block Loss: 3.6444e-05
		(Epoch 08/08) Block Loss: 3.6342e-05
	(1/3) Block 25/28, self_attn.k_proj | Tuning Non-Factorized Weights...
		(Epoch 01/08) Block Loss: 3.6108e-05
		(Epoch 02/08) Block Loss: 3.5643e-05
		(Epoch 03/08) Block Loss: 3.5372e-05
		(Epoch 04/08) Block Loss: 3.5185e-05
		(Epoch 05/08) Block Loss: 3.5040e-05
		(Epoch 06/08) Block Loss: 3.4945e-05
		(Epoch 07/08) Block Loss: 3.4888e-05
		(Epoch 08/08) Block Loss: 3.4865e-05
	(2/3) Block 25/28, self_attn.k_proj | Initialization via ADMM...
		ADMM weight recon error: raw=200.0866, norm=0.2842, per_el=1.9082e-04, out_err=0.0862, ADMM time=1.45s
	(3/3) Block 25/28, self_attn.k_proj | Tuning Factorized Weights...
		(Epoch 01/08) Block Loss: 3.5189e-05
		(Epoch 02/08) Block Loss: 3.5100e-05
		(Epoch 03/08) Block Loss: 3.5073e-05
		(Epoch 04/08) Block Loss: 3.5060e-05
		(Epoch 05/08) Block Loss: 3.5051e-05
		(Epoch 06/08) Block Loss: 3.5046e-05
		(Epoch 07/08) Block Loss: 3.5040e-05
		(Epoch 08/08) Block Loss: 3.5036e-05
	(1/3) Block 25/28, mlp.gate_proj | Tuning Non-Factorized Weights...
		(Epoch 01/08) Block Loss: 3.5159e-05
		(Epoch 02/08) Block Loss: 3.4895e-05
		(Epoch 03/08) Block Loss: 3.4721e-05
		(Epoch 04/08) Block Loss: 3.4593e-05
Compressing Layers:  89%|██████████████████████████████████████████████████████████████████████████████████████████████▋           | 25/28 [43:58<05:10, 103.34s/it]		(Epoch 05/08) Block Loss: 3.4487e-05
		(Epoch 06/08) Block Loss: 3.4414e-05
		(Epoch 07/08) Block Loss: 3.4370e-05
		(Epoch 08/08) Block Loss: 3.4350e-05
	(2/3) Block 25/28, mlp.gate_proj | Initialization via ADMM...
		ADMM weight recon error: raw=947.0791, norm=0.3402, per_el=3.0107e-04, out_err=0.1082, ADMM time=1.27s
	(3/3) Block 25/28, mlp.gate_proj | Tuning Factorized Weights...
		(Epoch 01/08) Block Loss: 3.9697e-05
		(Epoch 02/08) Block Loss: 3.8781e-05
		(Epoch 03/08) Block Loss: 3.8487e-05
		(Epoch 04/08) Block Loss: 3.8342e-05
		(Epoch 05/08) Block Loss: 3.8283e-05
		(Epoch 06/08) Block Loss: 3.8208e-05
		(Epoch 07/08) Block Loss: 3.8119e-05
		(Epoch 08/08) Block Loss: 3.7930e-05
	(1/3) Block 25/28, mlp.up_proj | Tuning Non-Factorized Weights...
		(Epoch 01/08) Block Loss: 3.7503e-05
		(Epoch 02/08) Block Loss: 3.7091e-05
		(Epoch 03/08) Block Loss: 3.6856e-05
		(Epoch 04/08) Block Loss: 3.6704e-05
		(Epoch 05/08) Block Loss: 3.6589e-05
		(Epoch 06/08) Block Loss: 3.6517e-05
		(Epoch 07/08) Block Loss: 3.6475e-05
		(Epoch 08/08) Block Loss: 3.6458e-05
	(2/3) Block 25/28, mlp.up_proj | Initialization via ADMM...
		ADMM weight recon error: raw=1414.6833, norm=0.3551, per_el=4.4972e-04, out_err=0.2131, ADMM time=2.21s
	(3/3) Block 25/28, mlp.up_proj | Tuning Factorized Weights...
		(Epoch 01/08) Block Loss: 4.1707e-05
		(Epoch 02/08) Block Loss: 4.0708e-05
		(Epoch 03/08) Block Loss: 4.0363e-05
		(Epoch 04/08) Block Loss: 4.0214e-05
		(Epoch 05/08) Block Loss: 4.0122e-05
		(Epoch 06/08) Block Loss: 4.0044e-05
		(Epoch 07/08) Block Loss: 3.9976e-05
		(Epoch 08/08) Block Loss: 3.9784e-05
	(1/3) Block 25/28, mlp.down_proj | Tuning Non-Factorized Weights...
		(Epoch 01/08) Block Loss: 3.9401e-05
		(Epoch 02/08) Block Loss: 3.9105e-05
		(Epoch 03/08) Block Loss: 3.8931e-05
		(Epoch 04/08) Block Loss: 3.8818e-05
		(Epoch 05/08) Block Loss: 3.8734e-05
		(Epoch 06/08) Block Loss: 3.8683e-05
		(Epoch 07/08) Block Loss: 3.8654e-05
		(Epoch 08/08) Block Loss: 3.8643e-05
	(2/3) Block 25/28, mlp.down_proj | Initialization via ADMM...
		ADMM weight recon error: raw=1230.3765, norm=0.3286, per_el=3.9113e-04, out_err=0.1695, ADMM time=2.19s
	(3/3) Block 25/28, mlp.down_proj | Tuning Factorized Weights...
		(Epoch 01/08) Block Loss: 4.6013e-05
		(Epoch 02/08) Block Loss: 4.5642e-05
		(Epoch 03/08) Block Loss: 4.5618e-05
		(Epoch 04/08) Block Loss: 4.5688e-05
		(Epoch 05/08) Block Loss: 4.5768e-05
		(Epoch 06/08) Block Loss: 4.5590e-05
		(Epoch 07/08) Block Loss: 4.5586e-05
		(Epoch 08/08) Block Loss: 4.5321e-05
		Block 24: relative block output error = 0.0486
Using sequence length: 2048 (model max: 2048)
		Block 24: Test Data PPL        = 28.374
	(1/3) Block 26/28, self_attn.q_proj | Tuning Non-Factorized Weights...
		(Epoch 01/08) Block Loss: 4.9793e-05
		(Epoch 02/08) Block Loss: 4.7524e-05
		(Epoch 03/08) Block Loss: 4.6298e-05
		(Epoch 04/08) Block Loss: 4.5471e-05
		(Epoch 05/08) Block Loss: 4.4914e-05
		(Epoch 06/08) Block Loss: 4.4574e-05
		(Epoch 07/08) Block Loss: 4.4390e-05
		(Epoch 08/08) Block Loss: 4.4323e-05
	(2/3) Block 26/28, self_attn.q_proj | Initialization via ADMM...
		ADMM weight recon error: raw=538.3074, norm=0.2273, per_el=2.5668e-04, out_err=0.0568, ADMM time=2.31s
	(3/3) Block 26/28, self_attn.q_proj | Tuning Factorized Weights...
		(Epoch 01/08) Block Loss: 4.5136e-05
		(Epoch 02/08) Block Loss: 4.4870e-05
		(Epoch 03/08) Block Loss: 4.4802e-05
		(Epoch 04/08) Block Loss: 4.4764e-05
		(Epoch 05/08) Block Loss: 4.4735e-05
		(Epoch 06/08) Block Loss: 4.4717e-05
		(Epoch 07/08) Block Loss: 4.4694e-05
		(Epoch 08/08) Block Loss: 4.4670e-05
	(1/3) Block 26/28, self_attn.v_proj | Tuning Non-Factorized Weights...
		(Epoch 01/08) Block Loss: 4.4690e-05
		(Epoch 02/08) Block Loss: 4.3802e-05
		(Epoch 03/08) Block Loss: 4.3199e-05
		(Epoch 04/08) Block Loss: 4.2758e-05
		(Epoch 05/08) Block Loss: 4.2430e-05
		(Epoch 06/08) Block Loss: 4.2221e-05
		(Epoch 07/08) Block Loss: 4.2102e-05
		(Epoch 08/08) Block Loss: 4.2056e-05
	(2/3) Block 26/28, self_attn.v_proj | Initialization via ADMM...
		ADMM weight recon error: raw=321.3866, norm=0.3163, per_el=3.0650e-04, out_err=0.2288, ADMM time=1.76s
	(3/3) Block 26/28, self_attn.v_proj | Tuning Factorized Weights...
		(Epoch 01/08) Block Loss: 4.7739e-05
		(Epoch 02/08) Block Loss: 4.6301e-05
		(Epoch 03/08) Block Loss: 4.5766e-05
		(Epoch 04/08) Block Loss: 4.5465e-05
		(Epoch 05/08) Block Loss: 4.5303e-05
		(Epoch 06/08) Block Loss: 4.5203e-05
		(Epoch 07/08) Block Loss: 4.5140e-05
		(Epoch 08/08) Block Loss: 4.5098e-05
	(1/3) Block 26/28, self_attn.o_proj | Tuning Non-Factorized Weights...
		(Epoch 01/08) Block Loss: 4.4405e-05
		(Epoch 02/08) Block Loss: 4.3396e-05
		(Epoch 03/08) Block Loss: 4.2866e-05
		(Epoch 04/08) Block Loss: 4.2508e-05
		(Epoch 05/08) Block Loss: 4.2243e-05
		(Epoch 06/08) Block Loss: 4.2073e-05
		(Epoch 07/08) Block Loss: 4.1975e-05
		(Epoch 08/08) Block Loss: 4.1936e-05
	(2/3) Block 26/28, self_attn.o_proj | Initialization via ADMM...
		ADMM weight recon error: raw=541.1008, norm=0.3252, per_el=2.5802e-04, out_err=0.1686, ADMM time=2.28s
	(3/3) Block 26/28, self_attn.o_proj | Tuning Factorized Weights...
		(Epoch 01/08) Block Loss: 4.5322e-05
		(Epoch 02/08) Block Loss: 4.4866e-05
		(Epoch 03/08) Block Loss: 4.4680e-05
		(Epoch 04/08) Block Loss: 4.4590e-05
		(Epoch 05/08) Block Loss: 4.4559e-05
		(Epoch 06/08) Block Loss: 4.4427e-05
		(Epoch 07/08) Block Loss: 4.4383e-05
		(Epoch 08/08) Block Loss: 4.4261e-05
	(1/3) Block 26/28, self_attn.k_proj | Tuning Non-Factorized Weights...
		(Epoch 01/08) Block Loss: 4.4003e-05
		(Epoch 02/08) Block Loss: 4.3410e-05
		(Epoch 03/08) Block Loss: 4.3063e-05
		(Epoch 04/08) Block Loss: 4.2820e-05
		(Epoch 05/08) Block Loss: 4.2633e-05
		(Epoch 06/08) Block Loss: 4.2512e-05
		(Epoch 07/08) Block Loss: 4.2439e-05
		(Epoch 08/08) Block Loss: 4.2409e-05
	(2/3) Block 26/28, self_attn.k_proj | Initialization via ADMM...
		ADMM weight recon error: raw=175.9488, norm=0.2838, per_el=1.6780e-04, out_err=0.0852, ADMM time=1.40s
	(3/3) Block 26/28, self_attn.k_proj | Tuning Factorized Weights...
		(Epoch 01/08) Block Loss: 4.2868e-05
		(Epoch 02/08) Block Loss: 4.2739e-05
		(Epoch 03/08) Block Loss: 4.2699e-05
		(Epoch 04/08) Block Loss: 4.2679e-05
		(Epoch 05/08) Block Loss: 4.2665e-05
		(Epoch 06/08) Block Loss: 4.2656e-05
		(Epoch 07/08) Block Loss: 4.2649e-05
		(Epoch 08/08) Block Loss: 4.2643e-05
	(1/3) Block 26/28, mlp.gate_proj | Tuning Non-Factorized Weights...
		(Epoch 01/08) Block Loss: 4.2789e-05
		(Epoch 02/08) Block Loss: 4.2450e-05
		(Epoch 03/08) Block Loss: 4.2226e-05
		(Epoch 04/08) Block Loss: 4.2059e-05
		(Epoch 05/08) Block Loss: 4.1923e-05
		(Epoch 06/08) Block Loss: 4.1831e-05
		(Epoch 07/08) Block Loss: 4.1774e-05
		(Epoch 08/08) Block Loss: 4.1750e-05
	(2/3) Block 26/28, mlp.gate_proj | Initialization via ADMM...
		ADMM weight recon error: raw=909.2321, norm=0.3403, per_el=2.8904e-04, out_err=0.1127, ADMM time=1.25s
	(3/3) Block 26/28, mlp.gate_proj | Tuning Factorized Weights...
		(Epoch 01/08) Block Loss: 4.7786e-05
		(Epoch 02/08) Block Loss: 4.6833e-05
		(Epoch 03/08) Block Loss: 4.6537e-05
		(Epoch 04/08) Block Loss: 4.6399e-05
		(Epoch 05/08) Block Loss: 4.6353e-05
		(Epoch 06/08) Block Loss: 4.6253e-05
		(Epoch 07/08) Block Loss: 4.6157e-05
		(Epoch 08/08) Block Loss: 4.5939e-05
	(1/3) Block 26/28, mlp.up_proj | Tuning Non-Factorized Weights...
		(Epoch 01/08) Block Loss: 4.5455e-05
		(Epoch 02/08) Block Loss: 4.4964e-05
		(Epoch 03/08) Block Loss: 4.4682e-05
		(Epoch 04/08) Block Loss: 4.4497e-05
		(Epoch 05/08) Block Loss: 4.4357e-05
		(Epoch 06/08) Block Loss: 4.4268e-05
		(Epoch 07/08) Block Loss: 4.4217e-05
		(Epoch 08/08) Block Loss: 4.4197e-05
	(2/3) Block 26/28, mlp.up_proj | Initialization via ADMM...
		ADMM weight recon error: raw=1427.6246, norm=0.3555, per_el=4.5383e-04, out_err=0.1983, ADMM time=2.06s
	(3/3) Block 26/28, mlp.up_proj | Tuning Factorized Weights...
		(Epoch 01/08) Block Loss: 5.0677e-05
		(Epoch 02/08) Block Loss: 4.9562e-05
		(Epoch 03/08) Block Loss: 4.9139e-05
		(Epoch 04/08) Block Loss: 4.8943e-05
		(Epoch 05/08) Block Loss: 4.8835e-05
Compressing Layers:  93%|██████████████████████████████████████████████████████████████████████████████████████████████████▍       | 26/28 [45:40<03:25, 102.90s/it]Compressing Layers:  96%|██████████████████████████████████████████████████████████████████████████████████████████████████████▏   | 27/28 [47:24<01:43, 103.28s/it]		(Epoch 06/08) Block Loss: 4.8730e-05
		(Epoch 07/08) Block Loss: 4.8653e-05
		(Epoch 08/08) Block Loss: 4.8430e-05
	(1/3) Block 26/28, mlp.down_proj | Tuning Non-Factorized Weights...
		(Epoch 01/08) Block Loss: 4.7991e-05
		(Epoch 02/08) Block Loss: 4.7620e-05
		(Epoch 03/08) Block Loss: 4.7400e-05
		(Epoch 04/08) Block Loss: 4.7256e-05
		(Epoch 05/08) Block Loss: 4.7150e-05
		(Epoch 06/08) Block Loss: 4.7084e-05
		(Epoch 07/08) Block Loss: 4.7048e-05
		(Epoch 08/08) Block Loss: 4.7034e-05
	(2/3) Block 26/28, mlp.down_proj | Initialization via ADMM...
		ADMM weight recon error: raw=1236.9771, norm=0.3361, per_el=3.9322e-04, out_err=0.1977, ADMM time=1.43s
	(3/3) Block 26/28, mlp.down_proj | Tuning Factorized Weights...
		(Epoch 01/08) Block Loss: 5.5677e-05
		(Epoch 02/08) Block Loss: 5.5152e-05
		(Epoch 03/08) Block Loss: 5.5022e-05
		(Epoch 04/08) Block Loss: 5.4956e-05
		(Epoch 05/08) Block Loss: 5.4988e-05
		(Epoch 06/08) Block Loss: 5.4898e-05
		(Epoch 07/08) Block Loss: 5.4840e-05
		(Epoch 08/08) Block Loss: 5.4592e-05
		Block 25: relative block output error = 0.0486
Using sequence length: 2048 (model max: 2048)
		Block 25: Test Data PPL        = 29.735
	(1/3) Block 27/28, self_attn.q_proj | Tuning Non-Factorized Weights...
		(Epoch 01/08) Block Loss: 6.1641e-05
		(Epoch 02/08) Block Loss: 5.8745e-05
		(Epoch 03/08) Block Loss: 5.7161e-05
		(Epoch 04/08) Block Loss: 5.6108e-05
		(Epoch 05/08) Block Loss: 5.5398e-05
		(Epoch 06/08) Block Loss: 5.4964e-05
		(Epoch 07/08) Block Loss: 5.4727e-05
		(Epoch 08/08) Block Loss: 5.4637e-05
	(2/3) Block 27/28, self_attn.q_proj | Initialization via ADMM...
		ADMM weight recon error: raw=666.8241, norm=0.2409, per_el=3.1797e-04, out_err=0.1013, ADMM time=1.86s
	(3/3) Block 27/28, self_attn.q_proj | Tuning Factorized Weights...
		(Epoch 01/08) Block Loss: 5.6345e-05
		(Epoch 02/08) Block Loss: 5.5580e-05
		(Epoch 03/08) Block Loss: 5.5435e-05
		(Epoch 04/08) Block Loss: 5.5360e-05
		(Epoch 05/08) Block Loss: 5.5311e-05
		(Epoch 06/08) Block Loss: 5.5268e-05
		(Epoch 07/08) Block Loss: 5.5239e-05
		(Epoch 08/08) Block Loss: 5.5206e-05
	(1/3) Block 27/28, self_attn.v_proj | Tuning Non-Factorized Weights...
		(Epoch 01/08) Block Loss: 5.5346e-05
		(Epoch 02/08) Block Loss: 5.4204e-05
		(Epoch 03/08) Block Loss: 5.3441e-05
		(Epoch 04/08) Block Loss: 5.2846e-05
		(Epoch 05/08) Block Loss: 5.2421e-05
		(Epoch 06/08) Block Loss: 5.2150e-05
		(Epoch 07/08) Block Loss: 5.1991e-05
		(Epoch 08/08) Block Loss: 5.1929e-05
	(2/3) Block 27/28, self_attn.v_proj | Initialization via ADMM...
		ADMM weight recon error: raw=312.7564, norm=0.3327, per_el=2.9827e-04, out_err=0.2219, ADMM time=1.24s
	(3/3) Block 27/28, self_attn.v_proj | Tuning Factorized Weights...
		(Epoch 01/08) Block Loss: 5.9271e-05
		(Epoch 02/08) Block Loss: 5.7540e-05
		(Epoch 03/08) Block Loss: 5.6912e-05
		(Epoch 04/08) Block Loss: 5.6533e-05
		(Epoch 05/08) Block Loss: 5.6335e-05
		(Epoch 06/08) Block Loss: 5.6212e-05
		(Epoch 07/08) Block Loss: 5.6147e-05
		(Epoch 08/08) Block Loss: 5.6094e-05
	(1/3) Block 27/28, self_attn.o_proj | Tuning Non-Factorized Weights...
		(Epoch 01/08) Block Loss: 5.5141e-05
		(Epoch 02/08) Block Loss: 5.3652e-05
		(Epoch 03/08) Block Loss: 5.2911e-05
		(Epoch 04/08) Block Loss: 5.2419e-05
		(Epoch 05/08) Block Loss: 5.2061e-05
		(Epoch 06/08) Block Loss: 5.1828e-05
		(Epoch 07/08) Block Loss: 5.1694e-05
		(Epoch 08/08) Block Loss: 5.1639e-05
	(2/3) Block 27/28, self_attn.o_proj | Initialization via ADMM...
		ADMM weight recon error: raw=525.8804, norm=0.3222, per_el=2.5076e-04, out_err=0.1417, ADMM time=1.59s
	(3/3) Block 27/28, self_attn.o_proj | Tuning Factorized Weights...
		(Epoch 01/08) Block Loss: 5.6961e-05
		(Epoch 02/08) Block Loss: 5.6211e-05
		(Epoch 03/08) Block Loss: 5.5954e-05
		(Epoch 04/08) Block Loss: 5.5840e-05
		(Epoch 05/08) Block Loss: 5.5783e-05
		(Epoch 06/08) Block Loss: 5.5727e-05
		(Epoch 07/08) Block Loss: 5.5643e-05
		(Epoch 08/08) Block Loss: 5.5507e-05
	(1/3) Block 27/28, self_attn.k_proj | Tuning Non-Factorized Weights...
		(Epoch 01/08) Block Loss: 5.5037e-05
		(Epoch 02/08) Block Loss: 5.4138e-05
		(Epoch 03/08) Block Loss: 5.3629e-05
		(Epoch 04/08) Block Loss: 5.3272e-05
		(Epoch 05/08) Block Loss: 5.3003e-05
		(Epoch 06/08) Block Loss: 5.2825e-05
		(Epoch 07/08) Block Loss: 5.2722e-05
		(Epoch 08/08) Block Loss: 5.2678e-05
	(2/3) Block 27/28, self_attn.k_proj | Initialization via ADMM...
		ADMM weight recon error: raw=170.0199, norm=0.2853, per_el=1.6214e-04, out_err=0.0890, ADMM time=1.50s
	(3/3) Block 27/28, self_attn.k_proj | Tuning Factorized Weights...
		(Epoch 01/08) Block Loss: 5.3247e-05
		(Epoch 02/08) Block Loss: 5.3081e-05
		(Epoch 03/08) Block Loss: 5.3025e-05
		(Epoch 04/08) Block Loss: 5.2997e-05
		(Epoch 05/08) Block Loss: 5.2980e-05
		(Epoch 06/08) Block Loss: 5.2968e-05
		(Epoch 07/08) Block Loss: 5.2960e-05
		(Epoch 08/08) Block Loss: 5.2949e-05
	(1/3) Block 27/28, mlp.gate_proj | Tuning Non-Factorized Weights...
		(Epoch 01/08) Block Loss: 5.3170e-05
		(Epoch 02/08) Block Loss: 5.2688e-05
		(Epoch 03/08) Block Loss: 5.2365e-05
		(Epoch 04/08) Block Loss: 5.2123e-05
		(Epoch 05/08) Block Loss: 5.1928e-05
		(Epoch 06/08) Block Loss: 5.1795e-05
		(Epoch 07/08) Block Loss: 5.1714e-05
		(Epoch 08/08) Block Loss: 5.1678e-05
	(2/3) Block 27/28, mlp.gate_proj | Initialization via ADMM...
		ADMM weight recon error: raw=878.7383, norm=0.3390, per_el=2.7934e-04, out_err=0.0904, ADMM time=2.66s
	(3/3) Block 27/28, mlp.gate_proj | Tuning Factorized Weights...
		(Epoch 01/08) Block Loss: 5.9670e-05
		(Epoch 02/08) Block Loss: 5.8503e-05
		(Epoch 03/08) Block Loss: 5.8094e-05
		(Epoch 04/08) Block Loss: 5.7868e-05
		(Epoch 05/08) Block Loss: 5.7770e-05
		(Epoch 06/08) Block Loss: 5.7651e-05
		(Epoch 07/08) Block Loss: 5.7530e-05
		(Epoch 08/08) Block Loss: 5.7283e-05
	(1/3) Block 27/28, mlp.up_proj | Tuning Non-Factorized Weights...
		(Epoch 01/08) Block Loss: 5.6689e-05
		(Epoch 02/08) Block Loss: 5.5965e-05
		(Epoch 03/08) Block Loss: 5.5560e-05
		(Epoch 04/08) Block Loss: 5.5293e-05
		(Epoch 05/08) Block Loss: 5.5093e-05
		(Epoch 06/08) Block Loss: 5.4965e-05
		(Epoch 07/08) Block Loss: 5.4892e-05
		(Epoch 08/08) Block Loss: 5.4861e-05
	(2/3) Block 27/28, mlp.up_proj | Initialization via ADMM...
		ADMM weight recon error: raw=1400.8197, norm=0.3618, per_el=4.4531e-04, out_err=0.1428, ADMM time=2.43s
	(3/3) Block 27/28, mlp.up_proj | Tuning Factorized Weights...
		(Epoch 01/08) Block Loss: 6.4392e-05
		(Epoch 02/08) Block Loss: 6.2799e-05
		(Epoch 03/08) Block Loss: 6.2165e-05
		(Epoch 04/08) Block Loss: 6.1825e-05
		(Epoch 05/08) Block Loss: 6.1662e-05
		(Epoch 06/08) Block Loss: 6.1525e-05
		(Epoch 07/08) Block Loss: 6.1377e-05
		(Epoch 08/08) Block Loss: 6.1159e-05
	(1/3) Block 27/28, mlp.down_proj | Tuning Non-Factorized Weights...
		(Epoch 01/08) Block Loss: 6.0563e-05
		(Epoch 02/08) Block Loss: 5.9958e-05
		(Epoch 03/08) Block Loss: 5.9602e-05
		(Epoch 04/08) Block Loss: 5.9372e-05
		(Epoch 05/08) Block Loss: 5.9203e-05
		(Epoch 06/08) Block Loss: 5.9099e-05
		(Epoch 07/08) Block Loss: 5.9041e-05
		(Epoch 08/08) Block Loss: 5.9019e-05
	(2/3) Block 27/28, mlp.down_proj | Initialization via ADMM...
		ADMM weight recon error: raw=1170.7162, norm=0.3484, per_el=3.7216e-04, out_err=0.1934, ADMM time=1.54s
	(3/3) Block 27/28, mlp.down_proj | Tuning Factorized Weights...
		(Epoch 01/08) Block Loss: 7.2217e-05
		(Epoch 02/08) Block Loss: 7.1263e-05
		(Epoch 03/08) Block Loss: 7.0881e-05
		(Epoch 04/08) Block Loss: 7.0805e-05
		(Epoch 05/08) Block Loss: 7.0626e-05
		(Epoch 06/08) Block Loss: 7.0398e-05
		(Epoch 07/08) Block Loss: 7.0319e-05
		(Epoch 08/08) Block Loss: 6.9980e-05
		Block 26: relative block output error = 0.0466
Using sequence length: 2048 (model max: 2048)
		Block 26: Test Data PPL        = 31.592
	(1/3) Block 28/28, self_attn.q_proj | Tuning Non-Factorized Weights...
		(Epoch 01/08) Block Loss: 1.1148e-04
		(Epoch 02/08) Block Loss: 1.0573e-04
		(Epoch 03/08) Block Loss: 1.0273e-04
		(Epoch 04/08) Block Loss: 1.0080e-04
		(Epoch 05/08) Block Loss: 9.9493e-05
		(Epoch 06/08) Block Loss: 9.8638e-05
		(Epoch 07/08) Block Loss: 9.8171e-05
Compressing Layers:  96%|██████████████████████████████████████████████████████████████████████████████████████████████████████▏   | 27/28 [49:15<01:49, 109.45s/it]
		(Epoch 08/08) Block Loss: 9.8000e-05
	(2/3) Block 28/28, self_attn.q_proj | Initialization via ADMM...
		ADMM weight recon error: raw=654.6609, norm=0.3222, per_el=3.1217e-04, out_err=0.0706, ADMM time=1.98s
	(3/3) Block 28/28, self_attn.q_proj | Tuning Factorized Weights...
		(Epoch 01/08) Block Loss: 9.9321e-05
		(Epoch 02/08) Block Loss: 9.8797e-05
		(Epoch 03/08) Block Loss: 9.8653e-05
		(Epoch 04/08) Block Loss: 9.8566e-05
		(Epoch 05/08) Block Loss: 9.8506e-05
		(Epoch 06/08) Block Loss: 9.8457e-05
		(Epoch 07/08) Block Loss: 9.8424e-05
		(Epoch 08/08) Block Loss: 9.8395e-05
	(1/3) Block 28/28, self_attn.v_proj | Tuning Non-Factorized Weights...
		(Epoch 01/08) Block Loss: 9.9277e-05
		(Epoch 02/08) Block Loss: 9.7191e-05
		(Epoch 03/08) Block Loss: 9.5665e-05
		(Epoch 04/08) Block Loss: 9.4548e-05
		(Epoch 05/08) Block Loss: 9.3731e-05
		(Epoch 06/08) Block Loss: 9.3195e-05
		(Epoch 07/08) Block Loss: 9.2898e-05
		(Epoch 08/08) Block Loss: 9.2778e-05
	(2/3) Block 28/28, self_attn.v_proj | Initialization via ADMM...
		ADMM weight recon error: raw=420.2349, norm=0.3752, per_el=4.0077e-04, out_err=0.3732, ADMM time=1.18s
	(3/3) Block 28/28, self_attn.v_proj | Tuning Factorized Weights...
		(Epoch 01/08) Block Loss: 1.0691e-04
		(Epoch 02/08) Block Loss: 1.0348e-04
		(Epoch 03/08) Block Loss: 1.0241e-04
		(Epoch 04/08) Block Loss: 1.0182e-04
		(Epoch 05/08) Block Loss: 1.0146e-04
		(Epoch 06/08) Block Loss: 1.0124e-04
		(Epoch 07/08) Block Loss: 1.0115e-04
		(Epoch 08/08) Block Loss: 1.0107e-04
	(1/3) Block 28/28, self_attn.o_proj | Tuning Non-Factorized Weights...
		(Epoch 01/08) Block Loss: 9.9973e-05
		(Epoch 02/08) Block Loss: 9.7451e-05
		(Epoch 03/08) Block Loss: 9.5907e-05
		(Epoch 04/08) Block Loss: 9.4933e-05
		(Epoch 05/08) Block Loss: 9.4225e-05
		(Epoch 06/08) Block Loss: 9.3741e-05
		(Epoch 07/08) Block Loss: 9.3474e-05
		(Epoch 08/08) Block Loss: 9.3364e-05
	(2/3) Block 28/28, self_attn.o_proj | Initialization via ADMM...
		ADMM weight recon error: raw=649.0211, norm=0.3558, per_el=3.0948e-04, out_err=0.2541, ADMM time=1.30s
	(3/3) Block 28/28, self_attn.o_proj | Tuning Factorized Weights...
		(Epoch 01/08) Block Loss: 1.0059e-04
		(Epoch 02/08) Block Loss: 9.9558e-05
		(Epoch 03/08) Block Loss: 9.9101e-05
		(Epoch 04/08) Block Loss: 9.8775e-05
		(Epoch 05/08) Block Loss: 9.8675e-05
		(Epoch 06/08) Block Loss: 9.8477e-05
		(Epoch 07/08) Block Loss: 9.8300e-05
		(Epoch 08/08) Block Loss: 9.8156e-05
	(1/3) Block 28/28, self_attn.k_proj | Tuning Non-Factorized Weights...
		(Epoch 01/08) Block Loss: 9.7690e-05
		(Epoch 02/08) Block Loss: 9.5998e-05
		(Epoch 03/08) Block Loss: 9.4994e-05
		(Epoch 04/08) Block Loss: 9.4273e-05
		(Epoch 05/08) Block Loss: 9.3719e-05
		(Epoch 06/08) Block Loss: 9.3342e-05
		(Epoch 07/08) Block Loss: 9.3135e-05
		(Epoch 08/08) Block Loss: 9.3046e-05
	(2/3) Block 28/28, self_attn.k_proj | Initialization via ADMM...
		ADMM weight recon error: raw=311.9963, norm=0.3513, per_el=2.9754e-04, out_err=0.0560, ADMM time=1.92s
	(3/3) Block 28/28, self_attn.k_proj | Tuning Factorized Weights...
		(Epoch 01/08) Block Loss: 9.4038e-05
		(Epoch 02/08) Block Loss: 9.3616e-05
		(Epoch 03/08) Block Loss: 9.3503e-05
		(Epoch 04/08) Block Loss: 9.3452e-05
		(Epoch 05/08) Block Loss: 9.3422e-05
		(Epoch 06/08) Block Loss: 9.3406e-05
		(Epoch 07/08) Block Loss: 9.3396e-05
		(Epoch 08/08) Block Loss: 9.3389e-05
	(1/3) Block 28/28, mlp.gate_proj | Tuning Non-Factorized Weights...
		(Epoch 01/08) Block Loss: 9.3806e-05
		(Epoch 02/08) Block Loss: 9.2834e-05
		(Epoch 03/08) Block Loss: 9.2168e-05
		(Epoch 04/08) Block Loss: 9.1649e-05
		(Epoch 05/08) Block Loss: 9.1241e-05
		(Epoch 06/08) Block Loss: 9.0960e-05
		(Epoch 07/08) Block Loss: 9.0792e-05
		(Epoch 08/08) Block Loss: 9.0717e-05
	(2/3) Block 28/28, mlp.gate_proj | Initialization via ADMM...
		ADMM weight recon error: raw=1015.3331, norm=0.3271, per_el=3.2277e-04, out_err=0.0318, ADMM time=2.61s
	(3/3) Block 28/28, mlp.gate_proj | Tuning Factorized Weights...
		(Epoch 01/08) Block Loss: 1.0742e-04
		(Epoch 02/08) Block Loss: 1.0439e-04
		(Epoch 03/08) Block Loss: 1.0333e-04
		(Epoch 04/08) Block Loss: 1.0266e-04
		(Epoch 05/08) Block Loss: 1.0226e-04
		(Epoch 06/08) Block Loss: 1.0207e-04
		(Epoch 07/08) Block Loss: 1.0184e-04
		(Epoch 08/08) Block Loss: 1.0169e-04
	(1/3) Block 28/28, mlp.up_proj | Tuning Non-Factorized Weights...
		(Epoch 01/08) Block Loss: 1.0072e-04
		(Epoch 02/08) Block Loss: 9.9075e-05
		(Epoch 03/08) Block Loss: 9.8176e-05
		(Epoch 04/08) Block Loss: 9.7580e-05
		(Epoch 05/08) Block Loss: 9.7158e-05
		(Epoch 06/08) Block Loss: 9.6880e-05
		(Epoch 07/08) Block Loss: 9.6725e-05
		(Epoch 08/08) Block Loss: 9.6657e-05
	(2/3) Block 28/28, mlp.up_proj | Initialization via ADMM...
		ADMM weight recon error: raw=1266.0623, norm=0.3501, per_el=4.0247e-04, out_err=0.0826, ADMM time=2.18s
	(3/3) Block 28/28, mlp.up_proj | Tuning Factorized Weights...
		(Epoch 01/08) Block Loss: 1.0958e-04
		(Epoch 02/08) Block Loss: 1.0695e-04
		(Epoch 03/08) Block Loss: 1.0613e-04
		(Epoch 04/08) Block Loss: 1.0564e-04
		(Epoch 05/08) Block Loss: 1.0534e-04
		(Epoch 06/08) Block Loss: 1.0515e-04
		(Epoch 07/08) Block Loss: 1.0508e-04
		(Epoch 08/08) Block Loss: 1.0499e-04
	(1/3) Block 28/28, mlp.down_proj | Tuning Non-Factorized Weights...
		(Epoch 01/08) Block Loss: 1.0412e-04
		(Epoch 02/08) Block Loss: 1.0298e-04
		(Epoch 03/08) Block Loss: 1.0235e-04
		(Epoch 04/08) Block Loss: 1.0193e-04
		(Epoch 05/08) Block Loss: 1.0164e-04
		(Epoch 06/08) Block Loss: 1.0144e-04
		(Epoch 07/08) Block Loss: 1.0134e-04
		(Epoch 08/08) Block Loss: 1.0129e-04
	(2/3) Block 28/28, mlp.down_proj | Initialization via ADMM...
		ADMM weight recon error: raw=823.6902, norm=0.3343, per_el=2.6184e-04, out_err=0.0281, ADMM time=1.52s
	(3/3) Block 28/28, mlp.down_proj | Tuning Factorized Weights...
		(Epoch 01/08) Block Loss: 1.2361e-04
		(Epoch 02/08) Block Loss: 1.2092e-04
		(Epoch 03/08) Block Loss: 1.1978e-04
		(Epoch 04/08) Block Loss: 1.1913e-04
		(Epoch 05/08) Block Loss: 1.1857e-04
		(Epoch 06/08) Block Loss: 1.1820e-04
		(Epoch 07/08) Block Loss: 1.1795e-04
		(Epoch 08/08) Block Loss: 1.1770e-04
		Block 27: relative block output error = 0.0679
Using sequence length: 2048 (model max: 2048)
		Block 27: Test Data PPL        = 36.935
Stopping after block 27 (block_indices=None)
mean weight err 0.3158 | mean out err 0.16
Precomputing teacher logits (FP model):   0%|                                                                                               | 0/128 [00:00<?, ?it/s]Precomputing teacher logits (FP model):   1%|▋                                                                                      | 1/128 [00:00<00:52,  2.41it/s]Precomputing teacher logits (FP model):   2%|█▎                                                                                     | 2/128 [00:00<00:50,  2.50it/s]Precomputing teacher logits (FP model):   2%|██                                                                                     | 3/128 [00:01<00:50,  2.47it/s]Precomputing teacher logits (FP model):   3%|██▋                                                                                    | 4/128 [00:01<00:50,  2.46it/s]Precomputing teacher logits (FP model):   4%|███▍                                                                                   | 5/128 [00:02<00:49,  2.46it/s]Precomputing teacher logits (FP model):   5%|████                                                                                   | 6/128 [00:02<00:49,  2.45it/s]Precomputing teacher logits (FP model):   5%|████▊                                                                                  | 7/128 [00:02<00:48,  2.47it/s]Precomputing teacher logits (FP model):   6%|█████▍                                                                                 | 8/128 [00:03<00:49,  2.45it/s]Precomputing teacher logits (FP model):   7%|██████                                                                                 | 9/128 [00:03<00:49,  2.42it/s]Precomputing teacher logits (FP model):   8%|██████▋                                                                               | 10/128 [00:04<00:48,  2.45it/s]Precomputing teacher logits (FP model):   9%|███████▍                                                                              | 11/128 [00:04<00:47,  2.46it/s]Precomputing teacher logits (FP model):   9%|████████                                                                              | 12/128 [00:04<00:47,  2.44it/s]Precomputing teacher logits (FP model):  10%|████████▋                                                                             | 13/128 [00:05<00:47,  2.43it/s]Precomputing teacher logits (FP model):  11%|█████████▍                                                                            | 14/128 [00:05<00:46,  2.43it/s]Precomputing teacher logits (FP model):  12%|██████████                                                                            | 15/128 [00:06<00:46,  2.44it/s]Precomputing teacher logits (FP model):  12%|██████████▊                                                                           | 16/128 [00:06<00:46,  2.43it/s]Precomputing teacher logits (FP model):  13%|███████████▍                                                                          | 17/128 [00:06<00:45,  2.46it/s]Precomputing teacher logits (FP model):  14%|████████████                                                                          | 18/128 [00:07<00:44,  2.47it/s]Precomputing teacher logits (FP model):  15%|████████████▊                                                                         | 19/128 [00:07<00:43,  2.50it/s]Precomputing teacher logits (FP model):  16%|█████████████▍                                                                        | 20/128 [00:08<00:42,  2.52it/s]Precomputing teacher logits (FP model):  16%|██████████████                                                                        | 21/128 [00:08<00:42,  2.53it/s]Precomputing teacher logits (FP model):  17%|██████████████▊                                                                       | 22/128 [00:08<00:42,  2.52it/s]Precomputing teacher logits (FP model):  18%|███████████████▍                                                                      | 23/128 [00:09<00:41,  2.53it/s]Precomputing teacher logits (FP model):  19%|████████████████▏                                                                     | 24/128 [00:09<00:40,  2.55it/s]Precomputing teacher logits (FP model):  20%|████████████████▊                                                                     | 25/128 [00:10<00:39,  2.59it/s]Precomputing teacher logits (FP model):  20%|█████████████████▍                                                                    | 26/128 [00:10<00:39,  2.58it/s]Precomputing teacher logits (FP model):  21%|██████████████████▏                                                                   | 27/128 [00:10<00:39,  2.58it/s]Precomputing teacher logits (FP model):  22%|██████████████████▊                                                                   | 28/128 [00:11<00:38,  2.58it/s]Precomputing teacher logits (FP model):  23%|███████████████████▍                                                                  | 29/128 [00:11<00:38,  2.56it/s]Precomputing teacher logits (FP model):  23%|████████████████████▏                                                                 | 30/128 [00:12<00:38,  2.57it/s]Precomputing teacher logits (FP model):  24%|████████████████████▊                                                                 | 31/128 [00:12<00:38,  2.55it/s]Precomputing teacher logits (FP model):  25%|█████████████████████▌                                                                | 32/128 [00:12<00:37,  2.55it/s]Precomputing teacher logits (FP model):  26%|██████████████████████▏                                                               | 33/128 [00:13<00:37,  2.55it/s]Precomputing teacher logits (FP model):  27%|██████████████████████▊                                                               | 34/128 [00:13<00:37,  2.52it/s]Precomputing teacher logits (FP model):  27%|███████████████████████▌                                                              | 35/128 [00:14<00:37,  2.51it/s]Precomputing teacher logits (FP model):  28%|████████████████████████▏                                                             | 36/128 [00:14<00:36,  2.49it/s]Precomputing teacher logits (FP model):  29%|████████████████████████▊                                                             | 37/128 [00:14<00:36,  2.48it/s]Precomputing teacher logits (FP model):  30%|█████████████████████████▌                                                            | 38/128 [00:15<00:36,  2.50it/s]Precomputing teacher logits (FP model):  30%|██████████████████████████▏                                                           | 39/128 [00:15<00:35,  2.50it/s]Precomputing teacher logits (FP model):  31%|██████████████████████████▉                                                           | 40/128 [00:16<00:35,  2.48it/s]Precomputing teacher logits (FP model):  32%|███████████████████████████▌                                                          | 41/128 [00:16<00:35,  2.47it/s]Precomputing teacher logits (FP model):  33%|████████████████████████████▏                                                         | 42/128 [00:16<00:34,  2.49it/s]Precomputing teacher logits (FP model):  34%|████████████████████████████▉                                                         | 43/128 [00:17<00:34,  2.48it/s]Precomputing teacher logits (FP model):  34%|█████████████████████████████▌                                                        | 44/128 [00:17<00:34,  2.46it/s]Precomputing teacher logits (FP model):  35%|██████████████████████████████▏                                                       | 45/128 [00:18<00:33,  2.47it/s]Precomputing teacher logits (FP model):  36%|██████████████████████████████▉                                                       | 46/128 [00:18<00:33,  2.48it/s]Precomputing teacher logits (FP model):  37%|███████████████████████████████▌                                                      | 47/128 [00:18<00:32,  2.47it/s]Precomputing teacher logits (FP model):  38%|████████████████████████████████▎                                                     | 48/128 [00:19<00:32,  2.46it/s]Precomputing teacher logits (FP model):  38%|████████████████████████████████▉                                                     | 49/128 [00:19<00:32,  2.46it/s]Precomputing teacher logits (FP model):  39%|█████████████████████████████████▌                                                    | 50/128 [00:20<00:31,  2.44it/s]Precomputing teacher logits (FP model):  40%|██████████████████████████████████▎                                                   | 51/128 [00:20<00:31,  2.46it/s]Precomputing teacher logits (FP model):  41%|██████████████████████████████████▉                                                   | 52/128 [00:20<00:30,  2.48it/s]Precomputing teacher logits (FP model):  41%|███████████████████████████████████▌                                                  | 53/128 [00:21<00:29,  2.50it/s]Precomputing teacher logits (FP model):  42%|████████████████████████████████████▎                                                 | 54/128 [00:21<00:29,  2.49it/s]Precomputing teacher logits (FP model):  43%|████████████████████████████████████▉                                                 | 55/128 [00:22<00:29,  2.49it/s]Precomputing teacher logits (FP model):  44%|█████████████████████████████████████▋                                                | 56/128 [00:22<00:29,  2.48it/s]Precomputing teacher logits (FP model):  45%|██████████████████████████████████████▎                                               | 57/128 [00:22<00:28,  2.45it/s]Precomputing teacher logits (FP model):  45%|██████████████████████████████████████▉                                               | 58/128 [00:23<00:28,  2.47it/s]Precomputing teacher logits (FP model):  46%|███████████████████████████████████████▋                                              | 59/128 [00:23<00:28,  2.45it/s]Precomputing teacher logits (FP model):  47%|████████████████████████████████████████▎                                             | 60/128 [00:24<00:28,  2.41it/s]Precomputing teacher logits (FP model):  48%|████████████████████████████████████████▉                                             | 61/128 [00:24<00:27,  2.40it/s]Precomputing teacher logits (FP model):  48%|█████████████████████████████████████████▋                                            | 62/128 [00:25<00:27,  2.40it/s]Precomputing teacher logits (FP model):  49%|██████████████████████████████████████████▎                                           | 63/128 [00:25<00:27,  2.39it/s]Precomputing teacher logits (FP model):  50%|███████████████████████████████████████████                                           | 64/128 [00:25<00:26,  2.39it/s]Precomputing teacher logits (FP model):  51%|███████████████████████████████████████████▋                                          | 65/128 [00:26<00:26,  2.39it/s]Precomputing teacher logits (FP model):  52%|████████████████████████████████████████████▎                                         | 66/128 [00:26<00:25,  2.39it/s]Precomputing teacher logits (FP model):  52%|█████████████████████████████████████████████                                         | 67/128 [00:27<00:25,  2.40it/s]Precomputing teacher logits (FP model):  53%|█████████████████████████████████████████████▋                                        | 68/128 [00:27<00:25,  2.39it/s]Precomputing teacher logits (FP model):  54%|██████████████████████████████████████████████▎                                       | 69/128 [00:27<00:24,  2.41it/s]Precomputing teacher logits (FP model):  55%|███████████████████████████████████████████████                                       | 70/128 [00:28<00:23,  2.44it/s]Precomputing teacher logits (FP model):  55%|███████████████████████████████████████████████▋                                      | 71/128 [00:28<00:23,  2.45it/s]Precomputing teacher logits (FP model):  56%|████████████████████████████████████████████████▍                                     | 72/128 [00:29<00:22,  2.48it/s]Precomputing teacher logits (FP model):  57%|█████████████████████████████████████████████████                                     | 73/128 [00:29<00:22,  2.47it/s]Precomputing teacher logits (FP model):  58%|█████████████████████████████████████████████████▋                                    | 74/128 [00:29<00:21,  2.48it/s]Precomputing teacher logits (FP model):  59%|██████████████████████████████████████████████████▍                                   | 75/128 [00:30<00:21,  2.47it/s]Precomputing teacher logits (FP model):  59%|███████████████████████████████████████████████████                                   | 76/128 [00:30<00:21,  2.47it/s]Precomputing teacher logits (FP model):  60%|███████████████████████████████████████████████████▋                                  | 77/128 [00:31<00:20,  2.48it/s]Precomputing teacher logits (FP model):  61%|████████████████████████████████████████████████████▍                                 | 78/128 [00:31<00:20,  2.48it/s]Precomputing teacher logits (FP model):  62%|█████████████████████████████████████████████████████                                 | 79/128 [00:31<00:19,  2.47it/s]Precomputing teacher logits (FP model):  62%|█████████████████████████████████████████████████████▊                                | 80/128 [00:32<00:19,  2.47it/s]Precomputing teacher logits (FP model):  63%|██████████████████████████████████████████████████████▍                               | 81/128 [00:32<00:19,  2.47it/s]Precomputing teacher logits (FP model):  64%|███████████████████████████████████████████████████████                               | 82/128 [00:33<00:18,  2.48it/s]Precomputing teacher logits (FP model):  65%|███████████████████████████████████████████████████████▊                              | 83/128 [00:33<00:18,  2.46it/s]Precomputing teacher logits (FP model):  66%|████████████████████████████████████████████████████████▍                             | 84/128 [00:33<00:17,  2.45it/s]Precomputing teacher logits (FP model):  66%|█████████████████████████████████████████████████████████                             | 85/128 [00:34<00:17,  2.45it/s]Precomputing teacher logits (FP model):  67%|█████████████████████████████████████████████████████████▊                            | 86/128 [00:34<00:16,  2.47it/s]Precomputing teacher logits (FP model):  68%|██████████████████████████████████████████████████████████▍                           | 87/128 [00:35<00:16,  2.46it/s]Precomputing teacher logits (FP model):  69%|███████████████████████████████████████████████████████████▏                          | 88/128 [00:35<00:16,  2.45it/s]Precomputing teacher logits (FP model):  70%|███████████████████████████████████████████████████████████▊                          | 89/128 [00:36<00:15,  2.44it/s]Precomputing teacher logits (FP model):  70%|████████████████████████████████████████████████████████████▍                         | 90/128 [00:36<00:15,  2.44it/s]Precomputing teacher logits (FP model):  71%|█████████████████████████████████████████████████████████████▏                        | 91/128 [00:36<00:14,  2.48it/s]Precomputing teacher logits (FP model):  72%|█████████████████████████████████████████████████████████████▊                        | 92/128 [00:37<00:14,  2.46it/s]Precomputing teacher logits (FP model):  73%|██████████████████████████████████████████████████████████████▍                       | 93/128 [00:37<00:14,  2.46it/s]Precomputing teacher logits (FP model):  73%|███████████████████████████████████████████████████████████████▏                      | 94/128 [00:38<00:13,  2.49it/s]Precomputing teacher logits (FP model):  74%|███████████████████████████████████████████████████████████████▊                      | 95/128 [00:38<00:13,  2.50it/s]Precomputing teacher logits (FP model):  75%|████████████████████████████████████████████████████████████████▌                     | 96/128 [00:38<00:12,  2.52it/s]Precomputing teacher logits (FP model):  76%|█████████████████████████████████████████████████████████████████▏                    | 97/128 [00:39<00:12,  2.52it/s]Precomputing teacher logits (FP model):  77%|█████████████████████████████████████████████████████████████████▊                    | 98/128 [00:39<00:11,  2.52it/s]Precomputing teacher logits (FP model):  77%|██████████████████████████████████████████████████████████████████▌                   | 99/128 [00:40<00:11,  2.53it/s]Precomputing teacher logits (FP model):  78%|██████████████████████████████████████████████████████████████████▍                  | 100/128 [00:40<00:11,  2.54it/s]Precomputing teacher logits (FP model):  79%|███████████████████████████████████████████████████████████████████                  | 101/128 [00:40<00:10,  2.54it/s]Precomputing teacher logits (FP model):  80%|███████████████████████████████████████████████████████████████████▋                 | 102/128 [00:41<00:10,  2.53it/s]Precomputing teacher logits (FP model):  80%|████████████████████████████████████████████████████████████████████▍                | 103/128 [00:41<00:09,  2.54it/s]Precomputing teacher logits (FP model):  81%|█████████████████████████████████████████████████████████████████████                | 104/128 [00:41<00:09,  2.54it/s]Precomputing teacher logits (FP model):  82%|█████████████████████████████████████████████████████████████████████▋               | 105/128 [00:42<00:09,  2.55it/s]Precomputing teacher logits (FP model):  83%|██████████████████████████████████████████████████████████████████████▍              | 106/128 [00:42<00:08,  2.54it/s]Precomputing teacher logits (FP model):  84%|███████████████████████████████████████████████████████████████████████              | 107/128 [00:43<00:08,  2.54it/s]Precomputing teacher logits (FP model):  84%|███████████████████████████████████████████████████████████████████████▋             | 108/128 [00:43<00:07,  2.55it/s]Precomputing teacher logits (FP model):  85%|████████████████████████████████████████████████████████████████████████▍            | 109/128 [00:43<00:07,  2.55it/s]Precomputing teacher logits (FP model):  86%|█████████████████████████████████████████████████████████████████████████            | 110/128 [00:44<00:07,  2.54it/s]Precomputing teacher logits (FP model):  87%|█████████████████████████████████████████████████████████████████████████▋           | 111/128 [00:44<00:06,  2.52it/s]Precomputing teacher logits (FP model):  88%|██████████████████████████████████████████████████████████████████████████▍          | 112/128 [00:45<00:06,  2.52it/s]Precomputing teacher logits (FP model):  88%|███████████████████████████████████████████████████████████████████████████          | 113/128 [00:45<00:06,  2.50it/s]Precomputing teacher logits (FP model):  89%|███████████████████████████████████████████████████████████████████████████▋         | 114/128 [00:45<00:05,  2.48it/s]Precomputing teacher logits (FP model):  90%|████████████████████████████████████████████████████████████████████████████▎        | 115/128 [00:46<00:05,  2.48it/s]Precomputing teacher logits (FP model):  91%|█████████████████████████████████████████████████████████████████████████████        | 116/128 [00:46<00:04,  2.47it/s]Precomputing teacher logits (FP model):  91%|█████████████████████████████████████████████████████████████████████████████▋       | 117/128 [00:47<00:04,  2.46it/s]Precomputing teacher logits (FP model):  92%|██████████████████████████████████████████████████████████████████████████████▎      | 118/128 [00:47<00:04,  2.46it/s]Precomputing teacher logits (FP model):  93%|███████████████████████████████████████████████████████████████████████████████      | 119/128 [00:47<00:03,  2.46it/s]Precomputing teacher logits (FP model):  94%|███████████████████████████████████████████████████████████████████████████████▋     | 120/128 [00:48<00:03,  2.45it/s]Precomputing teacher logits (FP model):  95%|████████████████████████████████████████████████████████████████████████████████▎    | 121/128 [00:48<00:02,  2.47it/s]Precomputing teacher logits (FP model):  95%|█████████████████████████████████████████████████████████████████████████████████    | 122/128 [00:49<00:02,  2.46it/s]Precomputing teacher logits (FP model):  96%|█████████████████████████████████████████████████████████████████████████████████▋   | 123/128 [00:49<00:02,  2.46it/s]Precomputing teacher logits (FP model):  97%|██████████████████████████████████████████████████████████████████████████████████▎  | 124/128 [00:50<00:01,  2.48it/s]Precomputing teacher logits (FP model):  98%|███████████████████████████████████████████████████████████████████████████████████  | 125/128 [00:50<00:01,  2.46it/s]Precomputing teacher logits (FP model):  98%|███████████████████████████████████████████████████████████████████████████████████▋ | 126/128 [00:50<00:00,  2.45it/s]Precomputing teacher logits (FP model):  99%|████████████████████████████████████████████████████████████████████████████████████▎| 127/128 [00:51<00:00,  2.45it/s]Precomputing teacher logits (FP model): 100%|█████████████████████████████████████████████████████████████████████████████████████| 128/128 [00:51<00:00,  2.48it/s]Precomputing teacher logits (FP model): 100%|█████████████████████████████████████████████████████████████████████████████████████| 128/128 [00:51<00:00,  2.48it/s]
Token indices sequence length is longer than the specified maximum sequence length for this model (299078 > 131072). Running this sequence through the model will result in indexing errors
GPU memory (from _compute_teacher_logits_cache): 4.90 -> 1.71 GiB (-3.19 GiB)
Total number of scale parameters to tune: 392
Epoch 1 - Loss: 2.9296
Epoch 2 - Loss: 2.8864
Epoch 3 - Loss: 2.8688
Epoch 4 - Loss: 2.8582
Epoch 5 - Loss: 2.8499
Epoch 6 - Loss: 2.8455
Epoch 7 - Loss: 2.8427
Epoch 8 - Loss: 2.8412
GPU memory (from compress_model_recon): 9.36 -> 5.96 GiB (-3.40 GiB)
Using sequence length: 2048 (model max: 2048)
Evaluating perplexity on wikitext2 - num_samples=146, seqlen=2048
Evaluating PPL for wikitext2 (PPL: N/A):   0%|                                                                                              | 0/146 [00:00<?, ?it/s]Evaluating PPL for wikitext2 (PPL: 18.5761):   0%|                                                                                          | 0/146 [00:00<?, ?it/s]Evaluating PPL for wikitext2 (PPL: 23.2996):   0%|                                                                                          | 0/146 [00:00<?, ?it/s]Evaluating PPL for wikitext2 (PPL: 23.2996):   1%|█                                                                                 | 2/146 [00:00<00:10, 14.35it/s]Evaluating PPL for wikitext2 (PPL: 29.0725):   1%|█                                                                                 | 2/146 [00:00<00:10, 14.35it/s]Evaluating PPL for wikitext2 (PPL: 30.5074):   1%|█                                                                                 | 2/146 [00:00<00:10, 14.35it/s]Evaluating PPL for wikitext2 (PPL: 30.5074):   3%|██▏                                                                               | 4/146 [00:00<00:09, 14.71it/s]Evaluating PPL for wikitext2 (PPL: 38.3546):   3%|██▏                                                                               | 4/146 [00:00<00:09, 14.71it/s]Evaluating PPL for wikitext2 (PPL: 32.9434):   3%|██▏                                                                               | 4/146 [00:00<00:09, 14.71it/s]Evaluating PPL for wikitext2 (PPL: 32.9434):   4%|███▎                                                                              | 6/146 [00:00<00:09, 15.02it/s]Evaluating PPL for wikitext2 (PPL: 524.9972):   4%|███▎                                                                             | 6/146 [00:00<00:09, 15.02it/s]Evaluating PPL for wikitext2 (PPL: 352.5648):   4%|███▎                                                                             | 6/146 [00:00<00:09, 15.02it/s]Evaluating PPL for wikitext2 (PPL: 352.5648):   5%|████▍                                                                            | 8/146 [00:00<00:08, 16.09it/s]Evaluating PPL for wikitext2 (PPL: 314.7366):   5%|████▍                                                                            | 8/146 [00:00<00:08, 16.09it/s]Evaluating PPL for wikitext2 (PPL: 250.8864):   5%|████▍                                                                            | 8/146 [00:00<00:08, 16.09it/s]Evaluating PPL for wikitext2 (PPL: 250.8864):   7%|█████▍                                                                          | 10/146 [00:00<00:08, 15.78it/s]Evaluating PPL for wikitext2 (PPL: 228.5644):   7%|█████▍                                                                          | 10/146 [00:00<00:08, 15.78it/s]Evaluating PPL for wikitext2 (PPL: 206.0513):   7%|█████▍                                                                          | 10/146 [00:00<00:08, 15.78it/s]Evaluating PPL for wikitext2 (PPL: 206.0513):   8%|██████▌                                                                         | 12/146 [00:00<00:08, 15.65it/s]Evaluating PPL for wikitext2 (PPL: 171.4396):   8%|██████▌                                                                         | 12/146 [00:00<00:08, 15.65it/s]Evaluating PPL for wikitext2 (PPL: 152.4422):   8%|██████▌                                                                         | 12/146 [00:00<00:08, 15.65it/s]Evaluating PPL for wikitext2 (PPL: 152.4422):  10%|███████▋                                                                        | 14/146 [00:00<00:08, 15.58it/s]Evaluating PPL for wikitext2 (PPL: 134.0103):  10%|███████▋                                                                        | 14/146 [00:00<00:08, 15.58it/s]Evaluating PPL for wikitext2 (PPL: 121.2496):  10%|███████▋                                                                        | 14/146 [00:01<00:08, 15.58it/s]Evaluating PPL for wikitext2 (PPL: 121.2496):  11%|████████▊                                                                       | 16/146 [00:01<00:08, 15.51it/s]Evaluating PPL for wikitext2 (PPL: 111.8224):  11%|████████▊                                                                       | 16/146 [00:01<00:08, 15.51it/s]Evaluating PPL for wikitext2 (PPL: 102.8028):  11%|████████▊                                                                       | 16/146 [00:01<00:08, 15.51it/s]Evaluating PPL for wikitext2 (PPL: 102.8028):  12%|█████████▊                                                                      | 18/146 [00:01<00:08, 15.35it/s]Evaluating PPL for wikitext2 (PPL: 94.3372):  12%|█████████▉                                                                       | 18/146 [00:01<00:08, 15.35it/s]Evaluating PPL for wikitext2 (PPL: 86.8396):  12%|█████████▉                                                                       | 18/146 [00:01<00:08, 15.35it/s]Evaluating PPL for wikitext2 (PPL: 86.8396):  14%|███████████                                                                      | 20/146 [00:01<00:07, 15.97it/s]Evaluating PPL for wikitext2 (PPL: 81.6572):  14%|███████████                                                                      | 20/146 [00:01<00:07, 15.97it/s]Evaluating PPL for wikitext2 (PPL: 78.7097):  14%|███████████                                                                      | 20/146 [00:01<00:07, 15.97it/s]Evaluating PPL for wikitext2 (PPL: 78.7097):  15%|████████████▏                                                                    | 22/146 [00:01<00:07, 15.62it/s]Evaluating PPL for wikitext2 (PPL: 75.0335):  15%|████████████▏                                                                    | 22/146 [00:01<00:07, 15.62it/s]Evaluating PPL for wikitext2 (PPL: 72.3779):  15%|████████████▏                                                                    | 22/146 [00:01<00:07, 15.62it/s]Evaluating PPL for wikitext2 (PPL: 72.3779):  16%|█████████████▎                                                                   | 24/146 [00:01<00:07, 15.53it/s]Evaluating PPL for wikitext2 (PPL: 70.0179):  16%|█████████████▎                                                                   | 24/146 [00:01<00:07, 15.53it/s]Evaluating PPL for wikitext2 (PPL: 67.8669):  16%|█████████████▎                                                                   | 24/146 [00:01<00:07, 15.53it/s]Evaluating PPL for wikitext2 (PPL: 67.8669):  18%|██████████████▍                                                                  | 26/146 [00:01<00:07, 15.53it/s]Evaluating PPL for wikitext2 (PPL: 66.1635):  18%|██████████████▍                                                                  | 26/146 [00:01<00:07, 15.53it/s]Evaluating PPL for wikitext2 (PPL: 65.2725):  18%|██████████████▍                                                                  | 26/146 [00:01<00:07, 15.53it/s]Evaluating PPL for wikitext2 (PPL: 65.2725):  19%|███████████████▌                                                                 | 28/146 [00:01<00:07, 15.52it/s]Evaluating PPL for wikitext2 (PPL: 65.7870):  19%|███████████████▌                                                                 | 28/146 [00:01<00:07, 15.52it/s]Evaluating PPL for wikitext2 (PPL: 63.8317):  19%|███████████████▌                                                                 | 28/146 [00:01<00:07, 15.52it/s]Evaluating PPL for wikitext2 (PPL: 63.8317):  21%|████████████████▋                                                                | 30/146 [00:01<00:07, 15.52it/s]Evaluating PPL for wikitext2 (PPL: 62.0239):  21%|████████████████▋                                                                | 30/146 [00:01<00:07, 15.52it/s]Evaluating PPL for wikitext2 (PPL: 60.4051):  21%|████████████████▋                                                                | 30/146 [00:02<00:07, 15.52it/s]Evaluating PPL for wikitext2 (PPL: 60.4051):  22%|█████████████████▊                                                               | 32/146 [00:02<00:07, 16.26it/s]Evaluating PPL for wikitext2 (PPL: 58.4506):  22%|█████████████████▊                                                               | 32/146 [00:02<00:07, 16.26it/s]Evaluating PPL for wikitext2 (PPL: 57.3764):  22%|█████████████████▊                                                               | 32/146 [00:02<00:07, 16.26it/s]Evaluating PPL for wikitext2 (PPL: 57.3764):  23%|██████████████████▊                                                              | 34/146 [00:02<00:07, 15.90it/s]Evaluating PPL for wikitext2 (PPL: 57.5000):  23%|██████████████████▊                                                              | 34/146 [00:02<00:07, 15.90it/s]Evaluating PPL for wikitext2 (PPL: 56.4537):  23%|██████████████████▊                                                              | 34/146 [00:02<00:07, 15.90it/s]Evaluating PPL for wikitext2 (PPL: 56.4537):  25%|███████████████████▉                                                             | 36/146 [00:02<00:06, 15.75it/s]Evaluating PPL for wikitext2 (PPL: 54.2076):  25%|███████████████████▉                                                             | 36/146 [00:02<00:06, 15.75it/s]Evaluating PPL for wikitext2 (PPL: 52.3771):  25%|███████████████████▉                                                             | 36/146 [00:02<00:06, 15.75it/s]Evaluating PPL for wikitext2 (PPL: 52.3771):  26%|█████████████████████                                                            | 38/146 [00:02<00:06, 15.64it/s]Evaluating PPL for wikitext2 (PPL: 50.9625):  26%|█████████████████████                                                            | 38/146 [00:02<00:06, 15.64it/s]Evaluating PPL for wikitext2 (PPL: 49.3639):  26%|█████████████████████                                                            | 38/146 [00:02<00:06, 15.64it/s]Evaluating PPL for wikitext2 (PPL: 49.3639):  27%|██████████████████████▏                                                          | 40/146 [00:02<00:06, 15.60it/s]Evaluating PPL for wikitext2 (PPL: 48.3482):  27%|██████████████████████▏                                                          | 40/146 [00:02<00:06, 15.60it/s]Evaluating PPL for wikitext2 (PPL: 47.5771):  27%|██████████████████████▏                                                          | 40/146 [00:02<00:06, 15.60it/s]Evaluating PPL for wikitext2 (PPL: 47.5771):  29%|███████████████████████▎                                                         | 42/146 [00:02<00:06, 15.58it/s]Evaluating PPL for wikitext2 (PPL: 47.4529):  29%|███████████████████████▎                                                         | 42/146 [00:02<00:06, 15.58it/s]Evaluating PPL for wikitext2 (PPL: 47.4862):  29%|███████████████████████▎                                                         | 42/146 [00:02<00:06, 15.58it/s]Evaluating PPL for wikitext2 (PPL: 47.4862):  30%|████████████████████████▍                                                        | 44/146 [00:02<00:06, 16.32it/s]Evaluating PPL for wikitext2 (PPL: 47.4028):  30%|████████████████████████▍                                                        | 44/146 [00:02<00:06, 16.32it/s]Evaluating PPL for wikitext2 (PPL: 47.4035):  30%|████████████████████████▍                                                        | 44/146 [00:02<00:06, 16.32it/s]Evaluating PPL for wikitext2 (PPL: 47.4035):  32%|█████████████████████████▌                                                       | 46/146 [00:02<00:06, 15.90it/s]Evaluating PPL for wikitext2 (PPL: 47.1684):  32%|█████████████████████████▌                                                       | 46/146 [00:02<00:06, 15.90it/s]Evaluating PPL for wikitext2 (PPL: 46.8220):  32%|█████████████████████████▌                                                       | 46/146 [00:03<00:06, 15.90it/s]Evaluating PPL for wikitext2 (PPL: 46.8220):  33%|██████████████████████████▋                                                      | 48/146 [00:03<00:06, 15.82it/s]Evaluating PPL for wikitext2 (PPL: 46.4478):  33%|██████████████████████████▋                                                      | 48/146 [00:03<00:06, 15.82it/s]Evaluating PPL for wikitext2 (PPL: 45.7612):  33%|██████████████████████████▋                                                      | 48/146 [00:03<00:06, 15.82it/s]Evaluating PPL for wikitext2 (PPL: 45.7612):  34%|███████████████████████████▋                                                     | 50/146 [00:03<00:06, 15.64it/s]Evaluating PPL for wikitext2 (PPL: 45.2912):  34%|███████████████████████████▋                                                     | 50/146 [00:03<00:06, 15.64it/s]Evaluating PPL for wikitext2 (PPL: 44.5082):  34%|███████████████████████████▋                                                     | 50/146 [00:03<00:06, 15.64it/s]Evaluating PPL for wikitext2 (PPL: 44.5082):  36%|████████████████████████████▊                                                    | 52/146 [00:03<00:06, 15.65it/s]Evaluating PPL for wikitext2 (PPL: 43.7933):  36%|████████████████████████████▊                                                    | 52/146 [00:03<00:06, 15.65it/s]Evaluating PPL for wikitext2 (PPL: 42.9788):  36%|████████████████████████████▊                                                    | 52/146 [00:03<00:06, 15.65it/s]Evaluating PPL for wikitext2 (PPL: 42.9788):  37%|█████████████████████████████▉                                                   | 54/146 [00:03<00:05, 15.63it/s]Evaluating PPL for wikitext2 (PPL: 42.1363):  37%|█████████████████████████████▉                                                   | 54/146 [00:03<00:05, 15.63it/s]Evaluating PPL for wikitext2 (PPL: 41.4435):  37%|█████████████████████████████▉                                                   | 54/146 [00:03<00:05, 15.63it/s]Evaluating PPL for wikitext2 (PPL: 41.4435):  38%|███████████████████████████████                                                  | 56/146 [00:03<00:05, 16.11it/s]Evaluating PPL for wikitext2 (PPL: 40.5850):  38%|███████████████████████████████                                                  | 56/146 [00:03<00:05, 16.11it/s]Evaluating PPL for wikitext2 (PPL: 39.6767):  38%|███████████████████████████████                                                  | 56/146 [00:03<00:05, 16.11it/s]Evaluating PPL for wikitext2 (PPL: 39.1800):  38%|███████████████████████████████                                                  | 56/146 [00:03<00:05, 16.11it/s]Evaluating PPL for wikitext2 (PPL: 39.1800):  40%|████████████████████████████████▋                                                | 59/146 [00:03<00:04, 17.62it/s]Evaluating PPL for wikitext2 (PPL: 39.1009):  40%|████████████████████████████████▋                                                | 59/146 [00:03<00:04, 17.62it/s]Evaluating PPL for wikitext2 (PPL: 39.2853):  40%|████████████████████████████████▋                                                | 59/146 [00:03<00:04, 17.62it/s]Evaluating PPL for wikitext2 (PPL: 39.2853):  42%|█████████████████████████████████▊                                               | 61/146 [00:03<00:04, 17.34it/s]Evaluating PPL for wikitext2 (PPL: 39.2464):  42%|█████████████████████████████████▊                                               | 61/146 [00:03<00:04, 17.34it/s]Evaluating PPL for wikitext2 (PPL: 39.1893):  42%|█████████████████████████████████▊                                               | 61/146 [00:03<00:04, 17.34it/s]Evaluating PPL for wikitext2 (PPL: 39.1893):  43%|██████████████████████████████████▉                                              | 63/146 [00:03<00:05, 16.52it/s]Evaluating PPL for wikitext2 (PPL: 39.2680):  43%|██████████████████████████████████▉                                              | 63/146 [00:04<00:05, 16.52it/s]Evaluating PPL for wikitext2 (PPL: 39.0336):  43%|██████████████████████████████████▉                                              | 63/146 [00:04<00:05, 16.52it/s]Evaluating PPL for wikitext2 (PPL: 39.0336):  45%|████████████████████████████████████                                             | 65/146 [00:04<00:05, 16.07it/s]Evaluating PPL for wikitext2 (PPL: 38.8536):  45%|████████████████████████████████████                                             | 65/146 [00:04<00:05, 16.07it/s]Evaluating PPL for wikitext2 (PPL: 38.8697):  45%|████████████████████████████████████                                             | 65/146 [00:04<00:05, 16.07it/s]Evaluating PPL for wikitext2 (PPL: 38.8697):  46%|█████████████████████████████████████▏                                           | 67/146 [00:04<00:05, 15.78it/s]Evaluating PPL for wikitext2 (PPL: 38.6892):  46%|█████████████████████████████████████▏                                           | 67/146 [00:04<00:05, 15.78it/s]Evaluating PPL for wikitext2 (PPL: 38.5148):  46%|█████████████████████████████████████▏                                           | 67/146 [00:04<00:05, 15.78it/s]Evaluating PPL for wikitext2 (PPL: 38.5148):  47%|██████████████████████████████████████▎                                          | 69/146 [00:04<00:04, 15.57it/s]Evaluating PPL for wikitext2 (PPL: 38.2520):  47%|██████████████████████████████████████▎                                          | 69/146 [00:04<00:04, 15.57it/s]Evaluating PPL for wikitext2 (PPL: 37.9900):  47%|██████████████████████████████████████▎                                          | 69/146 [00:04<00:04, 15.57it/s]Evaluating PPL for wikitext2 (PPL: 37.9900):  49%|███████████████████████████████████████▍                                         | 71/146 [00:04<00:04, 16.01it/s]Evaluating PPL for wikitext2 (PPL: 37.9835):  49%|███████████████████████████████████████▍                                         | 71/146 [00:04<00:04, 16.01it/s]Evaluating PPL for wikitext2 (PPL: 37.9528):  49%|███████████████████████████████████████▍                                         | 71/146 [00:04<00:04, 16.01it/s]Evaluating PPL for wikitext2 (PPL: 37.9528):  50%|████████████████████████████████████████▌                                        | 73/146 [00:04<00:04, 15.76it/s]Evaluating PPL for wikitext2 (PPL: 38.0353):  50%|████████████████████████████████████████▌                                        | 73/146 [00:04<00:04, 15.76it/s]Evaluating PPL for wikitext2 (PPL: 37.8782):  50%|████████████████████████████████████████▌                                        | 73/146 [00:04<00:04, 15.76it/s]Evaluating PPL for wikitext2 (PPL: 37.8782):  51%|█████████████████████████████████████████▌                                       | 75/146 [00:04<00:04, 15.54it/s]Evaluating PPL for wikitext2 (PPL: 37.6020):  51%|█████████████████████████████████████████▌                                       | 75/146 [00:04<00:04, 15.54it/s]Evaluating PPL for wikitext2 (PPL: 37.3424):  51%|█████████████████████████████████████████▌                                       | 75/146 [00:04<00:04, 15.54it/s]Evaluating PPL for wikitext2 (PPL: 37.3424):  53%|██████████████████████████████████████████▋                                      | 77/146 [00:04<00:04, 15.40it/s]Evaluating PPL for wikitext2 (PPL: 37.0838):  53%|██████████████████████████████████████████▋                                      | 77/146 [00:04<00:04, 15.40it/s]Evaluating PPL for wikitext2 (PPL: 36.9356):  53%|██████████████████████████████████████████▋                                      | 77/146 [00:05<00:04, 15.40it/s]Evaluating PPL for wikitext2 (PPL: 36.9356):  54%|███████████████████████████████████████████▊                                     | 79/146 [00:05<00:04, 15.31it/s]Evaluating PPL for wikitext2 (PPL: 36.8709):  54%|███████████████████████████████████████████▊                                     | 79/146 [00:05<00:04, 15.31it/s]Evaluating PPL for wikitext2 (PPL: 36.7298):  54%|███████████████████████████████████████████▊                                     | 79/146 [00:05<00:04, 15.31it/s]Evaluating PPL for wikitext2 (PPL: 36.7298):  55%|████████████████████████████████████████████▉                                    | 81/146 [00:05<00:04, 15.24it/s]Evaluating PPL for wikitext2 (PPL: 36.5927):  55%|████████████████████████████████████████████▉                                    | 81/146 [00:05<00:04, 15.24it/s]Evaluating PPL for wikitext2 (PPL: 36.0974):  55%|████████████████████████████████████████████▉                                    | 81/146 [00:05<00:04, 15.24it/s]Evaluating PPL for wikitext2 (PPL: 36.0974):  57%|██████████████████████████████████████████████                                   | 83/146 [00:05<00:03, 16.12it/s]Evaluating PPL for wikitext2 (PPL: 35.7531):  57%|██████████████████████████████████████████████                                   | 83/146 [00:05<00:03, 16.12it/s]Evaluating PPL for wikitext2 (PPL: 35.5114):  57%|██████████████████████████████████████████████                                   | 83/146 [00:05<00:03, 16.12it/s]Evaluating PPL for wikitext2 (PPL: 35.5114):  58%|███████████████████████████████████████████████▏                                 | 85/146 [00:05<00:03, 15.64it/s]Evaluating PPL for wikitext2 (PPL: 35.3603):  58%|███████████████████████████████████████████████▏                                 | 85/146 [00:05<00:03, 15.64it/s]Evaluating PPL for wikitext2 (PPL: 35.2006):  58%|███████████████████████████████████████████████▏                                 | 85/146 [00:05<00:03, 15.64it/s]Evaluating PPL for wikitext2 (PPL: 35.2006):  60%|████████████████████████████████████████████████▎                                | 87/146 [00:05<00:03, 15.47it/s]Evaluating PPL for wikitext2 (PPL: 35.2512):  60%|████████████████████████████████████████████████▎                                | 87/146 [00:05<00:03, 15.47it/s]Evaluating PPL for wikitext2 (PPL: 35.2079):  60%|████████████████████████████████████████████████▎                                | 87/146 [00:05<00:03, 15.47it/s]Evaluating PPL for wikitext2 (PPL: 35.1595):  60%|████████████████████████████████████████████████▎                                | 87/146 [00:05<00:03, 15.47it/s]Evaluating PPL for wikitext2 (PPL: 35.1595):  62%|█████████████████████████████████████████████████▉                               | 90/146 [00:05<00:03, 17.47it/s]Evaluating PPL for wikitext2 (PPL: 35.2210):  62%|█████████████████████████████████████████████████▉                               | 90/146 [00:05<00:03, 17.47it/s]Evaluating PPL for wikitext2 (PPL: 35.4253):  62%|█████████████████████████████████████████████████▉                               | 90/146 [00:05<00:03, 17.47it/s]Evaluating PPL for wikitext2 (PPL: 35.5904):  62%|█████████████████████████████████████████████████▉                               | 90/146 [00:05<00:03, 17.47it/s]Evaluating PPL for wikitext2 (PPL: 35.5904):  64%|███████████████████████████████████████████████████▌                             | 93/146 [00:05<00:02, 19.01it/s]Evaluating PPL for wikitext2 (PPL: 35.6401):  64%|███████████████████████████████████████████████████▌                             | 93/146 [00:05<00:02, 19.01it/s]Evaluating PPL for wikitext2 (PPL: 35.7593):  64%|███████████████████████████████████████████████████▌                             | 93/146 [00:05<00:02, 19.01it/s]Evaluating PPL for wikitext2 (PPL: 35.8413):  64%|███████████████████████████████████████████████████▌                             | 93/146 [00:05<00:02, 19.01it/s]Evaluating PPL for wikitext2 (PPL: 35.8413):  66%|█████████████████████████████████████████████████████▎                           | 96/146 [00:05<00:02, 19.92it/s]Evaluating PPL for wikitext2 (PPL: 35.7314):  66%|█████████████████████████████████████████████████████▎                           | 96/146 [00:05<00:02, 19.92it/s]Evaluating PPL for wikitext2 (PPL: 35.7949):  66%|█████████████████████████████████████████████████████▎                           | 96/146 [00:06<00:02, 19.92it/s]Evaluating PPL for wikitext2 (PPL: 35.7949):  67%|██████████████████████████████████████████████████████▎                          | 98/146 [00:06<00:02, 18.98it/s]Evaluating PPL for wikitext2 (PPL: 35.6935):  67%|██████████████████████████████████████████████████████▎                          | 98/146 [00:06<00:02, 18.98it/s]Evaluating PPL for wikitext2 (PPL: 35.6779):  67%|██████████████████████████████████████████████████████▎                          | 98/146 [00:06<00:02, 18.98it/s]Evaluating PPL for wikitext2 (PPL: 35.6779):  68%|██████████████████████████████████████████████████████▊                         | 100/146 [00:06<00:02, 18.31it/s]Evaluating PPL for wikitext2 (PPL: 35.6130):  68%|██████████████████████████████████████████████████████▊                         | 100/146 [00:06<00:02, 18.31it/s]Evaluating PPL for wikitext2 (PPL: 35.5386):  68%|██████████████████████████████████████████████████████▊                         | 100/146 [00:06<00:02, 18.31it/s]Evaluating PPL for wikitext2 (PPL: 35.5386):  70%|███████████████████████████████████████████████████████▉                        | 102/146 [00:06<00:02, 17.83it/s]Evaluating PPL for wikitext2 (PPL: 35.5196):  70%|███████████████████████████████████████████████████████▉                        | 102/146 [00:06<00:02, 17.83it/s]Evaluating PPL for wikitext2 (PPL: 35.4957):  70%|███████████████████████████████████████████████████████▉                        | 102/146 [00:06<00:02, 17.83it/s]Evaluating PPL for wikitext2 (PPL: 35.4957):  71%|████████████████████████████████████████████████████████▉                       | 104/146 [00:06<00:02, 17.49it/s]Evaluating PPL for wikitext2 (PPL: 35.5303):  71%|████████████████████████████████████████████████████████▉                       | 104/146 [00:06<00:02, 17.49it/s]Evaluating PPL for wikitext2 (PPL: 35.5277):  71%|████████████████████████████████████████████████████████▉                       | 104/146 [00:06<00:02, 17.49it/s]Evaluating PPL for wikitext2 (PPL: 35.6394):  71%|████████████████████████████████████████████████████████▉                       | 104/146 [00:06<00:02, 17.49it/s]Evaluating PPL for wikitext2 (PPL: 35.6394):  73%|██████████████████████████████████████████████████████████▋                     | 107/146 [00:06<00:02, 19.18it/s]Evaluating PPL for wikitext2 (PPL: 35.5997):  73%|██████████████████████████████████████████████████████████▋                     | 107/146 [00:06<00:02, 19.18it/s]Evaluating PPL for wikitext2 (PPL: 35.4539):  73%|██████████████████████████████████████████████████████████▋                     | 107/146 [00:06<00:02, 19.18it/s]Evaluating PPL for wikitext2 (PPL: 35.4539):  75%|███████████████████████████████████████████████████████████▋                    | 109/146 [00:06<00:01, 18.77it/s]Evaluating PPL for wikitext2 (PPL: 35.4168):  75%|███████████████████████████████████████████████████████████▋                    | 109/146 [00:06<00:01, 18.77it/s]Evaluating PPL for wikitext2 (PPL: 35.3556):  75%|███████████████████████████████████████████████████████████▋                    | 109/146 [00:06<00:01, 18.77it/s]Evaluating PPL for wikitext2 (PPL: 35.3556):  76%|████████████████████████████████████████████████████████████▊                   | 111/146 [00:06<00:01, 18.13it/s]Evaluating PPL for wikitext2 (PPL: 35.2463):  76%|████████████████████████████████████████████████████████████▊                   | 111/146 [00:06<00:01, 18.13it/s]Evaluating PPL for wikitext2 (PPL: 35.2122):  76%|████████████████████████████████████████████████████████████▊                   | 111/146 [00:06<00:01, 18.13it/s]Evaluating PPL for wikitext2 (PPL: 35.2122):  77%|█████████████████████████████████████████████████████████████▉                  | 113/146 [00:06<00:01, 17.68it/s]Evaluating PPL for wikitext2 (PPL: 35.1788):  77%|█████████████████████████████████████████████████████████████▉                  | 113/146 [00:06<00:01, 17.68it/s]Evaluating PPL for wikitext2 (PPL: 35.1317):  77%|█████████████████████████████████████████████████████████████▉                  | 113/146 [00:07<00:01, 17.68it/s]Evaluating PPL for wikitext2 (PPL: 35.1317):  79%|███████████████████████████████████████████████████████████████                 | 115/146 [00:07<00:01, 17.39it/s]Evaluating PPL for wikitext2 (PPL: 35.1374):  79%|███████████████████████████████████████████████████████████████                 | 115/146 [00:07<00:01, 17.39it/s]Evaluating PPL for wikitext2 (PPL: 35.1525):  79%|███████████████████████████████████████████████████████████████                 | 115/146 [00:07<00:01, 17.39it/s]Evaluating PPL for wikitext2 (PPL: 35.1525):  80%|████████████████████████████████████████████████████████████████                | 117/146 [00:07<00:01, 17.37it/s]Evaluating PPL for wikitext2 (PPL: 35.1114):  80%|████████████████████████████████████████████████████████████████                | 117/146 [00:07<00:01, 17.37it/s]Evaluating PPL for wikitext2 (PPL: 34.9333):  80%|████████████████████████████████████████████████████████████████                | 117/146 [00:07<00:01, 17.37it/s]Evaluating PPL for wikitext2 (PPL: 34.7861):  80%|████████████████████████████████████████████████████████████████                | 117/146 [00:07<00:01, 17.37it/s]Evaluating PPL for wikitext2 (PPL: 34.7861):  82%|█████████████████████████████████████████████████████████████████▊              | 120/146 [00:07<00:01, 18.53it/s]Evaluating PPL for wikitext2 (PPL: 34.7765):  82%|█████████████████████████████████████████████████████████████████▊              | 120/146 [00:07<00:01, 18.53it/s]Evaluating PPL for wikitext2 (PPL: 34.6115):  82%|█████████████████████████████████████████████████████████████████▊              | 120/146 [00:07<00:01, 18.53it/s]Evaluating PPL for wikitext2 (PPL: 34.6115):  84%|██████████████████████████████████████████████████████████████████▊             | 122/146 [00:07<00:01, 18.55it/s]Evaluating PPL for wikitext2 (PPL: 34.4456):  84%|██████████████████████████████████████████████████████████████████▊             | 122/146 [00:07<00:01, 18.55it/s]Evaluating PPL for wikitext2 (PPL: 34.3306):  84%|██████████████████████████████████████████████████████████████████▊             | 122/146 [00:07<00:01, 18.55it/s]Evaluating PPL for wikitext2 (PPL: 34.3306):  85%|███████████████████████████████████████████████████████████████████▉            | 124/146 [00:07<00:01, 17.98it/s]Evaluating PPL for wikitext2 (PPL: 34.2950):  85%|███████████████████████████████████████████████████████████████████▉            | 124/146 [00:07<00:01, 17.98it/s]Evaluating PPL for wikitext2 (PPL: 34.3110):  85%|███████████████████████████████████████████████████████████████████▉            | 124/146 [00:07<00:01, 17.98it/s]Evaluating PPL for wikitext2 (PPL: 34.3110):  86%|█████████████████████████████████████████████████████████████████████           | 126/146 [00:07<00:01, 17.55it/s]Evaluating PPL for wikitext2 (PPL: 34.2382):  86%|█████████████████████████████████████████████████████████████████████           | 126/146 [00:07<00:01, 17.55it/s]Evaluating PPL for wikitext2 (PPL: 34.1416):  86%|█████████████████████████████████████████████████████████████████████           | 126/146 [00:07<00:01, 17.55it/s]Evaluating PPL for wikitext2 (PPL: 34.1416):  88%|██████████████████████████████████████████████████████████████████████▏         | 128/146 [00:07<00:01, 17.29it/s]Evaluating PPL for wikitext2 (PPL: 33.9480):  88%|██████████████████████████████████████████████████████████████████████▏         | 128/146 [00:07<00:01, 17.29it/s]Evaluating PPL for wikitext2 (PPL: 33.7950):  88%|██████████████████████████████████████████████████████████████████████▏         | 128/146 [00:07<00:01, 17.29it/s]Evaluating PPL for wikitext2 (PPL: 33.6731):  88%|██████████████████████████████████████████████████████████████████████▏         | 128/146 [00:07<00:01, 17.29it/s]Evaluating PPL for wikitext2 (PPL: 33.6731):  90%|███████████████████████████████████████████████████████████████████████▊        | 131/146 [00:07<00:00, 18.20it/s]Evaluating PPL for wikitext2 (PPL: 33.6210):  90%|███████████████████████████████████████████████████████████████████████▊        | 131/146 [00:07<00:00, 18.20it/s]Evaluating PPL for wikitext2 (PPL: 33.5186):  90%|███████████████████████████████████████████████████████████████████████▊        | 131/146 [00:08<00:00, 18.20it/s]Evaluating PPL for wikitext2 (PPL: 33.5186):  91%|████████████████████████████████████████████████████████████████████████▉       | 133/146 [00:08<00:00, 18.11it/s]Evaluating PPL for wikitext2 (PPL: 33.4102):  91%|████████████████████████████████████████████████████████████████████████▉       | 133/146 [00:08<00:00, 18.11it/s]Evaluating PPL for wikitext2 (PPL: 33.4312):  91%|████████████████████████████████████████████████████████████████████████▉       | 133/146 [00:08<00:00, 18.11it/s]Evaluating PPL for wikitext2 (PPL: 33.4312):  92%|█████████████████████████████████████████████████████████████████████████▉      | 135/146 [00:08<00:00, 18.32it/s]Evaluating PPL for wikitext2 (PPL: 33.3867):  92%|█████████████████████████████████████████████████████████████████████████▉      | 135/146 [00:08<00:00, 18.32it/s]Evaluating PPL for wikitext2 (PPL: 33.2479):  92%|█████████████████████████████████████████████████████████████████████████▉      | 135/146 [00:08<00:00, 18.32it/s]Evaluating PPL for wikitext2 (PPL: 33.2479):  94%|███████████████████████████████████████████████████████████████████████████     | 137/146 [00:08<00:00, 17.83it/s]Evaluating PPL for wikitext2 (PPL: 33.2620):  94%|███████████████████████████████████████████████████████████████████████████     | 137/146 [00:08<00:00, 17.83it/s]Evaluating PPL for wikitext2 (PPL: 33.0968):  94%|███████████████████████████████████████████████████████████████████████████     | 137/146 [00:08<00:00, 17.83it/s]Evaluating PPL for wikitext2 (PPL: 33.0968):  95%|████████████████████████████████████████████████████████████████████████████▏   | 139/146 [00:08<00:00, 17.46it/s]Evaluating PPL for wikitext2 (PPL: 33.5432):  95%|████████████████████████████████████████████████████████████████████████████▏   | 139/146 [00:08<00:00, 17.46it/s]Evaluating PPL for wikitext2 (PPL: 33.5699):  95%|████████████████████████████████████████████████████████████████████████████▏   | 139/146 [00:08<00:00, 17.46it/s]Evaluating PPL for wikitext2 (PPL: 33.5667):  95%|████████████████████████████████████████████████████████████████████████████▏   | 139/146 [00:08<00:00, 17.46it/s]Evaluating PPL for wikitext2 (PPL: 33.5667):  97%|█████████████████████████████████████████████████████████████████████████████▊  | 142/146 [00:08<00:00, 18.20it/s]Evaluating PPL for wikitext2 (PPL: 33.6516):  97%|█████████████████████████████████████████████████████████████████████████████▊  | 142/146 [00:08<00:00, 18.20it/s]Evaluating PPL for wikitext2 (PPL: 33.6662):  97%|█████████████████████████████████████████████████████████████████████████████▊  | 142/146 [00:08<00:00, 18.20it/s]Evaluating PPL for wikitext2 (PPL: 33.6662):  99%|██████████████████████████████████████████████████████████████████████████████▉ | 144/146 [00:08<00:00, 17.76it/s]Evaluating PPL for wikitext2 (PPL: 33.6986):  99%|██████████████████████████████████████████████████████████████████████████████▉ | 144/146 [00:08<00:00, 17.76it/s]Evaluating PPL for wikitext2 (PPL: 33.6946):  99%|██████████████████████████████████████████████████████████████████████████████▉ | 144/146 [00:08<00:00, 17.76it/s]Evaluating PPL for wikitext2 (PPL: 33.6946): 100%|████████████████████████████████████████████████████████████████████████████████| 146/146 [00:08<00:00, 17.75it/s]Evaluating PPL for wikitext2 (PPL: 33.6946): 100%|████████████████████████████████████████████████████████████████████████████████| 146/146 [00:08<00:00, 16.71it/s]
Perplexity on wikitext2: 33.6946
{
 "arm": "nanoquant",
 "eval": {
  "wikitext2": {
   "ppl": 33.69459915161133
  }
 },
 "mean_out_err": 0.16002977429412424,
 "mean_weight_err": 0.3158262536366041,
 "total_time": 3479.570018529892
}
