Token indices sequence length is longer than the specified maximum sequence length for this model (2518423 > 131072). Running this sequence through the model will result in indexing errors
Loading model 'Qwen/Qwen3-0.6B-Base'...
Qwen3ForCausalLM(
  (model): Qwen3Model(
    (embed_tokens): Embedding(151936, 1024)
    (layers): ModuleList(
      (0-27): 28 x Qwen3DecoderLayer(
        (self_attn): Qwen3Attention(
          (q_proj): Linear(in_features=1024, out_features=2048, bias=False)
          (k_proj): Linear(in_features=1024, out_features=1024, bias=False)
          (v_proj): Linear(in_features=1024, out_features=1024, bias=False)
          (o_proj): Linear(in_features=2048, out_features=1024, bias=False)
          (q_norm): Qwen3RMSNorm((128,), eps=1e-06)
          (k_norm): Qwen3RMSNorm((128,), eps=1e-06)
        )
        (mlp): Qwen3MLP(
          (gate_proj): Linear(in_features=1024, out_features=3072, bias=False)
          (up_proj): Linear(in_features=1024, out_features=3072, bias=False)
          (down_proj): Linear(in_features=3072, out_features=1024, bias=False)
          (act_fn): SiLUActivation()
        )
        (input_layernorm): Qwen3RMSNorm((1024,), eps=1e-06)
        (post_attention_layernorm): Qwen3RMSNorm((1024,), eps=1e-06)
      )
    )
    (norm): Qwen3RMSNorm((1024,), eps=1e-06)
    (rotary_emb): Qwen3RotaryEmbedding()
  )
  (lm_head): Linear(in_features=1024, out_features=151936, bias=False)
)
Rank calculation: Bits = (1.00), Scales: 2
factorized bpw = 0.9729
Loading model 'Qwen/Qwen3-0.6B-Base'...
Qwen3ForCausalLM(
  (model): Qwen3Model(
    (embed_tokens): Embedding(151936, 1024)
    (layers): ModuleList(
      (0-27): 28 x Qwen3DecoderLayer(
        (self_attn): Qwen3Attention(
          (q_proj): Linear(in_features=1024, out_features=2048, bias=False)
          (k_proj): Linear(in_features=1024, out_features=1024, bias=False)
          (v_proj): Linear(in_features=1024, out_features=1024, bias=False)
          (o_proj): Linear(in_features=2048, out_features=1024, bias=False)
          (q_norm): Qwen3RMSNorm((128,), eps=1e-06)
          (k_norm): Qwen3RMSNorm((128,), eps=1e-06)
        )
        (mlp): Qwen3MLP(
          (gate_proj): Linear(in_features=1024, out_features=3072, bias=False)
          (up_proj): Linear(in_features=1024, out_features=3072, bias=False)
          (down_proj): Linear(in_features=3072, out_features=1024, bias=False)
          (act_fn): SiLUActivation()
        )
        (input_layernorm): Qwen3RMSNorm((1024,), eps=1e-06)
        (post_attention_layernorm): Qwen3RMSNorm((1024,), eps=1e-06)
      )
    )
    (norm): Qwen3RMSNorm((1024,), eps=1e-06)
    (rotary_emb): Qwen3RotaryEmbedding()
  )
  (lm_head): Linear(in_features=1024, out_features=151936, bias=False)
)

Processing dataset: Salesforce/wikitext (config: wikitext-2-raw-v1)
Attempting to generate 128 samples...
Applying special handling for wikitext: concatenating all documents.
Slicing concatenated wikitext:   0%|                                                                                                        | 0/128 [00:00<?, ?it/s]Slicing concatenated wikitext: 100%|████████████████████████████████████████████████████████████████████████████████████████████| 128/128 [00:00<00:00, 1582.79it/s]

Shuffling the final combined dataset (128 samples)...

Creating Hugging Face Dataset...
Calibration dataloader created with shape: torch.Size([128, 2048])
Loading cached calibration statistics from stats_q06.pt
Applying covariance shrinkage (strength: 0.4)...
Attaching statistics to 196 layers...
Registered i_norm and o_norm buffers to 196 layers
Rank calculation: Bits = (1.00), Scales: 2
Caching initial inputs & kwargs using Catcher...
Capturing inputs...
Initial input caching finished.
Compressing Layers:   0%|                                                                                                                    | 0/28 [00:00<?, ?it/s]Token indices sequence length is longer than the specified maximum sequence length for this model (262337 > 131072). Running this sequence through the model will result in indexing errors
	---- Block 1/28 candidate beta=0 ----
	(1/3) Block 1/28, self_attn.q_proj | Tuning Non-Factorized Weights...
		(Epoch 01/08) Block Loss: 0.0000e+00
		(Epoch 02/08) Block Loss: 0.0000e+00
		(Epoch 03/08) Block Loss: 0.0000e+00
		(Epoch 04/08) Block Loss: 0.0000e+00
		(Epoch 05/08) Block Loss: 0.0000e+00
		(Epoch 06/08) Block Loss: 0.0000e+00
		(Epoch 07/08) Block Loss: 0.0000e+00
		(Epoch 08/08) Block Loss: 0.0000e+00
	(2/3) Block 1/28, self_attn.q_proj | Initialization via ADMM...
		ADMM weight recon error: raw=713.6555, norm=0.3379, per_el=3.4030e-04, out_err=0.0322, ADMM time=10.40s
	(3/3) Block 1/28, self_attn.q_proj | Tuning Factorized Weights...
		(Epoch 01/08) Block Loss: 3.0049e-06
		(Epoch 02/08) Block Loss: 2.2417e-06
		(Epoch 03/08) Block Loss: 1.8601e-06
		(Epoch 04/08) Block Loss: 1.6372e-06
		(Epoch 05/08) Block Loss: 1.4968e-06
		(Epoch 06/08) Block Loss: 1.4050e-06
		(Epoch 07/08) Block Loss: 1.3496e-06
		(Epoch 08/08) Block Loss: 1.3106e-06
	(1/3) Block 1/28, self_attn.v_proj | Tuning Non-Factorized Weights...
		(Epoch 01/08) Block Loss: 1.8289e-06
		(Epoch 02/08) Block Loss: 1.1857e-06
		(Epoch 03/08) Block Loss: 1.0300e-06
		(Epoch 04/08) Block Loss: 8.4505e-07
		(Epoch 05/08) Block Loss: 7.5107e-07
		(Epoch 06/08) Block Loss: 6.5456e-07
		(Epoch 07/08) Block Loss: 6.2041e-07
		(Epoch 08/08) Block Loss: 6.0798e-07
	(2/3) Block 1/28, self_attn.v_proj | Initialization via ADMM...
		ADMM weight recon error: raw=304.4547, norm=0.3985, per_el=2.9035e-04, out_err=0.1715, ADMM time=28.95s
	(3/3) Block 1/28, self_attn.v_proj | Tuning Factorized Weights...
		(Epoch 01/08) Block Loss: 6.3263e-05
		(Epoch 02/08) Block Loss: 6.1109e-05
		(Epoch 03/08) Block Loss: 6.0971e-05
		(Epoch 04/08) Block Loss: 6.1661e-05
		(Epoch 05/08) Block Loss: 6.2561e-05
		(Epoch 06/08) Block Loss: 6.3232e-05
		(Epoch 07/08) Block Loss: 6.3994e-05
		(Epoch 08/08) Block Loss: 6.1944e-05
	(1/3) Block 1/28, self_attn.o_proj | Tuning Non-Factorized Weights...
		(Epoch 01/08) Block Loss: 4.6750e-05
		(Epoch 02/08) Block Loss: 3.4702e-05
		(Epoch 03/08) Block Loss: 2.9487e-05
		(Epoch 04/08) Block Loss: 2.6639e-05
		(Epoch 05/08) Block Loss: 2.4913e-05
		(Epoch 06/08) Block Loss: 2.3939e-05
		(Epoch 07/08) Block Loss: 2.3452e-05
		(Epoch 08/08) Block Loss: 2.3288e-05
	(2/3) Block 1/28, self_attn.o_proj | Initialization via ADMM...
		ADMM weight recon error: raw=620.8497, norm=0.4311, per_el=2.9604e-04, out_err=0.0868, ADMM time=10.68s
	(3/3) Block 1/28, self_attn.o_proj | Tuning Factorized Weights...
		(Epoch 01/08) Block Loss: 6.5326e-05
		(Epoch 02/08) Block Loss: 6.2022e-05
		(Epoch 03/08) Block Loss: 6.0949e-05
		(Epoch 04/08) Block Loss: 6.1067e-05
		(Epoch 05/08) Block Loss: 6.1175e-05
		(Epoch 06/08) Block Loss: 6.1415e-05
		(Epoch 07/08) Block Loss: 6.1548e-05
		(Epoch 08/08) Block Loss: 6.0418e-05
	(1/3) Block 1/28, self_attn.k_proj | Tuning Non-Factorized Weights...
		(Epoch 01/08) Block Loss: 5.0235e-05
		(Epoch 02/08) Block Loss: 4.1858e-05
		(Epoch 03/08) Block Loss: 3.7821e-05
		(Epoch 04/08) Block Loss: 3.5472e-05
		(Epoch 05/08) Block Loss: 3.3992e-05
		(Epoch 06/08) Block Loss: 3.3144e-05
		(Epoch 07/08) Block Loss: 3.2718e-05
		(Epoch 08/08) Block Loss: 3.2574e-05
	(2/3) Block 1/28, self_attn.k_proj | Initialization via ADMM...
		ADMM weight recon error: raw=325.4896, norm=0.3216, per_el=3.1041e-04, out_err=0.0241, ADMM time=20.44s
	(3/3) Block 1/28, self_attn.k_proj | Tuning Factorized Weights...
		(Epoch 01/08) Block Loss: 3.4785e-05
		(Epoch 02/08) Block Loss: 3.4418e-05
		(Epoch 03/08) Block Loss: 3.4208e-05
		(Epoch 04/08) Block Loss: 3.4062e-05
		(Epoch 05/08) Block Loss: 3.3963e-05
		(Epoch 06/08) Block Loss: 3.3900e-05
		(Epoch 07/08) Block Loss: 3.3864e-05
		(Epoch 08/08) Block Loss: 3.3844e-05
	(1/3) Block 1/28, mlp.gate_proj | Tuning Non-Factorized Weights...
		(Epoch 01/08) Block Loss: 3.3285e-05
		(Epoch 02/08) Block Loss: 3.1233e-05
		(Epoch 03/08) Block Loss: 2.9873e-05
		(Epoch 04/08) Block Loss: 2.8961e-05
		(Epoch 05/08) Block Loss: 2.8305e-05
		(Epoch 06/08) Block Loss: 2.7906e-05
		(Epoch 07/08) Block Loss: 2.7690e-05
		(Epoch 08/08) Block Loss: 2.7609e-05
	(2/3) Block 1/28, mlp.gate_proj | Initialization via ADMM...
		ADMM weight recon error: raw=1533.9409, norm=0.3474, per_el=4.8763e-04, out_err=0.0376, ADMM time=11.57s
	(3/3) Block 1/28, mlp.gate_proj | Tuning Factorized Weights...
		(Epoch 01/08) Block Loss: 3.9152e-05
		(Epoch 02/08) Block Loss: 3.6749e-05
		(Epoch 03/08) Block Loss: 3.6198e-05
		(Epoch 04/08) Block Loss: 3.6035e-05
		(Epoch 05/08) Block Loss: 3.5999e-05
		(Epoch 06/08) Block Loss: 3.5919e-05
		(Epoch 07/08) Block Loss: 3.5805e-05
		(Epoch 08/08) Block Loss: 3.5438e-05
	(1/3) Block 1/28, mlp.up_proj | Tuning Non-Factorized Weights...
		(Epoch 01/08) Block Loss: 3.3368e-05
		(Epoch 02/08) Block Loss: 3.1680e-05
		(Epoch 03/08) Block Loss: 3.0779e-05
		(Epoch 04/08) Block Loss: 3.0205e-05
		(Epoch 05/08) Block Loss: 2.9785e-05
		(Epoch 06/08) Block Loss: 2.9527e-05
		(Epoch 07/08) Block Loss: 2.9383e-05
		(Epoch 08/08) Block Loss: 2.9327e-05
	(2/3) Block 1/28, mlp.up_proj | Initialization via ADMM...
		ADMM weight recon error: raw=860.3612, norm=0.3708, per_el=2.7350e-04, out_err=0.1462, ADMM time=10.27s
	(3/3) Block 1/28, mlp.up_proj | Tuning Factorized Weights...
		(Epoch 01/08) Block Loss: 4.9187e-05
		(Epoch 02/08) Block Loss: 4.6225e-05
		(Epoch 03/08) Block Loss: 4.5422e-05
		(Epoch 04/08) Block Loss: 4.5247e-05
		(Epoch 05/08) Block Loss: 4.5379e-05
		(Epoch 06/08) Block Loss: 4.5135e-05
		(Epoch 07/08) Block Loss: 4.5117e-05
		(Epoch 08/08) Block Loss: 4.4139e-05
	(1/3) Block 1/28, mlp.down_proj | Tuning Non-Factorized Weights...
		(Epoch 01/08) Block Loss: 4.0470e-05
		(Epoch 02/08) Block Loss: 3.8418e-05
		(Epoch 03/08) Block Loss: 3.7423e-05
		(Epoch 04/08) Block Loss: 3.6842e-05
		(Epoch 05/08) Block Loss: 3.6461e-05
		(Epoch 06/08) Block Loss: 3.6240e-05
		(Epoch 07/08) Block Loss: 3.6124e-05
		(Epoch 08/08) Block Loss: 3.6083e-05
	(2/3) Block 1/28, mlp.down_proj | Initialization via ADMM...
		ADMM weight recon error: raw=929.1806, norm=0.3821, per_el=2.9538e-04, out_err=0.1476, ADMM time=12.19s
	(3/3) Block 1/28, mlp.down_proj | Tuning Factorized Weights...
		(Epoch 01/08) Block Loss: 6.6891e-05
		(Epoch 02/08) Block Loss: 6.6108e-05
		(Epoch 03/08) Block Loss: 6.6609e-05
		(Epoch 04/08) Block Loss: 6.7954e-05
		(Epoch 05/08) Block Loss: 6.8713e-05
		(Epoch 06/08) Block Loss: 6.8237e-05
		(Epoch 07/08) Block Loss: 6.7963e-05
		(Epoch 08/08) Block Loss: 6.7186e-05
Using sequence length: 2048 (model max: 2048)
		Block 0 beta=0: block err = 0.1074, VALIDATION PPL = 16.560
	---- Block 1/28 candidate beta=0.25 ----
	(1/3) Block 1/28, self_attn.q_proj | Tuning Non-Factorized Weights...
		(Epoch 01/08) Block Loss: 0.0000e+00
		(Epoch 02/08) Block Loss: 0.0000e+00
		(Epoch 03/08) Block Loss: 0.0000e+00
		(Epoch 04/08) Block Loss: 0.0000e+00
		(Epoch 05/08) Block Loss: 0.0000e+00
		(Epoch 06/08) Block Loss: 0.0000e+00
		(Epoch 07/08) Block Loss: 0.0000e+00
		(Epoch 08/08) Block Loss: 0.0000e+00
	(2/3) Block 1/28, self_attn.q_proj | Initialization via ADMM...
		ADMM weight recon error: raw=701.8143, norm=0.3323, per_el=3.3465e-04, out_err=0.0335, ADMM time=9.57s
	(3/3) Block 1/28, self_attn.q_proj | Tuning Factorized Weights...
		(Epoch 01/08) Block Loss: 3.0571e-06
		(Epoch 02/08) Block Loss: 2.2354e-06
		(Epoch 03/08) Block Loss: 1.8353e-06
		(Epoch 04/08) Block Loss: 1.6231e-06
		(Epoch 05/08) Block Loss: 1.4926e-06
		(Epoch 06/08) Block Loss: 1.4064e-06
		(Epoch 07/08) Block Loss: 1.3410e-06
		(Epoch 08/08) Block Loss: 1.3004e-06
	(1/3) Block 1/28, self_attn.v_proj | Tuning Non-Factorized Weights...
		(Epoch 01/08) Block Loss: 1.7497e-06
		(Epoch 02/08) Block Loss: 1.2130e-06
		(Epoch 03/08) Block Loss: 9.8092e-07
		(Epoch 04/08) Block Loss: 8.2657e-07
		(Epoch 05/08) Block Loss: 7.4000e-07
		(Epoch 06/08) Block Loss: 6.4218e-07
		(Epoch 07/08) Block Loss: 6.0994e-07
		(Epoch 08/08) Block Loss: 5.9761e-07
	(2/3) Block 1/28, self_attn.v_proj | Initialization via ADMM...
		ADMM weight recon error: raw=300.2490, norm=0.3930, per_el=2.8634e-04, out_err=0.1794, ADMM time=21.08s
	(3/3) Block 1/28, self_attn.v_proj | Tuning Factorized Weights...
		(Epoch 01/08) Block Loss: 6.4446e-05
		(Epoch 02/08) Block Loss: 6.1757e-05
		(Epoch 03/08) Block Loss: 6.1642e-05
		(Epoch 04/08) Block Loss: 6.2543e-05
		(Epoch 05/08) Block Loss: 6.4107e-05
		(Epoch 06/08) Block Loss: 6.4001e-05
		(Epoch 07/08) Block Loss: 6.5002e-05
		(Epoch 08/08) Block Loss: 6.2675e-05
	(1/3) Block 1/28, self_attn.o_proj | Tuning Non-Factorized Weights...
		(Epoch 01/08) Block Loss: 4.6677e-05
		(Epoch 02/08) Block Loss: 3.4330e-05
		(Epoch 03/08) Block Loss: 2.9044e-05
		(Epoch 04/08) Block Loss: 2.6188e-05
		(Epoch 05/08) Block Loss: 2.4462e-05
		(Epoch 06/08) Block Loss: 2.3492e-05
		(Epoch 07/08) Block Loss: 2.3008e-05
		(Epoch 08/08) Block Loss: 2.2844e-05
	(2/3) Block 1/28, self_attn.o_proj | Initialization via ADMM...
		ADMM weight recon error: raw=598.8705, norm=0.4159, per_el=2.8556e-04, out_err=0.0935, ADMM time=8.03s
	(3/3) Block 1/28, self_attn.o_proj | Tuning Factorized Weights...
		(Epoch 01/08) Block Loss: 6.8060e-05
		(Epoch 02/08) Block Loss: 6.4149e-05
		(Epoch 03/08) Block Loss: 6.2839e-05
		(Epoch 04/08) Block Loss: 6.2786e-05
		(Epoch 05/08) Block Loss: 6.3345e-05
		(Epoch 06/08) Block Loss: 6.3688e-05
		(Epoch 07/08) Block Loss: 6.3289e-05
		(Epoch 08/08) Block Loss: 6.2101e-05
	(1/3) Block 1/28, self_attn.k_proj | Tuning Non-Factorized Weights...
		(Epoch 01/08) Block Loss: 5.1078e-05
		(Epoch 02/08) Block Loss: 4.2279e-05
		(Epoch 03/08) Block Loss: 3.8069e-05
		(Epoch 04/08) Block Loss: 3.5621e-05
		(Epoch 05/08) Block Loss: 3.4086e-05
		(Epoch 06/08) Block Loss: 3.3210e-05
		(Epoch 07/08) Block Loss: 3.2771e-05
		(Epoch 08/08) Block Loss: 3.2623e-05
	(2/3) Block 1/28, self_attn.k_proj | Initialization via ADMM...
		ADMM weight recon error: raw=319.6266, norm=0.3158, per_el=3.0482e-04, out_err=0.0249, ADMM time=9.51s
	(3/3) Block 1/28, self_attn.k_proj | Tuning Factorized Weights...
		(Epoch 01/08) Block Loss: 3.4982e-05
		(Epoch 02/08) Block Loss: 3.4543e-05
		(Epoch 03/08) Block Loss: 3.4310e-05
		(Epoch 04/08) Block Loss: 3.4146e-05
		(Epoch 05/08) Block Loss: 3.4037e-05
		(Epoch 06/08) Block Loss: 3.3967e-05
		(Epoch 07/08) Block Loss: 3.3928e-05
		(Epoch 08/08) Block Loss: 3.3906e-05
	(1/3) Block 1/28, mlp.gate_proj | Tuning Non-Factorized Weights...
		(Epoch 01/08) Block Loss: 3.3310e-05
		(Epoch 02/08) Block Loss: 3.1199e-05
		(Epoch 03/08) Block Loss: 2.9801e-05
		(Epoch 04/08) Block Loss: 2.8866e-05
		(Epoch 05/08) Block Loss: 2.8197e-05
		(Epoch 06/08) Block Loss: 2.7788e-05
		(Epoch 07/08) Block Loss: 2.7569e-05
		(Epoch 08/08) Block Loss: 2.7487e-05
	(2/3) Block 1/28, mlp.gate_proj | Initialization via ADMM...
		ADMM weight recon error: raw=1490.2734, norm=0.3399, per_el=4.7375e-04, out_err=0.0402, ADMM time=5.87s
	(3/3) Block 1/28, mlp.gate_proj | Tuning Factorized Weights...
		(Epoch 01/08) Block Loss: 3.9610e-05
		(Epoch 02/08) Block Loss: 3.6977e-05
		(Epoch 03/08) Block Loss: 3.6395e-05
		(Epoch 04/08) Block Loss: 3.6220e-05
		(Epoch 05/08) Block Loss: 3.6173e-05
		(Epoch 06/08) Block Loss: 3.6066e-05
		(Epoch 07/08) Block Loss: 3.5957e-05
		(Epoch 08/08) Block Loss: 3.5546e-05
	(1/3) Block 1/28, mlp.up_proj | Tuning Non-Factorized Weights...
		(Epoch 01/08) Block Loss: 3.3376e-05
		(Epoch 02/08) Block Loss: 3.1641e-05
		(Epoch 03/08) Block Loss: 3.0718e-05
		(Epoch 04/08) Block Loss: 3.0132e-05
		(Epoch 05/08) Block Loss: 2.9705e-05
		(Epoch 06/08) Block Loss: 2.9442e-05
		(Epoch 07/08) Block Loss: 2.9296e-05
		(Epoch 08/08) Block Loss: 2.9239e-05
	(2/3) Block 1/28, mlp.up_proj | Initialization via ADMM...
		ADMM weight recon error: raw=839.3126, norm=0.3643, per_el=2.6681e-04, out_err=0.1551, ADMM time=6.62s
	(3/3) Block 1/28, mlp.up_proj | Tuning Factorized Weights...
		(Epoch 01/08) Block Loss: 5.0310e-05
		(Epoch 02/08) Block Loss: 4.6893e-05
		(Epoch 03/08) Block Loss: 4.6039e-05
		(Epoch 04/08) Block Loss: 4.5814e-05
		(Epoch 05/08) Block Loss: 4.5913e-05
		(Epoch 06/08) Block Loss: 4.5564e-05
		(Epoch 07/08) Block Loss: 4.5526e-05
		(Epoch 08/08) Block Loss: 4.4514e-05
	(1/3) Block 1/28, mlp.down_proj | Tuning Non-Factorized Weights...
		(Epoch 01/08) Block Loss: 4.0677e-05
		(Epoch 02/08) Block Loss: 3.8561e-05
		(Epoch 03/08) Block Loss: 3.7530e-05
		(Epoch 04/08) Block Loss: 3.6929e-05
		(Epoch 05/08) Block Loss: 3.6534e-05
		(Epoch 06/08) Block Loss: 3.6307e-05
		(Epoch 07/08) Block Loss: 3.6187e-05
		(Epoch 08/08) Block Loss: 3.6145e-05
	(2/3) Block 1/28, mlp.down_proj | Initialization via ADMM...
		ADMM weight recon error: raw=899.5171, norm=0.3699, per_el=2.8595e-04, out_err=0.1550, ADMM time=6.51s
	(3/3) Block 1/28, mlp.down_proj | Tuning Factorized Weights...
		(Epoch 01/08) Block Loss: 6.8123e-05
		(Epoch 02/08) Block Loss: 6.7211e-05
		(Epoch 03/08) Block Loss: 6.7684e-05
		(Epoch 04/08) Block Loss: 6.8708e-05
		(Epoch 05/08) Block Loss: 6.9601e-05
		(Epoch 06/08) Block Loss: 6.8689e-05
		(Epoch 07/08) Block Loss: 6.9125e-05
		(Epoch 08/08) Block Loss: 6.7916e-05
Using sequence length: 2048 (model max: 2048)
		Block 0 beta=0.25: block err = 0.1088, VALIDATION PPL = 16.570
	---- Block 1/28 candidate beta=0.5 ----
	(1/3) Block 1/28, self_attn.q_proj | Tuning Non-Factorized Weights...
		(Epoch 01/08) Block Loss: 0.0000e+00
		(Epoch 02/08) Block Loss: 0.0000e+00
		(Epoch 03/08) Block Loss: 0.0000e+00
		(Epoch 04/08) Block Loss: 0.0000e+00
		(Epoch 05/08) Block Loss: 0.0000e+00
		(Epoch 06/08) Block Loss: 0.0000e+00
		(Epoch 07/08) Block Loss: 0.0000e+00
		(Epoch 08/08) Block Loss: 0.0000e+00
	(2/3) Block 1/28, self_attn.q_proj | Initialization via ADMM...
		ADMM weight recon error: raw=693.0739, norm=0.3282, per_el=3.3048e-04, out_err=0.0359, ADMM time=5.11s
	(3/3) Block 1/28, self_attn.q_proj | Tuning Factorized Weights...
		(Epoch 01/08) Block Loss: 3.0366e-06
		(Epoch 02/08) Block Loss: 2.2458e-06
		(Epoch 03/08) Block Loss: 1.8592e-06
		(Epoch 04/08) Block Loss: 1.6345e-06
		(Epoch 05/08) Block Loss: 1.4946e-06
		(Epoch 06/08) Block Loss: 1.3997e-06
		(Epoch 07/08) Block Loss: 1.3369e-06
		(Epoch 08/08) Block Loss: 1.2928e-06
	(1/3) Block 1/28, self_attn.v_proj | Tuning Non-Factorized Weights...
		(Epoch 01/08) Block Loss: 1.7254e-06
		(Epoch 02/08) Block Loss: 1.1820e-06
		(Epoch 03/08) Block Loss: 1.0588e-06
		(Epoch 04/08) Block Loss: 8.4624e-07
		(Epoch 05/08) Block Loss: 7.1312e-07
		(Epoch 06/08) Block Loss: 6.4055e-07
		(Epoch 07/08) Block Loss: 6.0582e-07
		(Epoch 08/08) Block Loss: 5.9430e-07
	(2/3) Block 1/28, self_attn.v_proj | Initialization via ADMM...
		ADMM weight recon error: raw=296.9003, norm=0.3886, per_el=2.8315e-04, out_err=0.1919, ADMM time=10.06s
	(3/3) Block 1/28, self_attn.v_proj | Tuning Factorized Weights...
		(Epoch 01/08) Block Loss: 6.6798e-05
		(Epoch 02/08) Block Loss: 6.3529e-05
		(Epoch 03/08) Block Loss: 6.3345e-05
		(Epoch 04/08) Block Loss: 6.4443e-05
		(Epoch 05/08) Block Loss: 6.5524e-05
		(Epoch 06/08) Block Loss: 6.6222e-05
		(Epoch 07/08) Block Loss: 6.7166e-05
		(Epoch 08/08) Block Loss: 6.4306e-05
	(1/3) Block 1/28, self_attn.o_proj | Tuning Non-Factorized Weights...
		(Epoch 01/08) Block Loss: 4.7284e-05
		(Epoch 02/08) Block Loss: 3.4550e-05
		(Epoch 03/08) Block Loss: 2.9147e-05
		(Epoch 04/08) Block Loss: 2.6235e-05
		(Epoch 05/08) Block Loss: 2.4482e-05
		(Epoch 06/08) Block Loss: 2.3503e-05
		(Epoch 07/08) Block Loss: 2.3013e-05
		(Epoch 08/08) Block Loss: 2.2848e-05
	(2/3) Block 1/28, self_attn.o_proj | Initialization via ADMM...
		ADMM weight recon error: raw=585.1561, norm=0.4064, per_el=2.7902e-04, out_err=0.1043, ADMM time=4.80s
	(3/3) Block 1/28, self_attn.o_proj | Tuning Factorized Weights...
		(Epoch 01/08) Block Loss: 7.3163e-05
		(Epoch 02/08) Block Loss: 6.8230e-05
		(Epoch 03/08) Block Loss: 6.6636e-05
		(Epoch 04/08) Block Loss: 6.6606e-05
		(Epoch 05/08) Block Loss: 6.6789e-05
		(Epoch 06/08) Block Loss: 6.6640e-05
		(Epoch 07/08) Block Loss: 6.6707e-05
		(Epoch 08/08) Block Loss: 6.5395e-05
	(1/3) Block 1/28, self_attn.k_proj | Tuning Non-Factorized Weights...
		(Epoch 01/08) Block Loss: 5.3190e-05
		(Epoch 02/08) Block Loss: 4.3774e-05
		(Epoch 03/08) Block Loss: 3.9260e-05
		(Epoch 04/08) Block Loss: 3.6648e-05
		(Epoch 05/08) Block Loss: 3.5018e-05
		(Epoch 06/08) Block Loss: 3.4089e-05
		(Epoch 07/08) Block Loss: 3.3625e-05
		(Epoch 08/08) Block Loss: 3.3469e-05
	(2/3) Block 1/28, self_attn.k_proj | Initialization via ADMM...
		ADMM weight recon error: raw=314.7514, norm=0.3110, per_el=3.0017e-04, out_err=0.0266, ADMM time=9.87s
	(3/3) Block 1/28, self_attn.k_proj | Tuning Factorized Weights...
		(Epoch 01/08) Block Loss: 3.5986e-05
		(Epoch 02/08) Block Loss: 3.5465e-05
		(Epoch 03/08) Block Loss: 3.5182e-05
		(Epoch 04/08) Block Loss: 3.5005e-05
		(Epoch 05/08) Block Loss: 3.4887e-05
		(Epoch 06/08) Block Loss: 3.4816e-05
		(Epoch 07/08) Block Loss: 3.4773e-05
		(Epoch 08/08) Block Loss: 3.4755e-05
	(1/3) Block 1/28, mlp.gate_proj | Tuning Non-Factorized Weights...
		(Epoch 01/08) Block Loss: 3.4091e-05
		(Epoch 02/08) Block Loss: 3.1866e-05
		(Epoch 03/08) Block Loss: 3.0396e-05
		(Epoch 04/08) Block Loss: 2.9415e-05
		(Epoch 05/08) Block Loss: 2.8715e-05
		(Epoch 06/08) Block Loss: 2.8290e-05
		(Epoch 07/08) Block Loss: 2.8061e-05
		(Epoch 08/08) Block Loss: 2.7977e-05
	(2/3) Block 1/28, mlp.gate_proj | Initialization via ADMM...
		ADMM weight recon error: raw=1458.6400, norm=0.3327, per_el=4.6369e-04, out_err=0.0433, ADMM time=6.56s
	(3/3) Block 1/28, mlp.gate_proj | Tuning Factorized Weights...
		(Epoch 01/08) Block Loss: 4.1244e-05
		(Epoch 02/08) Block Loss: 3.8059e-05
		(Epoch 03/08) Block Loss: 3.7331e-05
		(Epoch 04/08) Block Loss: 3.7078e-05
		(Epoch 05/08) Block Loss: 3.6992e-05
		(Epoch 06/08) Block Loss: 3.6898e-05
		(Epoch 07/08) Block Loss: 3.6759e-05
		(Epoch 08/08) Block Loss: 3.6335e-05
	(1/3) Block 1/28, mlp.up_proj | Tuning Non-Factorized Weights...
		(Epoch 01/08) Block Loss: 3.4086e-05
		(Epoch 02/08) Block Loss: 3.2280e-05
		(Epoch 03/08) Block Loss: 3.1321e-05
		(Epoch 04/08) Block Loss: 3.0711e-05
		(Epoch 05/08) Block Loss: 3.0268e-05
		(Epoch 06/08) Block Loss: 2.9996e-05
		(Epoch 07/08) Block Loss: 2.9845e-05
		(Epoch 08/08) Block Loss: 2.9786e-05
	(2/3) Block 1/28, mlp.up_proj | Initialization via ADMM...
		ADMM weight recon error: raw=824.9542, norm=0.3581, per_el=2.6225e-04, out_err=0.1671, ADMM time=6.48s
	(3/3) Block 1/28, mlp.up_proj | Tuning Factorized Weights...
		(Epoch 01/08) Block Loss: 5.2523e-05
		(Epoch 02/08) Block Loss: 4.8392e-05
		(Epoch 03/08) Block Loss: 4.7316e-05
		(Epoch 04/08) Block Loss: 4.7060e-05
		(Epoch 05/08) Block Loss: 4.7018e-05
		(Epoch 06/08) Block Loss: 4.6735e-05
		(Epoch 07/08) Block Loss: 4.6857e-05
		(Epoch 08/08) Block Loss: 4.5560e-05
	(1/3) Block 1/28, mlp.down_proj | Tuning Non-Factorized Weights...
		(Epoch 01/08) Block Loss: 4.1596e-05
		(Epoch 02/08) Block Loss: 3.9391e-05
		(Epoch 03/08) Block Loss: 3.8315e-05
		(Epoch 04/08) Block Loss: 3.7687e-05
		(Epoch 05/08) Block Loss: 3.7276e-05
		(Epoch 06/08) Block Loss: 3.7039e-05
		(Epoch 07/08) Block Loss: 3.6915e-05
		(Epoch 08/08) Block Loss: 3.6871e-05
	(2/3) Block 1/28, mlp.down_proj | Initialization via ADMM...
		ADMM weight recon error: raw=880.1907, norm=0.3619, per_el=2.7981e-04, out_err=0.1664, ADMM time=6.96s
	(3/3) Block 1/28, mlp.down_proj | Tuning Factorized Weights...
		(Epoch 01/08) Block Loss: 7.0810e-05
		(Epoch 02/08) Block Loss: 6.9724e-05
		(Epoch 03/08) Block Loss: 7.0141e-05
		(Epoch 04/08) Block Loss: 7.1128e-05
		(Epoch 05/08) Block Loss: 7.1389e-05
		(Epoch 06/08) Block Loss: 7.1043e-05
		(Epoch 07/08) Block Loss: 7.1131e-05
		(Epoch 08/08) Block Loss: 7.0004e-05
Using sequence length: 2048 (model max: 2048)
		Block 0 beta=0.5: block err = 0.1120, VALIDATION PPL = 16.260
	---- Block 1/28 candidate beta=0.75 ----
	(1/3) Block 1/28, self_attn.q_proj | Tuning Non-Factorized Weights...
		(Epoch 01/08) Block Loss: 0.0000e+00
		(Epoch 02/08) Block Loss: 0.0000e+00
		(Epoch 03/08) Block Loss: 0.0000e+00
		(Epoch 04/08) Block Loss: 0.0000e+00
		(Epoch 05/08) Block Loss: 0.0000e+00
		(Epoch 06/08) Block Loss: 0.0000e+00
		(Epoch 07/08) Block Loss: 0.0000e+00
		(Epoch 08/08) Block Loss: 0.0000e+00
	(2/3) Block 1/28, self_attn.q_proj | Initialization via ADMM...
		ADMM weight recon error: raw=685.9175, norm=0.3248, per_el=3.2707e-04, out_err=0.0400, ADMM time=5.46s
	(3/3) Block 1/28, self_attn.q_proj | Tuning Factorized Weights...
		(Epoch 01/08) Block Loss: 3.1461e-06
		(Epoch 02/08) Block Loss: 2.2841e-06
		(Epoch 03/08) Block Loss: 1.8976e-06
		(Epoch 04/08) Block Loss: 1.6716e-06
		(Epoch 05/08) Block Loss: 1.5355e-06
		(Epoch 06/08) Block Loss: 1.4377e-06
		(Epoch 07/08) Block Loss: 1.3726e-06
		(Epoch 08/08) Block Loss: 1.3259e-06
	(1/3) Block 1/28, self_attn.v_proj | Tuning Non-Factorized Weights...
		(Epoch 01/08) Block Loss: 1.9158e-06
		(Epoch 02/08) Block Loss: 1.1865e-06
		(Epoch 03/08) Block Loss: 9.8829e-07
		(Epoch 04/08) Block Loss: 8.4138e-07
		(Epoch 05/08) Block Loss: 7.5159e-07
		(Epoch 06/08) Block Loss: 6.5883e-07
		(Epoch 07/08) Block Loss: 6.2480e-07
		(Epoch 08/08) Block Loss: 6.1446e-07
	(2/3) Block 1/28, self_attn.v_proj | Initialization via ADMM...
		ADMM weight recon error: raw=293.8578, norm=0.3846, per_el=2.8024e-04, out_err=0.2171, ADMM time=7.98s
	(3/3) Block 1/28, self_attn.v_proj | Tuning Factorized Weights...
		(Epoch 01/08) Block Loss: 7.2004e-05
		(Epoch 02/08) Block Loss: 6.7115e-05
		(Epoch 03/08) Block Loss: 6.6658e-05
		(Epoch 04/08) Block Loss: 6.7580e-05
		(Epoch 05/08) Block Loss: 6.8799e-05
		(Epoch 06/08) Block Loss: 6.9054e-05
		(Epoch 07/08) Block Loss: 6.8917e-05
		(Epoch 08/08) Block Loss: 6.7187e-05
	(1/3) Block 1/28, self_attn.o_proj | Tuning Non-Factorized Weights...
		(Epoch 01/08) Block Loss: 4.8453e-05
		(Epoch 02/08) Block Loss: 3.5098e-05
		(Epoch 03/08) Block Loss: 2.9522e-05
		(Epoch 04/08) Block Loss: 2.6531e-05
		(Epoch 05/08) Block Loss: 2.4746e-05
		(Epoch 06/08) Block Loss: 2.3736e-05
		(Epoch 07/08) Block Loss: 2.3236e-05
		(Epoch 08/08) Block Loss: 2.3069e-05
	(2/3) Block 1/28, self_attn.o_proj | Initialization via ADMM...
		ADMM weight recon error: raw=575.4389, norm=0.3996, per_el=2.7439e-04, out_err=0.1205, ADMM time=5.73s
	(3/3) Block 1/28, self_attn.o_proj | Tuning Factorized Weights...
		(Epoch 01/08) Block Loss: 8.1945e-05
		(Epoch 02/08) Block Loss: 7.4805e-05
		(Epoch 03/08) Block Loss: 7.2099e-05
		(Epoch 04/08) Block Loss: 7.1331e-05
		(Epoch 05/08) Block Loss: 7.1496e-05
		(Epoch 06/08) Block Loss: 7.1523e-05
		(Epoch 07/08) Block Loss: 7.0849e-05
		(Epoch 08/08) Block Loss: 6.9782e-05
	(1/3) Block 1/28, self_attn.k_proj | Tuning Non-Factorized Weights...
		(Epoch 01/08) Block Loss: 5.6314e-05
		(Epoch 02/08) Block Loss: 4.6014e-05
		(Epoch 03/08) Block Loss: 4.1085e-05
		(Epoch 04/08) Block Loss: 3.8252e-05
		(Epoch 05/08) Block Loss: 3.6488e-05
		(Epoch 06/08) Block Loss: 3.5488e-05
		(Epoch 07/08) Block Loss: 3.4988e-05
		(Epoch 08/08) Block Loss: 3.4821e-05
	(2/3) Block 1/28, self_attn.k_proj | Initialization via ADMM...
		ADMM weight recon error: raw=310.8048, norm=0.3071, per_el=2.9641e-04, out_err=0.0295, ADMM time=11.82s
	(3/3) Block 1/28, self_attn.k_proj | Tuning Factorized Weights...
		(Epoch 01/08) Block Loss: 3.7337e-05
		(Epoch 02/08) Block Loss: 3.6807e-05
		(Epoch 03/08) Block Loss: 3.6537e-05
		(Epoch 04/08) Block Loss: 3.6350e-05
		(Epoch 05/08) Block Loss: 3.6232e-05
		(Epoch 06/08) Block Loss: 3.6159e-05
		(Epoch 07/08) Block Loss: 3.6116e-05
		(Epoch 08/08) Block Loss: 3.6091e-05
	(1/3) Block 1/28, mlp.gate_proj | Tuning Non-Factorized Weights...
		(Epoch 01/08) Block Loss: 3.5341e-05
		(Epoch 02/08) Block Loss: 3.2956e-05
		(Epoch 03/08) Block Loss: 3.1383e-05
		(Epoch 04/08) Block Loss: 3.0337e-05
		(Epoch 05/08) Block Loss: 2.9594e-05
		(Epoch 06/08) Block Loss: 2.9144e-05
		(Epoch 07/08) Block Loss: 2.8904e-05
		(Epoch 08/08) Block Loss: 2.8816e-05
	(2/3) Block 1/28, mlp.gate_proj | Initialization via ADMM...
		ADMM weight recon error: raw=1430.8485, norm=0.3264, per_el=4.5485e-04, out_err=0.0483, ADMM time=5.86s
	(3/3) Block 1/28, mlp.gate_proj | Tuning Factorized Weights...
		(Epoch 01/08) Block Loss: 4.3535e-05
		(Epoch 02/08) Block Loss: 3.9623e-05
		(Epoch 03/08) Block Loss: 3.8712e-05
		(Epoch 04/08) Block Loss: 3.8400e-05
		(Epoch 05/08) Block Loss: 3.8246e-05
		(Epoch 06/08) Block Loss: 3.8104e-05
		(Epoch 07/08) Block Loss: 3.7955e-05
		(Epoch 08/08) Block Loss: 3.7485e-05
	(1/3) Block 1/28, mlp.up_proj | Tuning Non-Factorized Weights...
		(Epoch 01/08) Block Loss: 3.5104e-05
		(Epoch 02/08) Block Loss: 3.3207e-05
		(Epoch 03/08) Block Loss: 3.2198e-05
		(Epoch 04/08) Block Loss: 3.1558e-05
		(Epoch 05/08) Block Loss: 3.1094e-05
		(Epoch 06/08) Block Loss: 3.0809e-05
		(Epoch 07/08) Block Loss: 3.0652e-05
		(Epoch 08/08) Block Loss: 3.0592e-05
	(2/3) Block 1/28, mlp.up_proj | Initialization via ADMM...
		ADMM weight recon error: raw=812.6207, norm=0.3527, per_el=2.5833e-04, out_err=0.1859, ADMM time=6.12s
	(3/3) Block 1/28, mlp.up_proj | Tuning Factorized Weights...
		(Epoch 01/08) Block Loss: 5.5615e-05
		(Epoch 02/08) Block Loss: 5.0446e-05
		(Epoch 03/08) Block Loss: 4.9060e-05
		(Epoch 04/08) Block Loss: 4.8693e-05
		(Epoch 05/08) Block Loss: 4.8652e-05
		(Epoch 06/08) Block Loss: 4.8196e-05
		(Epoch 07/08) Block Loss: 4.8107e-05
		(Epoch 08/08) Block Loss: 4.6936e-05
	(1/3) Block 1/28, mlp.down_proj | Tuning Non-Factorized Weights...
		(Epoch 01/08) Block Loss: 4.2816e-05
		(Epoch 02/08) Block Loss: 4.0504e-05
		(Epoch 03/08) Block Loss: 3.9373e-05
		(Epoch 04/08) Block Loss: 3.8712e-05
		(Epoch 05/08) Block Loss: 3.8282e-05
		(Epoch 06/08) Block Loss: 3.8033e-05
		(Epoch 07/08) Block Loss: 3.7903e-05
		(Epoch 08/08) Block Loss: 3.7858e-05
	(2/3) Block 1/28, mlp.down_proj | Initialization via ADMM...
		ADMM weight recon error: raw=862.9875, norm=0.3548, per_el=2.7434e-04, out_err=0.1861, ADMM time=6.44s
	(3/3) Block 1/28, mlp.down_proj | Tuning Factorized Weights...
		(Epoch 01/08) Block Loss: 7.5270e-05
		(Epoch 02/08) Block Loss: 7.3441e-05
		(Epoch 03/08) Block Loss: 7.3617e-05
		(Epoch 04/08) Block Loss: 7.3759e-05
		(Epoch 05/08) Block Loss: 7.4692e-05
		(Epoch 06/08) Block Loss: 7.3940e-05
		(Epoch 07/08) Block Loss: 7.3902e-05
		(Epoch 08/08) Block Loss: 7.2778e-05
Using sequence length: 2048 (model max: 2048)
		Block 0 beta=0.75: block err = 0.1164, VALIDATION PPL = 17.522
	---- Block 1/28 candidate beta=1 ----
	(1/3) Block 1/28, self_attn.q_proj | Tuning Non-Factorized Weights...
		(Epoch 01/08) Block Loss: 0.0000e+00
		(Epoch 02/08) Block Loss: 0.0000e+00
		(Epoch 03/08) Block Loss: 0.0000e+00
		(Epoch 04/08) Block Loss: 0.0000e+00
		(Epoch 05/08) Block Loss: 0.0000e+00
		(Epoch 06/08) Block Loss: 0.0000e+00
		(Epoch 07/08) Block Loss: 0.0000e+00
		(Epoch 08/08) Block Loss: 0.0000e+00
	(2/3) Block 1/28, self_attn.q_proj | Initialization via ADMM...
		ADMM weight recon error: raw=679.4387, norm=0.3217, per_el=3.2398e-04, out_err=0.0636, ADMM time=1.99s
	(3/3) Block 1/28, self_attn.q_proj | Tuning Factorized Weights...
		(Epoch 01/08) Block Loss: 3.6127e-06
		(Epoch 02/08) Block Loss: 2.4959e-06
		(Epoch 03/08) Block Loss: 2.0577e-06
		(Epoch 04/08) Block Loss: 1.7993e-06
		(Epoch 05/08) Block Loss: 1.6472e-06
		(Epoch 06/08) Block Loss: 1.5349e-06
		(Epoch 07/08) Block Loss: 1.4586e-06
		(Epoch 08/08) Block Loss: 1.4076e-06
	(1/3) Block 1/28, self_attn.v_proj | Tuning Non-Factorized Weights...
		(Epoch 01/08) Block Loss: 1.8947e-06
		(Epoch 02/08) Block Loss: 1.3248e-06
		(Epoch 03/08) Block Loss: 1.1084e-06
		(Epoch 04/08) Block Loss: 9.1436e-07
		(Epoch 05/08) Block Loss: 8.2938e-07
		(Epoch 06/08) Block Loss: 7.3416e-07
		(Epoch 07/08) Block Loss: 6.8760e-07
		(Epoch 08/08) Block Loss: 6.7421e-07
	(2/3) Block 1/28, self_attn.v_proj | Initialization via ADMM...
		ADMM weight recon error: raw=290.7740, norm=0.3806, per_el=2.7730e-04, out_err=0.3586, ADMM time=1.36s
	(3/3) Block 1/28, self_attn.v_proj | Tuning Factorized Weights...
		(Epoch 01/08) Block Loss: 1.0450e-04
		(Epoch 02/08) Block Loss: 8.1706e-05
		(Epoch 03/08) Block Loss: 7.5856e-05
		(Epoch 04/08) Block Loss: 7.4991e-05
		(Epoch 05/08) Block Loss: 7.5165e-05
		(Epoch 06/08) Block Loss: 7.5087e-05
		(Epoch 07/08) Block Loss: 7.5364e-05
		(Epoch 08/08) Block Loss: 7.3054e-05
	(1/3) Block 1/28, self_attn.o_proj | Tuning Non-Factorized Weights...
		(Epoch 01/08) Block Loss: 5.1703e-05
		(Epoch 02/08) Block Loss: 3.6835e-05
		(Epoch 03/08) Block Loss: 3.0752e-05
		(Epoch 04/08) Block Loss: 2.7530e-05
		(Epoch 05/08) Block Loss: 2.5611e-05
		(Epoch 06/08) Block Loss: 2.4542e-05
		(Epoch 07/08) Block Loss: 2.4012e-05
		(Epoch 08/08) Block Loss: 2.3835e-05
	(2/3) Block 1/28, self_attn.o_proj | Initialization via ADMM...
		ADMM weight recon error: raw=569.7988, norm=0.3979, per_el=2.7170e-04, out_err=0.1722, ADMM time=3.22s
	(3/3) Block 1/28, self_attn.o_proj | Tuning Factorized Weights...
		(Epoch 01/08) Block Loss: 1.0643e-04
		(Epoch 02/08) Block Loss: 9.0266e-05
		(Epoch 03/08) Block Loss: 8.3289e-05
		(Epoch 04/08) Block Loss: 8.0187e-05
		(Epoch 05/08) Block Loss: 7.9107e-05
		(Epoch 06/08) Block Loss: 7.8201e-05
		(Epoch 07/08) Block Loss: 7.7906e-05
		(Epoch 08/08) Block Loss: 7.6601e-05
	(1/3) Block 1/28, self_attn.k_proj | Tuning Non-Factorized Weights...
		(Epoch 01/08) Block Loss: 6.2467e-05
		(Epoch 02/08) Block Loss: 5.0866e-05
		(Epoch 03/08) Block Loss: 4.5263e-05
		(Epoch 04/08) Block Loss: 4.2014e-05
		(Epoch 05/08) Block Loss: 4.0006e-05
		(Epoch 06/08) Block Loss: 3.8861e-05
		(Epoch 07/08) Block Loss: 3.8294e-05
		(Epoch 08/08) Block Loss: 3.8106e-05
	(2/3) Block 1/28, self_attn.k_proj | Initialization via ADMM...
		ADMM weight recon error: raw=307.6376, norm=0.3040, per_el=2.9339e-04, out_err=0.0452, ADMM time=2.12s
	(3/3) Block 1/28, self_attn.k_proj | Tuning Factorized Weights...
		(Epoch 01/08) Block Loss: 4.1084e-05
		(Epoch 02/08) Block Loss: 4.0260e-05
		(Epoch 03/08) Block Loss: 3.9886e-05
		(Epoch 04/08) Block Loss: 3.9667e-05
		(Epoch 05/08) Block Loss: 3.9535e-05
		(Epoch 06/08) Block Loss: 3.9457e-05
		(Epoch 07/08) Block Loss: 3.9408e-05
		(Epoch 08/08) Block Loss: 3.9381e-05
	(1/3) Block 1/28, mlp.gate_proj | Tuning Non-Factorized Weights...
		(Epoch 01/08) Block Loss: 3.8453e-05
		(Epoch 02/08) Block Loss: 3.5751e-05
		(Epoch 03/08) Block Loss: 3.3962e-05
		(Epoch 04/08) Block Loss: 3.2769e-05
		(Epoch 05/08) Block Loss: 3.1931e-05
		(Epoch 06/08) Block Loss: 3.1423e-05
		(Epoch 07/08) Block Loss: 3.1155e-05
		(Epoch 08/08) Block Loss: 3.1058e-05
	(2/3) Block 1/28, mlp.gate_proj | Initialization via ADMM...
		ADMM weight recon error: raw=1426.4058, norm=0.3230, per_el=4.5344e-04, out_err=0.0606, ADMM time=3.92s
	(3/3) Block 1/28, mlp.gate_proj | Tuning Factorized Weights...
		(Epoch 01/08) Block Loss: 4.8751e-05
		(Epoch 02/08) Block Loss: 4.2672e-05
		(Epoch 03/08) Block Loss: 4.1449e-05
		(Epoch 04/08) Block Loss: 4.0983e-05
		(Epoch 05/08) Block Loss: 4.0756e-05
		(Epoch 06/08) Block Loss: 4.0582e-05
		(Epoch 07/08) Block Loss: 4.0361e-05
		(Epoch 08/08) Block Loss: 3.9850e-05
	(1/3) Block 1/28, mlp.up_proj | Tuning Non-Factorized Weights...
		(Epoch 01/08) Block Loss: 3.7345e-05
		(Epoch 02/08) Block Loss: 3.5325e-05
		(Epoch 03/08) Block Loss: 3.4231e-05
		(Epoch 04/08) Block Loss: 3.3533e-05
		(Epoch 05/08) Block Loss: 3.3029e-05
		(Epoch 06/08) Block Loss: 3.2718e-05
		(Epoch 07/08) Block Loss: 3.2549e-05
		(Epoch 08/08) Block Loss: 3.2484e-05
	(2/3) Block 1/28, mlp.up_proj | Initialization via ADMM...
		ADMM weight recon error: raw=817.0235, norm=0.3522, per_el=2.5972e-04, out_err=0.2414, ADMM time=4.08s
	(3/3) Block 1/28, mlp.up_proj | Tuning Factorized Weights...
		(Epoch 01/08) Block Loss: 6.2514e-05
		(Epoch 02/08) Block Loss: 5.3788e-05
		(Epoch 03/08) Block Loss: 5.1731e-05
		(Epoch 04/08) Block Loss: 5.1027e-05
		(Epoch 05/08) Block Loss: 5.0905e-05
		(Epoch 06/08) Block Loss: 5.0484e-05
		(Epoch 07/08) Block Loss: 5.0301e-05
		(Epoch 08/08) Block Loss: 4.9151e-05
	(1/3) Block 1/28, mlp.down_proj | Tuning Non-Factorized Weights...
		(Epoch 01/08) Block Loss: 4.4900e-05
		(Epoch 02/08) Block Loss: 4.2477e-05
		(Epoch 03/08) Block Loss: 4.1289e-05
		(Epoch 04/08) Block Loss: 4.0593e-05
		(Epoch 05/08) Block Loss: 4.0139e-05
		(Epoch 06/08) Block Loss: 3.9877e-05
		(Epoch 07/08) Block Loss: 3.9740e-05
		(Epoch 08/08) Block Loss: 3.9692e-05
	(2/3) Block 1/28, mlp.down_proj | Initialization via ADMM...
Token indices sequence length is longer than the specified maximum sequence length for this model (299078 > 131072). Running this sequence through the model will result in indexing errors
Compressing Layers:   4%|███▊                                                                                                     | 1/28 [15:05<6:47:35, 905.76s/it]		ADMM weight recon error: raw=857.2078, norm=0.3525, per_el=2.7250e-04, out_err=0.2469, ADMM time=2.33s
	(3/3) Block 1/28, mlp.down_proj | Tuning Factorized Weights...
		(Epoch 01/08) Block Loss: 8.6176e-05
		(Epoch 02/08) Block Loss: 8.1172e-05
		(Epoch 03/08) Block Loss: 7.9774e-05
		(Epoch 04/08) Block Loss: 7.9297e-05
		(Epoch 05/08) Block Loss: 7.9165e-05
		(Epoch 06/08) Block Loss: 7.8986e-05
		(Epoch 07/08) Block Loss: 7.8771e-05
		(Epoch 08/08) Block Loss: 7.7558e-05
Using sequence length: 2048 (model max: 2048)
		Block 0 beta=1: block err = 0.1240, VALIDATION PPL = 19.845
		Block 0: chosen beta=0.5 (val ppl 16.260; candidates [(0.0, 16.56), (0.25, 16.57), (0.5, 16.26), (0.75, 17.522), (1.0, 19.845)])
		Block 0: relative block output error = 0.1120
Using sequence length: 2048 (model max: 2048)
		Block 0: Test Data PPL        = 16.035
	---- Block 2/28 candidate beta=0 ----
	(1/3) Block 2/28, self_attn.q_proj | Tuning Non-Factorized Weights...
		(Epoch 01/08) Block Loss: 2.8509e-05
		(Epoch 02/08) Block Loss: 2.4449e-05
		(Epoch 03/08) Block Loss: 2.2563e-05
		(Epoch 04/08) Block Loss: 2.1480e-05
		(Epoch 05/08) Block Loss: 2.0816e-05
		(Epoch 06/08) Block Loss: 2.0369e-05
		(Epoch 07/08) Block Loss: 2.0143e-05
		(Epoch 08/08) Block Loss: 2.0063e-05
	(2/3) Block 2/28, self_attn.q_proj | Initialization via ADMM...
		ADMM weight recon error: raw=605.7712, norm=0.2981, per_el=2.8885e-04, out_err=0.0462, ADMM time=6.66s
	(3/3) Block 2/28, self_attn.q_proj | Tuning Factorized Weights...
		(Epoch 01/08) Block Loss: 2.0559e-05
		(Epoch 02/08) Block Loss: 2.0424e-05
		(Epoch 03/08) Block Loss: 2.0364e-05
		(Epoch 04/08) Block Loss: 2.0324e-05
		(Epoch 05/08) Block Loss: 2.0295e-05
		(Epoch 06/08) Block Loss: 2.0274e-05
		(Epoch 07/08) Block Loss: 2.0259e-05
		(Epoch 08/08) Block Loss: 2.0245e-05
	(1/3) Block 2/28, self_attn.v_proj | Tuning Non-Factorized Weights...
		(Epoch 01/08) Block Loss: 2.0153e-05
		(Epoch 02/08) Block Loss: 1.9170e-05
		(Epoch 03/08) Block Loss: 1.8572e-05
		(Epoch 04/08) Block Loss: 1.8073e-05
		(Epoch 05/08) Block Loss: 1.7720e-05
		(Epoch 06/08) Block Loss: 1.7506e-05
		(Epoch 07/08) Block Loss: 1.7388e-05
		(Epoch 08/08) Block Loss: 1.7342e-05
	(2/3) Block 2/28, self_attn.v_proj | Initialization via ADMM...
		ADMM weight recon error: raw=328.3893, norm=0.3749, per_el=3.1318e-04, out_err=0.1436, ADMM time=13.92s
	(3/3) Block 2/28, self_attn.v_proj | Tuning Factorized Weights...
		(Epoch 01/08) Block Loss: 1.9206e-05
		(Epoch 02/08) Block Loss: 1.9029e-05
		(Epoch 03/08) Block Loss: 1.8985e-05
		(Epoch 04/08) Block Loss: 1.8995e-05
		(Epoch 05/08) Block Loss: 1.8994e-05
		(Epoch 06/08) Block Loss: 1.8997e-05
		(Epoch 07/08) Block Loss: 1.9008e-05
		(Epoch 08/08) Block Loss: 1.8910e-05
	(1/3) Block 2/28, self_attn.o_proj | Tuning Non-Factorized Weights...
		(Epoch 01/08) Block Loss: 1.8597e-05
		(Epoch 02/08) Block Loss: 1.7868e-05
		(Epoch 03/08) Block Loss: 1.7442e-05
		(Epoch 04/08) Block Loss: 1.7151e-05
		(Epoch 05/08) Block Loss: 1.6915e-05
		(Epoch 06/08) Block Loss: 1.6764e-05
		(Epoch 07/08) Block Loss: 1.6675e-05
		(Epoch 08/08) Block Loss: 1.6639e-05
	(2/3) Block 2/28, self_attn.o_proj | Initialization via ADMM...
		ADMM weight recon error: raw=516.1877, norm=0.3309, per_el=2.4614e-04, out_err=0.0725, ADMM time=6.43s
	(3/3) Block 2/28, self_attn.o_proj | Tuning Factorized Weights...
		(Epoch 01/08) Block Loss: 1.8550e-05
		(Epoch 02/08) Block Loss: 1.8453e-05
		(Epoch 03/08) Block Loss: 1.8468e-05
		(Epoch 04/08) Block Loss: 1.8518e-05
		(Epoch 05/08) Block Loss: 1.8559e-05
		(Epoch 06/08) Block Loss: 1.8570e-05
		(Epoch 07/08) Block Loss: 1.8544e-05
		(Epoch 08/08) Block Loss: 1.8450e-05
	(1/3) Block 2/28, self_attn.k_proj | Tuning Non-Factorized Weights...
		(Epoch 01/08) Block Loss: 1.8043e-05
		(Epoch 02/08) Block Loss: 1.7443e-05
		(Epoch 03/08) Block Loss: 1.7122e-05
		(Epoch 04/08) Block Loss: 1.6906e-05
		(Epoch 05/08) Block Loss: 1.6734e-05
		(Epoch 06/08) Block Loss: 1.6622e-05
		(Epoch 07/08) Block Loss: 1.6555e-05
		(Epoch 08/08) Block Loss: 1.6526e-05
	(2/3) Block 2/28, self_attn.k_proj | Initialization via ADMM...
		ADMM weight recon error: raw=290.8353, norm=0.3203, per_el=2.7736e-04, out_err=0.0376, ADMM time=11.63s
	(3/3) Block 2/28, self_attn.k_proj | Tuning Factorized Weights...
		(Epoch 01/08) Block Loss: 1.6973e-05
		(Epoch 02/08) Block Loss: 1.6888e-05
		(Epoch 03/08) Block Loss: 1.6852e-05
		(Epoch 04/08) Block Loss: 1.6829e-05
		(Epoch 05/08) Block Loss: 1.6814e-05
		(Epoch 06/08) Block Loss: 1.6805e-05
		(Epoch 07/08) Block Loss: 1.6799e-05
		(Epoch 08/08) Block Loss: 1.6790e-05
	(1/3) Block 2/28, mlp.gate_proj | Tuning Non-Factorized Weights...
		(Epoch 01/08) Block Loss: 1.6924e-05
		(Epoch 02/08) Block Loss: 1.6617e-05
		(Epoch 03/08) Block Loss: 1.6409e-05
		(Epoch 04/08) Block Loss: 1.6264e-05
		(Epoch 05/08) Block Loss: 1.6139e-05
		(Epoch 06/08) Block Loss: 1.6054e-05
		(Epoch 07/08) Block Loss: 1.6002e-05
		(Epoch 08/08) Block Loss: 1.5977e-05
	(2/3) Block 2/28, mlp.gate_proj | Initialization via ADMM...
		ADMM weight recon error: raw=2200.9036, norm=0.3582, per_el=6.9965e-04, out_err=0.0179, ADMM time=7.64s
	(3/3) Block 2/28, mlp.gate_proj | Tuning Factorized Weights...
		(Epoch 01/08) Block Loss: 2.2640e-05
		(Epoch 02/08) Block Loss: 2.1312e-05
		(Epoch 03/08) Block Loss: 2.0912e-05
		(Epoch 04/08) Block Loss: 2.0761e-05
		(Epoch 05/08) Block Loss: 2.0687e-05
		(Epoch 06/08) Block Loss: 2.0631e-05
		(Epoch 07/08) Block Loss: 2.0574e-05
		(Epoch 08/08) Block Loss: 2.0426e-05
	(1/3) Block 2/28, mlp.up_proj | Tuning Non-Factorized Weights...
		(Epoch 01/08) Block Loss: 1.9641e-05
		(Epoch 02/08) Block Loss: 1.8954e-05
		(Epoch 03/08) Block Loss: 1.8635e-05
		(Epoch 04/08) Block Loss: 1.8445e-05
		(Epoch 05/08) Block Loss: 1.8301e-05
		(Epoch 06/08) Block Loss: 1.8209e-05
		(Epoch 07/08) Block Loss: 1.8155e-05
		(Epoch 08/08) Block Loss: 1.8131e-05
	(2/3) Block 2/28, mlp.up_proj | Initialization via ADMM...
		ADMM weight recon error: raw=680.2991, norm=0.3603, per_el=2.1626e-04, out_err=0.1579, ADMM time=5.05s
	(3/3) Block 2/28, mlp.up_proj | Tuning Factorized Weights...
		(Epoch 01/08) Block Loss: 2.7575e-05
		(Epoch 02/08) Block Loss: 2.6355e-05
		(Epoch 03/08) Block Loss: 2.5982e-05
		(Epoch 04/08) Block Loss: 2.5848e-05
		(Epoch 05/08) Block Loss: 2.5807e-05
		(Epoch 06/08) Block Loss: 2.5718e-05
		(Epoch 07/08) Block Loss: 2.5609e-05
		(Epoch 08/08) Block Loss: 2.5314e-05
	(1/3) Block 2/28, mlp.down_proj | Tuning Non-Factorized Weights...
		(Epoch 01/08) Block Loss: 2.3855e-05
		(Epoch 02/08) Block Loss: 2.2969e-05
		(Epoch 03/08) Block Loss: 2.2554e-05
		(Epoch 04/08) Block Loss: 2.2319e-05
		(Epoch 05/08) Block Loss: 2.2164e-05
		(Epoch 06/08) Block Loss: 2.2074e-05
		(Epoch 07/08) Block Loss: 2.2026e-05
		(Epoch 08/08) Block Loss: 2.2007e-05
	(2/3) Block 2/28, mlp.down_proj | Initialization via ADMM...
		ADMM weight recon error: raw=689.8266, norm=0.3749, per_el=2.1929e-04, out_err=0.1390, ADMM time=7.96s
	(3/3) Block 2/28, mlp.down_proj | Tuning Factorized Weights...
		(Epoch 01/08) Block Loss: 3.3451e-05
		(Epoch 02/08) Block Loss: 3.3398e-05
		(Epoch 03/08) Block Loss: 3.3949e-05
		(Epoch 04/08) Block Loss: 3.4296e-05
		(Epoch 05/08) Block Loss: 3.4591e-05
		(Epoch 06/08) Block Loss: 3.4569e-05
		(Epoch 07/08) Block Loss: 3.4665e-05
		(Epoch 08/08) Block Loss: 3.3875e-05
Using sequence length: 2048 (model max: 2048)
		Block 1 beta=0: block err = 0.0867, VALIDATION PPL = 14.864
	---- Block 2/28 candidate beta=0.25 ----
	(1/3) Block 2/28, self_attn.q_proj | Tuning Non-Factorized Weights...
		(Epoch 01/08) Block Loss: 2.8510e-05
		(Epoch 02/08) Block Loss: 2.4450e-05
		(Epoch 03/08) Block Loss: 2.2563e-05
		(Epoch 04/08) Block Loss: 2.1480e-05
		(Epoch 05/08) Block Loss: 2.0816e-05
		(Epoch 06/08) Block Loss: 2.0368e-05
		(Epoch 07/08) Block Loss: 2.0143e-05
		(Epoch 08/08) Block Loss: 2.0063e-05
	(2/3) Block 2/28, self_attn.q_proj | Initialization via ADMM...
		ADMM weight recon error: raw=592.6284, norm=0.2916, per_el=2.8259e-04, out_err=0.0492, ADMM time=6.43s
	(3/3) Block 2/28, self_attn.q_proj | Tuning Factorized Weights...
		(Epoch 01/08) Block Loss: 2.0600e-05
		(Epoch 02/08) Block Loss: 2.0447e-05
		(Epoch 03/08) Block Loss: 2.0380e-05
		(Epoch 04/08) Block Loss: 2.0338e-05
		(Epoch 05/08) Block Loss: 2.0308e-05
		(Epoch 06/08) Block Loss: 2.0287e-05
		(Epoch 07/08) Block Loss: 2.0269e-05
		(Epoch 08/08) Block Loss: 2.0255e-05
	(1/3) Block 2/28, self_attn.v_proj | Tuning Non-Factorized Weights...
		(Epoch 01/08) Block Loss: 2.0169e-05
		(Epoch 02/08) Block Loss: 1.9185e-05
		(Epoch 03/08) Block Loss: 1.8585e-05
		(Epoch 04/08) Block Loss: 1.8084e-05
		(Epoch 05/08) Block Loss: 1.7738e-05
		(Epoch 06/08) Block Loss: 1.7523e-05
		(Epoch 07/08) Block Loss: 1.7403e-05
		(Epoch 08/08) Block Loss: 1.7357e-05
	(2/3) Block 2/28, self_attn.v_proj | Initialization via ADMM...
		ADMM weight recon error: raw=321.0148, norm=0.3665, per_el=3.0614e-04, out_err=0.1519, ADMM time=13.75s
	(3/3) Block 2/28, self_attn.v_proj | Tuning Factorized Weights...
		(Epoch 01/08) Block Loss: 1.9331e-05
		(Epoch 02/08) Block Loss: 1.9122e-05
		(Epoch 03/08) Block Loss: 1.9068e-05
		(Epoch 04/08) Block Loss: 1.9069e-05
		(Epoch 05/08) Block Loss: 1.9079e-05
		(Epoch 06/08) Block Loss: 1.9072e-05
		(Epoch 07/08) Block Loss: 1.9083e-05
		(Epoch 08/08) Block Loss: 1.8969e-05
	(1/3) Block 2/28, self_attn.o_proj | Tuning Non-Factorized Weights...
		(Epoch 01/08) Block Loss: 1.8639e-05
		(Epoch 02/08) Block Loss: 1.7900e-05
		(Epoch 03/08) Block Loss: 1.7479e-05
		(Epoch 04/08) Block Loss: 1.7183e-05
		(Epoch 05/08) Block Loss: 1.6961e-05
		(Epoch 06/08) Block Loss: 1.6796e-05
		(Epoch 07/08) Block Loss: 1.6708e-05
		(Epoch 08/08) Block Loss: 1.6671e-05
	(2/3) Block 2/28, self_attn.o_proj | Initialization via ADMM...
		ADMM weight recon error: raw=497.2630, norm=0.3188, per_el=2.3711e-04, out_err=0.0768, ADMM time=6.69s
	(3/3) Block 2/28, self_attn.o_proj | Tuning Factorized Weights...
		(Epoch 01/08) Block Loss: 1.8663e-05
		(Epoch 02/08) Block Loss: 1.8563e-05
		(Epoch 03/08) Block Loss: 1.8598e-05
		(Epoch 04/08) Block Loss: 1.8654e-05
		(Epoch 05/08) Block Loss: 1.8689e-05
		(Epoch 06/08) Block Loss: 1.8683e-05
		(Epoch 07/08) Block Loss: 1.8655e-05
		(Epoch 08/08) Block Loss: 1.8555e-05
	(1/3) Block 2/28, self_attn.k_proj | Tuning Non-Factorized Weights...
		(Epoch 01/08) Block Loss: 1.8098e-05
		(Epoch 02/08) Block Loss: 1.7483e-05
		(Epoch 03/08) Block Loss: 1.7157e-05
		(Epoch 04/08) Block Loss: 1.6939e-05
		(Epoch 05/08) Block Loss: 1.6766e-05
		(Epoch 06/08) Block Loss: 1.6652e-05
		(Epoch 07/08) Block Loss: 1.6585e-05
		(Epoch 08/08) Block Loss: 1.6556e-05
	(2/3) Block 2/28, self_attn.k_proj | Initialization via ADMM...
		ADMM weight recon error: raw=284.4923, norm=0.3133, per_el=2.7131e-04, out_err=0.0399, ADMM time=12.81s
	(3/3) Block 2/28, self_attn.k_proj | Tuning Factorized Weights...
		(Epoch 01/08) Block Loss: 1.7029e-05
		(Epoch 02/08) Block Loss: 1.6935e-05
		(Epoch 03/08) Block Loss: 1.6896e-05
		(Epoch 04/08) Block Loss: 1.6872e-05
		(Epoch 05/08) Block Loss: 1.6856e-05
		(Epoch 06/08) Block Loss: 1.6847e-05
		(Epoch 07/08) Block Loss: 1.6837e-05
		(Epoch 08/08) Block Loss: 1.6828e-05
	(1/3) Block 2/28, mlp.gate_proj | Tuning Non-Factorized Weights...
		(Epoch 01/08) Block Loss: 1.6961e-05
		(Epoch 02/08) Block Loss: 1.6652e-05
		(Epoch 03/08) Block Loss: 1.6444e-05
		(Epoch 04/08) Block Loss: 1.6298e-05
		(Epoch 05/08) Block Loss: 1.6173e-05
		(Epoch 06/08) Block Loss: 1.6087e-05
		(Epoch 07/08) Block Loss: 1.6034e-05
		(Epoch 08/08) Block Loss: 1.6010e-05
	(2/3) Block 2/28, mlp.gate_proj | Initialization via ADMM...
		ADMM weight recon error: raw=2179.2891, norm=0.3547, per_el=6.9278e-04, out_err=0.0187, ADMM time=6.45s
	(3/3) Block 2/28, mlp.gate_proj | Tuning Factorized Weights...
		(Epoch 01/08) Block Loss: 2.2844e-05
		(Epoch 02/08) Block Loss: 2.1408e-05
		(Epoch 03/08) Block Loss: 2.1019e-05
		(Epoch 04/08) Block Loss: 2.0861e-05
		(Epoch 05/08) Block Loss: 2.0792e-05
		(Epoch 06/08) Block Loss: 2.0731e-05
		(Epoch 07/08) Block Loss: 2.0674e-05
		(Epoch 08/08) Block Loss: 2.0524e-05
	(1/3) Block 2/28, mlp.up_proj | Tuning Non-Factorized Weights...
		(Epoch 01/08) Block Loss: 1.9724e-05
		(Epoch 02/08) Block Loss: 1.9025e-05
		(Epoch 03/08) Block Loss: 1.8702e-05
		(Epoch 04/08) Block Loss: 1.8511e-05
		(Epoch 05/08) Block Loss: 1.8365e-05
		(Epoch 06/08) Block Loss: 1.8273e-05
		(Epoch 07/08) Block Loss: 1.8218e-05
		(Epoch 08/08) Block Loss: 1.8194e-05
	(2/3) Block 2/28, mlp.up_proj | Initialization via ADMM...
		ADMM weight recon error: raw=675.9189, norm=0.3580, per_el=2.1487e-04, out_err=0.1658, ADMM time=5.74s
	(3/3) Block 2/28, mlp.up_proj | Tuning Factorized Weights...
		(Epoch 01/08) Block Loss: 2.7842e-05
		(Epoch 02/08) Block Loss: 2.6512e-05
		(Epoch 03/08) Block Loss: 2.6146e-05
		(Epoch 04/08) Block Loss: 2.6014e-05
		(Epoch 05/08) Block Loss: 2.5938e-05
		(Epoch 06/08) Block Loss: 2.5860e-05
		(Epoch 07/08) Block Loss: 2.5763e-05
		(Epoch 08/08) Block Loss: 2.5421e-05
	(1/3) Block 2/28, mlp.down_proj | Tuning Non-Factorized Weights...
		(Epoch 01/08) Block Loss: 2.3935e-05
		(Epoch 02/08) Block Loss: 2.3042e-05
		(Epoch 03/08) Block Loss: 2.2623e-05
		(Epoch 04/08) Block Loss: 2.2386e-05
		(Epoch 05/08) Block Loss: 2.2230e-05
		(Epoch 06/08) Block Loss: 2.2139e-05
		(Epoch 07/08) Block Loss: 2.2091e-05
		(Epoch 08/08) Block Loss: 2.2072e-05
	(2/3) Block 2/28, mlp.down_proj | Initialization via ADMM...
		ADMM weight recon error: raw=673.7006, norm=0.3661, per_el=2.1416e-04, out_err=0.1447, ADMM time=6.35s
	(3/3) Block 2/28, mlp.down_proj | Tuning Factorized Weights...
		(Epoch 01/08) Block Loss: 3.3698e-05
		(Epoch 02/08) Block Loss: 3.3682e-05
		(Epoch 03/08) Block Loss: 3.4116e-05
		(Epoch 04/08) Block Loss: 3.4496e-05
		(Epoch 05/08) Block Loss: 3.4990e-05
		(Epoch 06/08) Block Loss: 3.4934e-05
		(Epoch 07/08) Block Loss: 3.4508e-05
		(Epoch 08/08) Block Loss: 3.4149e-05
Using sequence length: 2048 (model max: 2048)
		Block 1 beta=0.25: block err = 0.0871, VALIDATION PPL = 14.812
	---- Block 2/28 candidate beta=0.5 ----
	(1/3) Block 2/28, self_attn.q_proj | Tuning Non-Factorized Weights...
		(Epoch 01/08) Block Loss: 2.8509e-05
		(Epoch 02/08) Block Loss: 2.4450e-05
		(Epoch 03/08) Block Loss: 2.2563e-05
		(Epoch 04/08) Block Loss: 2.1481e-05
		(Epoch 05/08) Block Loss: 2.0818e-05
		(Epoch 06/08) Block Loss: 2.0370e-05
		(Epoch 07/08) Block Loss: 2.0144e-05
		(Epoch 08/08) Block Loss: 2.0064e-05
	(2/3) Block 2/28, self_attn.q_proj | Initialization via ADMM...
		ADMM weight recon error: raw=583.5298, norm=0.2872, per_el=2.7825e-04, out_err=0.0532, ADMM time=5.85s
	(3/3) Block 2/28, self_attn.q_proj | Tuning Factorized Weights...
		(Epoch 01/08) Block Loss: 2.0649e-05
		(Epoch 02/08) Block Loss: 2.0479e-05
		(Epoch 03/08) Block Loss: 2.0405e-05
		(Epoch 04/08) Block Loss: 2.0360e-05
		(Epoch 05/08) Block Loss: 2.0331e-05
		(Epoch 06/08) Block Loss: 2.0309e-05
		(Epoch 07/08) Block Loss: 2.0292e-05
		(Epoch 08/08) Block Loss: 2.0277e-05
	(1/3) Block 2/28, self_attn.v_proj | Tuning Non-Factorized Weights...
		(Epoch 01/08) Block Loss: 2.0195e-05
		(Epoch 02/08) Block Loss: 1.9203e-05
		(Epoch 03/08) Block Loss: 1.8604e-05
		(Epoch 04/08) Block Loss: 1.8107e-05
		(Epoch 05/08) Block Loss: 1.7760e-05
		(Epoch 06/08) Block Loss: 1.7544e-05
		(Epoch 07/08) Block Loss: 1.7422e-05
		(Epoch 08/08) Block Loss: 1.7376e-05
	(2/3) Block 2/28, self_attn.v_proj | Initialization via ADMM...
		ADMM weight recon error: raw=315.1647, norm=0.3598, per_el=3.0056e-04, out_err=0.1630, ADMM time=11.48s
	(3/3) Block 2/28, self_attn.v_proj | Tuning Factorized Weights...
		(Epoch 01/08) Block Loss: 1.9487e-05
		(Epoch 02/08) Block Loss: 1.9228e-05
		(Epoch 03/08) Block Loss: 1.9177e-05
		(Epoch 04/08) Block Loss: 1.9191e-05
		(Epoch 05/08) Block Loss: 1.9192e-05
		(Epoch 06/08) Block Loss: 1.9200e-05
		(Epoch 07/08) Block Loss: 1.9202e-05
		(Epoch 08/08) Block Loss: 1.9066e-05
	(1/3) Block 2/28, self_attn.o_proj | Tuning Non-Factorized Weights...
		(Epoch 01/08) Block Loss: 1.8696e-05
		(Epoch 02/08) Block Loss: 1.7946e-05
		(Epoch 03/08) Block Loss: 1.7522e-05
		(Epoch 04/08) Block Loss: 1.7225e-05
		(Epoch 05/08) Block Loss: 1.7002e-05
		(Epoch 06/08) Block Loss: 1.6834e-05
		(Epoch 07/08) Block Loss: 1.6745e-05
		(Epoch 08/08) Block Loss: 1.6708e-05
	(2/3) Block 2/28, self_attn.o_proj | Initialization via ADMM...
		ADMM weight recon error: raw=485.3383, norm=0.3111, per_el=2.3143e-04, out_err=0.0853, ADMM time=5.47s
	(3/3) Block 2/28, self_attn.o_proj | Tuning Factorized Weights...
		(Epoch 01/08) Block Loss: 1.8889e-05
		(Epoch 02/08) Block Loss: 1.8755e-05
		(Epoch 03/08) Block Loss: 1.8785e-05
		(Epoch 04/08) Block Loss: 1.8842e-05
		(Epoch 05/08) Block Loss: 1.8883e-05
		(Epoch 06/08) Block Loss: 1.8861e-05
		(Epoch 07/08) Block Loss: 1.8816e-05
		(Epoch 08/08) Block Loss: 1.8674e-05
	(1/3) Block 2/28, self_attn.k_proj | Tuning Non-Factorized Weights...
		(Epoch 01/08) Block Loss: 1.8183e-05
		(Epoch 02/08) Block Loss: 1.7551e-05
		(Epoch 03/08) Block Loss: 1.7216e-05
		(Epoch 04/08) Block Loss: 1.6996e-05
		(Epoch 05/08) Block Loss: 1.6821e-05
		(Epoch 06/08) Block Loss: 1.6706e-05
		(Epoch 07/08) Block Loss: 1.6638e-05
		(Epoch 08/08) Block Loss: 1.6609e-05
	(2/3) Block 2/28, self_attn.k_proj | Initialization via ADMM...
		ADMM weight recon error: raw=279.9622, norm=0.3083, per_el=2.6699e-04, out_err=0.0431, ADMM time=11.70s
	(3/3) Block 2/28, self_attn.k_proj | Tuning Factorized Weights...
		(Epoch 01/08) Block Loss: 1.7132e-05
		(Epoch 02/08) Block Loss: 1.7015e-05
		(Epoch 03/08) Block Loss: 1.6969e-05
		(Epoch 04/08) Block Loss: 1.6943e-05
		(Epoch 05/08) Block Loss: 1.6927e-05
		(Epoch 06/08) Block Loss: 1.6916e-05
		(Epoch 07/08) Block Loss: 1.6906e-05
		(Epoch 08/08) Block Loss: 1.6896e-05
	(1/3) Block 2/28, mlp.gate_proj | Tuning Non-Factorized Weights...
		(Epoch 01/08) Block Loss: 1.7026e-05
		(Epoch 02/08) Block Loss: 1.6714e-05
		(Epoch 03/08) Block Loss: 1.6503e-05
		(Epoch 04/08) Block Loss: 1.6356e-05
		(Epoch 05/08) Block Loss: 1.6230e-05
		(Epoch 06/08) Block Loss: 1.6144e-05
		(Epoch 07/08) Block Loss: 1.6090e-05
		(Epoch 08/08) Block Loss: 1.6066e-05
	(2/3) Block 2/28, mlp.gate_proj | Initialization via ADMM...
		ADMM weight recon error: raw=2157.4126, norm=0.3511, per_el=6.8582e-04, out_err=0.0197, ADMM time=5.62s
	(3/3) Block 2/28, mlp.gate_proj | Tuning Factorized Weights...
		(Epoch 01/08) Block Loss: 2.3390e-05
		(Epoch 02/08) Block Loss: 2.1741e-05
		(Epoch 03/08) Block Loss: 2.1272e-05
		(Epoch 04/08) Block Loss: 2.1076e-05
		(Epoch 05/08) Block Loss: 2.0998e-05
		(Epoch 06/08) Block Loss: 2.0936e-05
		(Epoch 07/08) Block Loss: 2.0870e-05
		(Epoch 08/08) Block Loss: 2.0721e-05
	(1/3) Block 2/28, mlp.up_proj | Tuning Non-Factorized Weights...
		(Epoch 01/08) Block Loss: 1.9882e-05
		(Epoch 02/08) Block Loss: 1.9159e-05
		(Epoch 03/08) Block Loss: 1.8827e-05
		(Epoch 04/08) Block Loss: 1.8631e-05
		(Epoch 05/08) Block Loss: 1.8483e-05
		(Epoch 06/08) Block Loss: 1.8389e-05
		(Epoch 07/08) Block Loss: 1.8333e-05
		(Epoch 08/08) Block Loss: 1.8309e-05
	(2/3) Block 2/28, mlp.up_proj | Initialization via ADMM...
		ADMM weight recon error: raw=672.6519, norm=0.3563, per_el=2.1383e-04, out_err=0.1777, ADMM time=5.96s
	(3/3) Block 2/28, mlp.up_proj | Tuning Factorized Weights...
		(Epoch 01/08) Block Loss: 2.8552e-05
		(Epoch 02/08) Block Loss: 2.6958e-05
		(Epoch 03/08) Block Loss: 2.6501e-05
		(Epoch 04/08) Block Loss: 2.6336e-05
		(Epoch 05/08) Block Loss: 2.6249e-05
		(Epoch 06/08) Block Loss: 2.6165e-05
		(Epoch 07/08) Block Loss: 2.6050e-05
		(Epoch 08/08) Block Loss: 2.5715e-05
	(1/3) Block 2/28, mlp.down_proj | Tuning Non-Factorized Weights...
		(Epoch 01/08) Block Loss: 2.4169e-05
		(Epoch 02/08) Block Loss: 2.3252e-05
		(Epoch 03/08) Block Loss: 2.2821e-05
		(Epoch 04/08) Block Loss: 2.2578e-05
		(Epoch 05/08) Block Loss: 2.2419e-05
		(Epoch 06/08) Block Loss: 2.2326e-05
		(Epoch 07/08) Block Loss: 2.2276e-05
		(Epoch 08/08) Block Loss: 2.2258e-05
	(2/3) Block 2/28, mlp.down_proj | Initialization via ADMM...
		ADMM weight recon error: raw=661.9375, norm=0.3597, per_el=2.1042e-04, out_err=0.1545, ADMM time=6.44s
	(3/3) Block 2/28, mlp.down_proj | Tuning Factorized Weights...
		(Epoch 01/08) Block Loss: 3.4356e-05
		(Epoch 02/08) Block Loss: 3.4307e-05
		(Epoch 03/08) Block Loss: 3.4769e-05
		(Epoch 04/08) Block Loss: 3.5104e-05
		(Epoch 05/08) Block Loss: 3.5033e-05
		(Epoch 06/08) Block Loss: 3.5155e-05
		(Epoch 07/08) Block Loss: 3.5189e-05
		(Epoch 08/08) Block Loss: 3.4604e-05
Using sequence length: 2048 (model max: 2048)
		Block 1 beta=0.5: block err = 0.0882, VALIDATION PPL = 15.001
	---- Block 2/28 candidate beta=0.75 ----
	(1/3) Block 2/28, self_attn.q_proj | Tuning Non-Factorized Weights...
		(Epoch 01/08) Block Loss: 2.8509e-05
		(Epoch 02/08) Block Loss: 2.4450e-05
		(Epoch 03/08) Block Loss: 2.2563e-05
		(Epoch 04/08) Block Loss: 2.1482e-05
		(Epoch 05/08) Block Loss: 2.0818e-05
		(Epoch 06/08) Block Loss: 2.0371e-05
		(Epoch 07/08) Block Loss: 2.0146e-05
		(Epoch 08/08) Block Loss: 2.0065e-05
	(2/3) Block 2/28, self_attn.q_proj | Initialization via ADMM...
		ADMM weight recon error: raw=575.0243, norm=0.2830, per_el=2.7419e-04, out_err=0.0593, ADMM time=6.34s
	(3/3) Block 2/28, self_attn.q_proj | Tuning Factorized Weights...
		(Epoch 01/08) Block Loss: 2.0750e-05
		(Epoch 02/08) Block Loss: 2.0529e-05
		(Epoch 03/08) Block Loss: 2.0444e-05
		(Epoch 04/08) Block Loss: 2.0393e-05
		(Epoch 05/08) Block Loss: 2.0360e-05
		(Epoch 06/08) Block Loss: 2.0335e-05
		(Epoch 07/08) Block Loss: 2.0316e-05
		(Epoch 08/08) Block Loss: 2.0300e-05
	(1/3) Block 2/28, self_attn.v_proj | Tuning Non-Factorized Weights...
		(Epoch 01/08) Block Loss: 2.0209e-05
		(Epoch 02/08) Block Loss: 1.9221e-05
		(Epoch 03/08) Block Loss: 1.8620e-05
		(Epoch 04/08) Block Loss: 1.8121e-05
		(Epoch 05/08) Block Loss: 1.7782e-05
		(Epoch 06/08) Block Loss: 1.7567e-05
		(Epoch 07/08) Block Loss: 1.7443e-05
		(Epoch 08/08) Block Loss: 1.7395e-05
	(2/3) Block 2/28, self_attn.v_proj | Initialization via ADMM...
		ADMM weight recon error: raw=310.9398, norm=0.3550, per_el=2.9654e-04, out_err=0.1829, ADMM time=11.81s
	(3/3) Block 2/28, self_attn.v_proj | Tuning Factorized Weights...
		(Epoch 01/08) Block Loss: 1.9795e-05
		(Epoch 02/08) Block Loss: 1.9411e-05
		(Epoch 03/08) Block Loss: 1.9328e-05
		(Epoch 04/08) Block Loss: 1.9322e-05
		(Epoch 05/08) Block Loss: 1.9318e-05
		(Epoch 06/08) Block Loss: 1.9311e-05
		(Epoch 07/08) Block Loss: 1.9288e-05
		(Epoch 08/08) Block Loss: 1.9181e-05
	(1/3) Block 2/28, self_attn.o_proj | Tuning Non-Factorized Weights...
		(Epoch 01/08) Block Loss: 1.8776e-05
		(Epoch 02/08) Block Loss: 1.8015e-05
		(Epoch 03/08) Block Loss: 1.7575e-05
		(Epoch 04/08) Block Loss: 1.7275e-05
		(Epoch 05/08) Block Loss: 1.7049e-05
		(Epoch 06/08) Block Loss: 1.6884e-05
		(Epoch 07/08) Block Loss: 1.6795e-05
		(Epoch 08/08) Block Loss: 1.6759e-05
	(2/3) Block 2/28, self_attn.o_proj | Initialization via ADMM...
		ADMM weight recon error: raw=476.4684, norm=0.3054, per_el=2.2720e-04, out_err=0.0981, ADMM time=4.59s
	(3/3) Block 2/28, self_attn.o_proj | Tuning Factorized Weights...
		(Epoch 01/08) Block Loss: 1.9231e-05
		(Epoch 02/08) Block Loss: 1.9023e-05
		(Epoch 03/08) Block Loss: 1.9057e-05
		(Epoch 04/08) Block Loss: 1.9144e-05
		(Epoch 05/08) Block Loss: 1.9129e-05
		(Epoch 06/08) Block Loss: 1.9144e-05
		(Epoch 07/08) Block Loss: 1.9074e-05
		(Epoch 08/08) Block Loss: 1.8868e-05
	(1/3) Block 2/28, self_attn.k_proj | Tuning Non-Factorized Weights...
		(Epoch 01/08) Block Loss: 1.8299e-05
		(Epoch 02/08) Block Loss: 1.7639e-05
		(Epoch 03/08) Block Loss: 1.7298e-05
		(Epoch 04/08) Block Loss: 1.7072e-05
		(Epoch 05/08) Block Loss: 1.6895e-05
		(Epoch 06/08) Block Loss: 1.6779e-05
		(Epoch 07/08) Block Loss: 1.6710e-05
		(Epoch 08/08) Block Loss: 1.6681e-05
	(2/3) Block 2/28, self_attn.k_proj | Initialization via ADMM...
		ADMM weight recon error: raw=275.4513, norm=0.3034, per_el=2.6269e-04, out_err=0.0481, ADMM time=12.08s
	(3/3) Block 2/28, self_attn.k_proj | Tuning Factorized Weights...
		(Epoch 01/08) Block Loss: 1.7264e-05
		(Epoch 02/08) Block Loss: 1.7118e-05
		(Epoch 03/08) Block Loss: 1.7063e-05
		(Epoch 04/08) Block Loss: 1.7031e-05
		(Epoch 05/08) Block Loss: 1.7013e-05
		(Epoch 06/08) Block Loss: 1.7003e-05
		(Epoch 07/08) Block Loss: 1.6991e-05
		(Epoch 08/08) Block Loss: 1.6980e-05
	(1/3) Block 2/28, mlp.gate_proj | Tuning Non-Factorized Weights...
		(Epoch 01/08) Block Loss: 1.7107e-05
		(Epoch 02/08) Block Loss: 1.6790e-05
		(Epoch 03/08) Block Loss: 1.6578e-05
		(Epoch 04/08) Block Loss: 1.6428e-05
		(Epoch 05/08) Block Loss: 1.6301e-05
		(Epoch 06/08) Block Loss: 1.6214e-05
		(Epoch 07/08) Block Loss: 1.6160e-05
		(Epoch 08/08) Block Loss: 1.6136e-05
	(2/3) Block 2/28, mlp.gate_proj | Initialization via ADMM...
		ADMM weight recon error: raw=2138.5073, norm=0.3481, per_el=6.7981e-04, out_err=0.0215, ADMM time=5.25s
	(3/3) Block 2/28, mlp.gate_proj | Tuning Factorized Weights...
		(Epoch 01/08) Block Loss: 2.4256e-05
		(Epoch 02/08) Block Loss: 2.2229e-05
		(Epoch 03/08) Block Loss: 2.1671e-05
		(Epoch 04/08) Block Loss: 2.1430e-05
		(Epoch 05/08) Block Loss: 2.1316e-05
		(Epoch 06/08) Block Loss: 2.1244e-05
		(Epoch 07/08) Block Loss: 2.1179e-05
		(Epoch 08/08) Block Loss: 2.1018e-05
	(1/3) Block 2/28, mlp.up_proj | Tuning Non-Factorized Weights...
		(Epoch 01/08) Block Loss: 2.0117e-05
		(Epoch 02/08) Block Loss: 1.9356e-05
		(Epoch 03/08) Block Loss: 1.9011e-05
		(Epoch 04/08) Block Loss: 1.8807e-05
		(Epoch 05/08) Block Loss: 1.8654e-05
		(Epoch 06/08) Block Loss: 1.8558e-05
		(Epoch 07/08) Block Loss: 1.8501e-05
		(Epoch 08/08) Block Loss: 1.8477e-05
	(2/3) Block 2/28, mlp.up_proj | Initialization via ADMM...
		ADMM weight recon error: raw=668.8969, norm=0.3543, per_el=2.1264e-04, out_err=0.1947, ADMM time=6.74s
	(3/3) Block 2/28, mlp.up_proj | Tuning Factorized Weights...
		(Epoch 01/08) Block Loss: 2.9448e-05
		(Epoch 02/08) Block Loss: 2.7449e-05
		(Epoch 03/08) Block Loss: 2.6875e-05
		(Epoch 04/08) Block Loss: 2.6667e-05
		(Epoch 05/08) Block Loss: 2.6550e-05
		(Epoch 06/08) Block Loss: 2.6449e-05
		(Epoch 07/08) Block Loss: 2.6309e-05
		(Epoch 08/08) Block Loss: 2.5983e-05
	(1/3) Block 2/28, mlp.down_proj | Tuning Non-Factorized Weights...
		(Epoch 01/08) Block Loss: 2.4407e-05
		(Epoch 02/08) Block Loss: 2.3466e-05
		(Epoch 03/08) Block Loss: 2.3025e-05
		(Epoch 04/08) Block Loss: 2.2776e-05
		(Epoch 05/08) Block Loss: 2.2613e-05
		(Epoch 06/08) Block Loss: 2.2519e-05
		(Epoch 07/08) Block Loss: 2.2468e-05
		(Epoch 08/08) Block Loss: 2.2449e-05
	(2/3) Block 2/28, mlp.down_proj | Initialization via ADMM...
		ADMM weight recon error: raw=652.2034, norm=0.3545, per_el=2.0733e-04, out_err=0.1707, ADMM time=6.80s
	(3/3) Block 2/28, mlp.down_proj | Tuning Factorized Weights...
		(Epoch 01/08) Block Loss: 3.5380e-05
		(Epoch 02/08) Block Loss: 3.5124e-05
		(Epoch 03/08) Block Loss: 3.5404e-05
		(Epoch 04/08) Block Loss: 3.5589e-05
		(Epoch 05/08) Block Loss: 3.5714e-05
		(Epoch 06/08) Block Loss: 3.5757e-05
		(Epoch 07/08) Block Loss: 3.5613e-05
		(Epoch 08/08) Block Loss: 3.5169e-05
Using sequence length: 2048 (model max: 2048)
		Block 1 beta=0.75: block err = 0.0895, VALIDATION PPL = 14.828
	---- Block 2/28 candidate beta=1 ----
	(1/3) Block 2/28, self_attn.q_proj | Tuning Non-Factorized Weights...
		(Epoch 01/08) Block Loss: 2.8509e-05
		(Epoch 02/08) Block Loss: 2.4450e-05
		(Epoch 03/08) Block Loss: 2.2563e-05
		(Epoch 04/08) Block Loss: 2.1480e-05
		(Epoch 05/08) Block Loss: 2.0816e-05
		(Epoch 06/08) Block Loss: 2.0368e-05
		(Epoch 07/08) Block Loss: 2.0143e-05
		(Epoch 08/08) Block Loss: 2.0063e-05
	(2/3) Block 2/28, self_attn.q_proj | Initialization via ADMM...
		ADMM weight recon error: raw=570.3748, norm=0.2807, per_el=2.7198e-04, out_err=0.0776, ADMM time=1.99s
	(3/3) Block 2/28, self_attn.q_proj | Tuning Factorized Weights...
		(Epoch 01/08) Block Loss: 2.1005e-05
		(Epoch 02/08) Block Loss: 2.0627e-05
		(Epoch 03/08) Block Loss: 2.0515e-05
		(Epoch 04/08) Block Loss: 2.0451e-05
		(Epoch 05/08) Block Loss: 2.0411e-05
		(Epoch 06/08) Block Loss: 2.0381e-05
		(Epoch 07/08) Block Loss: 2.0361e-05
		(Epoch 08/08) Block Loss: 2.0342e-05
	(1/3) Block 2/28, self_attn.v_proj | Tuning Non-Factorized Weights...
		(Epoch 01/08) Block Loss: 2.0250e-05
		(Epoch 02/08) Block Loss: 1.9257e-05
		(Epoch 03/08) Block Loss: 1.8656e-05
		(Epoch 04/08) Block Loss: 1.8148e-05
		(Epoch 05/08) Block Loss: 1.7798e-05
		(Epoch 06/08) Block Loss: 1.7583e-05
		(Epoch 07/08) Block Loss: 1.7465e-05
		(Epoch 08/08) Block Loss: 1.7419e-05
	(2/3) Block 2/28, self_attn.v_proj | Initialization via ADMM...
		ADMM weight recon error: raw=308.0432, norm=0.3516, per_el=2.9377e-04, out_err=0.2421, ADMM time=1.72s
	(3/3) Block 2/28, self_attn.v_proj | Tuning Factorized Weights...
		(Epoch 01/08) Block Loss: 2.0891e-05
		(Epoch 02/08) Block Loss: 1.9865e-05
		(Epoch 03/08) Block Loss: 1.9630e-05
		(Epoch 04/08) Block Loss: 1.9593e-05
		(Epoch 05/08) Block Loss: 1.9549e-05
		(Epoch 06/08) Block Loss: 1.9541e-05
		(Epoch 07/08) Block Loss: 1.9547e-05
		(Epoch 08/08) Block Loss: 1.9396e-05
	(1/3) Block 2/28, self_attn.o_proj | Tuning Non-Factorized Weights...
		(Epoch 01/08) Block Loss: 1.8908e-05
		(Epoch 02/08) Block Loss: 1.8112e-05
		(Epoch 03/08) Block Loss: 1.7678e-05
		(Epoch 04/08) Block Loss: 1.7368e-05
		(Epoch 05/08) Block Loss: 1.7136e-05
		(Epoch 06/08) Block Loss: 1.6968e-05
		(Epoch 07/08) Block Loss: 1.6879e-05
		(Epoch 08/08) Block Loss: 1.6842e-05
	(2/3) Block 2/28, self_attn.o_proj | Initialization via ADMM...
		ADMM weight recon error: raw=470.7277, norm=0.3017, per_el=2.2446e-04, out_err=0.1671, ADMM time=2.17s
	(3/3) Block 2/28, self_attn.o_proj | Tuning Factorized Weights...
		(Epoch 01/08) Block Loss: 2.0477e-05
		(Epoch 02/08) Block Loss: 1.9637e-05
		(Epoch 03/08) Block Loss: 1.9517e-05
		(Epoch 04/08) Block Loss: 1.9577e-05
		(Epoch 05/08) Block Loss: 1.9542e-05
		(Epoch 06/08) Block Loss: 1.9529e-05
		(Epoch 07/08) Block Loss: 1.9408e-05
		(Epoch 08/08) Block Loss: 1.9210e-05
	(1/3) Block 2/28, self_attn.k_proj | Tuning Non-Factorized Weights...
		(Epoch 01/08) Block Loss: 1.8505e-05
		(Epoch 02/08) Block Loss: 1.7803e-05
		(Epoch 03/08) Block Loss: 1.7446e-05
		(Epoch 04/08) Block Loss: 1.7214e-05
		(Epoch 05/08) Block Loss: 1.7032e-05
		(Epoch 06/08) Block Loss: 1.6914e-05
		(Epoch 07/08) Block Loss: 1.6844e-05
		(Epoch 08/08) Block Loss: 1.6814e-05
	(2/3) Block 2/28, self_attn.k_proj | Initialization via ADMM...
		ADMM weight recon error: raw=272.8532, norm=0.3005, per_el=2.6021e-04, out_err=0.0629, ADMM time=1.09s
	(3/3) Block 2/28, self_attn.k_proj | Tuning Factorized Weights...
		(Epoch 01/08) Block Loss: 1.7596e-05
		(Epoch 02/08) Block Loss: 1.7335e-05
		(Epoch 03/08) Block Loss: 1.7252e-05
		(Epoch 04/08) Block Loss: 1.7210e-05
		(Epoch 05/08) Block Loss: 1.7186e-05
		(Epoch 06/08) Block Loss: 1.7169e-05
		(Epoch 07/08) Block Loss: 1.7156e-05
		(Epoch 08/08) Block Loss: 1.7143e-05
	(1/3) Block 2/28, mlp.gate_proj | Tuning Non-Factorized Weights...
		(Epoch 01/08) Block Loss: 1.7267e-05
		(Epoch 02/08) Block Loss: 1.6941e-05
		(Epoch 03/08) Block Loss: 1.6726e-05
		(Epoch 04/08) Block Loss: 1.6575e-05
		(Epoch 05/08) Block Loss: 1.6445e-05
		(Epoch 06/08) Block Loss: 1.6356e-05
		(Epoch 07/08) Block Loss: 1.6302e-05
		(Epoch 08/08) Block Loss: 1.6277e-05
	(2/3) Block 2/28, mlp.gate_proj | Initialization via ADMM...
		ADMM weight recon error: raw=2125.0107, norm=0.3459, per_el=6.7552e-04, out_err=0.0264, ADMM time=2.20s
	(3/3) Block 2/28, mlp.gate_proj | Tuning Factorized Weights...
		(Epoch 01/08) Block Loss: 2.5969e-05
		(Epoch 02/08) Block Loss: 2.3178e-05
		(Epoch 03/08) Block Loss: 2.2394e-05
		(Epoch 04/08) Block Loss: 2.2068e-05
		(Epoch 05/08) Block Loss: 2.1906e-05
		(Epoch 06/08) Block Loss: 2.1803e-05
		(Epoch 07/08) Block Loss: 2.1714e-05
		(Epoch 08/08) Block Loss: 2.1532e-05
	(1/3) Block 2/28, mlp.up_proj | Tuning Non-Factorized Weights...
		(Epoch 01/08) Block Loss: 2.0508e-05
		(Epoch 02/08) Block Loss: 1.9688e-05
		(Epoch 03/08) Block Loss: 1.9322e-05
		(Epoch 04/08) Block Loss: 1.9106e-05
		(Epoch 05/08) Block Loss: 1.8947e-05
		(Epoch 06/08) Block Loss: 1.8847e-05
		(Epoch 07/08) Block Loss: 1.8788e-05
		(Epoch 08/08) Block Loss: 1.8763e-05
	(2/3) Block 2/28, mlp.up_proj | Initialization via ADMM...
		ADMM weight recon error: raw=666.4546, norm=0.3530, per_el=2.1186e-04, out_err=0.2447, ADMM time=2.37s
Compressing Layers:   7%|███████▌                                                                                                 | 2/28 [26:54<5:42:22, 790.10s/it]	(3/3) Block 2/28, mlp.up_proj | Tuning Factorized Weights...
		(Epoch 01/08) Block Loss: 3.1440e-05
		(Epoch 02/08) Block Loss: 2.8416e-05
		(Epoch 03/08) Block Loss: 2.7607e-05
		(Epoch 04/08) Block Loss: 2.7297e-05
		(Epoch 05/08) Block Loss: 2.7122e-05
		(Epoch 06/08) Block Loss: 2.6992e-05
		(Epoch 07/08) Block Loss: 2.6864e-05
		(Epoch 08/08) Block Loss: 2.6524e-05
	(1/3) Block 2/28, mlp.down_proj | Tuning Non-Factorized Weights...
		(Epoch 01/08) Block Loss: 2.4913e-05
		(Epoch 02/08) Block Loss: 2.3920e-05
		(Epoch 03/08) Block Loss: 2.3456e-05
		(Epoch 04/08) Block Loss: 2.3195e-05
		(Epoch 05/08) Block Loss: 2.3025e-05
		(Epoch 06/08) Block Loss: 2.2927e-05
		(Epoch 07/08) Block Loss: 2.2874e-05
		(Epoch 08/08) Block Loss: 2.2855e-05
	(2/3) Block 2/28, mlp.down_proj | Initialization via ADMM...
		ADMM weight recon error: raw=644.0597, norm=0.3516, per_el=2.0474e-04, out_err=0.2332, ADMM time=1.66s
	(3/3) Block 2/28, mlp.down_proj | Tuning Factorized Weights...
		(Epoch 01/08) Block Loss: 3.8755e-05
		(Epoch 02/08) Block Loss: 3.7229e-05
		(Epoch 03/08) Block Loss: 3.7069e-05
		(Epoch 04/08) Block Loss: 3.7100e-05
		(Epoch 05/08) Block Loss: 3.7117e-05
		(Epoch 06/08) Block Loss: 3.7065e-05
		(Epoch 07/08) Block Loss: 3.6969e-05
		(Epoch 08/08) Block Loss: 3.6500e-05
Using sequence length: 2048 (model max: 2048)
		Block 1 beta=1: block err = 0.0926, VALIDATION PPL = 15.001
		Block 1: chosen beta=0.25 (val ppl 14.812; candidates [(0.0, 14.864), (0.25, 14.812), (0.5, 15.001), (0.75, 14.828), (1.0, 15.001)])
		Block 1: relative block output error = 0.0871
Using sequence length: 2048 (model max: 2048)
		Block 1: Test Data PPL        = 14.133
	---- Block 3/28 candidate beta=0 ----
	(1/3) Block 3/28, self_attn.q_proj | Tuning Non-Factorized Weights...
		(Epoch 01/08) Block Loss: 5.0447e-05
		(Epoch 02/08) Block Loss: 3.0632e-05
		(Epoch 03/08) Block Loss: 2.5377e-05
		(Epoch 04/08) Block Loss: 2.4747e-05
		(Epoch 05/08) Block Loss: 2.3196e-05
		(Epoch 06/08) Block Loss: 2.2012e-05
		(Epoch 07/08) Block Loss: 2.1585e-05
		(Epoch 08/08) Block Loss: 2.1328e-05
	(2/3) Block 3/28, self_attn.q_proj | Initialization via ADMM...
		ADMM weight recon error: raw=554.6415, norm=0.2853, per_el=2.6447e-04, out_err=0.0474, ADMM time=5.64s
	(3/3) Block 3/28, self_attn.q_proj | Tuning Factorized Weights...
		(Epoch 01/08) Block Loss: 2.1944e-05
		(Epoch 02/08) Block Loss: 2.1797e-05
		(Epoch 03/08) Block Loss: 2.1745e-05
		(Epoch 04/08) Block Loss: 2.1711e-05
		(Epoch 05/08) Block Loss: 2.1688e-05
		(Epoch 06/08) Block Loss: 2.1670e-05
		(Epoch 07/08) Block Loss: 2.1657e-05
		(Epoch 08/08) Block Loss: 2.1644e-05
	(1/3) Block 3/28, self_attn.v_proj | Tuning Non-Factorized Weights...
		(Epoch 01/08) Block Loss: 2.8133e-05
		(Epoch 02/08) Block Loss: 2.7528e-05
		(Epoch 03/08) Block Loss: 2.2975e-05
		(Epoch 04/08) Block Loss: 2.0901e-05
		(Epoch 05/08) Block Loss: 1.9734e-05
		(Epoch 06/08) Block Loss: 1.9407e-05
		(Epoch 07/08) Block Loss: 1.9210e-05
		(Epoch 08/08) Block Loss: 1.9069e-05
	(2/3) Block 3/28, self_attn.v_proj | Initialization via ADMM...
		ADMM weight recon error: raw=300.9144, norm=0.3617, per_el=2.8697e-04, out_err=0.1434, ADMM time=12.50s
	(3/3) Block 3/28, self_attn.v_proj | Tuning Factorized Weights...
		(Epoch 01/08) Block Loss: 3.2138e-04
		(Epoch 02/08) Block Loss: 3.4784e-05
		(Epoch 03/08) Block Loss: 2.6297e-05
		(Epoch 04/08) Block Loss: 2.3564e-05
		(Epoch 05/08) Block Loss: 2.2817e-05
		(Epoch 06/08) Block Loss: 2.2298e-05
		(Epoch 07/08) Block Loss: 2.2054e-05
		(Epoch 08/08) Block Loss: 2.2006e-05
	(1/3) Block 3/28, self_attn.o_proj | Tuning Non-Factorized Weights...
		(Epoch 01/08) Block Loss: 2.5770e-05
		(Epoch 02/08) Block Loss: 2.3558e-05
		(Epoch 03/08) Block Loss: 2.1005e-05
		(Epoch 04/08) Block Loss: 1.9676e-05
		(Epoch 05/08) Block Loss: 1.9370e-05
		(Epoch 06/08) Block Loss: 1.9118e-05
		(Epoch 07/08) Block Loss: 1.8915e-05
		(Epoch 08/08) Block Loss: 1.8732e-05
	(2/3) Block 3/28, self_attn.o_proj | Initialization via ADMM...
		ADMM weight recon error: raw=467.1507, norm=0.3299, per_el=2.2275e-04, out_err=0.0767, ADMM time=5.29s
	(3/3) Block 3/28, self_attn.o_proj | Tuning Factorized Weights...
		(Epoch 01/08) Block Loss: 2.1936e-05
		(Epoch 02/08) Block Loss: 2.0746e-05
		(Epoch 03/08) Block Loss: 2.0715e-05
		(Epoch 04/08) Block Loss: 2.0657e-05
		(Epoch 05/08) Block Loss: 2.0615e-05
		(Epoch 06/08) Block Loss: 2.0417e-05
		(Epoch 07/08) Block Loss: 2.0421e-05
		(Epoch 08/08) Block Loss: 2.0338e-05
	(1/3) Block 3/28, self_attn.k_proj | Tuning Non-Factorized Weights...
		(Epoch 01/08) Block Loss: 2.0324e-05
		(Epoch 02/08) Block Loss: 1.9522e-05
		(Epoch 03/08) Block Loss: 1.9149e-05
		(Epoch 04/08) Block Loss: 1.8942e-05
		(Epoch 05/08) Block Loss: 1.8689e-05
		(Epoch 06/08) Block Loss: 1.8519e-05
		(Epoch 07/08) Block Loss: 1.8454e-05
		(Epoch 08/08) Block Loss: 1.8405e-05
	(2/3) Block 3/28, self_attn.k_proj | Initialization via ADMM...
		ADMM weight recon error: raw=268.0948, norm=0.3132, per_el=2.5568e-04, out_err=0.0375, ADMM time=9.56s
	(3/3) Block 3/28, self_attn.k_proj | Tuning Factorized Weights...
		(Epoch 01/08) Block Loss: 1.8880e-05
		(Epoch 02/08) Block Loss: 1.8799e-05
		(Epoch 03/08) Block Loss: 1.8761e-05
		(Epoch 04/08) Block Loss: 1.8738e-05
		(Epoch 05/08) Block Loss: 1.8724e-05
		(Epoch 06/08) Block Loss: 1.8715e-05
		(Epoch 07/08) Block Loss: 1.8708e-05
		(Epoch 08/08) Block Loss: 1.8702e-05
	(1/3) Block 3/28, mlp.gate_proj | Tuning Non-Factorized Weights...
		(Epoch 01/08) Block Loss: 1.9151e-05
		(Epoch 02/08) Block Loss: 1.8657e-05
		(Epoch 03/08) Block Loss: 1.8450e-05
		(Epoch 04/08) Block Loss: 1.8205e-05
		(Epoch 05/08) Block Loss: 1.8114e-05
		(Epoch 06/08) Block Loss: 1.7975e-05
		(Epoch 07/08) Block Loss: 1.7930e-05
		(Epoch 08/08) Block Loss: 1.7905e-05
	(2/3) Block 3/28, mlp.gate_proj | Initialization via ADMM...
		ADMM weight recon error: raw=1746.2461, norm=0.3411, per_el=5.5512e-04, out_err=0.0263, ADMM time=6.56s
	(3/3) Block 3/28, mlp.gate_proj | Tuning Factorized Weights...
		(Epoch 01/08) Block Loss: 5.4917e-05
		(Epoch 02/08) Block Loss: 2.4432e-05
		(Epoch 03/08) Block Loss: 2.3959e-05
		(Epoch 04/08) Block Loss: 2.3695e-05
		(Epoch 05/08) Block Loss: 2.3493e-05
		(Epoch 06/08) Block Loss: 2.3389e-05
		(Epoch 07/08) Block Loss: 2.3375e-05
		(Epoch 08/08) Block Loss: 2.3188e-05
	(1/3) Block 3/28, mlp.up_proj | Tuning Non-Factorized Weights...
		(Epoch 01/08) Block Loss: 2.2656e-05
		(Epoch 02/08) Block Loss: 2.1745e-05
		(Epoch 03/08) Block Loss: 2.1369e-05
		(Epoch 04/08) Block Loss: 2.1106e-05
		(Epoch 05/08) Block Loss: 2.0923e-05
		(Epoch 06/08) Block Loss: 2.0846e-05
		(Epoch 07/08) Block Loss: 2.0744e-05
		(Epoch 08/08) Block Loss: 2.0721e-05
	(2/3) Block 3/28, mlp.up_proj | Initialization via ADMM...
		ADMM weight recon error: raw=681.6323, norm=0.3550, per_el=2.1669e-04, out_err=0.1676, ADMM time=5.57s
	(3/3) Block 3/28, mlp.up_proj | Tuning Factorized Weights...
		(Epoch 01/08) Block Loss: 4.3412e-05
		(Epoch 02/08) Block Loss: 3.0071e-05
		(Epoch 03/08) Block Loss: 2.9482e-05
		(Epoch 04/08) Block Loss: 2.9129e-05
		(Epoch 05/08) Block Loss: 2.8999e-05
		(Epoch 06/08) Block Loss: 2.8944e-05
		(Epoch 07/08) Block Loss: 2.8817e-05
		(Epoch 08/08) Block Loss: 2.8574e-05
	(1/3) Block 3/28, mlp.down_proj | Tuning Non-Factorized Weights...
		(Epoch 01/08) Block Loss: 2.7490e-05
		(Epoch 02/08) Block Loss: 2.6474e-05
		(Epoch 03/08) Block Loss: 2.6044e-05
		(Epoch 04/08) Block Loss: 2.5778e-05
		(Epoch 05/08) Block Loss: 2.5604e-05
		(Epoch 06/08) Block Loss: 2.5502e-05
		(Epoch 07/08) Block Loss: 2.5438e-05
		(Epoch 08/08) Block Loss: 2.5412e-05
	(2/3) Block 3/28, mlp.down_proj | Initialization via ADMM...
		ADMM weight recon error: raw=739.3967, norm=0.3742, per_el=2.3505e-04, out_err=0.1678, ADMM time=6.38s
	(3/3) Block 3/28, mlp.down_proj | Tuning Factorized Weights...
		(Epoch 01/08) Block Loss: 5.2964e-04
		(Epoch 02/08) Block Loss: 4.5663e-04
		(Epoch 03/08) Block Loss: 4.0520e-04
		(Epoch 04/08) Block Loss: 3.6654e-04
		(Epoch 05/08) Block Loss: 3.4207e-04
		(Epoch 06/08) Block Loss: 3.2480e-04
		(Epoch 07/08) Block Loss: 3.1825e-04
		(Epoch 08/08) Block Loss: 3.1611e-04
Using sequence length: 2048 (model max: 2048)
		Block 2 beta=0: block err = 0.0062, VALIDATION PPL = 16.784
	---- Block 3/28 candidate beta=0.25 ----
	(1/3) Block 3/28, self_attn.q_proj | Tuning Non-Factorized Weights...
		(Epoch 01/08) Block Loss: 5.0344e-05
		(Epoch 02/08) Block Loss: 3.1016e-05
		(Epoch 03/08) Block Loss: 2.6413e-05
		(Epoch 04/08) Block Loss: 2.4460e-05
		(Epoch 05/08) Block Loss: 2.2478e-05
		(Epoch 06/08) Block Loss: 2.1823e-05
		(Epoch 07/08) Block Loss: 2.1472e-05
		(Epoch 08/08) Block Loss: 2.1271e-05
	(2/3) Block 3/28, self_attn.q_proj | Initialization via ADMM...
		ADMM weight recon error: raw=546.1873, norm=0.2810, per_el=2.6044e-04, out_err=0.0499, ADMM time=5.82s
	(3/3) Block 3/28, self_attn.q_proj | Tuning Factorized Weights...
		(Epoch 01/08) Block Loss: 2.1874e-05
		(Epoch 02/08) Block Loss: 2.1742e-05
		(Epoch 03/08) Block Loss: 2.1687e-05
		(Epoch 04/08) Block Loss: 2.1651e-05
		(Epoch 05/08) Block Loss: 2.1626e-05
		(Epoch 06/08) Block Loss: 2.1606e-05
		(Epoch 07/08) Block Loss: 2.1591e-05
		(Epoch 08/08) Block Loss: 2.1576e-05
	(1/3) Block 3/28, self_attn.v_proj | Tuning Non-Factorized Weights...
		(Epoch 01/08) Block Loss: 2.7870e-05
		(Epoch 02/08) Block Loss: 2.6662e-05
		(Epoch 03/08) Block Loss: 2.2096e-05
		(Epoch 04/08) Block Loss: 2.0430e-05
		(Epoch 05/08) Block Loss: 1.9888e-05
		(Epoch 06/08) Block Loss: 1.9417e-05
		(Epoch 07/08) Block Loss: 1.9172e-05
		(Epoch 08/08) Block Loss: 1.9077e-05
	(2/3) Block 3/28, self_attn.v_proj | Initialization via ADMM...
		ADMM weight recon error: raw=295.4155, norm=0.3551, per_el=2.8173e-04, out_err=0.1504, ADMM time=12.01s
	(3/3) Block 3/28, self_attn.v_proj | Tuning Factorized Weights...
		(Epoch 01/08) Block Loss: 1.5808e-04
		(Epoch 02/08) Block Loss: 2.7433e-05
		(Epoch 03/08) Block Loss: 2.3808e-05
		(Epoch 04/08) Block Loss: 2.2373e-05
		(Epoch 05/08) Block Loss: 2.1855e-05
		(Epoch 06/08) Block Loss: 2.1681e-05
		(Epoch 07/08) Block Loss: 2.1494e-05
		(Epoch 08/08) Block Loss: 2.1514e-05
	(1/3) Block 3/28, self_attn.o_proj | Tuning Non-Factorized Weights...
		(Epoch 01/08) Block Loss: 2.5725e-05
		(Epoch 02/08) Block Loss: 2.3629e-05
		(Epoch 03/08) Block Loss: 2.0915e-05
		(Epoch 04/08) Block Loss: 2.0262e-05
		(Epoch 05/08) Block Loss: 1.9470e-05
		(Epoch 06/08) Block Loss: 1.9091e-05
		(Epoch 07/08) Block Loss: 1.8946e-05
		(Epoch 08/08) Block Loss: 1.8733e-05
	(2/3) Block 3/28, self_attn.o_proj | Initialization via ADMM...
		ADMM weight recon error: raw=448.4980, norm=0.3167, per_el=2.1386e-04, out_err=0.0819, ADMM time=5.76s
	(3/3) Block 3/28, self_attn.o_proj | Tuning Factorized Weights...
		(Epoch 01/08) Block Loss: 2.2116e-05
		(Epoch 02/08) Block Loss: 2.0983e-05
		(Epoch 03/08) Block Loss: 2.0968e-05
		(Epoch 04/08) Block Loss: 2.0707e-05
		(Epoch 05/08) Block Loss: 2.0606e-05
		(Epoch 06/08) Block Loss: 2.0596e-05
		(Epoch 07/08) Block Loss: 2.0480e-05
		(Epoch 08/08) Block Loss: 2.0470e-05
	(1/3) Block 3/28, self_attn.k_proj | Tuning Non-Factorized Weights...
		(Epoch 01/08) Block Loss: 2.0412e-05
		(Epoch 02/08) Block Loss: 1.9571e-05
		(Epoch 03/08) Block Loss: 1.9173e-05
		(Epoch 04/08) Block Loss: 1.8873e-05
		(Epoch 05/08) Block Loss: 1.8701e-05
		(Epoch 06/08) Block Loss: 1.8588e-05
		(Epoch 07/08) Block Loss: 1.8534e-05
		(Epoch 08/08) Block Loss: 1.8424e-05
	(2/3) Block 3/28, self_attn.k_proj | Initialization via ADMM...
		ADMM weight recon error: raw=263.3095, norm=0.3062, per_el=2.5111e-04, out_err=0.0394, ADMM time=8.52s
	(3/3) Block 3/28, self_attn.k_proj | Tuning Factorized Weights...
		(Epoch 01/08) Block Loss: 1.8921e-05
		(Epoch 02/08) Block Loss: 1.8831e-05
		(Epoch 03/08) Block Loss: 1.8790e-05
		(Epoch 04/08) Block Loss: 1.8767e-05
		(Epoch 05/08) Block Loss: 1.8752e-05
		(Epoch 06/08) Block Loss: 1.8742e-05
		(Epoch 07/08) Block Loss: 1.8734e-05
		(Epoch 08/08) Block Loss: 1.8727e-05
	(1/3) Block 3/28, mlp.gate_proj | Tuning Non-Factorized Weights...
		(Epoch 01/08) Block Loss: 1.9161e-05
		(Epoch 02/08) Block Loss: 1.8775e-05
		(Epoch 03/08) Block Loss: 1.8512e-05
		(Epoch 04/08) Block Loss: 1.8280e-05
		(Epoch 05/08) Block Loss: 1.8152e-05
		(Epoch 06/08) Block Loss: 1.8030e-05
		(Epoch 07/08) Block Loss: 1.7937e-05
		(Epoch 08/08) Block Loss: 1.7915e-05
	(2/3) Block 3/28, mlp.gate_proj | Initialization via ADMM...
		ADMM weight recon error: raw=1724.4150, norm=0.3368, per_el=5.4818e-04, out_err=0.0274, ADMM time=6.87s
	(3/3) Block 3/28, mlp.gate_proj | Tuning Factorized Weights...
		(Epoch 01/08) Block Loss: 7.6167e-05
		(Epoch 02/08) Block Loss: 2.4783e-05
		(Epoch 03/08) Block Loss: 2.4109e-05
		(Epoch 04/08) Block Loss: 2.3813e-05
		(Epoch 05/08) Block Loss: 2.3693e-05
		(Epoch 06/08) Block Loss: 2.3545e-05
		(Epoch 07/08) Block Loss: 2.3398e-05
		(Epoch 08/08) Block Loss: 2.3341e-05
	(1/3) Block 3/28, mlp.up_proj | Tuning Non-Factorized Weights...
		(Epoch 01/08) Block Loss: 2.2849e-05
		(Epoch 02/08) Block Loss: 2.1837e-05
		(Epoch 03/08) Block Loss: 2.1438e-05
		(Epoch 04/08) Block Loss: 2.1172e-05
		(Epoch 05/08) Block Loss: 2.1054e-05
		(Epoch 06/08) Block Loss: 2.0891e-05
		(Epoch 07/08) Block Loss: 2.0817e-05
		(Epoch 08/08) Block Loss: 2.0780e-05
	(2/3) Block 3/28, mlp.up_proj | Initialization via ADMM...
		ADMM weight recon error: raw=674.1344, norm=0.3511, per_el=2.1430e-04, out_err=0.1762, ADMM time=5.20s
	(3/3) Block 3/28, mlp.up_proj | Tuning Factorized Weights...
		(Epoch 01/08) Block Loss: 3.8170e-05
		(Epoch 02/08) Block Loss: 3.0218e-05
		(Epoch 03/08) Block Loss: 2.9598e-05
		(Epoch 04/08) Block Loss: 2.9268e-05
		(Epoch 05/08) Block Loss: 2.9255e-05
		(Epoch 06/08) Block Loss: 2.9060e-05
		(Epoch 07/08) Block Loss: 2.8996e-05
		(Epoch 08/08) Block Loss: 2.8779e-05
	(1/3) Block 3/28, mlp.down_proj | Tuning Non-Factorized Weights...
		(Epoch 01/08) Block Loss: 2.7547e-05
		(Epoch 02/08) Block Loss: 2.6527e-05
		(Epoch 03/08) Block Loss: 2.6073e-05
		(Epoch 04/08) Block Loss: 2.5810e-05
		(Epoch 05/08) Block Loss: 2.5616e-05
		(Epoch 06/08) Block Loss: 2.5514e-05
		(Epoch 07/08) Block Loss: 2.5451e-05
		(Epoch 08/08) Block Loss: 2.5425e-05
	(2/3) Block 3/28, mlp.down_proj | Initialization via ADMM...
		ADMM weight recon error: raw=717.9253, norm=0.3619, per_el=2.2822e-04, out_err=0.1750, ADMM time=6.68s
	(3/3) Block 3/28, mlp.down_proj | Tuning Factorized Weights...
		(Epoch 01/08) Block Loss: 5.6526e-04
		(Epoch 02/08) Block Loss: 4.8699e-04
		(Epoch 03/08) Block Loss: 4.2699e-04
		(Epoch 04/08) Block Loss: 3.8373e-04
		(Epoch 05/08) Block Loss: 3.5601e-04
		(Epoch 06/08) Block Loss: 3.3987e-04
		(Epoch 07/08) Block Loss: 3.3082e-04
		(Epoch 08/08) Block Loss: 3.2886e-04
Using sequence length: 2048 (model max: 2048)
		Block 2 beta=0.25: block err = 0.0064, VALIDATION PPL = 16.693
	---- Block 3/28 candidate beta=0.5 ----
	(1/3) Block 3/28, self_attn.q_proj | Tuning Non-Factorized Weights...
		(Epoch 01/08) Block Loss: 5.0069e-05
		(Epoch 02/08) Block Loss: 3.1373e-05
		(Epoch 03/08) Block Loss: 2.6104e-05
		(Epoch 04/08) Block Loss: 2.3891e-05
		(Epoch 05/08) Block Loss: 2.2522e-05
		(Epoch 06/08) Block Loss: 2.1921e-05
		(Epoch 07/08) Block Loss: 2.1528e-05
		(Epoch 08/08) Block Loss: 2.1266e-05
	(2/3) Block 3/28, self_attn.q_proj | Initialization via ADMM...
		ADMM weight recon error: raw=540.1426, norm=0.2779, per_el=2.5756e-04, out_err=0.0536, ADMM time=5.47s
	(3/3) Block 3/28, self_attn.q_proj | Tuning Factorized Weights...
		(Epoch 01/08) Block Loss: 2.1912e-05
		(Epoch 02/08) Block Loss: 2.1753e-05
		(Epoch 03/08) Block Loss: 2.1692e-05
		(Epoch 04/08) Block Loss: 2.1655e-05
		(Epoch 05/08) Block Loss: 2.1628e-05
		(Epoch 06/08) Block Loss: 2.1609e-05
		(Epoch 07/08) Block Loss: 2.1594e-05
		(Epoch 08/08) Block Loss: 2.1578e-05
	(1/3) Block 3/28, self_attn.v_proj | Tuning Non-Factorized Weights...
		(Epoch 01/08) Block Loss: 2.7556e-05
		(Epoch 02/08) Block Loss: 2.7677e-05
		(Epoch 03/08) Block Loss: 2.2638e-05
		(Epoch 04/08) Block Loss: 2.1213e-05
		(Epoch 05/08) Block Loss: 2.0016e-05
		(Epoch 06/08) Block Loss: 1.9483e-05
		(Epoch 07/08) Block Loss: 1.9213e-05
		(Epoch 08/08) Block Loss: 1.9097e-05
	(2/3) Block 3/28, self_attn.v_proj | Initialization via ADMM...
		ADMM weight recon error: raw=291.7861, norm=0.3507, per_el=2.7827e-04, out_err=0.1611, ADMM time=10.95s
	(3/3) Block 3/28, self_attn.v_proj | Tuning Factorized Weights...
		(Epoch 01/08) Block Loss: 7.8619e-05
		(Epoch 02/08) Block Loss: 2.4602e-05
		(Epoch 03/08) Block Loss: 2.2698e-05
		(Epoch 04/08) Block Loss: 2.1768e-05
		(Epoch 05/08) Block Loss: 2.1635e-05
		(Epoch 06/08) Block Loss: 2.1421e-05
		(Epoch 07/08) Block Loss: 2.1309e-05
		(Epoch 08/08) Block Loss: 2.1268e-05
	(1/3) Block 3/28, self_attn.o_proj | Tuning Non-Factorized Weights...
		(Epoch 01/08) Block Loss: 2.4026e-05
		(Epoch 02/08) Block Loss: 2.2787e-05
		(Epoch 03/08) Block Loss: 2.0753e-05
		(Epoch 04/08) Block Loss: 1.9942e-05
		(Epoch 05/08) Block Loss: 1.9367e-05
		(Epoch 06/08) Block Loss: 1.8990e-05
		(Epoch 07/08) Block Loss: 1.8762e-05
		(Epoch 08/08) Block Loss: 1.8705e-05
	(2/3) Block 3/28, self_attn.o_proj | Initialization via ADMM...
		ADMM weight recon error: raw=436.6085, norm=0.3083, per_el=2.0819e-04, out_err=0.0910, ADMM time=5.41s
	(3/3) Block 3/28, self_attn.o_proj | Tuning Factorized Weights...
		(Epoch 01/08) Block Loss: 2.1958e-05
		(Epoch 02/08) Block Loss: 2.1152e-05
		(Epoch 03/08) Block Loss: 2.1036e-05
		(Epoch 04/08) Block Loss: 2.0884e-05
		(Epoch 05/08) Block Loss: 2.0816e-05
		(Epoch 06/08) Block Loss: 2.0740e-05
		(Epoch 07/08) Block Loss: 2.0679e-05
		(Epoch 08/08) Block Loss: 2.0619e-05
	(1/3) Block 3/28, self_attn.k_proj | Tuning Non-Factorized Weights...
		(Epoch 01/08) Block Loss: 2.0547e-05
		(Epoch 02/08) Block Loss: 1.9620e-05
		(Epoch 03/08) Block Loss: 1.9188e-05
		(Epoch 04/08) Block Loss: 1.8930e-05
		(Epoch 05/08) Block Loss: 1.8776e-05
		(Epoch 06/08) Block Loss: 1.8613e-05
		(Epoch 07/08) Block Loss: 1.8531e-05
		(Epoch 08/08) Block Loss: 1.8496e-05
	(2/3) Block 3/28, self_attn.k_proj | Initialization via ADMM...
		ADMM weight recon error: raw=260.3689, norm=0.3042, per_el=2.4831e-04, out_err=0.0419, ADMM time=8.47s
	(3/3) Block 3/28, self_attn.k_proj | Tuning Factorized Weights...
		(Epoch 01/08) Block Loss: 1.9031e-05
		(Epoch 02/08) Block Loss: 1.8927e-05
		(Epoch 03/08) Block Loss: 1.8881e-05
		(Epoch 04/08) Block Loss: 1.8854e-05
		(Epoch 05/08) Block Loss: 1.8839e-05
		(Epoch 06/08) Block Loss: 1.8828e-05
		(Epoch 07/08) Block Loss: 1.8820e-05
		(Epoch 08/08) Block Loss: 1.8813e-05
	(1/3) Block 3/28, mlp.gate_proj | Tuning Non-Factorized Weights...
		(Epoch 01/08) Block Loss: 1.9222e-05
		(Epoch 02/08) Block Loss: 1.8704e-05
		(Epoch 03/08) Block Loss: 1.8535e-05
		(Epoch 04/08) Block Loss: 1.8299e-05
		(Epoch 05/08) Block Loss: 1.8162e-05
		(Epoch 06/08) Block Loss: 1.8061e-05
		(Epoch 07/08) Block Loss: 1.8003e-05
		(Epoch 08/08) Block Loss: 1.7957e-05
	(2/3) Block 3/28, mlp.gate_proj | Initialization via ADMM...
		ADMM weight recon error: raw=1705.6853, norm=0.3331, per_el=5.4222e-04, out_err=0.0291, ADMM time=6.49s
	(3/3) Block 3/28, mlp.gate_proj | Tuning Factorized Weights...
		(Epoch 01/08) Block Loss: 9.5934e-05
		(Epoch 02/08) Block Loss: 2.5571e-05
		(Epoch 03/08) Block Loss: 2.4729e-05
		(Epoch 04/08) Block Loss: 2.4285e-05
		(Epoch 05/08) Block Loss: 2.4076e-05
		(Epoch 06/08) Block Loss: 2.3916e-05
		(Epoch 07/08) Block Loss: 2.3808e-05
		(Epoch 08/08) Block Loss: 2.3627e-05
	(1/3) Block 3/28, mlp.up_proj | Tuning Non-Factorized Weights...
		(Epoch 01/08) Block Loss: 2.2965e-05
		(Epoch 02/08) Block Loss: 2.2055e-05
		(Epoch 03/08) Block Loss: 2.1683e-05
		(Epoch 04/08) Block Loss: 2.1349e-05
		(Epoch 05/08) Block Loss: 2.1152e-05
		(Epoch 06/08) Block Loss: 2.1028e-05
		(Epoch 07/08) Block Loss: 2.0957e-05
		(Epoch 08/08) Block Loss: 2.0915e-05
	(2/3) Block 3/28, mlp.up_proj | Initialization via ADMM...
		ADMM weight recon error: raw=669.6636, norm=0.3488, per_el=2.1288e-04, out_err=0.1887, ADMM time=5.22s
	(3/3) Block 3/28, mlp.up_proj | Tuning Factorized Weights...
		(Epoch 01/08) Block Loss: 4.9988e-05
		(Epoch 02/08) Block Loss: 3.0602e-05
		(Epoch 03/08) Block Loss: 2.9978e-05
		(Epoch 04/08) Block Loss: 2.9600e-05
		(Epoch 05/08) Block Loss: 2.9442e-05
		(Epoch 06/08) Block Loss: 2.9337e-05
		(Epoch 07/08) Block Loss: 2.9162e-05
		(Epoch 08/08) Block Loss: 2.8915e-05
	(1/3) Block 3/28, mlp.down_proj | Tuning Non-Factorized Weights...
		(Epoch 01/08) Block Loss: 2.7746e-05
		(Epoch 02/08) Block Loss: 2.6685e-05
		(Epoch 03/08) Block Loss: 2.6216e-05
		(Epoch 04/08) Block Loss: 2.5935e-05
		(Epoch 05/08) Block Loss: 2.5764e-05
		(Epoch 06/08) Block Loss: 2.5632e-05
		(Epoch 07/08) Block Loss: 2.5564e-05
		(Epoch 08/08) Block Loss: 2.5538e-05
	(2/3) Block 3/28, mlp.down_proj | Initialization via ADMM...
		ADMM weight recon error: raw=700.1986, norm=0.3529, per_el=2.2259e-04, out_err=0.1873, ADMM time=6.50s
	(3/3) Block 3/28, mlp.down_proj | Tuning Factorized Weights...
		(Epoch 01/08) Block Loss: 6.9542e-04
		(Epoch 02/08) Block Loss: 5.9843e-04
		(Epoch 03/08) Block Loss: 5.2104e-04
		(Epoch 04/08) Block Loss: 4.6412e-04
		(Epoch 05/08) Block Loss: 4.2414e-04
		(Epoch 06/08) Block Loss: 4.0394e-04
		(Epoch 07/08) Block Loss: 3.9332e-04
		(Epoch 08/08) Block Loss: 3.8961e-04
Using sequence length: 2048 (model max: 2048)
		Block 2 beta=0.5: block err = 0.0075, VALIDATION PPL = 16.992
	---- Block 3/28 candidate beta=0.75 ----
	(1/3) Block 3/28, self_attn.q_proj | Tuning Non-Factorized Weights...
		(Epoch 01/08) Block Loss: 5.0325e-05
		(Epoch 02/08) Block Loss: 3.1041e-05
		(Epoch 03/08) Block Loss: 2.5564e-05
		(Epoch 04/08) Block Loss: 2.4509e-05
		(Epoch 05/08) Block Loss: 2.2738e-05
		(Epoch 06/08) Block Loss: 2.1796e-05
		(Epoch 07/08) Block Loss: 2.1444e-05
		(Epoch 08/08) Block Loss: 2.1297e-05
	(2/3) Block 3/28, self_attn.q_proj | Initialization via ADMM...
		ADMM weight recon error: raw=534.4899, norm=0.2749, per_el=2.5486e-04, out_err=0.0591, ADMM time=5.57s
	(3/3) Block 3/28, self_attn.q_proj | Tuning Factorized Weights...
		(Epoch 01/08) Block Loss: 2.2054e-05
		(Epoch 02/08) Block Loss: 2.1860e-05
		(Epoch 03/08) Block Loss: 2.1794e-05
		(Epoch 04/08) Block Loss: 2.1751e-05
		(Epoch 05/08) Block Loss: 2.1724e-05
		(Epoch 06/08) Block Loss: 2.1701e-05
		(Epoch 07/08) Block Loss: 2.1683e-05
		(Epoch 08/08) Block Loss: 2.1667e-05
	(1/3) Block 3/28, self_attn.v_proj | Tuning Non-Factorized Weights...
		(Epoch 01/08) Block Loss: 2.7817e-05
		(Epoch 02/08) Block Loss: 2.8030e-05
		(Epoch 03/08) Block Loss: 2.2335e-05
		(Epoch 04/08) Block Loss: 2.0625e-05
		(Epoch 05/08) Block Loss: 1.9873e-05
		(Epoch 06/08) Block Loss: 1.9413e-05
		(Epoch 07/08) Block Loss: 1.9174e-05
		(Epoch 08/08) Block Loss: 1.9092e-05
	(2/3) Block 3/28, self_attn.v_proj | Initialization via ADMM...
		ADMM weight recon error: raw=288.8595, norm=0.3472, per_el=2.7548e-04, out_err=0.1797, ADMM time=9.63s
	(3/3) Block 3/28, self_attn.v_proj | Tuning Factorized Weights...
		(Epoch 01/08) Block Loss: 5.7975e-05
		(Epoch 02/08) Block Loss: 2.4466e-05
		(Epoch 03/08) Block Loss: 2.2602e-05
		(Epoch 04/08) Block Loss: 2.2051e-05
		(Epoch 05/08) Block Loss: 2.1817e-05
		(Epoch 06/08) Block Loss: 2.1665e-05
		(Epoch 07/08) Block Loss: 2.1544e-05
		(Epoch 08/08) Block Loss: 2.1511e-05
	(1/3) Block 3/28, self_attn.o_proj | Tuning Non-Factorized Weights...
		(Epoch 01/08) Block Loss: 2.3571e-05
		(Epoch 02/08) Block Loss: 2.2219e-05
		(Epoch 03/08) Block Loss: 2.0519e-05
		(Epoch 04/08) Block Loss: 1.9678e-05
		(Epoch 05/08) Block Loss: 1.9395e-05
		(Epoch 06/08) Block Loss: 1.9242e-05
		(Epoch 07/08) Block Loss: 1.8910e-05
		(Epoch 08/08) Block Loss: 1.8745e-05
	(2/3) Block 3/28, self_attn.o_proj | Initialization via ADMM...
		ADMM weight recon error: raw=427.3863, norm=0.3018, per_el=2.0379e-04, out_err=0.1059, ADMM time=5.33s
	(3/3) Block 3/28, self_attn.o_proj | Tuning Factorized Weights...
		(Epoch 01/08) Block Loss: 2.2672e-05
		(Epoch 02/08) Block Loss: 2.1580e-05
		(Epoch 03/08) Block Loss: 2.1320e-05
		(Epoch 04/08) Block Loss: 2.1279e-05
		(Epoch 05/08) Block Loss: 2.1195e-05
		(Epoch 06/08) Block Loss: 2.1094e-05
		(Epoch 07/08) Block Loss: 2.1071e-05
		(Epoch 08/08) Block Loss: 2.1009e-05
	(1/3) Block 3/28, self_attn.k_proj | Tuning Non-Factorized Weights...
		(Epoch 01/08) Block Loss: 2.0649e-05
		(Epoch 02/08) Block Loss: 1.9746e-05
		(Epoch 03/08) Block Loss: 1.9370e-05
		(Epoch 04/08) Block Loss: 1.9035e-05
		(Epoch 05/08) Block Loss: 1.8843e-05
		(Epoch 06/08) Block Loss: 1.8723e-05
		(Epoch 07/08) Block Loss: 1.8648e-05
		(Epoch 08/08) Block Loss: 1.8598e-05
	(2/3) Block 3/28, self_attn.k_proj | Initialization via ADMM...
		ADMM weight recon error: raw=257.4876, norm=0.3008, per_el=2.4556e-04, out_err=0.0462, ADMM time=7.98s
	(3/3) Block 3/28, self_attn.k_proj | Tuning Factorized Weights...
		(Epoch 01/08) Block Loss: 1.9175e-05
		(Epoch 02/08) Block Loss: 1.9043e-05
		(Epoch 03/08) Block Loss: 1.8987e-05
		(Epoch 04/08) Block Loss: 1.8958e-05
		(Epoch 05/08) Block Loss: 1.8940e-05
		(Epoch 06/08) Block Loss: 1.8927e-05
		(Epoch 07/08) Block Loss: 1.8919e-05
		(Epoch 08/08) Block Loss: 1.8910e-05
	(1/3) Block 3/28, mlp.gate_proj | Tuning Non-Factorized Weights...
		(Epoch 01/08) Block Loss: 1.9312e-05
		(Epoch 02/08) Block Loss: 1.8884e-05
		(Epoch 03/08) Block Loss: 1.8640e-05
		(Epoch 04/08) Block Loss: 1.8425e-05
		(Epoch 05/08) Block Loss: 1.8275e-05
		(Epoch 06/08) Block Loss: 1.8167e-05
		(Epoch 07/08) Block Loss: 1.8078e-05
		(Epoch 08/08) Block Loss: 1.8048e-05
	(2/3) Block 3/28, mlp.gate_proj | Initialization via ADMM...
		ADMM weight recon error: raw=1690.2789, norm=0.3301, per_el=5.3733e-04, out_err=0.0319, ADMM time=6.64s
	(3/3) Block 3/28, mlp.gate_proj | Tuning Factorized Weights...
		(Epoch 01/08) Block Loss: 9.7888e-05
		(Epoch 02/08) Block Loss: 2.5498e-05
		(Epoch 03/08) Block Loss: 2.4850e-05
		(Epoch 04/08) Block Loss: 2.4487e-05
		(Epoch 05/08) Block Loss: 2.4277e-05
		(Epoch 06/08) Block Loss: 2.4044e-05
		(Epoch 07/08) Block Loss: 2.4022e-05
		(Epoch 08/08) Block Loss: 2.3858e-05
	(1/3) Block 3/28, mlp.up_proj | Tuning Non-Factorized Weights...
		(Epoch 01/08) Block Loss: 2.3219e-05
		(Epoch 02/08) Block Loss: 2.2122e-05
		(Epoch 03/08) Block Loss: 2.1697e-05
		(Epoch 04/08) Block Loss: 2.1430e-05
		(Epoch 05/08) Block Loss: 2.1226e-05
		(Epoch 06/08) Block Loss: 2.1126e-05
		(Epoch 07/08) Block Loss: 2.1061e-05
		(Epoch 08/08) Block Loss: 2.0990e-05
	(2/3) Block 3/28, mlp.up_proj | Initialization via ADMM...
		ADMM weight recon error: raw=666.3222, norm=0.3470, per_el=2.1182e-04, out_err=0.2077, ADMM time=4.87s
	(3/3) Block 3/28, mlp.up_proj | Tuning Factorized Weights...
		(Epoch 01/08) Block Loss: 5.4878e-05
		(Epoch 02/08) Block Loss: 3.1180e-05
		(Epoch 03/08) Block Loss: 3.0355e-05
		(Epoch 04/08) Block Loss: 3.0061e-05
		(Epoch 05/08) Block Loss: 2.9884e-05
		(Epoch 06/08) Block Loss: 2.9700e-05
		(Epoch 07/08) Block Loss: 2.9563e-05
		(Epoch 08/08) Block Loss: 2.9290e-05
	(1/3) Block 3/28, mlp.down_proj | Tuning Non-Factorized Weights...
		(Epoch 01/08) Block Loss: 2.8088e-05
		(Epoch 02/08) Block Loss: 2.6977e-05
		(Epoch 03/08) Block Loss: 2.6497e-05
		(Epoch 04/08) Block Loss: 2.6201e-05
		(Epoch 05/08) Block Loss: 2.6019e-05
		(Epoch 06/08) Block Loss: 2.5915e-05
		(Epoch 07/08) Block Loss: 2.5846e-05
		(Epoch 08/08) Block Loss: 2.5820e-05
	(2/3) Block 3/28, mlp.down_proj | Initialization via ADMM...
		ADMM weight recon error: raw=689.2800, norm=0.3474, per_el=2.1912e-04, out_err=0.2070, ADMM time=6.76s
	(3/3) Block 3/28, mlp.down_proj | Tuning Factorized Weights...
		(Epoch 01/08) Block Loss: 9.9609e-04
		(Epoch 02/08) Block Loss: 8.4128e-04
		(Epoch 03/08) Block Loss: 7.1878e-04
		(Epoch 04/08) Block Loss: 6.2737e-04
		(Epoch 05/08) Block Loss: 5.7709e-04
		(Epoch 06/08) Block Loss: 5.4597e-04
		(Epoch 07/08) Block Loss: 5.3038e-04
		(Epoch 08/08) Block Loss: 5.2494e-04
Using sequence length: 2048 (model max: 2048)
		Block 2 beta=0.75: block err = 0.0102, VALIDATION PPL = 17.930
	---- Block 3/28 candidate beta=1 ----
	(1/3) Block 3/28, self_attn.q_proj | Tuning Non-Factorized Weights...
		(Epoch 01/08) Block Loss: 5.0308e-05
		(Epoch 02/08) Block Loss: 3.1069e-05
		(Epoch 03/08) Block Loss: 2.6046e-05
		(Epoch 04/08) Block Loss: 2.4499e-05
		(Epoch 05/08) Block Loss: 2.2788e-05
		(Epoch 06/08) Block Loss: 2.1983e-05
		(Epoch 07/08) Block Loss: 2.1462e-05
		(Epoch 08/08) Block Loss: 2.1233e-05
	(2/3) Block 3/28, self_attn.q_proj | Initialization via ADMM...
		ADMM weight recon error: raw=531.3959, norm=0.2734, per_el=2.5339e-04, out_err=0.0770, ADMM time=1.69s
	(3/3) Block 3/28, self_attn.q_proj | Tuning Factorized Weights...
		(Epoch 01/08) Block Loss: 2.2124e-05
		(Epoch 02/08) Block Loss: 2.1857e-05
		(Epoch 03/08) Block Loss: 2.1770e-05
		(Epoch 04/08) Block Loss: 2.1718e-05
		(Epoch 05/08) Block Loss: 2.1682e-05
		(Epoch 06/08) Block Loss: 2.1657e-05
		(Epoch 07/08) Block Loss: 2.1637e-05
		(Epoch 08/08) Block Loss: 2.1617e-05
	(1/3) Block 3/28, self_attn.v_proj | Tuning Non-Factorized Weights...
		(Epoch 01/08) Block Loss: 2.8454e-05
		(Epoch 02/08) Block Loss: 2.6953e-05
		(Epoch 03/08) Block Loss: 2.2252e-05
		(Epoch 04/08) Block Loss: 2.1378e-05
		(Epoch 05/08) Block Loss: 2.0115e-05
		(Epoch 06/08) Block Loss: 1.9495e-05
		(Epoch 07/08) Block Loss: 1.9238e-05
		(Epoch 08/08) Block Loss: 1.9179e-05
	(2/3) Block 3/28, self_attn.v_proj | Initialization via ADMM...
		ADMM weight recon error: raw=287.1142, norm=0.3451, per_el=2.7381e-04, out_err=0.2376, ADMM time=2.03s
	(3/3) Block 3/28, self_attn.v_proj | Tuning Factorized Weights...
		(Epoch 01/08) Block Loss: 3.8585e-05
		(Epoch 02/08) Block Loss: 2.4145e-05
		(Epoch 03/08) Block Loss: 2.2981e-05
		(Epoch 04/08) Block Loss: 2.2574e-05
		(Epoch 05/08) Block Loss: 2.2404e-05
		(Epoch 06/08) Block Loss: 2.2208e-05
		(Epoch 07/08) Block Loss: 2.2127e-05
		(Epoch 08/08) Block Loss: 2.2089e-05
	(1/3) Block 3/28, self_attn.o_proj | Tuning Non-Factorized Weights...
		(Epoch 01/08) Block Loss: 2.4808e-05
		(Epoch 02/08) Block Loss: 2.3532e-05
		(Epoch 03/08) Block Loss: 2.0890e-05
		(Epoch 04/08) Block Loss: 2.0154e-05
		(Epoch 05/08) Block Loss: 1.9548e-05
		(Epoch 06/08) Block Loss: 1.9226e-05
		(Epoch 07/08) Block Loss: 1.9053e-05
		(Epoch 08/08) Block Loss: 1.8975e-05
	(2/3) Block 3/28, self_attn.o_proj | Initialization via ADMM...
		ADMM weight recon error: raw=421.1698, norm=0.2974, per_el=2.0083e-04, out_err=0.1802, ADMM time=1.26s
	(3/3) Block 3/28, self_attn.o_proj | Tuning Factorized Weights...
		(Epoch 01/08) Block Loss: 2.5778e-05
		(Epoch 02/08) Block Loss: 2.3654e-05
		(Epoch 03/08) Block Loss: 2.3238e-05
		(Epoch 04/08) Block Loss: 2.2952e-05
		(Epoch 05/08) Block Loss: 2.2764e-05
		(Epoch 06/08) Block Loss: 2.2665e-05
		(Epoch 07/08) Block Loss: 2.2532e-05
		(Epoch 08/08) Block Loss: 2.2413e-05
	(1/3) Block 3/28, self_attn.k_proj | Tuning Non-Factorized Weights...
		(Epoch 01/08) Block Loss: 2.1245e-05
		(Epoch 02/08) Block Loss: 2.0085e-05
		(Epoch 03/08) Block Loss: 1.9733e-05
		(Epoch 04/08) Block Loss: 1.9340e-05
		(Epoch 05/08) Block Loss: 1.9148e-05
		(Epoch 06/08) Block Loss: 1.9010e-05
		(Epoch 07/08) Block Loss: 1.8932e-05
		(Epoch 08/08) Block Loss: 1.8870e-05
	(2/3) Block 3/28, self_attn.k_proj | Initialization via ADMM...
		ADMM weight recon error: raw=255.6165, norm=0.2972, per_el=2.4377e-04, out_err=0.0604, ADMM time=1.38s
	(3/3) Block 3/28, self_attn.k_proj | Tuning Factorized Weights...
		(Epoch 01/08) Block Loss: 1.9599e-05
		(Epoch 02/08) Block Loss: 1.9391e-05
		(Epoch 03/08) Block Loss: 1.9317e-05
		(Epoch 04/08) Block Loss: 1.9279e-05
		(Epoch 05/08) Block Loss: 1.9257e-05
		(Epoch 06/08) Block Loss: 1.9242e-05
		(Epoch 07/08) Block Loss: 1.9231e-05
		(Epoch 08/08) Block Loss: 1.9221e-05
	(1/3) Block 3/28, mlp.gate_proj | Tuning Non-Factorized Weights...
		(Epoch 01/08) Block Loss: 1.9678e-05
		(Epoch 02/08) Block Loss: 1.9056e-05
		(Epoch 03/08) Block Loss: 1.8872e-05
		(Epoch 04/08) Block Loss: 1.8665e-05
		(Epoch 05/08) Block Loss: 1.8488e-05
		(Epoch 06/08) Block Loss: 1.8400e-05
		(Epoch 07/08) Block Loss: 1.8335e-05
		(Epoch 08/08) Block Loss: 1.8286e-05
	(2/3) Block 3/28, mlp.gate_proj | Initialization via ADMM...
		ADMM weight recon error: raw=1677.7422, norm=0.3277, per_el=5.3334e-04, out_err=0.0390, ADMM time=2.36s
	(3/3) Block 3/28, mlp.gate_proj | Tuning Factorized Weights...
Compressing Layers:  11%|███████████▎                                                                                             | 3/28 [37:53<5:04:06, 729.87s/it]		(Epoch 01/08) Block Loss: 1.3483e-04
		(Epoch 02/08) Block Loss: 2.7361e-05
		(Epoch 03/08) Block Loss: 2.6241e-05
		(Epoch 04/08) Block Loss: 2.5509e-05
		(Epoch 05/08) Block Loss: 2.5292e-05
		(Epoch 06/08) Block Loss: 2.4990e-05
		(Epoch 07/08) Block Loss: 2.4868e-05
		(Epoch 08/08) Block Loss: 2.4653e-05
	(1/3) Block 3/28, mlp.up_proj | Tuning Non-Factorized Weights...
		(Epoch 01/08) Block Loss: 2.3873e-05
		(Epoch 02/08) Block Loss: 2.2750e-05
		(Epoch 03/08) Block Loss: 2.2337e-05
		(Epoch 04/08) Block Loss: 2.2047e-05
		(Epoch 05/08) Block Loss: 2.1854e-05
		(Epoch 06/08) Block Loss: 2.1722e-05
		(Epoch 07/08) Block Loss: 2.1627e-05
		(Epoch 08/08) Block Loss: 2.1583e-05
	(2/3) Block 3/28, mlp.up_proj | Initialization via ADMM...
		ADMM weight recon error: raw=662.1667, norm=0.3463, per_el=2.1050e-04, out_err=0.2560, ADMM time=1.63s
	(3/3) Block 3/28, mlp.up_proj | Tuning Factorized Weights...
		(Epoch 01/08) Block Loss: 5.0202e-05
		(Epoch 02/08) Block Loss: 3.2498e-05
		(Epoch 03/08) Block Loss: 3.1409e-05
		(Epoch 04/08) Block Loss: 3.0899e-05
		(Epoch 05/08) Block Loss: 3.0717e-05
		(Epoch 06/08) Block Loss: 3.0493e-05
		(Epoch 07/08) Block Loss: 3.0367e-05
		(Epoch 08/08) Block Loss: 3.0015e-05
	(1/3) Block 3/28, mlp.down_proj | Tuning Non-Factorized Weights...
		(Epoch 01/08) Block Loss: 2.8771e-05
		(Epoch 02/08) Block Loss: 2.7635e-05
		(Epoch 03/08) Block Loss: 2.7185e-05
		(Epoch 04/08) Block Loss: 2.6835e-05
		(Epoch 05/08) Block Loss: 2.6654e-05
		(Epoch 06/08) Block Loss: 2.6522e-05
		(Epoch 07/08) Block Loss: 2.6421e-05
		(Epoch 08/08) Block Loss: 2.6390e-05
	(2/3) Block 3/28, mlp.down_proj | Initialization via ADMM...
		ADMM weight recon error: raw=682.8073, norm=0.3442, per_el=2.1706e-04, out_err=0.2727, ADMM time=2.57s
	(3/3) Block 3/28, mlp.down_proj | Tuning Factorized Weights...
		(Epoch 01/08) Block Loss: 1.1268e-03
		(Epoch 02/08) Block Loss: 1.0365e-03
		(Epoch 03/08) Block Loss: 9.2549e-04
		(Epoch 04/08) Block Loss: 8.4881e-04
		(Epoch 05/08) Block Loss: 7.9050e-04
		(Epoch 06/08) Block Loss: 7.5530e-04
		(Epoch 07/08) Block Loss: 7.4243e-04
		(Epoch 08/08) Block Loss: 7.3446e-04
Using sequence length: 2048 (model max: 2048)
		Block 2 beta=1: block err = 0.0140, VALIDATION PPL = 20.559
		Block 2: chosen beta=0.25 (val ppl 16.693; candidates [(0.0, 16.784), (0.25, 16.693), (0.5, 16.992), (0.75, 17.93), (1.0, 20.559)])
		Block 2: relative block output error = 0.0064
Using sequence length: 2048 (model max: 2048)
		Block 2: Test Data PPL        = 15.893
	---- Block 4/28 candidate beta=0 ----
	(1/3) Block 4/28, self_attn.q_proj | Tuning Non-Factorized Weights...
		(Epoch 01/08) Block Loss: 2.2245e-04
		(Epoch 02/08) Block Loss: 2.1623e-04
		(Epoch 03/08) Block Loss: 2.0625e-04
		(Epoch 04/08) Block Loss: 1.8729e-04
		(Epoch 05/08) Block Loss: 1.6717e-04
		(Epoch 06/08) Block Loss: 1.5303e-04
		(Epoch 07/08) Block Loss: 1.4601e-04
		(Epoch 08/08) Block Loss: 1.4385e-04
	(2/3) Block 4/28, self_attn.q_proj | Initialization via ADMM...
		ADMM weight recon error: raw=580.3900, norm=0.2961, per_el=2.7675e-04, out_err=0.0388, ADMM time=5.22s
	(3/3) Block 4/28, self_attn.q_proj | Tuning Factorized Weights...
		(Epoch 01/08) Block Loss: 1.4470e-04
		(Epoch 02/08) Block Loss: 1.4439e-04
		(Epoch 03/08) Block Loss: 1.4424e-04
		(Epoch 04/08) Block Loss: 1.4413e-04
		(Epoch 05/08) Block Loss: 1.4405e-04
		(Epoch 06/08) Block Loss: 1.4399e-04
		(Epoch 07/08) Block Loss: 1.4395e-04
		(Epoch 08/08) Block Loss: 1.4393e-04
	(1/3) Block 4/28, self_attn.v_proj | Tuning Non-Factorized Weights...
		(Epoch 01/08) Block Loss: 1.3906e-04
		(Epoch 02/08) Block Loss: 1.1875e-04
		(Epoch 03/08) Block Loss: 9.9490e-05
		(Epoch 04/08) Block Loss: 8.5030e-05
		(Epoch 05/08) Block Loss: 7.5070e-05
		(Epoch 06/08) Block Loss: 6.9250e-05
		(Epoch 07/08) Block Loss: 6.6354e-05
		(Epoch 08/08) Block Loss: 6.5371e-05
	(2/3) Block 4/28, self_attn.v_proj | Initialization via ADMM...
		ADMM weight recon error: raw=355.0252, norm=0.3337, per_el=3.3858e-04, out_err=0.1494, ADMM time=12.03s
	(3/3) Block 4/28, self_attn.v_proj | Tuning Factorized Weights...
		(Epoch 01/08) Block Loss: 6.9674e-05
		(Epoch 02/08) Block Loss: 5.8045e-05
		(Epoch 03/08) Block Loss: 5.1978e-05
		(Epoch 04/08) Block Loss: 4.9315e-05
		(Epoch 05/08) Block Loss: 4.7933e-05
		(Epoch 06/08) Block Loss: 4.7269e-05
		(Epoch 07/08) Block Loss: 4.6837e-05
		(Epoch 08/08) Block Loss: 4.6783e-05
	(1/3) Block 4/28, self_attn.o_proj | Tuning Non-Factorized Weights...
		(Epoch 01/08) Block Loss: 5.9555e-05
		(Epoch 02/08) Block Loss: 4.5549e-05
		(Epoch 03/08) Block Loss: 4.1106e-05
		(Epoch 04/08) Block Loss: 3.9278e-05
		(Epoch 05/08) Block Loss: 3.8119e-05
		(Epoch 06/08) Block Loss: 3.7380e-05
		(Epoch 07/08) Block Loss: 3.6971e-05
		(Epoch 08/08) Block Loss: 3.6820e-05
	(2/3) Block 4/28, self_attn.o_proj | Initialization via ADMM...
		ADMM weight recon error: raw=559.1578, norm=0.3000, per_el=2.6663e-04, out_err=0.0679, ADMM time=5.80s
	(3/3) Block 4/28, self_attn.o_proj | Tuning Factorized Weights...
		(Epoch 01/08) Block Loss: 5.3135e-05
		(Epoch 02/08) Block Loss: 3.8667e-05
		(Epoch 03/08) Block Loss: 3.5703e-05
		(Epoch 04/08) Block Loss: 3.4845e-05
		(Epoch 05/08) Block Loss: 3.4322e-05
		(Epoch 06/08) Block Loss: 3.4001e-05
		(Epoch 07/08) Block Loss: 3.3770e-05
		(Epoch 08/08) Block Loss: 3.3582e-05
	(1/3) Block 4/28, self_attn.k_proj | Tuning Non-Factorized Weights...
		(Epoch 01/08) Block Loss: 3.3729e-05
		(Epoch 02/08) Block Loss: 3.0784e-05
		(Epoch 03/08) Block Loss: 2.9834e-05
		(Epoch 04/08) Block Loss: 2.9281e-05
		(Epoch 05/08) Block Loss: 2.8966e-05
		(Epoch 06/08) Block Loss: 2.8656e-05
		(Epoch 07/08) Block Loss: 2.8517e-05
		(Epoch 08/08) Block Loss: 2.8441e-05
	(2/3) Block 4/28, self_attn.k_proj | Initialization via ADMM...
		ADMM weight recon error: raw=279.3304, norm=0.3132, per_el=2.6639e-04, out_err=0.0591, ADMM time=12.26s
	(3/3) Block 4/28, self_attn.k_proj | Tuning Factorized Weights...
		(Epoch 01/08) Block Loss: 1.1962e-02
		(Epoch 02/08) Block Loss: 1.3746e-04
		(Epoch 03/08) Block Loss: 7.1283e-05
		(Epoch 04/08) Block Loss: 5.3462e-05
		(Epoch 05/08) Block Loss: 4.7792e-05
		(Epoch 06/08) Block Loss: 4.5482e-05
		(Epoch 07/08) Block Loss: 4.4238e-05
		(Epoch 08/08) Block Loss: 4.3569e-05
	(1/3) Block 4/28, mlp.gate_proj | Tuning Non-Factorized Weights...
		(Epoch 01/08) Block Loss: 3.8025e-05
		(Epoch 02/08) Block Loss: 3.5058e-05
		(Epoch 03/08) Block Loss: 3.4247e-05
		(Epoch 04/08) Block Loss: 3.3803e-05
		(Epoch 05/08) Block Loss: 3.3442e-05
		(Epoch 06/08) Block Loss: 3.3226e-05
		(Epoch 07/08) Block Loss: 3.3095e-05
		(Epoch 08/08) Block Loss: 3.3035e-05
	(2/3) Block 4/28, mlp.gate_proj | Initialization via ADMM...
		ADMM weight recon error: raw=1908.1666, norm=0.3549, per_el=6.0659e-04, out_err=0.0301, ADMM time=5.20s
	(3/3) Block 4/28, mlp.gate_proj | Tuning Factorized Weights...
		(Epoch 01/08) Block Loss: 5.4338e-05
		(Epoch 02/08) Block Loss: 4.0508e-05
		(Epoch 03/08) Block Loss: 3.8270e-05
		(Epoch 04/08) Block Loss: 3.7453e-05
		(Epoch 05/08) Block Loss: 3.7163e-05
		(Epoch 06/08) Block Loss: 3.6994e-05
		(Epoch 07/08) Block Loss: 3.6865e-05
		(Epoch 08/08) Block Loss: 3.6742e-05
	(1/3) Block 4/28, mlp.up_proj | Tuning Non-Factorized Weights...
		(Epoch 01/08) Block Loss: 3.6651e-05
		(Epoch 02/08) Block Loss: 3.5631e-05
		(Epoch 03/08) Block Loss: 3.5174e-05
		(Epoch 04/08) Block Loss: 3.4896e-05
		(Epoch 05/08) Block Loss: 3.4671e-05
		(Epoch 06/08) Block Loss: 3.4521e-05
		(Epoch 07/08) Block Loss: 3.4434e-05
		(Epoch 08/08) Block Loss: 3.4393e-05
	(2/3) Block 4/28, mlp.up_proj | Initialization via ADMM...
		ADMM weight recon error: raw=764.5506, norm=0.3593, per_el=2.4304e-04, out_err=0.1369, ADMM time=5.63s
	(3/3) Block 4/28, mlp.up_proj | Tuning Factorized Weights...
		(Epoch 01/08) Block Loss: 5.5607e-05
		(Epoch 02/08) Block Loss: 4.2941e-05
		(Epoch 03/08) Block Loss: 4.2064e-05
		(Epoch 04/08) Block Loss: 4.1813e-05
		(Epoch 05/08) Block Loss: 4.1639e-05
		(Epoch 06/08) Block Loss: 4.1555e-05
		(Epoch 07/08) Block Loss: 4.1379e-05
		(Epoch 08/08) Block Loss: 4.1104e-05
	(1/3) Block 4/28, mlp.down_proj | Tuning Non-Factorized Weights...
		(Epoch 01/08) Block Loss: 4.0143e-05
		(Epoch 02/08) Block Loss: 3.9334e-05
		(Epoch 03/08) Block Loss: 3.8876e-05
		(Epoch 04/08) Block Loss: 3.8591e-05
		(Epoch 05/08) Block Loss: 3.8395e-05
		(Epoch 06/08) Block Loss: 3.8272e-05
		(Epoch 07/08) Block Loss: 3.8209e-05
		(Epoch 08/08) Block Loss: 3.8184e-05
	(2/3) Block 4/28, mlp.down_proj | Initialization via ADMM...
		ADMM weight recon error: raw=806.7032, norm=0.3576, per_el=2.5644e-04, out_err=0.1485, ADMM time=5.81s
	(3/3) Block 4/28, mlp.down_proj | Tuning Factorized Weights...
		(Epoch 01/08) Block Loss: 5.5178e-05
		(Epoch 02/08) Block Loss: 5.0049e-05
		(Epoch 03/08) Block Loss: 4.8962e-05
		(Epoch 04/08) Block Loss: 4.9245e-05
		(Epoch 05/08) Block Loss: 4.9448e-05
		(Epoch 06/08) Block Loss: 4.9714e-05
		(Epoch 07/08) Block Loss: 4.9366e-05
		(Epoch 08/08) Block Loss: 4.9023e-05
Using sequence length: 2048 (model max: 2048)
		Block 3 beta=0: block err = 0.0014, VALIDATION PPL = 21.101
	---- Block 4/28 candidate beta=0.25 ----
	(1/3) Block 4/28, self_attn.q_proj | Tuning Non-Factorized Weights...
		(Epoch 01/08) Block Loss: 2.2245e-04
		(Epoch 02/08) Block Loss: 2.1623e-04
		(Epoch 03/08) Block Loss: 2.0623e-04
		(Epoch 04/08) Block Loss: 1.8722e-04
		(Epoch 05/08) Block Loss: 1.6709e-04
		(Epoch 06/08) Block Loss: 1.5298e-04
		(Epoch 07/08) Block Loss: 1.4600e-04
		(Epoch 08/08) Block Loss: 1.4386e-04
	(2/3) Block 4/28, self_attn.q_proj | Initialization via ADMM...
		ADMM weight recon error: raw=572.5480, norm=0.2921, per_el=2.7301e-04, out_err=0.0406, ADMM time=5.78s
	(3/3) Block 4/28, self_attn.q_proj | Tuning Factorized Weights...
		(Epoch 01/08) Block Loss: 1.4484e-04
		(Epoch 02/08) Block Loss: 1.4450e-04
		(Epoch 03/08) Block Loss: 1.4434e-04
		(Epoch 04/08) Block Loss: 1.4423e-04
		(Epoch 05/08) Block Loss: 1.4414e-04
		(Epoch 06/08) Block Loss: 1.4408e-04
		(Epoch 07/08) Block Loss: 1.4404e-04
		(Epoch 08/08) Block Loss: 1.4402e-04
	(1/3) Block 4/28, self_attn.v_proj | Tuning Non-Factorized Weights...
		(Epoch 01/08) Block Loss: 1.3731e-04
		(Epoch 02/08) Block Loss: 1.1499e-04
		(Epoch 03/08) Block Loss: 1.0103e-04
		(Epoch 04/08) Block Loss: 8.9724e-05
		(Epoch 05/08) Block Loss: 8.1218e-05
		(Epoch 06/08) Block Loss: 7.6172e-05
		(Epoch 07/08) Block Loss: 7.3530e-05
		(Epoch 08/08) Block Loss: 7.2668e-05
	(2/3) Block 4/28, self_attn.v_proj | Initialization via ADMM...
		ADMM weight recon error: raw=348.9284, norm=0.3304, per_el=3.3276e-04, out_err=0.1590, ADMM time=11.91s
	(3/3) Block 4/28, self_attn.v_proj | Tuning Factorized Weights...
		(Epoch 01/08) Block Loss: 7.0858e-05
		(Epoch 02/08) Block Loss: 6.1263e-05
		(Epoch 03/08) Block Loss: 5.6296e-05
		(Epoch 04/08) Block Loss: 5.2839e-05
		(Epoch 05/08) Block Loss: 5.0943e-05
		(Epoch 06/08) Block Loss: 5.0004e-05
		(Epoch 07/08) Block Loss: 4.9358e-05
		(Epoch 08/08) Block Loss: 4.9194e-05
	(1/3) Block 4/28, self_attn.o_proj | Tuning Non-Factorized Weights...
		(Epoch 01/08) Block Loss: 5.5911e-05
		(Epoch 02/08) Block Loss: 4.4547e-05
		(Epoch 03/08) Block Loss: 4.0927e-05
		(Epoch 04/08) Block Loss: 3.8943e-05
		(Epoch 05/08) Block Loss: 3.7596e-05
		(Epoch 06/08) Block Loss: 3.6668e-05
		(Epoch 07/08) Block Loss: 3.6185e-05
		(Epoch 08/08) Block Loss: 3.6014e-05
	(2/3) Block 4/28, self_attn.o_proj | Initialization via ADMM...
		ADMM weight recon error: raw=543.7771, norm=0.2917, per_el=2.5929e-04, out_err=0.0721, ADMM time=5.24s
	(3/3) Block 4/28, self_attn.o_proj | Tuning Factorized Weights...
		(Epoch 01/08) Block Loss: 5.0894e-05
		(Epoch 02/08) Block Loss: 3.7606e-05
		(Epoch 03/08) Block Loss: 3.4993e-05
		(Epoch 04/08) Block Loss: 3.4277e-05
		(Epoch 05/08) Block Loss: 3.3935e-05
		(Epoch 06/08) Block Loss: 3.3491e-05
		(Epoch 07/08) Block Loss: 3.3311e-05
		(Epoch 08/08) Block Loss: 3.3097e-05
	(1/3) Block 4/28, self_attn.k_proj | Tuning Non-Factorized Weights...
		(Epoch 01/08) Block Loss: 3.2293e-05
		(Epoch 02/08) Block Loss: 3.0256e-05
		(Epoch 03/08) Block Loss: 2.9302e-05
		(Epoch 04/08) Block Loss: 2.8813e-05
		(Epoch 05/08) Block Loss: 2.8450e-05
		(Epoch 06/08) Block Loss: 2.8182e-05
		(Epoch 07/08) Block Loss: 2.8068e-05
		(Epoch 08/08) Block Loss: 2.7980e-05
	(2/3) Block 4/28, self_attn.k_proj | Initialization via ADMM...
		ADMM weight recon error: raw=275.6639, norm=0.3090, per_el=2.6289e-04, out_err=0.0621, ADMM time=11.16s
	(3/3) Block 4/28, self_attn.k_proj | Tuning Factorized Weights...
		(Epoch 01/08) Block Loss: 3.0471e-05
		(Epoch 02/08) Block Loss: 2.9578e-05
		(Epoch 03/08) Block Loss: 2.9229e-05
		(Epoch 04/08) Block Loss: 2.9040e-05
		(Epoch 05/08) Block Loss: 2.8911e-05
		(Epoch 06/08) Block Loss: 2.8817e-05
		(Epoch 07/08) Block Loss: 2.8774e-05
		(Epoch 08/08) Block Loss: 2.8761e-05
	(1/3) Block 4/28, mlp.gate_proj | Tuning Non-Factorized Weights...
		(Epoch 01/08) Block Loss: 2.8928e-05
		(Epoch 02/08) Block Loss: 2.8351e-05
		(Epoch 03/08) Block Loss: 2.7973e-05
		(Epoch 04/08) Block Loss: 2.7686e-05
		(Epoch 05/08) Block Loss: 2.7465e-05
		(Epoch 06/08) Block Loss: 2.7309e-05
		(Epoch 07/08) Block Loss: 2.7215e-05
		(Epoch 08/08) Block Loss: 2.7173e-05
	(2/3) Block 4/28, mlp.gate_proj | Initialization via ADMM...
		ADMM weight recon error: raw=1874.0667, norm=0.3507, per_el=5.9575e-04, out_err=0.0326, ADMM time=5.18s
	(3/3) Block 4/28, mlp.gate_proj | Tuning Factorized Weights...
		(Epoch 01/08) Block Loss: 3.6343e-05
		(Epoch 02/08) Block Loss: 3.2814e-05
		(Epoch 03/08) Block Loss: 3.1852e-05
		(Epoch 04/08) Block Loss: 3.1520e-05
		(Epoch 05/08) Block Loss: 3.1361e-05
		(Epoch 06/08) Block Loss: 3.1262e-05
		(Epoch 07/08) Block Loss: 3.1170e-05
		(Epoch 08/08) Block Loss: 3.1015e-05
	(1/3) Block 4/28, mlp.up_proj | Tuning Non-Factorized Weights...
		(Epoch 01/08) Block Loss: 3.0638e-05
		(Epoch 02/08) Block Loss: 2.9990e-05
		(Epoch 03/08) Block Loss: 2.9613e-05
		(Epoch 04/08) Block Loss: 2.9369e-05
		(Epoch 05/08) Block Loss: 2.9184e-05
		(Epoch 06/08) Block Loss: 2.9060e-05
		(Epoch 07/08) Block Loss: 2.8986e-05
		(Epoch 08/08) Block Loss: 2.8954e-05
	(2/3) Block 4/28, mlp.up_proj | Initialization via ADMM...
		ADMM weight recon error: raw=753.6227, norm=0.3541, per_el=2.3957e-04, out_err=0.1419, ADMM time=6.61s
	(3/3) Block 4/28, mlp.up_proj | Tuning Factorized Weights...
		(Epoch 01/08) Block Loss: 4.4076e-05
		(Epoch 02/08) Block Loss: 3.7933e-05
		(Epoch 03/08) Block Loss: 3.7345e-05
		(Epoch 04/08) Block Loss: 3.7169e-05
		(Epoch 05/08) Block Loss: 3.7069e-05
		(Epoch 06/08) Block Loss: 3.6999e-05
		(Epoch 07/08) Block Loss: 3.6848e-05
		(Epoch 08/08) Block Loss: 3.6504e-05
	(1/3) Block 4/28, mlp.down_proj | Tuning Non-Factorized Weights...
		(Epoch 01/08) Block Loss: 3.5247e-05
		(Epoch 02/08) Block Loss: 3.4336e-05
		(Epoch 03/08) Block Loss: 3.3859e-05
		(Epoch 04/08) Block Loss: 3.3572e-05
		(Epoch 05/08) Block Loss: 3.3386e-05
		(Epoch 06/08) Block Loss: 3.3271e-05
		(Epoch 07/08) Block Loss: 3.3212e-05
		(Epoch 08/08) Block Loss: 3.3189e-05
	(2/3) Block 4/28, mlp.down_proj | Initialization via ADMM...
		ADMM weight recon error: raw=759.9436, norm=0.3492, per_el=2.4158e-04, out_err=0.1568, ADMM time=5.23s
	(3/3) Block 4/28, mlp.down_proj | Tuning Factorized Weights...
		(Epoch 01/08) Block Loss: 4.6835e-05
		(Epoch 02/08) Block Loss: 4.5263e-05
		(Epoch 03/08) Block Loss: 4.5658e-05
		(Epoch 04/08) Block Loss: 4.5735e-05
		(Epoch 05/08) Block Loss: 4.5727e-05
		(Epoch 06/08) Block Loss: 4.5665e-05
		(Epoch 07/08) Block Loss: 4.5844e-05
		(Epoch 08/08) Block Loss: 4.5264e-05
Using sequence length: 2048 (model max: 2048)
		Block 3 beta=0.25: block err = 0.0013, VALIDATION PPL = 19.839
	---- Block 4/28 candidate beta=0.5 ----
	(1/3) Block 4/28, self_attn.q_proj | Tuning Non-Factorized Weights...
		(Epoch 01/08) Block Loss: 2.2245e-04
		(Epoch 02/08) Block Loss: 2.1623e-04
		(Epoch 03/08) Block Loss: 2.0626e-04
		(Epoch 04/08) Block Loss: 1.8731e-04
		(Epoch 05/08) Block Loss: 1.6720e-04
		(Epoch 06/08) Block Loss: 1.5306e-04
		(Epoch 07/08) Block Loss: 1.4606e-04
		(Epoch 08/08) Block Loss: 1.4391e-04
	(2/3) Block 4/28, self_attn.q_proj | Initialization via ADMM...
		ADMM weight recon error: raw=567.1503, norm=0.2894, per_el=2.7044e-04, out_err=0.0433, ADMM time=5.85s
	(3/3) Block 4/28, self_attn.q_proj | Tuning Factorized Weights...
		(Epoch 01/08) Block Loss: 1.4499e-04
		(Epoch 02/08) Block Loss: 1.4459e-04
		(Epoch 03/08) Block Loss: 1.4442e-04
		(Epoch 04/08) Block Loss: 1.4429e-04
		(Epoch 05/08) Block Loss: 1.4419e-04
		(Epoch 06/08) Block Loss: 1.4413e-04
		(Epoch 07/08) Block Loss: 1.4409e-04
		(Epoch 08/08) Block Loss: 1.4407e-04
	(1/3) Block 4/28, self_attn.v_proj | Tuning Non-Factorized Weights...
		(Epoch 01/08) Block Loss: 1.2985e-04
		(Epoch 02/08) Block Loss: 1.0564e-04
		(Epoch 03/08) Block Loss: 8.6145e-05
		(Epoch 04/08) Block Loss: 7.2171e-05
		(Epoch 05/08) Block Loss: 6.2869e-05
		(Epoch 06/08) Block Loss: 5.7483e-05
		(Epoch 07/08) Block Loss: 5.5011e-05
		(Epoch 08/08) Block Loss: 5.4143e-05
	(2/3) Block 4/28, self_attn.v_proj | Initialization via ADMM...
		ADMM weight recon error: raw=346.2684, norm=0.3183, per_el=3.3023e-04, out_err=0.1604, ADMM time=10.54s
	(3/3) Block 4/28, self_attn.v_proj | Tuning Factorized Weights...
		(Epoch 01/08) Block Loss: 5.5333e-05
		(Epoch 02/08) Block Loss: 4.6245e-05
		(Epoch 03/08) Block Loss: 4.3409e-05
		(Epoch 04/08) Block Loss: 4.2073e-05
		(Epoch 05/08) Block Loss: 4.1340e-05
		(Epoch 06/08) Block Loss: 4.0843e-05
		(Epoch 07/08) Block Loss: 4.0593e-05
		(Epoch 08/08) Block Loss: 4.0514e-05
	(1/3) Block 4/28, self_attn.o_proj | Tuning Non-Factorized Weights...
		(Epoch 01/08) Block Loss: 6.7960e-05
		(Epoch 02/08) Block Loss: 5.0066e-05
		(Epoch 03/08) Block Loss: 4.1392e-05
		(Epoch 04/08) Block Loss: 3.8514e-05
		(Epoch 05/08) Block Loss: 3.7197e-05
		(Epoch 06/08) Block Loss: 3.6479e-05
		(Epoch 07/08) Block Loss: 3.6116e-05
		(Epoch 08/08) Block Loss: 3.5993e-05
	(2/3) Block 4/28, self_attn.o_proj | Initialization via ADMM...
		ADMM weight recon error: raw=533.4921, norm=0.2874, per_el=2.5439e-04, out_err=0.0758, ADMM time=5.14s
	(3/3) Block 4/28, self_attn.o_proj | Tuning Factorized Weights...
		(Epoch 01/08) Block Loss: 5.4998e-05
		(Epoch 02/08) Block Loss: 3.8956e-05
		(Epoch 03/08) Block Loss: 3.6188e-05
		(Epoch 04/08) Block Loss: 3.5458e-05
		(Epoch 05/08) Block Loss: 3.5036e-05
		(Epoch 06/08) Block Loss: 3.4699e-05
		(Epoch 07/08) Block Loss: 3.4414e-05
		(Epoch 08/08) Block Loss: 3.4165e-05
	(1/3) Block 4/28, self_attn.k_proj | Tuning Non-Factorized Weights...
		(Epoch 01/08) Block Loss: 3.2811e-05
		(Epoch 02/08) Block Loss: 3.0782e-05
		(Epoch 03/08) Block Loss: 2.9750e-05
		(Epoch 04/08) Block Loss: 2.9226e-05
		(Epoch 05/08) Block Loss: 2.8830e-05
		(Epoch 06/08) Block Loss: 2.8550e-05
		(Epoch 07/08) Block Loss: 2.8422e-05
		(Epoch 08/08) Block Loss: 2.8339e-05
	(2/3) Block 4/28, self_attn.k_proj | Initialization via ADMM...
		ADMM weight recon error: raw=272.5659, norm=0.3056, per_el=2.5994e-04, out_err=0.0663, ADMM time=11.98s
	(3/3) Block 4/28, self_attn.k_proj | Tuning Factorized Weights...
		(Epoch 01/08) Block Loss: 2.9947e-05
		(Epoch 02/08) Block Loss: 2.9441e-05
		(Epoch 03/08) Block Loss: 2.9212e-05
		(Epoch 04/08) Block Loss: 2.9107e-05
		(Epoch 05/08) Block Loss: 2.9031e-05
		(Epoch 06/08) Block Loss: 2.8966e-05
		(Epoch 07/08) Block Loss: 2.8933e-05
		(Epoch 08/08) Block Loss: 2.8915e-05
	(1/3) Block 4/28, mlp.gate_proj | Tuning Non-Factorized Weights...
		(Epoch 01/08) Block Loss: 2.9109e-05
		(Epoch 02/08) Block Loss: 2.8511e-05
		(Epoch 03/08) Block Loss: 2.8116e-05
		(Epoch 04/08) Block Loss: 2.7824e-05
		(Epoch 05/08) Block Loss: 2.7590e-05
		(Epoch 06/08) Block Loss: 2.7431e-05
		(Epoch 07/08) Block Loss: 2.7334e-05
		(Epoch 08/08) Block Loss: 2.7291e-05
	(2/3) Block 4/28, mlp.gate_proj | Initialization via ADMM...
		ADMM weight recon error: raw=1860.0161, norm=0.3460, per_el=5.9128e-04, out_err=0.0342, ADMM time=5.18s
	(3/3) Block 4/28, mlp.gate_proj | Tuning Factorized Weights...
		(Epoch 01/08) Block Loss: 3.7005e-05
		(Epoch 02/08) Block Loss: 3.3122e-05
		(Epoch 03/08) Block Loss: 3.2138e-05
		(Epoch 04/08) Block Loss: 3.1769e-05
		(Epoch 05/08) Block Loss: 3.1592e-05
		(Epoch 06/08) Block Loss: 3.1487e-05
		(Epoch 07/08) Block Loss: 3.1387e-05
		(Epoch 08/08) Block Loss: 3.1241e-05
	(1/3) Block 4/28, mlp.up_proj | Tuning Non-Factorized Weights...
		(Epoch 01/08) Block Loss: 3.0886e-05
		(Epoch 02/08) Block Loss: 3.0199e-05
		(Epoch 03/08) Block Loss: 2.9830e-05
		(Epoch 04/08) Block Loss: 2.9579e-05
		(Epoch 05/08) Block Loss: 2.9392e-05
		(Epoch 06/08) Block Loss: 2.9269e-05
		(Epoch 07/08) Block Loss: 2.9192e-05
		(Epoch 08/08) Block Loss: 2.9159e-05
	(2/3) Block 4/28, mlp.up_proj | Initialization via ADMM...
		ADMM weight recon error: raw=751.2672, norm=0.3504, per_el=2.3882e-04, out_err=0.1477, ADMM time=6.71s
	(3/3) Block 4/28, mlp.up_proj | Tuning Factorized Weights...
		(Epoch 01/08) Block Loss: 4.4540e-05
		(Epoch 02/08) Block Loss: 3.8333e-05
		(Epoch 03/08) Block Loss: 3.7721e-05
		(Epoch 04/08) Block Loss: 3.7535e-05
		(Epoch 05/08) Block Loss: 3.7412e-05
		(Epoch 06/08) Block Loss: 3.7330e-05
		(Epoch 07/08) Block Loss: 3.7139e-05
		(Epoch 08/08) Block Loss: 3.6802e-05
	(1/3) Block 4/28, mlp.down_proj | Tuning Non-Factorized Weights...
		(Epoch 01/08) Block Loss: 3.5518e-05
		(Epoch 02/08) Block Loss: 3.4577e-05
		(Epoch 03/08) Block Loss: 3.4089e-05
		(Epoch 04/08) Block Loss: 3.3793e-05
		(Epoch 05/08) Block Loss: 3.3601e-05
		(Epoch 06/08) Block Loss: 3.3483e-05
		(Epoch 07/08) Block Loss: 3.3422e-05
		(Epoch 08/08) Block Loss: 3.3399e-05
	(2/3) Block 4/28, mlp.down_proj | Initialization via ADMM...
		ADMM weight recon error: raw=754.2546, norm=0.3441, per_el=2.3977e-04, out_err=0.1632, ADMM time=4.97s
	(3/3) Block 4/28, mlp.down_proj | Tuning Factorized Weights...
		(Epoch 01/08) Block Loss: 4.7412e-05
		(Epoch 02/08) Block Loss: 4.5781e-05
		(Epoch 03/08) Block Loss: 4.5905e-05
		(Epoch 04/08) Block Loss: 4.6314e-05
		(Epoch 05/08) Block Loss: 4.6286e-05
		(Epoch 06/08) Block Loss: 4.6240e-05
		(Epoch 07/08) Block Loss: 4.6345e-05
		(Epoch 08/08) Block Loss: 4.5667e-05
Using sequence length: 2048 (model max: 2048)
		Block 3 beta=0.5: block err = 0.0013, VALIDATION PPL = 19.871
	---- Block 4/28 candidate beta=0.75 ----
	(1/3) Block 4/28, self_attn.q_proj | Tuning Non-Factorized Weights...
		(Epoch 01/08) Block Loss: 2.2245e-04
		(Epoch 02/08) Block Loss: 2.1623e-04
		(Epoch 03/08) Block Loss: 2.0620e-04
		(Epoch 04/08) Block Loss: 1.8711e-04
		(Epoch 05/08) Block Loss: 1.6695e-04
		(Epoch 06/08) Block Loss: 1.5284e-04
		(Epoch 07/08) Block Loss: 1.4585e-04
		(Epoch 08/08) Block Loss: 1.4370e-04
	(2/3) Block 4/28, self_attn.q_proj | Initialization via ADMM...
		ADMM weight recon error: raw=561.5259, norm=0.2865, per_el=2.6776e-04, out_err=0.0474, ADMM time=5.79s
	(3/3) Block 4/28, self_attn.q_proj | Tuning Factorized Weights...
		(Epoch 01/08) Block Loss: 1.4494e-04
		(Epoch 02/08) Block Loss: 1.4449e-04
		(Epoch 03/08) Block Loss: 1.4429e-04
		(Epoch 04/08) Block Loss: 1.4415e-04
		(Epoch 05/08) Block Loss: 1.4405e-04
		(Epoch 06/08) Block Loss: 1.4398e-04
		(Epoch 07/08) Block Loss: 1.4394e-04
		(Epoch 08/08) Block Loss: 1.4392e-04
	(1/3) Block 4/28, self_attn.v_proj | Tuning Non-Factorized Weights...
		(Epoch 01/08) Block Loss: 1.3011e-04
		(Epoch 02/08) Block Loss: 1.0579e-04
		(Epoch 03/08) Block Loss: 8.8815e-05
		(Epoch 04/08) Block Loss: 7.6214e-05
		(Epoch 05/08) Block Loss: 6.7726e-05
		(Epoch 06/08) Block Loss: 6.2480e-05
		(Epoch 07/08) Block Loss: 5.9940e-05
		(Epoch 08/08) Block Loss: 5.9082e-05
	(2/3) Block 4/28, self_attn.v_proj | Initialization via ADMM...
		ADMM weight recon error: raw=342.6058, norm=0.3172, per_el=3.2673e-04, out_err=0.1783, ADMM time=11.74s
	(3/3) Block 4/28, self_attn.v_proj | Tuning Factorized Weights...
		(Epoch 01/08) Block Loss: 5.9527e-05
		(Epoch 02/08) Block Loss: 5.0472e-05
		(Epoch 03/08) Block Loss: 4.6207e-05
		(Epoch 04/08) Block Loss: 4.4885e-05
		(Epoch 05/08) Block Loss: 4.3832e-05
		(Epoch 06/08) Block Loss: 4.3222e-05
		(Epoch 07/08) Block Loss: 4.2846e-05
		(Epoch 08/08) Block Loss: 4.2735e-05
	(1/3) Block 4/28, self_attn.o_proj | Tuning Non-Factorized Weights...
		(Epoch 01/08) Block Loss: 6.3663e-05
		(Epoch 02/08) Block Loss: 4.6492e-05
		(Epoch 03/08) Block Loss: 4.0649e-05
		(Epoch 04/08) Block Loss: 3.8580e-05
		(Epoch 05/08) Block Loss: 3.7406e-05
		(Epoch 06/08) Block Loss: 3.6711e-05
		(Epoch 07/08) Block Loss: 3.6345e-05
		(Epoch 08/08) Block Loss: 3.6215e-05
	(2/3) Block 4/28, self_attn.o_proj | Initialization via ADMM...
		ADMM weight recon error: raw=525.2732, norm=0.2830, per_el=2.5047e-04, out_err=0.0864, ADMM time=4.85s
	(3/3) Block 4/28, self_attn.o_proj | Tuning Factorized Weights...
		(Epoch 01/08) Block Loss: 5.3207e-05
		(Epoch 02/08) Block Loss: 3.8482e-05
		(Epoch 03/08) Block Loss: 3.5964e-05
		(Epoch 04/08) Block Loss: 3.5232e-05
		(Epoch 05/08) Block Loss: 3.4995e-05
		(Epoch 06/08) Block Loss: 3.4529e-05
		(Epoch 07/08) Block Loss: 3.4322e-05
		(Epoch 08/08) Block Loss: 3.4089e-05
	(1/3) Block 4/28, self_attn.k_proj | Tuning Non-Factorized Weights...
		(Epoch 01/08) Block Loss: 3.2620e-05
		(Epoch 02/08) Block Loss: 3.0781e-05
		(Epoch 03/08) Block Loss: 2.9708e-05
		(Epoch 04/08) Block Loss: 2.9212e-05
		(Epoch 05/08) Block Loss: 2.8824e-05
		(Epoch 06/08) Block Loss: 2.8537e-05
		(Epoch 07/08) Block Loss: 2.8413e-05
		(Epoch 08/08) Block Loss: 2.8327e-05
	(2/3) Block 4/28, self_attn.k_proj | Initialization via ADMM...
		ADMM weight recon error: raw=270.6565, norm=0.3034, per_el=2.5812e-04, out_err=0.0730, ADMM time=11.90s
	(3/3) Block 4/28, self_attn.k_proj | Tuning Factorized Weights...
		(Epoch 01/08) Block Loss: 2.9899e-05
		(Epoch 02/08) Block Loss: 2.9404e-05
		(Epoch 03/08) Block Loss: 2.9245e-05
		(Epoch 04/08) Block Loss: 2.9126e-05
		(Epoch 05/08) Block Loss: 2.9047e-05
		(Epoch 06/08) Block Loss: 2.8984e-05
		(Epoch 07/08) Block Loss: 2.8948e-05
		(Epoch 08/08) Block Loss: 2.8936e-05
	(1/3) Block 4/28, mlp.gate_proj | Tuning Non-Factorized Weights...
		(Epoch 01/08) Block Loss: 2.9230e-05
		(Epoch 02/08) Block Loss: 2.8580e-05
		(Epoch 03/08) Block Loss: 2.8198e-05
		(Epoch 04/08) Block Loss: 2.7919e-05
		(Epoch 05/08) Block Loss: 2.7702e-05
		(Epoch 06/08) Block Loss: 2.7544e-05
		(Epoch 07/08) Block Loss: 2.7449e-05
		(Epoch 08/08) Block Loss: 2.7406e-05
	(2/3) Block 4/28, mlp.gate_proj | Initialization via ADMM...
		ADMM weight recon error: raw=1839.4008, norm=0.3422, per_el=5.8473e-04, out_err=0.0372, ADMM time=4.80s
	(3/3) Block 4/28, mlp.gate_proj | Tuning Factorized Weights...
		(Epoch 01/08) Block Loss: 3.7618e-05
		(Epoch 02/08) Block Loss: 3.3575e-05
		(Epoch 03/08) Block Loss: 3.2503e-05
		(Epoch 04/08) Block Loss: 3.2105e-05
		(Epoch 05/08) Block Loss: 3.1910e-05
		(Epoch 06/08) Block Loss: 3.1796e-05
		(Epoch 07/08) Block Loss: 3.1690e-05
		(Epoch 08/08) Block Loss: 3.1538e-05
	(1/3) Block 4/28, mlp.up_proj | Tuning Non-Factorized Weights...
		(Epoch 01/08) Block Loss: 3.1125e-05
		(Epoch 02/08) Block Loss: 3.0409e-05
		(Epoch 03/08) Block Loss: 3.0016e-05
		(Epoch 04/08) Block Loss: 2.9760e-05
		(Epoch 05/08) Block Loss: 2.9568e-05
		(Epoch 06/08) Block Loss: 2.9440e-05
		(Epoch 07/08) Block Loss: 2.9361e-05
		(Epoch 08/08) Block Loss: 2.9328e-05
	(2/3) Block 4/28, mlp.up_proj | Initialization via ADMM...
		ADMM weight recon error: raw=744.9864, norm=0.3501, per_el=2.3682e-04, out_err=0.1630, ADMM time=6.62s
	(3/3) Block 4/28, mlp.up_proj | Tuning Factorized Weights...
		(Epoch 01/08) Block Loss: 4.4459e-05
		(Epoch 02/08) Block Loss: 3.8920e-05
		(Epoch 03/08) Block Loss: 3.8267e-05
		(Epoch 04/08) Block Loss: 3.8038e-05
		(Epoch 05/08) Block Loss: 3.7858e-05
		(Epoch 06/08) Block Loss: 3.7774e-05
		(Epoch 07/08) Block Loss: 3.7548e-05
		(Epoch 08/08) Block Loss: 3.7195e-05
	(1/3) Block 4/28, mlp.down_proj | Tuning Non-Factorized Weights...
		(Epoch 01/08) Block Loss: 3.5837e-05
		(Epoch 02/08) Block Loss: 3.4859e-05
		(Epoch 03/08) Block Loss: 3.4349e-05
		(Epoch 04/08) Block Loss: 3.4045e-05
		(Epoch 05/08) Block Loss: 3.3848e-05
		(Epoch 06/08) Block Loss: 3.3727e-05
		(Epoch 07/08) Block Loss: 3.3665e-05
		(Epoch 08/08) Block Loss: 3.3641e-05
	(2/3) Block 4/28, mlp.down_proj | Initialization via ADMM...
		ADMM weight recon error: raw=740.9465, norm=0.3380, per_el=2.3554e-04, out_err=0.1769, ADMM time=5.34s
	(3/3) Block 4/28, mlp.down_proj | Tuning Factorized Weights...
		(Epoch 01/08) Block Loss: 4.8222e-05
		(Epoch 02/08) Block Loss: 4.6574e-05
		(Epoch 03/08) Block Loss: 4.6755e-05
		(Epoch 04/08) Block Loss: 4.6960e-05
		(Epoch 05/08) Block Loss: 4.7098e-05
		(Epoch 06/08) Block Loss: 4.6984e-05
		(Epoch 07/08) Block Loss: 4.6874e-05
		(Epoch 08/08) Block Loss: 4.6397e-05
Using sequence length: 2048 (model max: 2048)
		Block 3 beta=0.75: block err = 0.0013, VALIDATION PPL = 20.642
	---- Block 4/28 candidate beta=1 ----
	(1/3) Block 4/28, self_attn.q_proj | Tuning Non-Factorized Weights...
		(Epoch 01/08) Block Loss: 2.2245e-04
		(Epoch 02/08) Block Loss: 2.1623e-04
		(Epoch 03/08) Block Loss: 2.0622e-04
		(Epoch 04/08) Block Loss: 1.8721e-04
		(Epoch 05/08) Block Loss: 1.6708e-04
		(Epoch 06/08) Block Loss: 1.5298e-04
		(Epoch 07/08) Block Loss: 1.4602e-04
		(Epoch 08/08) Block Loss: 1.4386e-04
	(2/3) Block 4/28, self_attn.q_proj | Initialization via ADMM...
		ADMM weight recon error: raw=557.1227, norm=0.2842, per_el=2.6566e-04, out_err=0.0593, ADMM time=2.22s
	(3/3) Block 4/28, self_attn.q_proj | Tuning Factorized Weights...
		(Epoch 01/08) Block Loss: 1.4554e-04
		(Epoch 02/08) Block Loss: 1.4487e-04
		(Epoch 03/08) Block Loss: 1.4462e-04
		(Epoch 04/08) Block Loss: 1.4448e-04
		(Epoch 05/08) Block Loss: 1.4435e-04
		(Epoch 06/08) Block Loss: 1.4427e-04
		(Epoch 07/08) Block Loss: 1.4422e-04
		(Epoch 08/08) Block Loss: 1.4420e-04
	(1/3) Block 4/28, self_attn.v_proj | Tuning Non-Factorized Weights...
		(Epoch 01/08) Block Loss: 1.3801e-04
		(Epoch 02/08) Block Loss: 1.1590e-04
		(Epoch 03/08) Block Loss: 9.6690e-05
		(Epoch 04/08) Block Loss: 8.2356e-05
		(Epoch 05/08) Block Loss: 7.2700e-05
		(Epoch 06/08) Block Loss: 6.6675e-05
		(Epoch 07/08) Block Loss: 6.3849e-05
		(Epoch 08/08) Block Loss: 6.2869e-05
	(2/3) Block 4/28, self_attn.v_proj | Initialization via ADMM...
		ADMM weight recon error: raw=340.8514, norm=0.3180, per_el=3.2506e-04, out_err=0.2288, ADMM time=1.66s
	(3/3) Block 4/28, self_attn.v_proj | Tuning Factorized Weights...
		(Epoch 01/08) Block Loss: 6.5696e-05
		(Epoch 02/08) Block Loss: 5.5082e-05
		(Epoch 03/08) Block Loss: 5.0532e-05
		(Epoch 04/08) Block Loss: 4.8156e-05
		(Epoch 05/08) Block Loss: 4.5823e-05
		(Epoch 06/08) Block Loss: 4.4980e-05
		(Epoch 07/08) Block Loss: 4.4623e-05
		(Epoch 08/08) Block Loss: 4.4499e-05
	(1/3) Block 4/28, self_attn.o_proj | Tuning Non-Factorized Weights...
		(Epoch 01/08) Block Loss: 4.6060e-05
		(Epoch 02/08) Block Loss: 3.9092e-05
		(Epoch 03/08) Block Loss: 3.6167e-05
		(Epoch 04/08) Block Loss: 3.4310e-05
		(Epoch 05/08) Block Loss: 3.3100e-05
		(Epoch 06/08) Block Loss: 3.2325e-05
		(Epoch 07/08) Block Loss: 3.1938e-05
		(Epoch 08/08) Block Loss: 3.1757e-05
	(2/3) Block 4/28, self_attn.o_proj | Initialization via ADMM...
		ADMM weight recon error: raw=519.5255, norm=0.2763, per_el=2.4773e-04, out_err=0.1379, ADMM time=1.95s
	(3/3) Block 4/28, self_attn.o_proj | Tuning Factorized Weights...
		(Epoch 01/08) Block Loss: 4.4501e-05
		(Epoch 02/08) Block Loss: 3.4776e-05
		(Epoch 03/08) Block Loss: 3.3532e-05
		(Epoch 04/08) Block Loss: 3.3282e-05
		(Epoch 05/08) Block Loss: 3.2909e-05
		(Epoch 06/08) Block Loss: 3.2516e-05
		(Epoch 07/08) Block Loss: 3.2302e-05
		(Epoch 08/08) Block Loss: 3.2072e-05
	(1/3) Block 4/28, self_attn.k_proj | Tuning Non-Factorized Weights...
		(Epoch 01/08) Block Loss: 3.1433e-05
		(Epoch 02/08) Block Loss: 2.9515e-05
		(Epoch 03/08) Block Loss: 2.8672e-05
		(Epoch 04/08) Block Loss: 2.8191e-05
		(Epoch 05/08) Block Loss: 2.7822e-05
		(Epoch 06/08) Block Loss: 2.7568e-05
		(Epoch 07/08) Block Loss: 2.7449e-05
		(Epoch 08/08) Block Loss: 2.7371e-05
	(2/3) Block 4/28, self_attn.k_proj | Initialization via ADMM...
		ADMM weight recon error: raw=268.5261, norm=0.3010, per_el=2.5609e-04, out_err=0.0930, ADMM time=1.52s
	(3/3) Block 4/28, self_attn.k_proj | Tuning Factorized Weights...
		(Epoch 01/08) Block Loss: 2.9127e-05
		(Epoch 02/08) Block Loss: 2.8575e-05
Compressing Layers:  14%|███████████████                                                                                          | 4/28 [48:58<4:41:45, 704.41s/it]		(Epoch 03/08) Block Loss: 2.8343e-05
		(Epoch 04/08) Block Loss: 2.8255e-05
		(Epoch 05/08) Block Loss: 2.8169e-05
		(Epoch 06/08) Block Loss: 2.8111e-05
		(Epoch 07/08) Block Loss: 2.8073e-05
		(Epoch 08/08) Block Loss: 2.8058e-05
	(1/3) Block 4/28, mlp.gate_proj | Tuning Non-Factorized Weights...
		(Epoch 01/08) Block Loss: 2.8265e-05
		(Epoch 02/08) Block Loss: 2.7685e-05
		(Epoch 03/08) Block Loss: 2.7332e-05
		(Epoch 04/08) Block Loss: 2.7069e-05
		(Epoch 05/08) Block Loss: 2.6860e-05
		(Epoch 06/08) Block Loss: 2.6715e-05
		(Epoch 07/08) Block Loss: 2.6627e-05
		(Epoch 08/08) Block Loss: 2.6586e-05
	(2/3) Block 4/28, mlp.gate_proj | Initialization via ADMM...
		ADMM weight recon error: raw=1821.3501, norm=0.3408, per_el=5.7899e-04, out_err=0.0462, ADMM time=2.37s
	(3/3) Block 4/28, mlp.gate_proj | Tuning Factorized Weights...
		(Epoch 01/08) Block Loss: 3.7881e-05
		(Epoch 02/08) Block Loss: 3.3498e-05
		(Epoch 03/08) Block Loss: 3.2298e-05
		(Epoch 04/08) Block Loss: 3.1815e-05
		(Epoch 05/08) Block Loss: 3.1592e-05
		(Epoch 06/08) Block Loss: 3.1457e-05
		(Epoch 07/08) Block Loss: 3.1336e-05
		(Epoch 08/08) Block Loss: 3.1162e-05
	(1/3) Block 4/28, mlp.up_proj | Tuning Non-Factorized Weights...
		(Epoch 01/08) Block Loss: 3.0618e-05
		(Epoch 02/08) Block Loss: 2.9895e-05
		(Epoch 03/08) Block Loss: 2.9506e-05
		(Epoch 04/08) Block Loss: 2.9253e-05
		(Epoch 05/08) Block Loss: 2.9062e-05
		(Epoch 06/08) Block Loss: 2.8937e-05
		(Epoch 07/08) Block Loss: 2.8862e-05
		(Epoch 08/08) Block Loss: 2.8829e-05
	(2/3) Block 4/28, mlp.up_proj | Initialization via ADMM...
		ADMM weight recon error: raw=736.8358, norm=0.3489, per_el=2.3423e-04, out_err=0.2103, ADMM time=1.89s
	(3/3) Block 4/28, mlp.up_proj | Tuning Factorized Weights...
		(Epoch 01/08) Block Loss: 4.4586e-05
		(Epoch 02/08) Block Loss: 3.9311e-05
		(Epoch 03/08) Block Loss: 3.8386e-05
		(Epoch 04/08) Block Loss: 3.8022e-05
		(Epoch 05/08) Block Loss: 3.7803e-05
		(Epoch 06/08) Block Loss: 3.7672e-05
		(Epoch 07/08) Block Loss: 3.7428e-05
		(Epoch 08/08) Block Loss: 3.7081e-05
	(1/3) Block 4/28, mlp.down_proj | Tuning Non-Factorized Weights...
		(Epoch 01/08) Block Loss: 3.5630e-05
		(Epoch 02/08) Block Loss: 3.4589e-05
		(Epoch 03/08) Block Loss: 3.4059e-05
		(Epoch 04/08) Block Loss: 3.3748e-05
		(Epoch 05/08) Block Loss: 3.3546e-05
		(Epoch 06/08) Block Loss: 3.3426e-05
		(Epoch 07/08) Block Loss: 3.3363e-05
		(Epoch 08/08) Block Loss: 3.3339e-05
	(2/3) Block 4/28, mlp.down_proj | Initialization via ADMM...
		ADMM weight recon error: raw=716.5248, norm=0.3367, per_el=2.2778e-04, out_err=0.2341, ADMM time=1.67s
	(3/3) Block 4/28, mlp.down_proj | Tuning Factorized Weights...
		(Epoch 01/08) Block Loss: 5.0162e-05
		(Epoch 02/08) Block Loss: 4.7757e-05
		(Epoch 03/08) Block Loss: 4.7581e-05
		(Epoch 04/08) Block Loss: 4.7745e-05
		(Epoch 05/08) Block Loss: 4.7766e-05
		(Epoch 06/08) Block Loss: 4.7826e-05
		(Epoch 07/08) Block Loss: 4.7705e-05
		(Epoch 08/08) Block Loss: 4.7190e-05
Using sequence length: 2048 (model max: 2048)
		Block 3 beta=1: block err = 0.0014, VALIDATION PPL = 20.695
		Block 3: chosen beta=0.25 (val ppl 19.839; candidates [(0.0, 21.101), (0.25, 19.839), (0.5, 19.871), (0.75, 20.642), (1.0, 20.695)])
		Block 3: relative block output error = 0.0013
Using sequence length: 2048 (model max: 2048)
		Block 3: Test Data PPL        = 19.401
	---- Block 5/28 candidate beta=0 ----
	(1/3) Block 5/28, self_attn.q_proj | Tuning Non-Factorized Weights...
		(Epoch 01/08) Block Loss: 3.4292e-05
		(Epoch 02/08) Block Loss: 3.1040e-05
		(Epoch 03/08) Block Loss: 2.9204e-05
		(Epoch 04/08) Block Loss: 2.8126e-05
		(Epoch 05/08) Block Loss: 2.7417e-05
		(Epoch 06/08) Block Loss: 2.6975e-05
		(Epoch 07/08) Block Loss: 2.6746e-05
		(Epoch 08/08) Block Loss: 2.6663e-05
	(2/3) Block 5/28, self_attn.q_proj | Initialization via ADMM...
		ADMM weight recon error: raw=598.4825, norm=0.3225, per_el=2.8538e-04, out_err=0.0458, ADMM time=4.53s
	(3/3) Block 5/28, self_attn.q_proj | Tuning Factorized Weights...
		(Epoch 01/08) Block Loss: 2.7636e-05
		(Epoch 02/08) Block Loss: 2.7378e-05
		(Epoch 03/08) Block Loss: 2.7278e-05
		(Epoch 04/08) Block Loss: 2.7212e-05
		(Epoch 05/08) Block Loss: 2.7166e-05
		(Epoch 06/08) Block Loss: 2.7136e-05
		(Epoch 07/08) Block Loss: 2.7115e-05
		(Epoch 08/08) Block Loss: 2.7100e-05
	(1/3) Block 5/28, self_attn.v_proj | Tuning Non-Factorized Weights...
		(Epoch 01/08) Block Loss: 2.7148e-05
		(Epoch 02/08) Block Loss: 2.6176e-05
		(Epoch 03/08) Block Loss: 2.5462e-05
		(Epoch 04/08) Block Loss: 2.4959e-05
		(Epoch 05/08) Block Loss: 2.4594e-05
		(Epoch 06/08) Block Loss: 2.4345e-05
		(Epoch 07/08) Block Loss: 2.4209e-05
		(Epoch 08/08) Block Loss: 2.4156e-05
	(2/3) Block 5/28, self_attn.v_proj | Initialization via ADMM...
		ADMM weight recon error: raw=356.7364, norm=0.3795, per_el=3.4021e-04, out_err=0.1870, ADMM time=12.26s
	(3/3) Block 5/28, self_attn.v_proj | Tuning Factorized Weights...
		(Epoch 01/08) Block Loss: 2.8918e-05
		(Epoch 02/08) Block Loss: 2.7835e-05
		(Epoch 03/08) Block Loss: 2.7590e-05
		(Epoch 04/08) Block Loss: 2.7473e-05
		(Epoch 05/08) Block Loss: 2.7413e-05
		(Epoch 06/08) Block Loss: 2.7385e-05
		(Epoch 07/08) Block Loss: 2.7352e-05
		(Epoch 08/08) Block Loss: 2.7315e-05
	(1/3) Block 5/28, self_attn.o_proj | Tuning Non-Factorized Weights...
		(Epoch 01/08) Block Loss: 2.6684e-05
		(Epoch 02/08) Block Loss: 2.5667e-05
		(Epoch 03/08) Block Loss: 2.5084e-05
		(Epoch 04/08) Block Loss: 2.4703e-05
		(Epoch 05/08) Block Loss: 2.4431e-05
		(Epoch 06/08) Block Loss: 2.4246e-05
		(Epoch 07/08) Block Loss: 2.4138e-05
		(Epoch 08/08) Block Loss: 2.4094e-05
	(2/3) Block 5/28, self_attn.o_proj | Initialization via ADMM...
		ADMM weight recon error: raw=556.4429, norm=0.3513, per_el=2.6533e-04, out_err=0.1449, ADMM time=6.16s
	(3/3) Block 5/28, self_attn.o_proj | Tuning Factorized Weights...
		(Epoch 01/08) Block Loss: 2.7088e-05
		(Epoch 02/08) Block Loss: 2.6878e-05
		(Epoch 03/08) Block Loss: 2.6828e-05
		(Epoch 04/08) Block Loss: 2.6882e-05
		(Epoch 05/08) Block Loss: 2.6923e-05
		(Epoch 06/08) Block Loss: 2.6798e-05
		(Epoch 07/08) Block Loss: 2.6829e-05
		(Epoch 08/08) Block Loss: 2.6700e-05
	(1/3) Block 5/28, self_attn.k_proj | Tuning Non-Factorized Weights...
		(Epoch 01/08) Block Loss: 2.6233e-05
		(Epoch 02/08) Block Loss: 2.5456e-05
		(Epoch 03/08) Block Loss: 2.5048e-05
		(Epoch 04/08) Block Loss: 2.4778e-05
		(Epoch 05/08) Block Loss: 2.4573e-05
		(Epoch 06/08) Block Loss: 2.4436e-05
		(Epoch 07/08) Block Loss: 2.4353e-05
		(Epoch 08/08) Block Loss: 2.4319e-05
	(2/3) Block 5/28, self_attn.k_proj | Initialization via ADMM...
		ADMM weight recon error: raw=277.5024, norm=0.3212, per_el=2.6465e-04, out_err=0.0433, ADMM time=11.60s
	(3/3) Block 5/28, self_attn.k_proj | Tuning Factorized Weights...
		(Epoch 01/08) Block Loss: 2.8958e-05
		(Epoch 02/08) Block Loss: 2.5870e-05
		(Epoch 03/08) Block Loss: 2.5156e-05
		(Epoch 04/08) Block Loss: 2.4964e-05
		(Epoch 05/08) Block Loss: 2.4898e-05
		(Epoch 06/08) Block Loss: 2.4866e-05
		(Epoch 07/08) Block Loss: 2.4849e-05
		(Epoch 08/08) Block Loss: 2.4838e-05
	(1/3) Block 5/28, mlp.gate_proj | Tuning Non-Factorized Weights...
		(Epoch 01/08) Block Loss: 2.4973e-05
		(Epoch 02/08) Block Loss: 2.4582e-05
		(Epoch 03/08) Block Loss: 2.4336e-05
		(Epoch 04/08) Block Loss: 2.4166e-05
		(Epoch 05/08) Block Loss: 2.4020e-05
		(Epoch 06/08) Block Loss: 2.3922e-05
		(Epoch 07/08) Block Loss: 2.3860e-05
		(Epoch 08/08) Block Loss: 2.3831e-05
	(2/3) Block 5/28, mlp.gate_proj | Initialization via ADMM...
		ADMM weight recon error: raw=1648.5905, norm=0.3553, per_el=5.2407e-04, out_err=0.0347, ADMM time=6.68s
	(3/3) Block 5/28, mlp.gate_proj | Tuning Factorized Weights...
		(Epoch 01/08) Block Loss: 3.0043e-05
		(Epoch 02/08) Block Loss: 2.8779e-05
		(Epoch 03/08) Block Loss: 2.8429e-05
		(Epoch 04/08) Block Loss: 2.8278e-05
		(Epoch 05/08) Block Loss: 2.8214e-05
		(Epoch 06/08) Block Loss: 2.8161e-05
		(Epoch 07/08) Block Loss: 2.8093e-05
		(Epoch 08/08) Block Loss: 2.7969e-05
	(1/3) Block 5/28, mlp.up_proj | Tuning Non-Factorized Weights...
		(Epoch 01/08) Block Loss: 2.7405e-05
		(Epoch 02/08) Block Loss: 2.6806e-05
		(Epoch 03/08) Block Loss: 2.6506e-05
		(Epoch 04/08) Block Loss: 2.6324e-05
		(Epoch 05/08) Block Loss: 2.6182e-05
		(Epoch 06/08) Block Loss: 2.6091e-05
		(Epoch 07/08) Block Loss: 2.6035e-05
		(Epoch 08/08) Block Loss: 2.6010e-05
	(2/3) Block 5/28, mlp.up_proj | Initialization via ADMM...
		ADMM weight recon error: raw=766.5023, norm=0.3657, per_el=2.4366e-04, out_err=0.1648, ADMM time=5.07s
	(3/3) Block 5/28, mlp.up_proj | Tuning Factorized Weights...
		(Epoch 01/08) Block Loss: 3.5463e-05
		(Epoch 02/08) Block Loss: 3.4513e-05
		(Epoch 03/08) Block Loss: 3.4303e-05
		(Epoch 04/08) Block Loss: 3.4213e-05
		(Epoch 05/08) Block Loss: 3.4325e-05
		(Epoch 06/08) Block Loss: 3.4108e-05
		(Epoch 07/08) Block Loss: 3.4044e-05
		(Epoch 08/08) Block Loss: 3.3699e-05
	(1/3) Block 5/28, mlp.down_proj | Tuning Non-Factorized Weights...
		(Epoch 01/08) Block Loss: 3.2341e-05
		(Epoch 02/08) Block Loss: 3.1483e-05
		(Epoch 03/08) Block Loss: 3.1063e-05
		(Epoch 04/08) Block Loss: 3.0823e-05
		(Epoch 05/08) Block Loss: 3.0665e-05
		(Epoch 06/08) Block Loss: 3.0572e-05
		(Epoch 07/08) Block Loss: 3.0522e-05
		(Epoch 08/08) Block Loss: 3.0503e-05
	(2/3) Block 5/28, mlp.down_proj | Initialization via ADMM...
		ADMM weight recon error: raw=745.6171, norm=0.3713, per_el=2.3703e-04, out_err=0.1740, ADMM time=6.37s
	(3/3) Block 5/28, mlp.down_proj | Tuning Factorized Weights...
		(Epoch 01/08) Block Loss: 4.3264e-05
		(Epoch 02/08) Block Loss: 4.3314e-05
		(Epoch 03/08) Block Loss: 4.3765e-05
		(Epoch 04/08) Block Loss: 4.4248e-05
		(Epoch 05/08) Block Loss: 4.4698e-05
		(Epoch 06/08) Block Loss: 4.4404e-05
		(Epoch 07/08) Block Loss: 4.4670e-05
		(Epoch 08/08) Block Loss: 4.4037e-05
Using sequence length: 2048 (model max: 2048)
		Block 4 beta=0: block err = 0.0016, VALIDATION PPL = 18.241
	---- Block 5/28 candidate beta=0.25 ----
	(1/3) Block 5/28, self_attn.q_proj | Tuning Non-Factorized Weights...
		(Epoch 01/08) Block Loss: 3.4293e-05
		(Epoch 02/08) Block Loss: 3.1041e-05
		(Epoch 03/08) Block Loss: 2.9204e-05
		(Epoch 04/08) Block Loss: 2.8125e-05
		(Epoch 05/08) Block Loss: 2.7417e-05
		(Epoch 06/08) Block Loss: 2.6975e-05
		(Epoch 07/08) Block Loss: 2.6747e-05
		(Epoch 08/08) Block Loss: 2.6663e-05
	(2/3) Block 5/28, self_attn.q_proj | Initialization via ADMM...
		ADMM weight recon error: raw=592.3282, norm=0.3191, per_el=2.8244e-04, out_err=0.0480, ADMM time=4.20s
	(3/3) Block 5/28, self_attn.q_proj | Tuning Factorized Weights...
		(Epoch 01/08) Block Loss: 2.7659e-05
		(Epoch 02/08) Block Loss: 2.7385e-05
		(Epoch 03/08) Block Loss: 2.7277e-05
		(Epoch 04/08) Block Loss: 2.7209e-05
		(Epoch 05/08) Block Loss: 2.7163e-05
		(Epoch 06/08) Block Loss: 2.7133e-05
		(Epoch 07/08) Block Loss: 2.7114e-05
		(Epoch 08/08) Block Loss: 2.7096e-05
	(1/3) Block 5/28, self_attn.v_proj | Tuning Non-Factorized Weights...
		(Epoch 01/08) Block Loss: 2.7160e-05
		(Epoch 02/08) Block Loss: 2.6187e-05
		(Epoch 03/08) Block Loss: 2.5482e-05
		(Epoch 04/08) Block Loss: 2.4972e-05
		(Epoch 05/08) Block Loss: 2.4593e-05
		(Epoch 06/08) Block Loss: 2.4355e-05
		(Epoch 07/08) Block Loss: 2.4222e-05
		(Epoch 08/08) Block Loss: 2.4168e-05
	(2/3) Block 5/28, self_attn.v_proj | Initialization via ADMM...
		ADMM weight recon error: raw=352.8966, norm=0.3754, per_el=3.3655e-04, out_err=0.1953, ADMM time=11.53s
	(3/3) Block 5/28, self_attn.v_proj | Tuning Factorized Weights...
		(Epoch 01/08) Block Loss: 2.8325e-05
		(Epoch 02/08) Block Loss: 2.7747e-05
		(Epoch 03/08) Block Loss: 2.7569e-05
		(Epoch 04/08) Block Loss: 2.7472e-05
		(Epoch 05/08) Block Loss: 2.7426e-05
		(Epoch 06/08) Block Loss: 2.7392e-05
		(Epoch 07/08) Block Loss: 2.7368e-05
		(Epoch 08/08) Block Loss: 2.7317e-05
	(1/3) Block 5/28, self_attn.o_proj | Tuning Non-Factorized Weights...
		(Epoch 01/08) Block Loss: 2.6674e-05
		(Epoch 02/08) Block Loss: 2.5652e-05
		(Epoch 03/08) Block Loss: 2.5081e-05
		(Epoch 04/08) Block Loss: 2.4695e-05
		(Epoch 05/08) Block Loss: 2.4432e-05
		(Epoch 06/08) Block Loss: 2.4239e-05
		(Epoch 07/08) Block Loss: 2.4130e-05
		(Epoch 08/08) Block Loss: 2.4086e-05
	(2/3) Block 5/28, self_attn.o_proj | Initialization via ADMM...
		ADMM weight recon error: raw=542.5959, norm=0.3425, per_el=2.5873e-04, out_err=0.1521, ADMM time=5.57s
	(3/3) Block 5/28, self_attn.o_proj | Tuning Factorized Weights...
		(Epoch 01/08) Block Loss: 2.7167e-05
		(Epoch 02/08) Block Loss: 2.6954e-05
		(Epoch 03/08) Block Loss: 2.6896e-05
		(Epoch 04/08) Block Loss: 2.6958e-05
		(Epoch 05/08) Block Loss: 2.6923e-05
		(Epoch 06/08) Block Loss: 2.6886e-05
		(Epoch 07/08) Block Loss: 2.6870e-05
		(Epoch 08/08) Block Loss: 2.6756e-05
	(1/3) Block 5/28, self_attn.k_proj | Tuning Non-Factorized Weights...
		(Epoch 01/08) Block Loss: 2.6243e-05
		(Epoch 02/08) Block Loss: 2.5461e-05
		(Epoch 03/08) Block Loss: 2.5051e-05
		(Epoch 04/08) Block Loss: 2.4780e-05
		(Epoch 05/08) Block Loss: 2.4573e-05
		(Epoch 06/08) Block Loss: 2.4437e-05
		(Epoch 07/08) Block Loss: 2.4356e-05
		(Epoch 08/08) Block Loss: 2.4321e-05
	(2/3) Block 5/28, self_attn.k_proj | Initialization via ADMM...
		ADMM weight recon error: raw=274.9343, norm=0.3182, per_el=2.6220e-04, out_err=0.0454, ADMM time=11.84s
	(3/3) Block 5/28, self_attn.k_proj | Tuning Factorized Weights...
		(Epoch 01/08) Block Loss: 2.5259e-05
		(Epoch 02/08) Block Loss: 2.4935e-05
		(Epoch 03/08) Block Loss: 2.4855e-05
		(Epoch 04/08) Block Loss: 2.4814e-05
		(Epoch 05/08) Block Loss: 2.4790e-05
		(Epoch 06/08) Block Loss: 2.4776e-05
		(Epoch 07/08) Block Loss: 2.4766e-05
		(Epoch 08/08) Block Loss: 2.4758e-05
	(1/3) Block 5/28, mlp.gate_proj | Tuning Non-Factorized Weights...
		(Epoch 01/08) Block Loss: 2.4912e-05
		(Epoch 02/08) Block Loss: 2.4531e-05
		(Epoch 03/08) Block Loss: 2.4287e-05
		(Epoch 04/08) Block Loss: 2.4118e-05
		(Epoch 05/08) Block Loss: 2.3974e-05
		(Epoch 06/08) Block Loss: 2.3877e-05
		(Epoch 07/08) Block Loss: 2.3814e-05
		(Epoch 08/08) Block Loss: 2.3786e-05
	(2/3) Block 5/28, mlp.gate_proj | Initialization via ADMM...
		ADMM weight recon error: raw=1627.0660, norm=0.3507, per_el=5.1723e-04, out_err=0.0363, ADMM time=5.73s
	(3/3) Block 5/28, mlp.gate_proj | Tuning Factorized Weights...
		(Epoch 01/08) Block Loss: 3.0414e-05
		(Epoch 02/08) Block Loss: 2.8921e-05
		(Epoch 03/08) Block Loss: 2.8511e-05
		(Epoch 04/08) Block Loss: 2.8339e-05
		(Epoch 05/08) Block Loss: 2.8261e-05
		(Epoch 06/08) Block Loss: 2.8206e-05
		(Epoch 07/08) Block Loss: 2.8139e-05
		(Epoch 08/08) Block Loss: 2.8009e-05
	(1/3) Block 5/28, mlp.up_proj | Tuning Non-Factorized Weights...
		(Epoch 01/08) Block Loss: 2.7429e-05
		(Epoch 02/08) Block Loss: 2.6817e-05
		(Epoch 03/08) Block Loss: 2.6514e-05
		(Epoch 04/08) Block Loss: 2.6328e-05
		(Epoch 05/08) Block Loss: 2.6184e-05
		(Epoch 06/08) Block Loss: 2.6092e-05
		(Epoch 07/08) Block Loss: 2.6036e-05
		(Epoch 08/08) Block Loss: 2.6012e-05
	(2/3) Block 5/28, mlp.up_proj | Initialization via ADMM...
		ADMM weight recon error: raw=757.8694, norm=0.3644, per_el=2.4092e-04, out_err=0.1728, ADMM time=6.11s
	(3/3) Block 5/28, mlp.up_proj | Tuning Factorized Weights...
		(Epoch 01/08) Block Loss: 3.5832e-05
		(Epoch 02/08) Block Loss: 3.4696e-05
		(Epoch 03/08) Block Loss: 3.4436e-05
		(Epoch 04/08) Block Loss: 3.4341e-05
		(Epoch 05/08) Block Loss: 3.4484e-05
		(Epoch 06/08) Block Loss: 3.4211e-05
		(Epoch 07/08) Block Loss: 3.4165e-05
		(Epoch 08/08) Block Loss: 3.3816e-05
	(1/3) Block 5/28, mlp.down_proj | Tuning Non-Factorized Weights...
		(Epoch 01/08) Block Loss: 3.2432e-05
		(Epoch 02/08) Block Loss: 3.1552e-05
		(Epoch 03/08) Block Loss: 3.1122e-05
		(Epoch 04/08) Block Loss: 3.0876e-05
		(Epoch 05/08) Block Loss: 3.0715e-05
		(Epoch 06/08) Block Loss: 3.0621e-05
		(Epoch 07/08) Block Loss: 3.0571e-05
		(Epoch 08/08) Block Loss: 3.0552e-05
	(2/3) Block 5/28, mlp.down_proj | Initialization via ADMM...
		ADMM weight recon error: raw=726.9044, norm=0.3620, per_el=2.3108e-04, out_err=0.1803, ADMM time=4.93s
	(3/3) Block 5/28, mlp.down_proj | Tuning Factorized Weights...
		(Epoch 01/08) Block Loss: 4.3558e-05
		(Epoch 02/08) Block Loss: 4.3596e-05
		(Epoch 03/08) Block Loss: 4.4055e-05
		(Epoch 04/08) Block Loss: 4.4554e-05
		(Epoch 05/08) Block Loss: 4.4945e-05
		(Epoch 06/08) Block Loss: 4.4651e-05
		(Epoch 07/08) Block Loss: 4.4879e-05
		(Epoch 08/08) Block Loss: 4.4262e-05
Using sequence length: 2048 (model max: 2048)
		Block 4 beta=0.25: block err = 0.0016, VALIDATION PPL = 18.152
	---- Block 5/28 candidate beta=0.5 ----
	(1/3) Block 5/28, self_attn.q_proj | Tuning Non-Factorized Weights...
		(Epoch 01/08) Block Loss: 3.4294e-05
		(Epoch 02/08) Block Loss: 3.1042e-05
		(Epoch 03/08) Block Loss: 2.9206e-05
		(Epoch 04/08) Block Loss: 2.8128e-05
		(Epoch 05/08) Block Loss: 2.7418e-05
		(Epoch 06/08) Block Loss: 2.6977e-05
		(Epoch 07/08) Block Loss: 2.6748e-05
		(Epoch 08/08) Block Loss: 2.6664e-05
	(2/3) Block 5/28, self_attn.q_proj | Initialization via ADMM...
		ADMM weight recon error: raw=587.0590, norm=0.3163, per_el=2.7993e-04, out_err=0.0512, ADMM time=5.41s
	(3/3) Block 5/28, self_attn.q_proj | Tuning Factorized Weights...
		(Epoch 01/08) Block Loss: 2.7759e-05
		(Epoch 02/08) Block Loss: 2.7440e-05
		(Epoch 03/08) Block Loss: 2.7324e-05
		(Epoch 04/08) Block Loss: 2.7254e-05
		(Epoch 05/08) Block Loss: 2.7204e-05
		(Epoch 06/08) Block Loss: 2.7171e-05
		(Epoch 07/08) Block Loss: 2.7149e-05
		(Epoch 08/08) Block Loss: 2.7137e-05
	(1/3) Block 5/28, self_attn.v_proj | Tuning Non-Factorized Weights...
		(Epoch 01/08) Block Loss: 2.7167e-05
		(Epoch 02/08) Block Loss: 2.6212e-05
		(Epoch 03/08) Block Loss: 2.5474e-05
		(Epoch 04/08) Block Loss: 2.4962e-05
		(Epoch 05/08) Block Loss: 2.4600e-05
		(Epoch 06/08) Block Loss: 2.4355e-05
		(Epoch 07/08) Block Loss: 2.4220e-05
		(Epoch 08/08) Block Loss: 2.4167e-05
	(2/3) Block 5/28, self_attn.v_proj | Initialization via ADMM...
		ADMM weight recon error: raw=349.8674, norm=0.3722, per_el=3.3366e-04, out_err=0.2082, ADMM time=9.03s
	(3/3) Block 5/28, self_attn.v_proj | Tuning Factorized Weights...
		(Epoch 01/08) Block Loss: 2.8349e-05
		(Epoch 02/08) Block Loss: 2.7849e-05
		(Epoch 03/08) Block Loss: 2.7672e-05
		(Epoch 04/08) Block Loss: 2.7577e-05
		(Epoch 05/08) Block Loss: 2.7521e-05
		(Epoch 06/08) Block Loss: 2.7487e-05
		(Epoch 07/08) Block Loss: 2.7465e-05
		(Epoch 08/08) Block Loss: 2.7406e-05
	(1/3) Block 5/28, self_attn.o_proj | Tuning Non-Factorized Weights...
		(Epoch 01/08) Block Loss: 2.6738e-05
		(Epoch 02/08) Block Loss: 2.5690e-05
		(Epoch 03/08) Block Loss: 2.5104e-05
		(Epoch 04/08) Block Loss: 2.4725e-05
		(Epoch 05/08) Block Loss: 2.4450e-05
		(Epoch 06/08) Block Loss: 2.4265e-05
		(Epoch 07/08) Block Loss: 2.4157e-05
		(Epoch 08/08) Block Loss: 2.4112e-05
	(2/3) Block 5/28, self_attn.o_proj | Initialization via ADMM...
		ADMM weight recon error: raw=534.7142, norm=0.3376, per_el=2.5497e-04, out_err=0.1642, ADMM time=5.36s
	(3/3) Block 5/28, self_attn.o_proj | Tuning Factorized Weights...
		(Epoch 01/08) Block Loss: 2.7380e-05
		(Epoch 02/08) Block Loss: 2.7133e-05
		(Epoch 03/08) Block Loss: 2.7067e-05
		(Epoch 04/08) Block Loss: 2.7112e-05
		(Epoch 05/08) Block Loss: 2.7164e-05
		(Epoch 06/08) Block Loss: 2.7020e-05
		(Epoch 07/08) Block Loss: 2.7047e-05
		(Epoch 08/08) Block Loss: 2.6873e-05
	(1/3) Block 5/28, self_attn.k_proj | Tuning Non-Factorized Weights...
		(Epoch 01/08) Block Loss: 2.6312e-05
		(Epoch 02/08) Block Loss: 2.5513e-05
		(Epoch 03/08) Block Loss: 2.5097e-05
		(Epoch 04/08) Block Loss: 2.4825e-05
		(Epoch 05/08) Block Loss: 2.4615e-05
		(Epoch 06/08) Block Loss: 2.4478e-05
		(Epoch 07/08) Block Loss: 2.4395e-05
		(Epoch 08/08) Block Loss: 2.4360e-05
	(2/3) Block 5/28, self_attn.k_proj | Initialization via ADMM...
		ADMM weight recon error: raw=271.9102, norm=0.3147, per_el=2.5931e-04, out_err=0.0481, ADMM time=10.69s
	(3/3) Block 5/28, self_attn.k_proj | Tuning Factorized Weights...
		(Epoch 01/08) Block Loss: 2.5210e-05
		(Epoch 02/08) Block Loss: 2.4954e-05
		(Epoch 03/08) Block Loss: 2.4889e-05
		(Epoch 04/08) Block Loss: 2.4853e-05
		(Epoch 05/08) Block Loss: 2.4830e-05
		(Epoch 06/08) Block Loss: 2.4817e-05
		(Epoch 07/08) Block Loss: 2.4805e-05
		(Epoch 08/08) Block Loss: 2.4798e-05
	(1/3) Block 5/28, mlp.gate_proj | Tuning Non-Factorized Weights...
		(Epoch 01/08) Block Loss: 2.4951e-05
		(Epoch 02/08) Block Loss: 2.4567e-05
		(Epoch 03/08) Block Loss: 2.4322e-05
		(Epoch 04/08) Block Loss: 2.4153e-05
		(Epoch 05/08) Block Loss: 2.4008e-05
		(Epoch 06/08) Block Loss: 2.3910e-05
		(Epoch 07/08) Block Loss: 2.3847e-05
		(Epoch 08/08) Block Loss: 2.3819e-05
	(2/3) Block 5/28, mlp.gate_proj | Initialization via ADMM...
		ADMM weight recon error: raw=1606.3055, norm=0.3462, per_el=5.1063e-04, out_err=0.0382, ADMM time=5.39s
	(3/3) Block 5/28, mlp.gate_proj | Tuning Factorized Weights...
		(Epoch 01/08) Block Loss: 3.0782e-05
		(Epoch 02/08) Block Loss: 2.9137e-05
		(Epoch 03/08) Block Loss: 2.8699e-05
		(Epoch 04/08) Block Loss: 2.8522e-05
		(Epoch 05/08) Block Loss: 2.8441e-05
		(Epoch 06/08) Block Loss: 2.8380e-05
		(Epoch 07/08) Block Loss: 2.8306e-05
		(Epoch 08/08) Block Loss: 2.8169e-05
	(1/3) Block 5/28, mlp.up_proj | Tuning Non-Factorized Weights...
		(Epoch 01/08) Block Loss: 2.7567e-05
		(Epoch 02/08) Block Loss: 2.6937e-05
		(Epoch 03/08) Block Loss: 2.6626e-05
		(Epoch 04/08) Block Loss: 2.6437e-05
		(Epoch 05/08) Block Loss: 2.6292e-05
		(Epoch 06/08) Block Loss: 2.6199e-05
		(Epoch 07/08) Block Loss: 2.6142e-05
		(Epoch 08/08) Block Loss: 2.6117e-05
	(2/3) Block 5/28, mlp.up_proj | Initialization via ADMM...
		ADMM weight recon error: raw=750.5237, norm=0.3608, per_el=2.3859e-04, out_err=0.1844, ADMM time=6.31s
	(3/3) Block 5/28, mlp.up_proj | Tuning Factorized Weights...
		(Epoch 01/08) Block Loss: 3.6365e-05
		(Epoch 02/08) Block Loss: 3.5081e-05
		(Epoch 03/08) Block Loss: 3.4801e-05
		(Epoch 04/08) Block Loss: 3.4674e-05
		(Epoch 05/08) Block Loss: 3.4633e-05
		(Epoch 06/08) Block Loss: 3.4549e-05
		(Epoch 07/08) Block Loss: 3.4443e-05
		(Epoch 08/08) Block Loss: 3.4041e-05
	(1/3) Block 5/28, mlp.down_proj | Tuning Non-Factorized Weights...
		(Epoch 01/08) Block Loss: 3.2601e-05
		(Epoch 02/08) Block Loss: 3.1700e-05
		(Epoch 03/08) Block Loss: 3.1261e-05
		(Epoch 04/08) Block Loss: 3.1010e-05
		(Epoch 05/08) Block Loss: 3.0846e-05
		(Epoch 06/08) Block Loss: 3.0750e-05
		(Epoch 07/08) Block Loss: 3.0699e-05
		(Epoch 08/08) Block Loss: 3.0680e-05
	(2/3) Block 5/28, mlp.down_proj | Initialization via ADMM...
		ADMM weight recon error: raw=712.7969, norm=0.3550, per_el=2.2659e-04, out_err=0.1904, ADMM time=5.79s
	(3/3) Block 5/28, mlp.down_proj | Tuning Factorized Weights...
		(Epoch 01/08) Block Loss: 4.4151e-05
		(Epoch 02/08) Block Loss: 4.4177e-05
		(Epoch 03/08) Block Loss: 4.4613e-05
		(Epoch 04/08) Block Loss: 4.5072e-05
		(Epoch 05/08) Block Loss: 4.5133e-05
		(Epoch 06/08) Block Loss: 4.5215e-05
		(Epoch 07/08) Block Loss: 4.5280e-05
		(Epoch 08/08) Block Loss: 4.4656e-05
Using sequence length: 2048 (model max: 2048)
		Block 4 beta=0.5: block err = 0.0016, VALIDATION PPL = 18.235
	---- Block 5/28 candidate beta=0.75 ----
	(1/3) Block 5/28, self_attn.q_proj | Tuning Non-Factorized Weights...
		(Epoch 01/08) Block Loss: 3.4293e-05
		(Epoch 02/08) Block Loss: 3.1041e-05
		(Epoch 03/08) Block Loss: 2.9203e-05
		(Epoch 04/08) Block Loss: 2.8126e-05
		(Epoch 05/08) Block Loss: 2.7418e-05
		(Epoch 06/08) Block Loss: 2.6976e-05
		(Epoch 07/08) Block Loss: 2.6747e-05
		(Epoch 08/08) Block Loss: 2.6663e-05
	(2/3) Block 5/28, self_attn.q_proj | Initialization via ADMM...
		ADMM weight recon error: raw=582.2802, norm=0.3137, per_el=2.7765e-04, out_err=0.0560, ADMM time=5.79s
	(3/3) Block 5/28, self_attn.q_proj | Tuning Factorized Weights...
		(Epoch 01/08) Block Loss: 2.7878e-05
		(Epoch 02/08) Block Loss: 2.7497e-05
		(Epoch 03/08) Block Loss: 2.7376e-05
		(Epoch 04/08) Block Loss: 2.7297e-05
		(Epoch 05/08) Block Loss: 2.7245e-05
		(Epoch 06/08) Block Loss: 2.7212e-05
		(Epoch 07/08) Block Loss: 2.7187e-05
		(Epoch 08/08) Block Loss: 2.7170e-05
	(1/3) Block 5/28, self_attn.v_proj | Tuning Non-Factorized Weights...
		(Epoch 01/08) Block Loss: 2.7212e-05
		(Epoch 02/08) Block Loss: 2.6255e-05
		(Epoch 03/08) Block Loss: 2.5521e-05
		(Epoch 04/08) Block Loss: 2.5000e-05
		(Epoch 05/08) Block Loss: 2.4625e-05
		(Epoch 06/08) Block Loss: 2.4389e-05
		(Epoch 07/08) Block Loss: 2.4255e-05
		(Epoch 08/08) Block Loss: 2.4202e-05
	(2/3) Block 5/28, self_attn.v_proj | Initialization via ADMM...
		ADMM weight recon error: raw=347.4958, norm=0.3697, per_el=3.3140e-04, out_err=0.2297, ADMM time=8.17s
	(3/3) Block 5/28, self_attn.v_proj | Tuning Factorized Weights...
		(Epoch 01/08) Block Loss: 2.8717e-05
		(Epoch 02/08) Block Loss: 2.8178e-05
		(Epoch 03/08) Block Loss: 2.7943e-05
		(Epoch 04/08) Block Loss: 2.7817e-05
		(Epoch 05/08) Block Loss: 2.7748e-05
		(Epoch 06/08) Block Loss: 2.7711e-05
		(Epoch 07/08) Block Loss: 2.7681e-05
		(Epoch 08/08) Block Loss: 2.7628e-05
	(1/3) Block 5/28, self_attn.o_proj | Tuning Non-Factorized Weights...
		(Epoch 01/08) Block Loss: 2.6863e-05
		(Epoch 02/08) Block Loss: 2.5785e-05
		(Epoch 03/08) Block Loss: 2.5198e-05
		(Epoch 04/08) Block Loss: 2.4799e-05
		(Epoch 05/08) Block Loss: 2.4521e-05
		(Epoch 06/08) Block Loss: 2.4330e-05
		(Epoch 07/08) Block Loss: 2.4221e-05
		(Epoch 08/08) Block Loss: 2.4177e-05
	(2/3) Block 5/28, self_attn.o_proj | Initialization via ADMM...
		ADMM weight recon error: raw=530.2250, norm=0.3347, per_el=2.5283e-04, out_err=0.1857, ADMM time=6.12s
	(3/3) Block 5/28, self_attn.o_proj | Tuning Factorized Weights...
		(Epoch 01/08) Block Loss: 2.7793e-05
		(Epoch 02/08) Block Loss: 2.7451e-05
		(Epoch 03/08) Block Loss: 2.7359e-05
		(Epoch 04/08) Block Loss: 2.7354e-05
		(Epoch 05/08) Block Loss: 2.7352e-05
		(Epoch 06/08) Block Loss: 2.7266e-05
		(Epoch 07/08) Block Loss: 2.7277e-05
		(Epoch 08/08) Block Loss: 2.7068e-05
	(1/3) Block 5/28, self_attn.k_proj | Tuning Non-Factorized Weights...
		(Epoch 01/08) Block Loss: 2.6465e-05
		(Epoch 02/08) Block Loss: 2.5632e-05
		(Epoch 03/08) Block Loss: 2.5207e-05
		(Epoch 04/08) Block Loss: 2.4930e-05
		(Epoch 05/08) Block Loss: 2.4718e-05
		(Epoch 06/08) Block Loss: 2.4577e-05
		(Epoch 07/08) Block Loss: 2.4493e-05
		(Epoch 08/08) Block Loss: 2.4458e-05
	(2/3) Block 5/28, self_attn.k_proj | Initialization via ADMM...
		ADMM weight recon error: raw=269.7920, norm=0.3123, per_el=2.5729e-04, out_err=0.0527, ADMM time=11.61s
	(3/3) Block 5/28, self_attn.k_proj | Tuning Factorized Weights...
		(Epoch 01/08) Block Loss: 2.5352e-05
		(Epoch 02/08) Block Loss: 2.5077e-05
		(Epoch 03/08) Block Loss: 2.5009e-05
		(Epoch 04/08) Block Loss: 2.4971e-05
		(Epoch 05/08) Block Loss: 2.4944e-05
		(Epoch 06/08) Block Loss: 2.4930e-05
		(Epoch 07/08) Block Loss: 2.4918e-05
		(Epoch 08/08) Block Loss: 2.4909e-05
	(1/3) Block 5/28, mlp.gate_proj | Tuning Non-Factorized Weights...
		(Epoch 01/08) Block Loss: 2.5064e-05
		(Epoch 02/08) Block Loss: 2.4675e-05
		(Epoch 03/08) Block Loss: 2.4426e-05
		(Epoch 04/08) Block Loss: 2.4254e-05
		(Epoch 05/08) Block Loss: 2.4108e-05
		(Epoch 06/08) Block Loss: 2.4008e-05
		(Epoch 07/08) Block Loss: 2.3945e-05
		(Epoch 08/08) Block Loss: 2.3916e-05
	(2/3) Block 5/28, mlp.gate_proj | Initialization via ADMM...
		ADMM weight recon error: raw=1587.6370, norm=0.3422, per_el=5.0470e-04, out_err=0.0415, ADMM time=5.96s
	(3/3) Block 5/28, mlp.gate_proj | Tuning Factorized Weights...
		(Epoch 01/08) Block Loss: 3.1548e-05
		(Epoch 02/08) Block Loss: 2.9601e-05
		(Epoch 03/08) Block Loss: 2.9066e-05
		(Epoch 04/08) Block Loss: 2.8857e-05
		(Epoch 05/08) Block Loss: 2.8748e-05
		(Epoch 06/08) Block Loss: 2.8670e-05
		(Epoch 07/08) Block Loss: 2.8592e-05
		(Epoch 08/08) Block Loss: 2.8438e-05
	(1/3) Block 5/28, mlp.up_proj | Tuning Non-Factorized Weights...
		(Epoch 01/08) Block Loss: 2.7793e-05
		(Epoch 02/08) Block Loss: 2.7139e-05
		(Epoch 03/08) Block Loss: 2.6818e-05
		(Epoch 04/08) Block Loss: 2.6624e-05
		(Epoch 05/08) Block Loss: 2.6475e-05
		(Epoch 06/08) Block Loss: 2.6380e-05
		(Epoch 07/08) Block Loss: 2.6322e-05
		(Epoch 08/08) Block Loss: 2.6297e-05
	(2/3) Block 5/28, mlp.up_proj | Initialization via ADMM...
		ADMM weight recon error: raw=745.4467, norm=0.3584, per_el=2.3697e-04, out_err=0.2033, ADMM time=6.51s
	(3/3) Block 5/28, mlp.up_proj | Tuning Factorized Weights...
		(Epoch 01/08) Block Loss: 3.7380e-05
		(Epoch 02/08) Block Loss: 3.5676e-05
		(Epoch 03/08) Block Loss: 3.5303e-05
		(Epoch 04/08) Block Loss: 3.5110e-05
		(Epoch 05/08) Block Loss: 3.5184e-05
		(Epoch 06/08) Block Loss: 3.4877e-05
		(Epoch 07/08) Block Loss: 3.4815e-05
		(Epoch 08/08) Block Loss: 3.4407e-05
	(1/3) Block 5/28, mlp.down_proj | Tuning Non-Factorized Weights...
		(Epoch 01/08) Block Loss: 3.2943e-05
		(Epoch 02/08) Block Loss: 3.2005e-05
		(Epoch 03/08) Block Loss: 3.1549e-05
		(Epoch 04/08) Block Loss: 3.1288e-05
		(Epoch 05/08) Block Loss: 3.1118e-05
		(Epoch 06/08) Block Loss: 3.1020e-05
		(Epoch 07/08) Block Loss: 3.0967e-05
		(Epoch 08/08) Block Loss: 3.0947e-05
	(2/3) Block 5/28, mlp.down_proj | Initialization via ADMM...
		ADMM weight recon error: raw=702.9771, norm=0.3501, per_el=2.2347e-04, out_err=0.2092, ADMM time=5.11s
	(3/3) Block 5/28, mlp.down_proj | Tuning Factorized Weights...
		(Epoch 01/08) Block Loss: 4.5333e-05
		(Epoch 02/08) Block Loss: 4.5155e-05
		(Epoch 03/08) Block Loss: 4.5522e-05
		(Epoch 04/08) Block Loss: 4.5834e-05
		(Epoch 05/08) Block Loss: 4.5975e-05
		(Epoch 06/08) Block Loss: 4.5986e-05
		(Epoch 07/08) Block Loss: 4.5931e-05
		(Epoch 08/08) Block Loss: 4.5397e-05
Using sequence length: 2048 (model max: 2048)
		Block 4 beta=0.75: block err = 0.0016, VALIDATION PPL = 18.297
	---- Block 5/28 candidate beta=1 ----
	(1/3) Block 5/28, self_attn.q_proj | Tuning Non-Factorized Weights...
		(Epoch 01/08) Block Loss: 3.4292e-05
		(Epoch 02/08) Block Loss: 3.1040e-05
		(Epoch 03/08) Block Loss: 2.9203e-05
		(Epoch 04/08) Block Loss: 2.8125e-05
		(Epoch 05/08) Block Loss: 2.7416e-05
		(Epoch 06/08) Block Loss: 2.6975e-05
		(Epoch 07/08) Block Loss: 2.6746e-05
		(Epoch 08/08) Block Loss: 2.6663e-05
	(2/3) Block 5/28, self_attn.q_proj | Initialization via ADMM...
		ADMM weight recon error: raw=578.8812, norm=0.3119, per_el=2.7603e-04, out_err=0.0704, ADMM time=1.85s
	(3/3) Block 5/28, self_attn.q_proj | Tuning Factorized Weights...
		(Epoch 01/08) Block Loss: 2.8239e-05
		(Epoch 02/08) Block Loss: 2.7625e-05
		(Epoch 03/08) Block Loss: 2.7479e-05
		(Epoch 04/08) Block Loss: 2.7393e-05
		(Epoch 05/08) Block Loss: 2.7334e-05
		(Epoch 06/08) Block Loss: 2.7295e-05
		(Epoch 07/08) Block Loss: 2.7267e-05
		(Epoch 08/08) Block Loss: 2.7245e-05
	(1/3) Block 5/28, self_attn.v_proj | Tuning Non-Factorized Weights...
		(Epoch 01/08) Block Loss: 2.7266e-05
		(Epoch 02/08) Block Loss: 2.6280e-05
		(Epoch 03/08) Block Loss: 2.5556e-05
		(Epoch 04/08) Block Loss: 2.5039e-05
		(Epoch 05/08) Block Loss: 2.4678e-05
		(Epoch 06/08) Block Loss: 2.4430e-05
		(Epoch 07/08) Block Loss: 2.4293e-05
		(Epoch 08/08) Block Loss: 2.4240e-05
	(2/3) Block 5/28, self_attn.v_proj | Initialization via ADMM...
		ADMM weight recon error: raw=345.9421, norm=0.3680, per_el=3.2992e-04, out_err=0.2944, ADMM time=1.22s
	(3/3) Block 5/28, self_attn.v_proj | Tuning Factorized Weights...
		(Epoch 01/08) Block Loss: 3.0393e-05
		(Epoch 02/08) Block Loss: 2.9191e-05
		(Epoch 03/08) Block Loss: 2.8694e-05
		(Epoch 04/08) Block Loss: 2.8435e-05
		(Epoch 05/08) Block Loss: 2.8296e-05
		(Epoch 06/08) Block Loss: 2.8212e-05
		(Epoch 07/08) Block Loss: 2.8168e-05
		(Epoch 08/08) Block Loss: 2.8114e-05
	(1/3) Block 5/28, self_attn.o_proj | Tuning Non-Factorized Weights...
		(Epoch 01/08) Block Loss: 2.7137e-05
		(Epoch 02/08) Block Loss: 2.5954e-05
		(Epoch 03/08) Block Loss: 2.5339e-05
		(Epoch 04/08) Block Loss: 2.4938e-05
		(Epoch 05/08) Block Loss: 2.4653e-05
		(Epoch 06/08) Block Loss: 2.4462e-05
		(Epoch 07/08) Block Loss: 2.4351e-05
		(Epoch 08/08) Block Loss: 2.4306e-05
	(2/3) Block 5/28, self_attn.o_proj | Initialization via ADMM...
		ADMM weight recon error: raw=527.0052, norm=0.3327, per_el=2.5130e-04, out_err=0.2802, ADMM time=1.95s
	(3/3) Block 5/28, self_attn.o_proj | Tuning Factorized Weights...
		(Epoch 01/08) Block Loss: 2.9127e-05
		(Epoch 02/08) Block Loss: 2.8222e-05
		(Epoch 03/08) Block Loss: 2.7926e-05
		(Epoch 04/08) Block Loss: 2.7890e-05
		(Epoch 05/08) Block Loss: 2.7847e-05
		(Epoch 06/08) Block Loss: 2.7738e-05
Compressing Layers:  18%|██████████████████▊                                                                                      | 5/28 [59:47<4:22:20, 684.38s/it]		(Epoch 07/08) Block Loss: 2.7652e-05
		(Epoch 08/08) Block Loss: 2.7463e-05
	(1/3) Block 5/28, self_attn.k_proj | Tuning Non-Factorized Weights...
		(Epoch 01/08) Block Loss: 2.6731e-05
		(Epoch 02/08) Block Loss: 2.5852e-05
		(Epoch 03/08) Block Loss: 2.5408e-05
		(Epoch 04/08) Block Loss: 2.5119e-05
		(Epoch 05/08) Block Loss: 2.4903e-05
		(Epoch 06/08) Block Loss: 2.4760e-05
		(Epoch 07/08) Block Loss: 2.4675e-05
		(Epoch 08/08) Block Loss: 2.4639e-05
	(2/3) Block 5/28, self_attn.k_proj | Initialization via ADMM...
		ADMM weight recon error: raw=268.1892, norm=0.3104, per_el=2.5577e-04, out_err=0.0667, ADMM time=1.51s
	(3/3) Block 5/28, self_attn.k_proj | Tuning Factorized Weights...
		(Epoch 01/08) Block Loss: 2.5737e-05
		(Epoch 02/08) Block Loss: 2.5357e-05
		(Epoch 03/08) Block Loss: 2.5254e-05
		(Epoch 04/08) Block Loss: 2.5200e-05
		(Epoch 05/08) Block Loss: 2.5168e-05
		(Epoch 06/08) Block Loss: 2.5147e-05
		(Epoch 07/08) Block Loss: 2.5134e-05
		(Epoch 08/08) Block Loss: 2.5125e-05
	(1/3) Block 5/28, mlp.gate_proj | Tuning Non-Factorized Weights...
		(Epoch 01/08) Block Loss: 2.5271e-05
		(Epoch 02/08) Block Loss: 2.4871e-05
		(Epoch 03/08) Block Loss: 2.4616e-05
		(Epoch 04/08) Block Loss: 2.4439e-05
		(Epoch 05/08) Block Loss: 2.4289e-05
		(Epoch 06/08) Block Loss: 2.4189e-05
		(Epoch 07/08) Block Loss: 2.4125e-05
		(Epoch 08/08) Block Loss: 2.4096e-05
	(2/3) Block 5/28, mlp.gate_proj | Initialization via ADMM...
		ADMM weight recon error: raw=1575.5881, norm=0.3419, per_el=5.0087e-04, out_err=0.0507, ADMM time=1.75s
	(3/3) Block 5/28, mlp.gate_proj | Tuning Factorized Weights...
		(Epoch 01/08) Block Loss: 3.3069e-05
		(Epoch 02/08) Block Loss: 3.0464e-05
		(Epoch 03/08) Block Loss: 2.9745e-05
		(Epoch 04/08) Block Loss: 2.9449e-05
		(Epoch 05/08) Block Loss: 2.9307e-05
		(Epoch 06/08) Block Loss: 2.9203e-05
		(Epoch 07/08) Block Loss: 2.9112e-05
		(Epoch 08/08) Block Loss: 2.8930e-05
	(1/3) Block 5/28, mlp.up_proj | Tuning Non-Factorized Weights...
		(Epoch 01/08) Block Loss: 2.8205e-05
		(Epoch 02/08) Block Loss: 2.7510e-05
		(Epoch 03/08) Block Loss: 2.7172e-05
		(Epoch 04/08) Block Loss: 2.6969e-05
		(Epoch 05/08) Block Loss: 2.6815e-05
		(Epoch 06/08) Block Loss: 2.6716e-05
		(Epoch 07/08) Block Loss: 2.6656e-05
		(Epoch 08/08) Block Loss: 2.6631e-05
	(2/3) Block 5/28, mlp.up_proj | Initialization via ADMM...
		ADMM weight recon error: raw=741.2130, norm=0.3564, per_el=2.3563e-04, out_err=0.2546, ADMM time=1.68s
	(3/3) Block 5/28, mlp.up_proj | Tuning Factorized Weights...
		(Epoch 01/08) Block Loss: 3.9604e-05
		(Epoch 02/08) Block Loss: 3.6843e-05
		(Epoch 03/08) Block Loss: 3.6117e-05
		(Epoch 04/08) Block Loss: 3.5840e-05
		(Epoch 05/08) Block Loss: 3.5893e-05
		(Epoch 06/08) Block Loss: 3.5513e-05
		(Epoch 07/08) Block Loss: 3.5440e-05
		(Epoch 08/08) Block Loss: 3.5019e-05
	(1/3) Block 5/28, mlp.down_proj | Tuning Non-Factorized Weights...
		(Epoch 01/08) Block Loss: 3.3514e-05
		(Epoch 02/08) Block Loss: 3.2509e-05
		(Epoch 03/08) Block Loss: 3.2025e-05
		(Epoch 04/08) Block Loss: 3.1749e-05
		(Epoch 05/08) Block Loss: 3.1571e-05
		(Epoch 06/08) Block Loss: 3.1468e-05
		(Epoch 07/08) Block Loss: 3.1414e-05
		(Epoch 08/08) Block Loss: 3.1393e-05
	(2/3) Block 5/28, mlp.down_proj | Initialization via ADMM...
		ADMM weight recon error: raw=695.7676, norm=0.3479, per_el=2.2118e-04, out_err=0.2701, ADMM time=1.78s
	(3/3) Block 5/28, mlp.down_proj | Tuning Factorized Weights...
		(Epoch 01/08) Block Loss: 4.8624e-05
		(Epoch 02/08) Block Loss: 4.7453e-05
		(Epoch 03/08) Block Loss: 4.7370e-05
		(Epoch 04/08) Block Loss: 4.7463e-05
		(Epoch 05/08) Block Loss: 4.7734e-05
		(Epoch 06/08) Block Loss: 4.7472e-05
		(Epoch 07/08) Block Loss: 4.7409e-05
		(Epoch 08/08) Block Loss: 4.6849e-05
Using sequence length: 2048 (model max: 2048)
		Block 4 beta=1: block err = 0.0017, VALIDATION PPL = 18.340
		Block 4: chosen beta=0.25 (val ppl 18.152; candidates [(0.0, 18.241), (0.25, 18.152), (0.5, 18.235), (0.75, 18.297), (1.0, 18.34)])
		Block 4: relative block output error = 0.0016
Using sequence length: 2048 (model max: 2048)
		Block 4: Test Data PPL        = 17.652
	---- Block 6/28 candidate beta=0 ----
	(1/3) Block 6/28, self_attn.q_proj | Tuning Non-Factorized Weights...
		(Epoch 01/08) Block Loss: 3.4209e-05
		(Epoch 02/08) Block Loss: 3.1106e-05
		(Epoch 03/08) Block Loss: 2.9587e-05
		(Epoch 04/08) Block Loss: 2.8674e-05
		(Epoch 05/08) Block Loss: 2.8037e-05
		(Epoch 06/08) Block Loss: 2.7664e-05
		(Epoch 07/08) Block Loss: 2.7465e-05
		(Epoch 08/08) Block Loss: 2.7392e-05
	(2/3) Block 6/28, self_attn.q_proj | Initialization via ADMM...
		ADMM weight recon error: raw=611.6364, norm=0.3058, per_el=2.9165e-04, out_err=0.0465, ADMM time=5.38s
	(3/3) Block 6/28, self_attn.q_proj | Tuning Factorized Weights...
		(Epoch 01/08) Block Loss: 2.8224e-05
		(Epoch 02/08) Block Loss: 2.8016e-05
		(Epoch 03/08) Block Loss: 2.7927e-05
		(Epoch 04/08) Block Loss: 2.7873e-05
		(Epoch 05/08) Block Loss: 2.7837e-05
		(Epoch 06/08) Block Loss: 2.7811e-05
		(Epoch 07/08) Block Loss: 2.7793e-05
		(Epoch 08/08) Block Loss: 2.7779e-05
	(1/3) Block 6/28, self_attn.v_proj | Tuning Non-Factorized Weights...
		(Epoch 01/08) Block Loss: 2.7758e-05
		(Epoch 02/08) Block Loss: 2.6838e-05
		(Epoch 03/08) Block Loss: 2.6225e-05
		(Epoch 04/08) Block Loss: 2.5810e-05
		(Epoch 05/08) Block Loss: 2.5490e-05
		(Epoch 06/08) Block Loss: 2.5288e-05
		(Epoch 07/08) Block Loss: 2.5170e-05
		(Epoch 08/08) Block Loss: 2.5124e-05
	(2/3) Block 6/28, self_attn.v_proj | Initialization via ADMM...
		ADMM weight recon error: raw=320.5786, norm=0.3763, per_el=3.0573e-04, out_err=0.1706, ADMM time=8.54s
	(3/3) Block 6/28, self_attn.v_proj | Tuning Factorized Weights...
		(Epoch 01/08) Block Loss: 2.9500e-05
		(Epoch 02/08) Block Loss: 2.8357e-05
		(Epoch 03/08) Block Loss: 2.8109e-05
		(Epoch 04/08) Block Loss: 2.7995e-05
		(Epoch 05/08) Block Loss: 2.7937e-05
		(Epoch 06/08) Block Loss: 2.7896e-05
		(Epoch 07/08) Block Loss: 2.7877e-05
		(Epoch 08/08) Block Loss: 2.7846e-05
	(1/3) Block 6/28, self_attn.o_proj | Tuning Non-Factorized Weights...
		(Epoch 01/08) Block Loss: 2.7266e-05
		(Epoch 02/08) Block Loss: 2.6377e-05
		(Epoch 03/08) Block Loss: 2.5901e-05
		(Epoch 04/08) Block Loss: 2.5586e-05
		(Epoch 05/08) Block Loss: 2.5343e-05
		(Epoch 06/08) Block Loss: 2.5188e-05
		(Epoch 07/08) Block Loss: 2.5096e-05
		(Epoch 08/08) Block Loss: 2.5057e-05
	(2/3) Block 6/28, self_attn.o_proj | Initialization via ADMM...
		ADMM weight recon error: raw=584.4802, norm=0.3728, per_el=2.7870e-04, out_err=0.1329, ADMM time=5.25s
	(3/3) Block 6/28, self_attn.o_proj | Tuning Factorized Weights...
		(Epoch 01/08) Block Loss: 2.8411e-05
		(Epoch 02/08) Block Loss: 2.8305e-05
		(Epoch 03/08) Block Loss: 2.8390e-05
		(Epoch 04/08) Block Loss: 2.8463e-05
		(Epoch 05/08) Block Loss: 2.8522e-05
		(Epoch 06/08) Block Loss: 2.8523e-05
		(Epoch 07/08) Block Loss: 2.8539e-05
		(Epoch 08/08) Block Loss: 2.8378e-05
	(1/3) Block 6/28, self_attn.k_proj | Tuning Non-Factorized Weights...
		(Epoch 01/08) Block Loss: 2.7608e-05
		(Epoch 02/08) Block Loss: 2.6811e-05
		(Epoch 03/08) Block Loss: 2.6407e-05
		(Epoch 04/08) Block Loss: 2.6151e-05
		(Epoch 05/08) Block Loss: 2.5956e-05
		(Epoch 06/08) Block Loss: 2.5831e-05
		(Epoch 07/08) Block Loss: 2.5757e-05
		(Epoch 08/08) Block Loss: 2.5726e-05
	(2/3) Block 6/28, self_attn.k_proj | Initialization via ADMM...
		ADMM weight recon error: raw=275.3308, norm=0.3247, per_el=2.6258e-04, out_err=0.0498, ADMM time=8.73s
	(3/3) Block 6/28, self_attn.k_proj | Tuning Factorized Weights...
		(Epoch 01/08) Block Loss: 2.8543e-05
		(Epoch 02/08) Block Loss: 2.6753e-05
		(Epoch 03/08) Block Loss: 2.6332e-05
		(Epoch 04/08) Block Loss: 2.6236e-05
		(Epoch 05/08) Block Loss: 2.6198e-05
		(Epoch 06/08) Block Loss: 2.6185e-05
		(Epoch 07/08) Block Loss: 2.6168e-05
		(Epoch 08/08) Block Loss: 2.6158e-05
	(1/3) Block 6/28, mlp.gate_proj | Tuning Non-Factorized Weights...
		(Epoch 01/08) Block Loss: 2.6280e-05
		(Epoch 02/08) Block Loss: 2.5936e-05
		(Epoch 03/08) Block Loss: 2.5715e-05
		(Epoch 04/08) Block Loss: 2.5563e-05
		(Epoch 05/08) Block Loss: 2.5432e-05
		(Epoch 06/08) Block Loss: 2.5345e-05
		(Epoch 07/08) Block Loss: 2.5288e-05
		(Epoch 08/08) Block Loss: 2.5263e-05
	(2/3) Block 6/28, mlp.gate_proj | Initialization via ADMM...
		ADMM weight recon error: raw=1321.7360, norm=0.3515, per_el=4.2017e-04, out_err=0.0507, ADMM time=5.97s
	(3/3) Block 6/28, mlp.gate_proj | Tuning Factorized Weights...
		(Epoch 01/08) Block Loss: 3.0435e-05
		(Epoch 02/08) Block Loss: 2.9835e-05
		(Epoch 03/08) Block Loss: 2.9709e-05
		(Epoch 04/08) Block Loss: 2.9682e-05
		(Epoch 05/08) Block Loss: 2.9674e-05
		(Epoch 06/08) Block Loss: 2.9652e-05
		(Epoch 07/08) Block Loss: 2.9607e-05
		(Epoch 08/08) Block Loss: 2.9452e-05
	(1/3) Block 6/28, mlp.up_proj | Tuning Non-Factorized Weights...
		(Epoch 01/08) Block Loss: 2.8796e-05
		(Epoch 02/08) Block Loss: 2.8233e-05
		(Epoch 03/08) Block Loss: 2.7949e-05
		(Epoch 04/08) Block Loss: 2.7775e-05
		(Epoch 05/08) Block Loss: 2.7642e-05
		(Epoch 06/08) Block Loss: 2.7557e-05
		(Epoch 07/08) Block Loss: 2.7506e-05
		(Epoch 08/08) Block Loss: 2.7484e-05
	(2/3) Block 6/28, mlp.up_proj | Initialization via ADMM...
		ADMM weight recon error: raw=863.9375, norm=0.3648, per_el=2.7464e-04, out_err=0.1654, ADMM time=6.27s
	(3/3) Block 6/28, mlp.up_proj | Tuning Factorized Weights...
		(Epoch 01/08) Block Loss: 3.5802e-05
		(Epoch 02/08) Block Loss: 3.5205e-05
		(Epoch 03/08) Block Loss: 3.5126e-05
		(Epoch 04/08) Block Loss: 3.5196e-05
		(Epoch 05/08) Block Loss: 3.5225e-05
		(Epoch 06/08) Block Loss: 3.5147e-05
		(Epoch 07/08) Block Loss: 3.5082e-05
		(Epoch 08/08) Block Loss: 3.4736e-05
	(1/3) Block 6/28, mlp.down_proj | Tuning Non-Factorized Weights...
		(Epoch 01/08) Block Loss: 3.3456e-05
		(Epoch 02/08) Block Loss: 3.2679e-05
		(Epoch 03/08) Block Loss: 3.2291e-05
		(Epoch 04/08) Block Loss: 3.2063e-05
		(Epoch 05/08) Block Loss: 3.1912e-05
		(Epoch 06/08) Block Loss: 3.1824e-05
		(Epoch 07/08) Block Loss: 3.1777e-05
		(Epoch 08/08) Block Loss: 3.1760e-05
	(2/3) Block 6/28, mlp.down_proj | Initialization via ADMM...
		ADMM weight recon error: raw=847.1069, norm=0.3728, per_el=2.6929e-04, out_err=0.1900, ADMM time=6.48s
	(3/3) Block 6/28, mlp.down_proj | Tuning Factorized Weights...
		(Epoch 01/08) Block Loss: 4.2212e-05
		(Epoch 02/08) Block Loss: 4.2169e-05
		(Epoch 03/08) Block Loss: 4.2468e-05
		(Epoch 04/08) Block Loss: 4.2754e-05
		(Epoch 05/08) Block Loss: 4.2954e-05
		(Epoch 06/08) Block Loss: 4.3010e-05
		(Epoch 07/08) Block Loss: 4.3070e-05
		(Epoch 08/08) Block Loss: 4.2605e-05
Using sequence length: 2048 (model max: 2048)
		Block 5 beta=0: block err = 0.0021, VALIDATION PPL = 18.212
	---- Block 6/28 candidate beta=0.25 ----
	(1/3) Block 6/28, self_attn.q_proj | Tuning Non-Factorized Weights...
		(Epoch 01/08) Block Loss: 3.4209e-05
		(Epoch 02/08) Block Loss: 3.1106e-05
		(Epoch 03/08) Block Loss: 2.9587e-05
		(Epoch 04/08) Block Loss: 2.8674e-05
		(Epoch 05/08) Block Loss: 2.8037e-05
		(Epoch 06/08) Block Loss: 2.7664e-05
		(Epoch 07/08) Block Loss: 2.7465e-05
		(Epoch 08/08) Block Loss: 2.7393e-05
	(2/3) Block 6/28, self_attn.q_proj | Initialization via ADMM...
		ADMM weight recon error: raw=605.0278, norm=0.3025, per_el=2.8850e-04, out_err=0.0487, ADMM time=5.75s
	(3/3) Block 6/28, self_attn.q_proj | Tuning Factorized Weights...
		(Epoch 01/08) Block Loss: 2.8289e-05
		(Epoch 02/08) Block Loss: 2.8034e-05
		(Epoch 03/08) Block Loss: 2.7939e-05
		(Epoch 04/08) Block Loss: 2.7886e-05
		(Epoch 05/08) Block Loss: 2.7848e-05
		(Epoch 06/08) Block Loss: 2.7822e-05
		(Epoch 07/08) Block Loss: 2.7803e-05
		(Epoch 08/08) Block Loss: 2.7786e-05
	(1/3) Block 6/28, self_attn.v_proj | Tuning Non-Factorized Weights...
		(Epoch 01/08) Block Loss: 2.7764e-05
		(Epoch 02/08) Block Loss: 2.6841e-05
		(Epoch 03/08) Block Loss: 2.6229e-05
		(Epoch 04/08) Block Loss: 2.5814e-05
		(Epoch 05/08) Block Loss: 2.5495e-05
		(Epoch 06/08) Block Loss: 2.5290e-05
		(Epoch 07/08) Block Loss: 2.5173e-05
		(Epoch 08/08) Block Loss: 2.5127e-05
	(2/3) Block 6/28, self_attn.v_proj | Initialization via ADMM...
		ADMM weight recon error: raw=316.9670, norm=0.3720, per_el=3.0228e-04, out_err=0.1786, ADMM time=6.08s
	(3/3) Block 6/28, self_attn.v_proj | Tuning Factorized Weights...
		(Epoch 01/08) Block Loss: 2.8767e-05
		(Epoch 02/08) Block Loss: 2.8223e-05
		(Epoch 03/08) Block Loss: 2.8050e-05
		(Epoch 04/08) Block Loss: 2.7955e-05
		(Epoch 05/08) Block Loss: 2.7912e-05
		(Epoch 06/08) Block Loss: 2.7890e-05
		(Epoch 07/08) Block Loss: 2.7869e-05
		(Epoch 08/08) Block Loss: 2.7836e-05
	(1/3) Block 6/28, self_attn.o_proj | Tuning Non-Factorized Weights...
		(Epoch 01/08) Block Loss: 2.7265e-05
		(Epoch 02/08) Block Loss: 2.6378e-05
		(Epoch 03/08) Block Loss: 2.5904e-05
		(Epoch 04/08) Block Loss: 2.5586e-05
		(Epoch 05/08) Block Loss: 2.5344e-05
		(Epoch 06/08) Block Loss: 2.5189e-05
		(Epoch 07/08) Block Loss: 2.5097e-05
		(Epoch 08/08) Block Loss: 2.5059e-05
	(2/3) Block 6/28, self_attn.o_proj | Initialization via ADMM...
		ADMM weight recon error: raw=568.1559, norm=0.3623, per_el=2.7092e-04, out_err=0.1398, ADMM time=4.92s
	(3/3) Block 6/28, self_attn.o_proj | Tuning Factorized Weights...
		(Epoch 01/08) Block Loss: 2.8545e-05
		(Epoch 02/08) Block Loss: 2.8438e-05
		(Epoch 03/08) Block Loss: 2.8490e-05
		(Epoch 04/08) Block Loss: 2.8624e-05
		(Epoch 05/08) Block Loss: 2.8673e-05
		(Epoch 06/08) Block Loss: 2.8687e-05
		(Epoch 07/08) Block Loss: 2.8666e-05
		(Epoch 08/08) Block Loss: 2.8479e-05
	(1/3) Block 6/28, self_attn.k_proj | Tuning Non-Factorized Weights...
		(Epoch 01/08) Block Loss: 2.7651e-05
		(Epoch 02/08) Block Loss: 2.6834e-05
		(Epoch 03/08) Block Loss: 2.6424e-05
		(Epoch 04/08) Block Loss: 2.6166e-05
		(Epoch 05/08) Block Loss: 2.5969e-05
		(Epoch 06/08) Block Loss: 2.5843e-05
		(Epoch 07/08) Block Loss: 2.5768e-05
		(Epoch 08/08) Block Loss: 2.5736e-05
	(2/3) Block 6/28, self_attn.k_proj | Initialization via ADMM...
		ADMM weight recon error: raw=272.5073, norm=0.3214, per_el=2.5988e-04, out_err=0.0521, ADMM time=6.34s
	(3/3) Block 6/28, self_attn.k_proj | Tuning Factorized Weights...
		(Epoch 01/08) Block Loss: 2.6441e-05
		(Epoch 02/08) Block Loss: 2.6248e-05
		(Epoch 03/08) Block Loss: 2.6195e-05
		(Epoch 04/08) Block Loss: 2.6167e-05
		(Epoch 05/08) Block Loss: 2.6148e-05
		(Epoch 06/08) Block Loss: 2.6136e-05
		(Epoch 07/08) Block Loss: 2.6127e-05
		(Epoch 08/08) Block Loss: 2.6120e-05
	(1/3) Block 6/28, mlp.gate_proj | Tuning Non-Factorized Weights...
		(Epoch 01/08) Block Loss: 2.6253e-05
		(Epoch 02/08) Block Loss: 2.5912e-05
		(Epoch 03/08) Block Loss: 2.5691e-05
		(Epoch 04/08) Block Loss: 2.5540e-05
		(Epoch 05/08) Block Loss: 2.5409e-05
		(Epoch 06/08) Block Loss: 2.5322e-05
		(Epoch 07/08) Block Loss: 2.5266e-05
		(Epoch 08/08) Block Loss: 2.5241e-05
	(2/3) Block 6/28, mlp.gate_proj | Initialization via ADMM...
		ADMM weight recon error: raw=1299.9060, norm=0.3457, per_el=4.1323e-04, out_err=0.0534, ADMM time=6.33s
	(3/3) Block 6/28, mlp.gate_proj | Tuning Factorized Weights...
		(Epoch 01/08) Block Loss: 3.0711e-05
		(Epoch 02/08) Block Loss: 2.9980e-05
		(Epoch 03/08) Block Loss: 2.9827e-05
		(Epoch 04/08) Block Loss: 2.9782e-05
		(Epoch 05/08) Block Loss: 2.9769e-05
		(Epoch 06/08) Block Loss: 2.9739e-05
		(Epoch 07/08) Block Loss: 2.9699e-05
		(Epoch 08/08) Block Loss: 2.9535e-05
	(1/3) Block 6/28, mlp.up_proj | Tuning Non-Factorized Weights...
		(Epoch 01/08) Block Loss: 2.8850e-05
		(Epoch 02/08) Block Loss: 2.8275e-05
		(Epoch 03/08) Block Loss: 2.7985e-05
		(Epoch 04/08) Block Loss: 2.7809e-05
		(Epoch 05/08) Block Loss: 2.7674e-05
		(Epoch 06/08) Block Loss: 2.7588e-05
		(Epoch 07/08) Block Loss: 2.7537e-05
		(Epoch 08/08) Block Loss: 2.7515e-05
	(2/3) Block 6/28, mlp.up_proj | Initialization via ADMM...
		ADMM weight recon error: raw=850.1631, norm=0.3590, per_el=2.7026e-04, out_err=0.1743, ADMM time=6.31s
	(3/3) Block 6/28, mlp.up_proj | Tuning Factorized Weights...
		(Epoch 01/08) Block Loss: 3.6156e-05
		(Epoch 02/08) Block Loss: 3.5423e-05
		(Epoch 03/08) Block Loss: 3.5306e-05
		(Epoch 04/08) Block Loss: 3.5308e-05
		(Epoch 05/08) Block Loss: 3.5320e-05
		(Epoch 06/08) Block Loss: 3.5290e-05
		(Epoch 07/08) Block Loss: 3.5270e-05
		(Epoch 08/08) Block Loss: 3.4854e-05
	(1/3) Block 6/28, mlp.down_proj | Tuning Non-Factorized Weights...
		(Epoch 01/08) Block Loss: 3.3538e-05
		(Epoch 02/08) Block Loss: 3.2747e-05
		(Epoch 03/08) Block Loss: 3.2351e-05
		(Epoch 04/08) Block Loss: 3.2119e-05
		(Epoch 05/08) Block Loss: 3.1966e-05
		(Epoch 06/08) Block Loss: 3.1876e-05
		(Epoch 07/08) Block Loss: 3.1828e-05
		(Epoch 08/08) Block Loss: 3.1811e-05
	(2/3) Block 6/28, mlp.down_proj | Initialization via ADMM...
		ADMM weight recon error: raw=824.0856, norm=0.3627, per_el=2.6197e-04, out_err=0.1973, ADMM time=6.43s
	(3/3) Block 6/28, mlp.down_proj | Tuning Factorized Weights...
		(Epoch 01/08) Block Loss: 4.2507e-05
		(Epoch 02/08) Block Loss: 4.2457e-05
		(Epoch 03/08) Block Loss: 4.2753e-05
		(Epoch 04/08) Block Loss: 4.3071e-05
		(Epoch 05/08) Block Loss: 4.3273e-05
		(Epoch 06/08) Block Loss: 4.3222e-05
		(Epoch 07/08) Block Loss: 4.3247e-05
		(Epoch 08/08) Block Loss: 4.2820e-05
Using sequence length: 2048 (model max: 2048)
		Block 5 beta=0.25: block err = 0.0021, VALIDATION PPL = 18.199
	---- Block 6/28 candidate beta=0.5 ----
	(1/3) Block 6/28, self_attn.q_proj | Tuning Non-Factorized Weights...
		(Epoch 01/08) Block Loss: 3.4209e-05
		(Epoch 02/08) Block Loss: 3.1106e-05
		(Epoch 03/08) Block Loss: 2.9587e-05
		(Epoch 04/08) Block Loss: 2.8674e-05
		(Epoch 05/08) Block Loss: 2.8037e-05
		(Epoch 06/08) Block Loss: 2.7664e-05
		(Epoch 07/08) Block Loss: 2.7465e-05
		(Epoch 08/08) Block Loss: 2.7393e-05
	(2/3) Block 6/28, self_attn.q_proj | Initialization via ADMM...
		ADMM weight recon error: raw=601.0948, norm=0.3005, per_el=2.8662e-04, out_err=0.0521, ADMM time=4.98s
	(3/3) Block 6/28, self_attn.q_proj | Tuning Factorized Weights...
		(Epoch 01/08) Block Loss: 2.8375e-05
		(Epoch 02/08) Block Loss: 2.8074e-05
		(Epoch 03/08) Block Loss: 2.7972e-05
		(Epoch 04/08) Block Loss: 2.7913e-05
		(Epoch 05/08) Block Loss: 2.7870e-05
		(Epoch 06/08) Block Loss: 2.7843e-05
		(Epoch 07/08) Block Loss: 2.7821e-05
		(Epoch 08/08) Block Loss: 2.7804e-05
	(1/3) Block 6/28, self_attn.v_proj | Tuning Non-Factorized Weights...
		(Epoch 01/08) Block Loss: 2.7779e-05
		(Epoch 02/08) Block Loss: 2.6856e-05
		(Epoch 03/08) Block Loss: 2.6243e-05
		(Epoch 04/08) Block Loss: 2.5825e-05
		(Epoch 05/08) Block Loss: 2.5507e-05
		(Epoch 06/08) Block Loss: 2.5302e-05
		(Epoch 07/08) Block Loss: 2.5185e-05
		(Epoch 08/08) Block Loss: 2.5139e-05
	(2/3) Block 6/28, self_attn.v_proj | Initialization via ADMM...
		ADMM weight recon error: raw=314.2891, norm=0.3689, per_el=2.9973e-04, out_err=0.1911, ADMM time=9.07s
	(3/3) Block 6/28, self_attn.v_proj | Tuning Factorized Weights...
		(Epoch 01/08) Block Loss: 2.8862e-05
		(Epoch 02/08) Block Loss: 2.8343e-05
		(Epoch 03/08) Block Loss: 2.8161e-05
		(Epoch 04/08) Block Loss: 2.8067e-05
		(Epoch 05/08) Block Loss: 2.8020e-05
		(Epoch 06/08) Block Loss: 2.7989e-05
		(Epoch 07/08) Block Loss: 2.7965e-05
		(Epoch 08/08) Block Loss: 2.7930e-05
	(1/3) Block 6/28, self_attn.o_proj | Tuning Non-Factorized Weights...
		(Epoch 01/08) Block Loss: 2.7328e-05
		(Epoch 02/08) Block Loss: 2.6426e-05
		(Epoch 03/08) Block Loss: 2.5943e-05
		(Epoch 04/08) Block Loss: 2.5624e-05
		(Epoch 05/08) Block Loss: 2.5382e-05
		(Epoch 06/08) Block Loss: 2.5225e-05
		(Epoch 07/08) Block Loss: 2.5132e-05
		(Epoch 08/08) Block Loss: 2.5094e-05
	(2/3) Block 6/28, self_attn.o_proj | Initialization via ADMM...
		ADMM weight recon error: raw=557.7402, norm=0.3557, per_el=2.6595e-04, out_err=0.1516, ADMM time=5.05s
	(3/3) Block 6/28, self_attn.o_proj | Tuning Factorized Weights...
		(Epoch 01/08) Block Loss: 2.8794e-05
		(Epoch 02/08) Block Loss: 2.8641e-05
		(Epoch 03/08) Block Loss: 2.8696e-05
		(Epoch 04/08) Block Loss: 2.8824e-05
		(Epoch 05/08) Block Loss: 2.8839e-05
		(Epoch 06/08) Block Loss: 2.8873e-05
		(Epoch 07/08) Block Loss: 2.8888e-05
		(Epoch 08/08) Block Loss: 2.8622e-05
	(1/3) Block 6/28, self_attn.k_proj | Tuning Non-Factorized Weights...
		(Epoch 01/08) Block Loss: 2.7757e-05
		(Epoch 02/08) Block Loss: 2.6912e-05
		(Epoch 03/08) Block Loss: 2.6492e-05
		(Epoch 04/08) Block Loss: 2.6230e-05
		(Epoch 05/08) Block Loss: 2.6030e-05
		(Epoch 06/08) Block Loss: 2.5903e-05
		(Epoch 07/08) Block Loss: 2.5827e-05
		(Epoch 08/08) Block Loss: 2.5795e-05
	(2/3) Block 6/28, self_attn.k_proj | Initialization via ADMM...
		ADMM weight recon error: raw=269.5812, norm=0.3179, per_el=2.5709e-04, out_err=0.0557, ADMM time=9.39s
	(3/3) Block 6/28, self_attn.k_proj | Tuning Factorized Weights...
		(Epoch 01/08) Block Loss: 2.6490e-05
		(Epoch 02/08) Block Loss: 2.6318e-05
		(Epoch 03/08) Block Loss: 2.6261e-05
		(Epoch 04/08) Block Loss: 2.6230e-05
		(Epoch 05/08) Block Loss: 2.6210e-05
		(Epoch 06/08) Block Loss: 2.6196e-05
		(Epoch 07/08) Block Loss: 2.6188e-05
		(Epoch 08/08) Block Loss: 2.6179e-05
	(1/3) Block 6/28, mlp.gate_proj | Tuning Non-Factorized Weights...
		(Epoch 01/08) Block Loss: 2.6313e-05
		(Epoch 02/08) Block Loss: 2.5968e-05
		(Epoch 03/08) Block Loss: 2.5745e-05
		(Epoch 04/08) Block Loss: 2.5592e-05
		(Epoch 05/08) Block Loss: 2.5460e-05
		(Epoch 06/08) Block Loss: 2.5371e-05
		(Epoch 07/08) Block Loss: 2.5315e-05
		(Epoch 08/08) Block Loss: 2.5290e-05
	(2/3) Block 6/28, mlp.gate_proj | Initialization via ADMM...
		ADMM weight recon error: raw=1279.7819, norm=0.3404, per_el=4.0683e-04, out_err=0.0568, ADMM time=5.63s
	(3/3) Block 6/28, mlp.gate_proj | Tuning Factorized Weights...
		(Epoch 01/08) Block Loss: 3.1131e-05
		(Epoch 02/08) Block Loss: 3.0277e-05
		(Epoch 03/08) Block Loss: 3.0074e-05
		(Epoch 04/08) Block Loss: 3.0011e-05
		(Epoch 05/08) Block Loss: 2.9991e-05
		(Epoch 06/08) Block Loss: 2.9956e-05
		(Epoch 07/08) Block Loss: 2.9896e-05
		(Epoch 08/08) Block Loss: 2.9725e-05
	(1/3) Block 6/28, mlp.up_proj | Tuning Non-Factorized Weights...
		(Epoch 01/08) Block Loss: 2.9012e-05
		(Epoch 02/08) Block Loss: 2.8417e-05
		(Epoch 03/08) Block Loss: 2.8120e-05
		(Epoch 04/08) Block Loss: 2.7939e-05
		(Epoch 05/08) Block Loss: 2.7801e-05
		(Epoch 06/08) Block Loss: 2.7714e-05
		(Epoch 07/08) Block Loss: 2.7662e-05
		(Epoch 08/08) Block Loss: 2.7640e-05
	(2/3) Block 6/28, mlp.up_proj | Initialization via ADMM...
		ADMM weight recon error: raw=840.8344, norm=0.3551, per_el=2.6729e-04, out_err=0.1871, ADMM time=5.74s
	(3/3) Block 6/28, mlp.up_proj | Tuning Factorized Weights...
		(Epoch 01/08) Block Loss: 3.6767e-05
		(Epoch 02/08) Block Loss: 3.5848e-05
		(Epoch 03/08) Block Loss: 3.5713e-05
		(Epoch 04/08) Block Loss: 3.5724e-05
		(Epoch 05/08) Block Loss: 3.5675e-05
		(Epoch 06/08) Block Loss: 3.5564e-05
		(Epoch 07/08) Block Loss: 3.5525e-05
		(Epoch 08/08) Block Loss: 3.5140e-05
	(1/3) Block 6/28, mlp.down_proj | Tuning Non-Factorized Weights...
		(Epoch 01/08) Block Loss: 3.3780e-05
		(Epoch 02/08) Block Loss: 3.2961e-05
		(Epoch 03/08) Block Loss: 3.2550e-05
		(Epoch 04/08) Block Loss: 3.2310e-05
		(Epoch 05/08) Block Loss: 3.2152e-05
		(Epoch 06/08) Block Loss: 3.2060e-05
		(Epoch 07/08) Block Loss: 3.2011e-05
		(Epoch 08/08) Block Loss: 3.1993e-05
	(2/3) Block 6/28, mlp.down_proj | Initialization via ADMM...
		ADMM weight recon error: raw=806.6979, norm=0.3551, per_el=2.5644e-04, out_err=0.2094, ADMM time=6.01s
	(3/3) Block 6/28, mlp.down_proj | Tuning Factorized Weights...
		(Epoch 01/08) Block Loss: 4.3149e-05
		(Epoch 02/08) Block Loss: 4.3067e-05
		(Epoch 03/08) Block Loss: 4.3338e-05
		(Epoch 04/08) Block Loss: 4.3591e-05
		(Epoch 05/08) Block Loss: 4.3733e-05
		(Epoch 06/08) Block Loss: 4.3754e-05
		(Epoch 07/08) Block Loss: 4.3782e-05
		(Epoch 08/08) Block Loss: 4.3284e-05
Using sequence length: 2048 (model max: 2048)
		Block 5 beta=0.5: block err = 0.0021, VALIDATION PPL = 18.290
	---- Block 6/28 candidate beta=0.75 ----
	(1/3) Block 6/28, self_attn.q_proj | Tuning Non-Factorized Weights...
		(Epoch 01/08) Block Loss: 3.4209e-05
		(Epoch 02/08) Block Loss: 3.1106e-05
		(Epoch 03/08) Block Loss: 2.9587e-05
		(Epoch 04/08) Block Loss: 2.8674e-05
		(Epoch 05/08) Block Loss: 2.8037e-05
		(Epoch 06/08) Block Loss: 2.7663e-05
		(Epoch 07/08) Block Loss: 2.7465e-05
		(Epoch 08/08) Block Loss: 2.7392e-05
	(2/3) Block 6/28, self_attn.q_proj | Initialization via ADMM...
		ADMM weight recon error: raw=597.0228, norm=0.2985, per_el=2.8468e-04, out_err=0.0573, ADMM time=5.06s
	(3/3) Block 6/28, self_attn.q_proj | Tuning Factorized Weights...
		(Epoch 01/08) Block Loss: 2.8478e-05
		(Epoch 02/08) Block Loss: 2.8131e-05
		(Epoch 03/08) Block Loss: 2.8017e-05
		(Epoch 04/08) Block Loss: 2.7953e-05
		(Epoch 05/08) Block Loss: 2.7910e-05
		(Epoch 06/08) Block Loss: 2.7878e-05
		(Epoch 07/08) Block Loss: 2.7857e-05
		(Epoch 08/08) Block Loss: 2.7838e-05
	(1/3) Block 6/28, self_attn.v_proj | Tuning Non-Factorized Weights...
		(Epoch 01/08) Block Loss: 2.7814e-05
		(Epoch 02/08) Block Loss: 2.6895e-05
		(Epoch 03/08) Block Loss: 2.6278e-05
		(Epoch 04/08) Block Loss: 2.5859e-05
		(Epoch 05/08) Block Loss: 2.5539e-05
		(Epoch 06/08) Block Loss: 2.5336e-05
		(Epoch 07/08) Block Loss: 2.5218e-05
		(Epoch 08/08) Block Loss: 2.5171e-05
	(2/3) Block 6/28, self_attn.v_proj | Initialization via ADMM...
		ADMM weight recon error: raw=312.4589, norm=0.3667, per_el=2.9798e-04, out_err=0.2105, ADMM time=9.58s
	(3/3) Block 6/28, self_attn.v_proj | Tuning Factorized Weights...
		(Epoch 01/08) Block Loss: 2.9217e-05
		(Epoch 02/08) Block Loss: 2.8638e-05
		(Epoch 03/08) Block Loss: 2.8405e-05
		(Epoch 04/08) Block Loss: 2.8276e-05
		(Epoch 05/08) Block Loss: 2.8216e-05
		(Epoch 06/08) Block Loss: 2.8178e-05
		(Epoch 07/08) Block Loss: 2.8155e-05
		(Epoch 08/08) Block Loss: 2.8114e-05
	(1/3) Block 6/28, self_attn.o_proj | Tuning Non-Factorized Weights...
		(Epoch 01/08) Block Loss: 2.7443e-05
		(Epoch 02/08) Block Loss: 2.6507e-05
		(Epoch 03/08) Block Loss: 2.6019e-05
		(Epoch 04/08) Block Loss: 2.5696e-05
		(Epoch 05/08) Block Loss: 2.5449e-05
		(Epoch 06/08) Block Loss: 2.5289e-05
		(Epoch 07/08) Block Loss: 2.5196e-05
		(Epoch 08/08) Block Loss: 2.5158e-05
	(2/3) Block 6/28, self_attn.o_proj | Initialization via ADMM...
		ADMM weight recon error: raw=550.1653, norm=0.3509, per_el=2.6234e-04, out_err=0.1709, ADMM time=4.18s
	(3/3) Block 6/28, self_attn.o_proj | Tuning Factorized Weights...
		(Epoch 01/08) Block Loss: 2.9231e-05
		(Epoch 02/08) Block Loss: 2.8974e-05
		(Epoch 03/08) Block Loss: 2.9000e-05
		(Epoch 04/08) Block Loss: 2.9049e-05
		(Epoch 05/08) Block Loss: 2.9099e-05
		(Epoch 06/08) Block Loss: 2.9136e-05
		(Epoch 07/08) Block Loss: 2.9143e-05
		(Epoch 08/08) Block Loss: 2.8869e-05
	(1/3) Block 6/28, self_attn.k_proj | Tuning Non-Factorized Weights...
		(Epoch 01/08) Block Loss: 2.7889e-05
		(Epoch 02/08) Block Loss: 2.7017e-05
		(Epoch 03/08) Block Loss: 2.6590e-05
		(Epoch 04/08) Block Loss: 2.6321e-05
		(Epoch 05/08) Block Loss: 2.6118e-05
		(Epoch 06/08) Block Loss: 2.5989e-05
		(Epoch 07/08) Block Loss: 2.5912e-05
		(Epoch 08/08) Block Loss: 2.5880e-05
	(2/3) Block 6/28, self_attn.k_proj | Initialization via ADMM...
		ADMM weight recon error: raw=267.5678, norm=0.3155, per_el=2.5517e-04, out_err=0.0610, ADMM time=10.13s
	(3/3) Block 6/28, self_attn.k_proj | Tuning Factorized Weights...
		(Epoch 01/08) Block Loss: 2.6591e-05
		(Epoch 02/08) Block Loss: 2.6418e-05
		(Epoch 03/08) Block Loss: 2.6360e-05
		(Epoch 04/08) Block Loss: 2.6327e-05
		(Epoch 05/08) Block Loss: 2.6305e-05
		(Epoch 06/08) Block Loss: 2.6291e-05
		(Epoch 07/08) Block Loss: 2.6281e-05
		(Epoch 08/08) Block Loss: 2.6272e-05
	(1/3) Block 6/28, mlp.gate_proj | Tuning Non-Factorized Weights...
		(Epoch 01/08) Block Loss: 2.6405e-05
		(Epoch 02/08) Block Loss: 2.6055e-05
		(Epoch 03/08) Block Loss: 2.5829e-05
		(Epoch 04/08) Block Loss: 2.5674e-05
		(Epoch 05/08) Block Loss: 2.5541e-05
		(Epoch 06/08) Block Loss: 2.5452e-05
		(Epoch 07/08) Block Loss: 2.5395e-05
		(Epoch 08/08) Block Loss: 2.5370e-05
	(2/3) Block 6/28, mlp.gate_proj | Initialization via ADMM...
		ADMM weight recon error: raw=1264.5367, norm=0.3363, per_el=4.0199e-04, out_err=0.0622, ADMM time=4.63s
	(3/3) Block 6/28, mlp.gate_proj | Tuning Factorized Weights...
		(Epoch 01/08) Block Loss: 3.1781e-05
		(Epoch 02/08) Block Loss: 3.0705e-05
		(Epoch 03/08) Block Loss: 3.0434e-05
		(Epoch 04/08) Block Loss: 3.0338e-05
		(Epoch 05/08) Block Loss: 3.0301e-05
		(Epoch 06/08) Block Loss: 3.0255e-05
		(Epoch 07/08) Block Loss: 3.0194e-05
		(Epoch 08/08) Block Loss: 2.9995e-05
	(1/3) Block 6/28, mlp.up_proj | Tuning Non-Factorized Weights...
		(Epoch 01/08) Block Loss: 2.9227e-05
		(Epoch 02/08) Block Loss: 2.8607e-05
		(Epoch 03/08) Block Loss: 2.8300e-05
		(Epoch 04/08) Block Loss: 2.8115e-05
		(Epoch 05/08) Block Loss: 2.7974e-05
		(Epoch 06/08) Block Loss: 2.7885e-05
		(Epoch 07/08) Block Loss: 2.7832e-05
		(Epoch 08/08) Block Loss: 2.7809e-05
	(2/3) Block 6/28, mlp.up_proj | Initialization via ADMM...
		ADMM weight recon error: raw=832.8163, norm=0.3541, per_el=2.6475e-04, out_err=0.2064, ADMM time=6.40s
	(3/3) Block 6/28, mlp.up_proj | Tuning Factorized Weights...
		(Epoch 01/08) Block Loss: 3.7632e-05
		(Epoch 02/08) Block Loss: 3.6402e-05
		(Epoch 03/08) Block Loss: 3.6178e-05
		(Epoch 04/08) Block Loss: 3.6130e-05
		(Epoch 05/08) Block Loss: 3.6175e-05
		(Epoch 06/08) Block Loss: 3.5956e-05
		(Epoch 07/08) Block Loss: 3.5955e-05
		(Epoch 08/08) Block Loss: 3.5475e-05
	(1/3) Block 6/28, mlp.down_proj | Tuning Non-Factorized Weights...
		(Epoch 01/08) Block Loss: 3.4068e-05
		(Epoch 02/08) Block Loss: 3.3220e-05
		(Epoch 03/08) Block Loss: 3.2796e-05
		(Epoch 04/08) Block Loss: 3.2549e-05
		(Epoch 05/08) Block Loss: 3.2386e-05
		(Epoch 06/08) Block Loss: 3.2291e-05
		(Epoch 07/08) Block Loss: 3.2241e-05
		(Epoch 08/08) Block Loss: 3.2223e-05
	(2/3) Block 6/28, mlp.down_proj | Initialization via ADMM...
		ADMM weight recon error: raw=793.1827, norm=0.3491, per_el=2.5215e-04, out_err=0.2310, ADMM time=6.51s
	(3/3) Block 6/28, mlp.down_proj | Tuning Factorized Weights...
		(Epoch 01/08) Block Loss: 4.4171e-05
		(Epoch 02/08) Block Loss: 4.3888e-05
		(Epoch 03/08) Block Loss: 4.4077e-05
		(Epoch 04/08) Block Loss: 4.4278e-05
		(Epoch 05/08) Block Loss: 4.4385e-05
		(Epoch 06/08) Block Loss: 4.4393e-05
		(Epoch 07/08) Block Loss: 4.4381e-05
		(Epoch 08/08) Block Loss: 4.3882e-05
Using sequence length: 2048 (model max: 2048)
		Block 5 beta=0.75: block err = 0.0021, VALIDATION PPL = 18.217
	---- Block 6/28 candidate beta=1 ----
	(1/3) Block 6/28, self_attn.q_proj | Tuning Non-Factorized Weights...
		(Epoch 01/08) Block Loss: 3.4209e-05
		(Epoch 02/08) Block Loss: 3.1106e-05
		(Epoch 03/08) Block Loss: 2.9587e-05
		(Epoch 04/08) Block Loss: 2.8674e-05
		(Epoch 05/08) Block Loss: 2.8037e-05
		(Epoch 06/08) Block Loss: 2.7664e-05
		(Epoch 07/08) Block Loss: 2.7465e-05
		(Epoch 08/08) Block Loss: 2.7392e-05
	(2/3) Block 6/28, self_attn.q_proj | Initialization via ADMM...
		ADMM weight recon error: raw=593.4585, norm=0.2967, per_el=2.8298e-04, out_err=0.0715, ADMM time=1.50s
	(3/3) Block 6/28, self_attn.q_proj | Tuning Factorized Weights...
		(Epoch 01/08) Block Loss: 2.8759e-05
		(Epoch 02/08) Block Loss: 2.8265e-05
		(Epoch 03/08) Block Loss: 2.8125e-05
		(Epoch 04/08) Block Loss: 2.8050e-05
		(Epoch 05/08) Block Loss: 2.7992e-05
		(Epoch 06/08) Block Loss: 2.7958e-05
		(Epoch 07/08) Block Loss: 2.7932e-05
		(Epoch 08/08) Block Loss: 2.7908e-05
	(1/3) Block 6/28, self_attn.v_proj | Tuning Non-Factorized Weights...
		(Epoch 01/08) Block Loss: 2.7862e-05
		(Epoch 02/08) Block Loss: 2.6926e-05
		(Epoch 03/08) Block Loss: 2.6308e-05
		(Epoch 04/08) Block Loss: 2.5892e-05
		(Epoch 05/08) Block Loss: 2.5568e-05
		(Epoch 06/08) Block Loss: 2.5362e-05
		(Epoch 07/08) Block Loss: 2.5244e-05
		(Epoch 08/08) Block Loss: 2.5198e-05
	(2/3) Block 6/28, self_attn.v_proj | Initialization via ADMM...
		ADMM weight recon error: raw=311.1147, norm=0.3652, per_el=2.9670e-04, out_err=0.2657, ADMM time=1.61s
	(3/3) Block 6/28, self_attn.v_proj | Tuning Factorized Weights...
		(Epoch 01/08) Block Loss: 3.0398e-05
		(Epoch 02/08) Block Loss: 2.9402e-05
		(Epoch 03/08) Block Loss: 2.8979e-05
		(Epoch 04/08) Block Loss: 2.8754e-05
		(Epoch 05/08) Block Loss: 2.8635e-05
		(Epoch 06/08) Block Loss: 2.8572e-05
		(Epoch 07/08) Block Loss: 2.8538e-05
		(Epoch 08/08) Block Loss: 2.8495e-05
Compressing Layers:  21%|██████████████████████                                                                                 | 6/28 [1:09:53<4:01:09, 657.72s/it]	(1/3) Block 6/28, self_attn.o_proj | Tuning Non-Factorized Weights...
		(Epoch 01/08) Block Loss: 2.7663e-05
		(Epoch 02/08) Block Loss: 2.6659e-05
		(Epoch 03/08) Block Loss: 2.6149e-05
		(Epoch 04/08) Block Loss: 2.5818e-05
		(Epoch 05/08) Block Loss: 2.5565e-05
		(Epoch 06/08) Block Loss: 2.5404e-05
		(Epoch 07/08) Block Loss: 2.5308e-05
		(Epoch 08/08) Block Loss: 2.5270e-05
	(2/3) Block 6/28, self_attn.o_proj | Initialization via ADMM...
		ADMM weight recon error: raw=544.7355, norm=0.3492, per_el=2.5975e-04, out_err=0.2428, ADMM time=1.90s
	(3/3) Block 6/28, self_attn.o_proj | Tuning Factorized Weights...
		(Epoch 01/08) Block Loss: 3.0522e-05
		(Epoch 02/08) Block Loss: 2.9722e-05
		(Epoch 03/08) Block Loss: 2.9547e-05
		(Epoch 04/08) Block Loss: 2.9541e-05
		(Epoch 05/08) Block Loss: 2.9574e-05
		(Epoch 06/08) Block Loss: 2.9548e-05
		(Epoch 07/08) Block Loss: 2.9476e-05
		(Epoch 08/08) Block Loss: 2.9212e-05
	(1/3) Block 6/28, self_attn.k_proj | Tuning Non-Factorized Weights...
		(Epoch 01/08) Block Loss: 2.8160e-05
		(Epoch 02/08) Block Loss: 2.7241e-05
		(Epoch 03/08) Block Loss: 2.6798e-05
		(Epoch 04/08) Block Loss: 2.6521e-05
		(Epoch 05/08) Block Loss: 2.6313e-05
		(Epoch 06/08) Block Loss: 2.6182e-05
		(Epoch 07/08) Block Loss: 2.6103e-05
		(Epoch 08/08) Block Loss: 2.6071e-05
	(2/3) Block 6/28, self_attn.k_proj | Initialization via ADMM...
		ADMM weight recon error: raw=266.4701, norm=0.3142, per_el=2.5413e-04, out_err=0.0778, ADMM time=1.03s
	(3/3) Block 6/28, self_attn.k_proj | Tuning Factorized Weights...
		(Epoch 01/08) Block Loss: 2.6918e-05
		(Epoch 02/08) Block Loss: 2.6660e-05
		(Epoch 03/08) Block Loss: 2.6588e-05
		(Epoch 04/08) Block Loss: 2.6549e-05
		(Epoch 05/08) Block Loss: 2.6523e-05
		(Epoch 06/08) Block Loss: 2.6506e-05
		(Epoch 07/08) Block Loss: 2.6496e-05
		(Epoch 08/08) Block Loss: 2.6487e-05
	(1/3) Block 6/28, mlp.gate_proj | Tuning Non-Factorized Weights...
		(Epoch 01/08) Block Loss: 2.6613e-05
		(Epoch 02/08) Block Loss: 2.6256e-05
		(Epoch 03/08) Block Loss: 2.6025e-05
		(Epoch 04/08) Block Loss: 2.5867e-05
		(Epoch 05/08) Block Loss: 2.5731e-05
		(Epoch 06/08) Block Loss: 2.5641e-05
		(Epoch 07/08) Block Loss: 2.5583e-05
		(Epoch 08/08) Block Loss: 2.5558e-05
	(2/3) Block 6/28, mlp.gate_proj | Initialization via ADMM...
		ADMM weight recon error: raw=1257.3813, norm=0.3344, per_el=3.9971e-04, out_err=0.0764, ADMM time=1.64s
	(3/3) Block 6/28, mlp.gate_proj | Tuning Factorized Weights...
		(Epoch 01/08) Block Loss: 3.3172e-05
		(Epoch 02/08) Block Loss: 3.1521e-05
		(Epoch 03/08) Block Loss: 3.1076e-05
		(Epoch 04/08) Block Loss: 3.0928e-05
		(Epoch 05/08) Block Loss: 3.0850e-05
		(Epoch 06/08) Block Loss: 3.0765e-05
		(Epoch 07/08) Block Loss: 3.0687e-05
		(Epoch 08/08) Block Loss: 3.0456e-05
	(1/3) Block 6/28, mlp.up_proj | Tuning Non-Factorized Weights...
		(Epoch 01/08) Block Loss: 2.9618e-05
		(Epoch 02/08) Block Loss: 2.8965e-05
		(Epoch 03/08) Block Loss: 2.8643e-05
		(Epoch 04/08) Block Loss: 2.8449e-05
		(Epoch 05/08) Block Loss: 2.8303e-05
		(Epoch 06/08) Block Loss: 2.8211e-05
		(Epoch 07/08) Block Loss: 2.8157e-05
		(Epoch 08/08) Block Loss: 2.8134e-05
	(2/3) Block 6/28, mlp.up_proj | Initialization via ADMM...
		ADMM weight recon error: raw=828.8891, norm=0.3524, per_el=2.6350e-04, out_err=0.2596, ADMM time=1.73s
	(3/3) Block 6/28, mlp.up_proj | Tuning Factorized Weights...
		(Epoch 01/08) Block Loss: 3.9725e-05
		(Epoch 02/08) Block Loss: 3.7487e-05
		(Epoch 03/08) Block Loss: 3.6943e-05
		(Epoch 04/08) Block Loss: 3.6763e-05
		(Epoch 05/08) Block Loss: 3.6752e-05
		(Epoch 06/08) Block Loss: 3.6544e-05
		(Epoch 07/08) Block Loss: 3.6508e-05
		(Epoch 08/08) Block Loss: 3.6053e-05
	(1/3) Block 6/28, mlp.down_proj | Tuning Non-Factorized Weights...
		(Epoch 01/08) Block Loss: 3.4622e-05
		(Epoch 02/08) Block Loss: 3.3725e-05
		(Epoch 03/08) Block Loss: 3.3277e-05
		(Epoch 04/08) Block Loss: 3.3016e-05
		(Epoch 05/08) Block Loss: 3.2845e-05
		(Epoch 06/08) Block Loss: 3.2746e-05
		(Epoch 07/08) Block Loss: 3.2694e-05
		(Epoch 08/08) Block Loss: 3.2675e-05
	(2/3) Block 6/28, mlp.down_proj | Initialization via ADMM...
		ADMM weight recon error: raw=784.1022, norm=0.3451, per_el=2.4926e-04, out_err=0.2962, ADMM time=1.40s
	(3/3) Block 6/28, mlp.down_proj | Tuning Factorized Weights...
		(Epoch 01/08) Block Loss: 4.6918e-05
		(Epoch 02/08) Block Loss: 4.5717e-05
		(Epoch 03/08) Block Loss: 4.5561e-05
		(Epoch 04/08) Block Loss: 4.5584e-05
		(Epoch 05/08) Block Loss: 4.5607e-05
		(Epoch 06/08) Block Loss: 4.5551e-05
		(Epoch 07/08) Block Loss: 4.5501e-05
		(Epoch 08/08) Block Loss: 4.4986e-05
Using sequence length: 2048 (model max: 2048)
		Block 5 beta=1: block err = 0.0022, VALIDATION PPL = 18.281
		Block 5: chosen beta=0.25 (val ppl 18.199; candidates [(0.0, 18.212), (0.25, 18.199), (0.5, 18.29), (0.75, 18.217), (1.0, 18.281)])
		Block 5: relative block output error = 0.0021
Using sequence length: 2048 (model max: 2048)
		Block 5: Test Data PPL        = 17.720
	---- Block 7/28 candidate beta=0 ----
	(1/3) Block 7/28, self_attn.q_proj | Tuning Non-Factorized Weights...
		(Epoch 01/08) Block Loss: 2.8694e-05
		(Epoch 02/08) Block Loss: 2.6610e-05
		(Epoch 03/08) Block Loss: 2.5501e-05
		(Epoch 04/08) Block Loss: 2.4717e-05
		(Epoch 05/08) Block Loss: 2.4224e-05
		(Epoch 06/08) Block Loss: 2.3937e-05
		(Epoch 07/08) Block Loss: 2.3777e-05
		(Epoch 08/08) Block Loss: 2.3720e-05
	(2/3) Block 7/28, self_attn.q_proj | Initialization via ADMM...
		ADMM weight recon error: raw=492.9963, norm=0.2515, per_el=2.3508e-04, out_err=0.0348, ADMM time=5.05s
	(3/3) Block 7/28, self_attn.q_proj | Tuning Factorized Weights...
		(Epoch 01/08) Block Loss: 2.4250e-05
		(Epoch 02/08) Block Loss: 2.4143e-05
		(Epoch 03/08) Block Loss: 2.4098e-05
		(Epoch 04/08) Block Loss: 2.4070e-05
		(Epoch 05/08) Block Loss: 2.4048e-05
		(Epoch 06/08) Block Loss: 2.4033e-05
		(Epoch 07/08) Block Loss: 2.4018e-05
		(Epoch 08/08) Block Loss: 2.4006e-05
	(1/3) Block 7/28, self_attn.v_proj | Tuning Non-Factorized Weights...
		(Epoch 01/08) Block Loss: 2.4048e-05
		(Epoch 02/08) Block Loss: 2.3483e-05
		(Epoch 03/08) Block Loss: 2.3062e-05
		(Epoch 04/08) Block Loss: 2.2610e-05
		(Epoch 05/08) Block Loss: 2.2343e-05
		(Epoch 06/08) Block Loss: 2.2178e-05
		(Epoch 07/08) Block Loss: 2.2088e-05
		(Epoch 08/08) Block Loss: 2.2052e-05
	(2/3) Block 7/28, self_attn.v_proj | Initialization via ADMM...
		ADMM weight recon error: raw=314.9278, norm=0.3679, per_el=3.0034e-04, out_err=0.1921, ADMM time=7.76s
	(3/3) Block 7/28, self_attn.v_proj | Tuning Factorized Weights...
		(Epoch 01/08) Block Loss: 2.4894e-05
		(Epoch 02/08) Block Loss: 2.4120e-05
		(Epoch 03/08) Block Loss: 2.3993e-05
		(Epoch 04/08) Block Loss: 2.3909e-05
		(Epoch 05/08) Block Loss: 2.3874e-05
		(Epoch 06/08) Block Loss: 2.3844e-05
		(Epoch 07/08) Block Loss: 2.3826e-05
		(Epoch 08/08) Block Loss: 2.3799e-05
	(1/3) Block 7/28, self_attn.o_proj | Tuning Non-Factorized Weights...
		(Epoch 01/08) Block Loss: 2.3512e-05
		(Epoch 02/08) Block Loss: 2.2893e-05
		(Epoch 03/08) Block Loss: 2.2570e-05
		(Epoch 04/08) Block Loss: 2.2259e-05
		(Epoch 05/08) Block Loss: 2.2066e-05
		(Epoch 06/08) Block Loss: 2.1944e-05
		(Epoch 07/08) Block Loss: 2.1872e-05
		(Epoch 08/08) Block Loss: 2.1842e-05
	(2/3) Block 7/28, self_attn.o_proj | Initialization via ADMM...
		ADMM weight recon error: raw=466.6313, norm=0.3431, per_el=2.2251e-04, out_err=0.0971, ADMM time=3.96s
	(3/3) Block 7/28, self_attn.o_proj | Tuning Factorized Weights...
		(Epoch 01/08) Block Loss: 2.3452e-05
		(Epoch 02/08) Block Loss: 2.3376e-05
		(Epoch 03/08) Block Loss: 2.3383e-05
		(Epoch 04/08) Block Loss: 2.3419e-05
		(Epoch 05/08) Block Loss: 2.3449e-05
		(Epoch 06/08) Block Loss: 2.3390e-05
		(Epoch 07/08) Block Loss: 2.3393e-05
		(Epoch 08/08) Block Loss: 2.3306e-05
	(1/3) Block 7/28, self_attn.k_proj | Tuning Non-Factorized Weights...
		(Epoch 01/08) Block Loss: 2.3105e-05
		(Epoch 02/08) Block Loss: 2.2639e-05
		(Epoch 03/08) Block Loss: 2.2383e-05
		(Epoch 04/08) Block Loss: 2.2204e-05
		(Epoch 05/08) Block Loss: 2.2063e-05
		(Epoch 06/08) Block Loss: 2.1972e-05
		(Epoch 07/08) Block Loss: 2.1916e-05
		(Epoch 08/08) Block Loss: 2.1892e-05
	(2/3) Block 7/28, self_attn.k_proj | Initialization via ADMM...
		ADMM weight recon error: raw=234.5859, norm=0.2833, per_el=2.2372e-04, out_err=0.0516, ADMM time=8.54s
	(3/3) Block 7/28, self_attn.k_proj | Tuning Factorized Weights...
		(Epoch 01/08) Block Loss: 2.4614e-05
		(Epoch 02/08) Block Loss: 2.2682e-05
		(Epoch 03/08) Block Loss: 2.2406e-05
		(Epoch 04/08) Block Loss: 2.2311e-05
		(Epoch 05/08) Block Loss: 2.2272e-05
		(Epoch 06/08) Block Loss: 2.2256e-05
		(Epoch 07/08) Block Loss: 2.2245e-05
		(Epoch 08/08) Block Loss: 2.2236e-05
	(1/3) Block 7/28, mlp.gate_proj | Tuning Non-Factorized Weights...
		(Epoch 01/08) Block Loss: 2.2357e-05
		(Epoch 02/08) Block Loss: 2.2101e-05
		(Epoch 03/08) Block Loss: 2.1939e-05
		(Epoch 04/08) Block Loss: 2.1823e-05
		(Epoch 05/08) Block Loss: 2.1723e-05
		(Epoch 06/08) Block Loss: 2.1656e-05
		(Epoch 07/08) Block Loss: 2.1612e-05
		(Epoch 08/08) Block Loss: 2.1592e-05
	(2/3) Block 7/28, mlp.gate_proj | Initialization via ADMM...
		ADMM weight recon error: raw=1271.1046, norm=0.3579, per_el=4.0407e-04, out_err=0.0460, ADMM time=4.06s
	(3/3) Block 7/28, mlp.gate_proj | Tuning Factorized Weights...
		(Epoch 01/08) Block Loss: 2.5382e-05
		(Epoch 02/08) Block Loss: 2.4986e-05
		(Epoch 03/08) Block Loss: 2.4908e-05
		(Epoch 04/08) Block Loss: 2.4905e-05
		(Epoch 05/08) Block Loss: 2.4901e-05
		(Epoch 06/08) Block Loss: 2.4887e-05
		(Epoch 07/08) Block Loss: 2.4854e-05
		(Epoch 08/08) Block Loss: 2.4727e-05
	(1/3) Block 7/28, mlp.up_proj | Tuning Non-Factorized Weights...
		(Epoch 01/08) Block Loss: 2.4276e-05
		(Epoch 02/08) Block Loss: 2.3861e-05
		(Epoch 03/08) Block Loss: 2.3653e-05
		(Epoch 04/08) Block Loss: 2.3525e-05
		(Epoch 05/08) Block Loss: 2.3424e-05
		(Epoch 06/08) Block Loss: 2.3360e-05
		(Epoch 07/08) Block Loss: 2.3321e-05
		(Epoch 08/08) Block Loss: 2.3304e-05
	(2/3) Block 7/28, mlp.up_proj | Initialization via ADMM...
		ADMM weight recon error: raw=869.7654, norm=0.3698, per_el=2.7649e-04, out_err=0.1721, ADMM time=5.22s
	(3/3) Block 7/28, mlp.up_proj | Tuning Factorized Weights...
		(Epoch 01/08) Block Loss: 2.9754e-05
		(Epoch 02/08) Block Loss: 2.9301e-05
		(Epoch 03/08) Block Loss: 2.9242e-05
		(Epoch 04/08) Block Loss: 2.9270e-05
		(Epoch 05/08) Block Loss: 2.9336e-05
		(Epoch 06/08) Block Loss: 2.9257e-05
		(Epoch 07/08) Block Loss: 2.9281e-05
		(Epoch 08/08) Block Loss: 2.8880e-05
	(1/3) Block 7/28, mlp.down_proj | Tuning Non-Factorized Weights...
		(Epoch 01/08) Block Loss: 2.7965e-05
		(Epoch 02/08) Block Loss: 2.7395e-05
		(Epoch 03/08) Block Loss: 2.7106e-05
		(Epoch 04/08) Block Loss: 2.6936e-05
		(Epoch 05/08) Block Loss: 2.6823e-05
		(Epoch 06/08) Block Loss: 2.6756e-05
		(Epoch 07/08) Block Loss: 2.6720e-05
		(Epoch 08/08) Block Loss: 2.6707e-05
	(2/3) Block 7/28, mlp.down_proj | Initialization via ADMM...
		ADMM weight recon error: raw=790.5065, norm=0.3580, per_el=2.5130e-04, out_err=0.1840, ADMM time=4.54s
	(3/3) Block 7/28, mlp.down_proj | Tuning Factorized Weights...
		(Epoch 01/08) Block Loss: 3.4173e-05
		(Epoch 02/08) Block Loss: 3.4164e-05
		(Epoch 03/08) Block Loss: 3.4380e-05
		(Epoch 04/08) Block Loss: 3.4602e-05
		(Epoch 05/08) Block Loss: 3.4729e-05
		(Epoch 06/08) Block Loss: 3.4732e-05
		(Epoch 07/08) Block Loss: 3.4757e-05
		(Epoch 08/08) Block Loss: 3.4431e-05
Using sequence length: 2048 (model max: 2048)
		Block 6 beta=0: block err = 0.0025, VALIDATION PPL = 18.181
	---- Block 7/28 candidate beta=0.25 ----
	(1/3) Block 7/28, self_attn.q_proj | Tuning Non-Factorized Weights...
		(Epoch 01/08) Block Loss: 2.8694e-05
		(Epoch 02/08) Block Loss: 2.6610e-05
		(Epoch 03/08) Block Loss: 2.5503e-05
		(Epoch 04/08) Block Loss: 2.4718e-05
		(Epoch 05/08) Block Loss: 2.4224e-05
		(Epoch 06/08) Block Loss: 2.3937e-05
		(Epoch 07/08) Block Loss: 2.3777e-05
		(Epoch 08/08) Block Loss: 2.3721e-05
	(2/3) Block 7/28, self_attn.q_proj | Initialization via ADMM...
		ADMM weight recon error: raw=485.9978, norm=0.2480, per_el=2.3174e-04, out_err=0.0363, ADMM time=5.00s
	(3/3) Block 7/28, self_attn.q_proj | Tuning Factorized Weights...
		(Epoch 01/08) Block Loss: 2.4281e-05
		(Epoch 02/08) Block Loss: 2.4161e-05
		(Epoch 03/08) Block Loss: 2.4113e-05
		(Epoch 04/08) Block Loss: 2.4084e-05
		(Epoch 05/08) Block Loss: 2.4064e-05
		(Epoch 06/08) Block Loss: 2.4049e-05
		(Epoch 07/08) Block Loss: 2.4034e-05
		(Epoch 08/08) Block Loss: 2.4020e-05
	(1/3) Block 7/28, self_attn.v_proj | Tuning Non-Factorized Weights...
		(Epoch 01/08) Block Loss: 2.4052e-05
		(Epoch 02/08) Block Loss: 2.3484e-05
		(Epoch 03/08) Block Loss: 2.3060e-05
		(Epoch 04/08) Block Loss: 2.2617e-05
		(Epoch 05/08) Block Loss: 2.2349e-05
		(Epoch 06/08) Block Loss: 2.2183e-05
		(Epoch 07/08) Block Loss: 2.2092e-05
		(Epoch 08/08) Block Loss: 2.2056e-05
	(2/3) Block 7/28, self_attn.v_proj | Initialization via ADMM...
		ADMM weight recon error: raw=311.0988, norm=0.3634, per_el=2.9669e-04, out_err=0.2012, ADMM time=8.74s
	(3/3) Block 7/28, self_attn.v_proj | Tuning Factorized Weights...
		(Epoch 01/08) Block Loss: 2.4589e-05
		(Epoch 02/08) Block Loss: 2.4143e-05
		(Epoch 03/08) Block Loss: 2.4014e-05
		(Epoch 04/08) Block Loss: 2.3944e-05
		(Epoch 05/08) Block Loss: 2.3910e-05
		(Epoch 06/08) Block Loss: 2.3885e-05
		(Epoch 07/08) Block Loss: 2.3869e-05
		(Epoch 08/08) Block Loss: 2.3836e-05
	(1/3) Block 7/28, self_attn.o_proj | Tuning Non-Factorized Weights...
		(Epoch 01/08) Block Loss: 2.3528e-05
		(Epoch 02/08) Block Loss: 2.2892e-05
		(Epoch 03/08) Block Loss: 2.2575e-05
		(Epoch 04/08) Block Loss: 2.2274e-05
		(Epoch 05/08) Block Loss: 2.2079e-05
		(Epoch 06/08) Block Loss: 2.1953e-05
		(Epoch 07/08) Block Loss: 2.1880e-05
		(Epoch 08/08) Block Loss: 2.1850e-05
	(2/3) Block 7/28, self_attn.o_proj | Initialization via ADMM...
		ADMM weight recon error: raw=455.4150, norm=0.3349, per_el=2.1716e-04, out_err=0.1017, ADMM time=4.74s
	(3/3) Block 7/28, self_attn.o_proj | Tuning Factorized Weights...
		(Epoch 01/08) Block Loss: 2.3493e-05
		(Epoch 02/08) Block Loss: 2.3420e-05
		(Epoch 03/08) Block Loss: 2.3434e-05
		(Epoch 04/08) Block Loss: 2.3470e-05
		(Epoch 05/08) Block Loss: 2.3523e-05
		(Epoch 06/08) Block Loss: 2.3432e-05
		(Epoch 07/08) Block Loss: 2.3457e-05
		(Epoch 08/08) Block Loss: 2.3334e-05
	(1/3) Block 7/28, self_attn.k_proj | Tuning Non-Factorized Weights...
		(Epoch 01/08) Block Loss: 2.3115e-05
		(Epoch 02/08) Block Loss: 2.2644e-05
		(Epoch 03/08) Block Loss: 2.2385e-05
		(Epoch 04/08) Block Loss: 2.2208e-05
		(Epoch 05/08) Block Loss: 2.2067e-05
		(Epoch 06/08) Block Loss: 2.1975e-05
		(Epoch 07/08) Block Loss: 2.1919e-05
		(Epoch 08/08) Block Loss: 2.1895e-05
	(2/3) Block 7/28, self_attn.k_proj | Initialization via ADMM...
		ADMM weight recon error: raw=230.9811, norm=0.2790, per_el=2.2028e-04, out_err=0.0539, ADMM time=7.78s
	(3/3) Block 7/28, self_attn.k_proj | Tuning Factorized Weights...
		(Epoch 01/08) Block Loss: 2.2386e-05
		(Epoch 02/08) Block Loss: 2.2257e-05
		(Epoch 03/08) Block Loss: 2.2221e-05
		(Epoch 04/08) Block Loss: 2.2203e-05
		(Epoch 05/08) Block Loss: 2.2193e-05
		(Epoch 06/08) Block Loss: 2.2187e-05
		(Epoch 07/08) Block Loss: 2.2180e-05
		(Epoch 08/08) Block Loss: 2.2173e-05
	(1/3) Block 7/28, mlp.gate_proj | Tuning Non-Factorized Weights...
		(Epoch 01/08) Block Loss: 2.2308e-05
		(Epoch 02/08) Block Loss: 2.2059e-05
		(Epoch 03/08) Block Loss: 2.1897e-05
		(Epoch 04/08) Block Loss: 2.1783e-05
		(Epoch 05/08) Block Loss: 2.1684e-05
		(Epoch 06/08) Block Loss: 2.1617e-05
		(Epoch 07/08) Block Loss: 2.1573e-05
		(Epoch 08/08) Block Loss: 2.1553e-05
	(2/3) Block 7/28, mlp.gate_proj | Initialization via ADMM...
		ADMM weight recon error: raw=1250.7413, norm=0.3521, per_el=3.9760e-04, out_err=0.0482, ADMM time=4.95s
	(3/3) Block 7/28, mlp.gate_proj | Tuning Factorized Weights...
		(Epoch 01/08) Block Loss: 2.5510e-05
		(Epoch 02/08) Block Loss: 2.5060e-05
		(Epoch 03/08) Block Loss: 2.4974e-05
		(Epoch 04/08) Block Loss: 2.4958e-05
		(Epoch 05/08) Block Loss: 2.4956e-05
		(Epoch 06/08) Block Loss: 2.4932e-05
		(Epoch 07/08) Block Loss: 2.4899e-05
		(Epoch 08/08) Block Loss: 2.4763e-05
	(1/3) Block 7/28, mlp.up_proj | Tuning Non-Factorized Weights...
		(Epoch 01/08) Block Loss: 2.4281e-05
		(Epoch 02/08) Block Loss: 2.3861e-05
		(Epoch 03/08) Block Loss: 2.3649e-05
		(Epoch 04/08) Block Loss: 2.3520e-05
		(Epoch 05/08) Block Loss: 2.3419e-05
		(Epoch 06/08) Block Loss: 2.3355e-05
		(Epoch 07/08) Block Loss: 2.3315e-05
		(Epoch 08/08) Block Loss: 2.3298e-05
	(2/3) Block 7/28, mlp.up_proj | Initialization via ADMM...
		ADMM weight recon error: raw=857.3644, norm=0.3645, per_el=2.7255e-04, out_err=0.1807, ADMM time=4.96s
	(3/3) Block 7/28, mlp.up_proj | Tuning Factorized Weights...
		(Epoch 01/08) Block Loss: 2.9972e-05
		(Epoch 02/08) Block Loss: 2.9437e-05
		(Epoch 03/08) Block Loss: 2.9357e-05
		(Epoch 04/08) Block Loss: 2.9408e-05
		(Epoch 05/08) Block Loss: 2.9543e-05
		(Epoch 06/08) Block Loss: 2.9321e-05
		(Epoch 07/08) Block Loss: 2.9376e-05
		(Epoch 08/08) Block Loss: 2.9004e-05
	(1/3) Block 7/28, mlp.down_proj | Tuning Non-Factorized Weights...
		(Epoch 01/08) Block Loss: 2.8016e-05
		(Epoch 02/08) Block Loss: 2.7434e-05
		(Epoch 03/08) Block Loss: 2.7138e-05
		(Epoch 04/08) Block Loss: 2.6965e-05
		(Epoch 05/08) Block Loss: 2.6849e-05
		(Epoch 06/08) Block Loss: 2.6781e-05
		(Epoch 07/08) Block Loss: 2.6744e-05
		(Epoch 08/08) Block Loss: 2.6731e-05
	(2/3) Block 7/28, mlp.down_proj | Initialization via ADMM...
		ADMM weight recon error: raw=770.2329, norm=0.3463, per_el=2.4485e-04, out_err=0.1913, ADMM time=5.19s
	(3/3) Block 7/28, mlp.down_proj | Tuning Factorized Weights...
		(Epoch 01/08) Block Loss: 3.4377e-05
		(Epoch 02/08) Block Loss: 3.4356e-05
		(Epoch 03/08) Block Loss: 3.4587e-05
		(Epoch 04/08) Block Loss: 3.4914e-05
		(Epoch 05/08) Block Loss: 3.4994e-05
		(Epoch 06/08) Block Loss: 3.4882e-05
		(Epoch 07/08) Block Loss: 3.4924e-05
		(Epoch 08/08) Block Loss: 3.4582e-05
Using sequence length: 2048 (model max: 2048)
		Block 6 beta=0.25: block err = 0.0025, VALIDATION PPL = 18.144
	---- Block 7/28 candidate beta=0.5 ----
	(1/3) Block 7/28, self_attn.q_proj | Tuning Non-Factorized Weights...
		(Epoch 01/08) Block Loss: 2.8694e-05
		(Epoch 02/08) Block Loss: 2.6610e-05
		(Epoch 03/08) Block Loss: 2.5502e-05
		(Epoch 04/08) Block Loss: 2.4718e-05
		(Epoch 05/08) Block Loss: 2.4224e-05
		(Epoch 06/08) Block Loss: 2.3937e-05
		(Epoch 07/08) Block Loss: 2.3777e-05
		(Epoch 08/08) Block Loss: 2.3720e-05
	(2/3) Block 7/28, self_attn.q_proj | Initialization via ADMM...
		ADMM weight recon error: raw=482.2760, norm=0.2461, per_el=2.2997e-04, out_err=0.0385, ADMM time=4.62s
	(3/3) Block 7/28, self_attn.q_proj | Tuning Factorized Weights...
		(Epoch 01/08) Block Loss: 2.4316e-05
		(Epoch 02/08) Block Loss: 2.4185e-05
		(Epoch 03/08) Block Loss: 2.4135e-05
		(Epoch 04/08) Block Loss: 2.4105e-05
		(Epoch 05/08) Block Loss: 2.4081e-05
		(Epoch 06/08) Block Loss: 2.4065e-05
		(Epoch 07/08) Block Loss: 2.4051e-05
		(Epoch 08/08) Block Loss: 2.4035e-05
	(1/3) Block 7/28, self_attn.v_proj | Tuning Non-Factorized Weights...
		(Epoch 01/08) Block Loss: 2.4069e-05
		(Epoch 02/08) Block Loss: 2.3466e-05
		(Epoch 03/08) Block Loss: 2.3065e-05
		(Epoch 04/08) Block Loss: 2.2622e-05
		(Epoch 05/08) Block Loss: 2.2350e-05
		(Epoch 06/08) Block Loss: 2.2185e-05
		(Epoch 07/08) Block Loss: 2.2094e-05
		(Epoch 08/08) Block Loss: 2.2058e-05
	(2/3) Block 7/28, self_attn.v_proj | Initialization via ADMM...
		ADMM weight recon error: raw=308.3104, norm=0.3602, per_el=2.9403e-04, out_err=0.2143, ADMM time=8.89s
	(3/3) Block 7/28, self_attn.v_proj | Tuning Factorized Weights...
		(Epoch 01/08) Block Loss: 2.4732e-05
		(Epoch 02/08) Block Loss: 2.4288e-05
		(Epoch 03/08) Block Loss: 2.4141e-05
		(Epoch 04/08) Block Loss: 2.4056e-05
		(Epoch 05/08) Block Loss: 2.4010e-05
		(Epoch 06/08) Block Loss: 2.3980e-05
		(Epoch 07/08) Block Loss: 2.3964e-05
		(Epoch 08/08) Block Loss: 2.3932e-05
	(1/3) Block 7/28, self_attn.o_proj | Tuning Non-Factorized Weights...
		(Epoch 01/08) Block Loss: 2.3585e-05
		(Epoch 02/08) Block Loss: 2.2939e-05
		(Epoch 03/08) Block Loss: 2.2623e-05
		(Epoch 04/08) Block Loss: 2.2308e-05
		(Epoch 05/08) Block Loss: 2.2113e-05
		(Epoch 06/08) Block Loss: 2.1988e-05
		(Epoch 07/08) Block Loss: 2.1915e-05
		(Epoch 08/08) Block Loss: 2.1885e-05
	(2/3) Block 7/28, self_attn.o_proj | Initialization via ADMM...
		ADMM weight recon error: raw=447.9569, norm=0.3294, per_el=2.1360e-04, out_err=0.1104, ADMM time=5.22s
	(3/3) Block 7/28, self_attn.o_proj | Tuning Factorized Weights...
		(Epoch 01/08) Block Loss: 2.3643e-05
		(Epoch 02/08) Block Loss: 2.3548e-05
		(Epoch 03/08) Block Loss: 2.3610e-05
		(Epoch 04/08) Block Loss: 2.3579e-05
		(Epoch 05/08) Block Loss: 2.3633e-05
		(Epoch 06/08) Block Loss: 2.3542e-05
		(Epoch 07/08) Block Loss: 2.3580e-05
		(Epoch 08/08) Block Loss: 2.3412e-05
	(1/3) Block 7/28, self_attn.k_proj | Tuning Non-Factorized Weights...
		(Epoch 01/08) Block Loss: 2.3184e-05
		(Epoch 02/08) Block Loss: 2.2700e-05
		(Epoch 03/08) Block Loss: 2.2435e-05
		(Epoch 04/08) Block Loss: 2.2258e-05
		(Epoch 05/08) Block Loss: 2.2115e-05
		(Epoch 06/08) Block Loss: 2.2022e-05
		(Epoch 07/08) Block Loss: 2.1965e-05
		(Epoch 08/08) Block Loss: 2.1941e-05
	(2/3) Block 7/28, self_attn.k_proj | Initialization via ADMM...
		ADMM weight recon error: raw=229.1980, norm=0.2768, per_el=2.1858e-04, out_err=0.0574, ADMM time=8.09s
	(3/3) Block 7/28, self_attn.k_proj | Tuning Factorized Weights...
		(Epoch 01/08) Block Loss: 2.2381e-05
		(Epoch 02/08) Block Loss: 2.2297e-05
		(Epoch 03/08) Block Loss: 2.2268e-05
		(Epoch 04/08) Block Loss: 2.2251e-05
		(Epoch 05/08) Block Loss: 2.2241e-05
		(Epoch 06/08) Block Loss: 2.2233e-05
		(Epoch 07/08) Block Loss: 2.2226e-05
		(Epoch 08/08) Block Loss: 2.2218e-05
	(1/3) Block 7/28, mlp.gate_proj | Tuning Non-Factorized Weights...
		(Epoch 01/08) Block Loss: 2.2353e-05
		(Epoch 02/08) Block Loss: 2.2101e-05
		(Epoch 03/08) Block Loss: 2.1938e-05
		(Epoch 04/08) Block Loss: 2.1823e-05
		(Epoch 05/08) Block Loss: 2.1723e-05
		(Epoch 06/08) Block Loss: 2.1655e-05
		(Epoch 07/08) Block Loss: 2.1611e-05
		(Epoch 08/08) Block Loss: 2.1591e-05
	(2/3) Block 7/28, mlp.gate_proj | Initialization via ADMM...
		ADMM weight recon error: raw=1230.2197, norm=0.3463, per_el=3.9108e-04, out_err=0.0509, ADMM time=5.02s
	(3/3) Block 7/28, mlp.gate_proj | Tuning Factorized Weights...
		(Epoch 01/08) Block Loss: 2.5852e-05
		(Epoch 02/08) Block Loss: 2.5308e-05
		(Epoch 03/08) Block Loss: 2.5179e-05
		(Epoch 04/08) Block Loss: 2.5138e-05
		(Epoch 05/08) Block Loss: 2.5130e-05
		(Epoch 06/08) Block Loss: 2.5101e-05
		(Epoch 07/08) Block Loss: 2.5059e-05
		(Epoch 08/08) Block Loss: 2.4924e-05
	(1/3) Block 7/28, mlp.up_proj | Tuning Non-Factorized Weights...
		(Epoch 01/08) Block Loss: 2.4424e-05
		(Epoch 02/08) Block Loss: 2.3987e-05
		(Epoch 03/08) Block Loss: 2.3769e-05
		(Epoch 04/08) Block Loss: 2.3635e-05
		(Epoch 05/08) Block Loss: 2.3533e-05
		(Epoch 06/08) Block Loss: 2.3467e-05
		(Epoch 07/08) Block Loss: 2.3426e-05
		(Epoch 08/08) Block Loss: 2.3409e-05
	(2/3) Block 7/28, mlp.up_proj | Initialization via ADMM...
		ADMM weight recon error: raw=848.0197, norm=0.3606, per_el=2.6958e-04, out_err=0.1940, ADMM time=4.91s
	(3/3) Block 7/28, mlp.up_proj | Tuning Factorized Weights...
		(Epoch 01/08) Block Loss: 3.0462e-05
		(Epoch 02/08) Block Loss: 2.9751e-05
		(Epoch 03/08) Block Loss: 2.9647e-05
		(Epoch 04/08) Block Loss: 2.9679e-05
		(Epoch 05/08) Block Loss: 2.9730e-05
		(Epoch 06/08) Block Loss: 2.9541e-05
		(Epoch 07/08) Block Loss: 2.9549e-05
		(Epoch 08/08) Block Loss: 2.9190e-05
	(1/3) Block 7/28, mlp.down_proj | Tuning Non-Factorized Weights...
		(Epoch 01/08) Block Loss: 2.8186e-05
		(Epoch 02/08) Block Loss: 2.7588e-05
		(Epoch 03/08) Block Loss: 2.7285e-05
		(Epoch 04/08) Block Loss: 2.7108e-05
		(Epoch 05/08) Block Loss: 2.6990e-05
		(Epoch 06/08) Block Loss: 2.6920e-05
		(Epoch 07/08) Block Loss: 2.6883e-05
		(Epoch 08/08) Block Loss: 2.6870e-05
	(2/3) Block 7/28, mlp.down_proj | Initialization via ADMM...
		ADMM weight recon error: raw=752.7750, norm=0.3409, per_el=2.3930e-04, out_err=0.2030, ADMM time=5.11s
	(3/3) Block 7/28, mlp.down_proj | Tuning Factorized Weights...
		(Epoch 01/08) Block Loss: 3.4820e-05
		(Epoch 02/08) Block Loss: 3.4771e-05
		(Epoch 03/08) Block Loss: 3.4983e-05
		(Epoch 04/08) Block Loss: 3.5184e-05
		(Epoch 05/08) Block Loss: 3.5290e-05
		(Epoch 06/08) Block Loss: 3.5273e-05
		(Epoch 07/08) Block Loss: 3.5308e-05
		(Epoch 08/08) Block Loss: 3.4899e-05
Using sequence length: 2048 (model max: 2048)
		Block 6 beta=0.5: block err = 0.0026, VALIDATION PPL = 18.088
	---- Block 7/28 candidate beta=0.75 ----
	(1/3) Block 7/28, self_attn.q_proj | Tuning Non-Factorized Weights...
		(Epoch 01/08) Block Loss: 2.8694e-05
		(Epoch 02/08) Block Loss: 2.6611e-05
		(Epoch 03/08) Block Loss: 2.5502e-05
		(Epoch 04/08) Block Loss: 2.4717e-05
		(Epoch 05/08) Block Loss: 2.4224e-05
		(Epoch 06/08) Block Loss: 2.3937e-05
		(Epoch 07/08) Block Loss: 2.3777e-05
		(Epoch 08/08) Block Loss: 2.3721e-05
	(2/3) Block 7/28, self_attn.q_proj | Initialization via ADMM...
		ADMM weight recon error: raw=477.5692, norm=0.2437, per_el=2.2772e-04, out_err=0.0420, ADMM time=4.51s
	(3/3) Block 7/28, self_attn.q_proj | Tuning Factorized Weights...
		(Epoch 01/08) Block Loss: 2.4400e-05
		(Epoch 02/08) Block Loss: 2.4229e-05
		(Epoch 03/08) Block Loss: 2.4169e-05
		(Epoch 04/08) Block Loss: 2.4133e-05
		(Epoch 05/08) Block Loss: 2.4109e-05
		(Epoch 06/08) Block Loss: 2.4087e-05
		(Epoch 07/08) Block Loss: 2.4075e-05
		(Epoch 08/08) Block Loss: 2.4059e-05
	(1/3) Block 7/28, self_attn.v_proj | Tuning Non-Factorized Weights...
		(Epoch 01/08) Block Loss: 2.4082e-05
		(Epoch 02/08) Block Loss: 2.3527e-05
		(Epoch 03/08) Block Loss: 2.3046e-05
		(Epoch 04/08) Block Loss: 2.2625e-05
		(Epoch 05/08) Block Loss: 2.2360e-05
		(Epoch 06/08) Block Loss: 2.2198e-05
		(Epoch 07/08) Block Loss: 2.2107e-05
		(Epoch 08/08) Block Loss: 2.2071e-05
	(2/3) Block 7/28, self_attn.v_proj | Initialization via ADMM...
		ADMM weight recon error: raw=306.4954, norm=0.3581, per_el=2.9230e-04, out_err=0.2347, ADMM time=8.78s
	(3/3) Block 7/28, self_attn.v_proj | Tuning Factorized Weights...
		(Epoch 01/08) Block Loss: 2.5122e-05
		(Epoch 02/08) Block Loss: 2.4526e-05
		(Epoch 03/08) Block Loss: 2.4326e-05
		(Epoch 04/08) Block Loss: 2.4216e-05
		(Epoch 05/08) Block Loss: 2.4159e-05
		(Epoch 06/08) Block Loss: 2.4124e-05
		(Epoch 07/08) Block Loss: 2.4097e-05
		(Epoch 08/08) Block Loss: 2.4063e-05
	(1/3) Block 7/28, self_attn.o_proj | Tuning Non-Factorized Weights...
		(Epoch 01/08) Block Loss: 2.3671e-05
		(Epoch 02/08) Block Loss: 2.3008e-05
		(Epoch 03/08) Block Loss: 2.2690e-05
		(Epoch 04/08) Block Loss: 2.2369e-05
		(Epoch 05/08) Block Loss: 2.2171e-05
		(Epoch 06/08) Block Loss: 2.2045e-05
		(Epoch 07/08) Block Loss: 2.1971e-05
		(Epoch 08/08) Block Loss: 2.1941e-05
	(2/3) Block 7/28, self_attn.o_proj | Initialization via ADMM...
		ADMM weight recon error: raw=442.0565, norm=0.3250, per_el=2.1079e-04, out_err=0.1261, ADMM time=4.96s
	(3/3) Block 7/28, self_attn.o_proj | Tuning Factorized Weights...
		(Epoch 01/08) Block Loss: 2.3899e-05
		(Epoch 02/08) Block Loss: 2.3757e-05
		(Epoch 03/08) Block Loss: 2.3749e-05
		(Epoch 04/08) Block Loss: 2.3760e-05
		(Epoch 05/08) Block Loss: 2.3823e-05
		(Epoch 06/08) Block Loss: 2.3701e-05
		(Epoch 07/08) Block Loss: 2.3701e-05
		(Epoch 08/08) Block Loss: 2.3590e-05
	(1/3) Block 7/28, self_attn.k_proj | Tuning Non-Factorized Weights...
		(Epoch 01/08) Block Loss: 2.3294e-05
		(Epoch 02/08) Block Loss: 2.2793e-05
		(Epoch 03/08) Block Loss: 2.2524e-05
		(Epoch 04/08) Block Loss: 2.2340e-05
		(Epoch 05/08) Block Loss: 2.2195e-05
		(Epoch 06/08) Block Loss: 2.2101e-05
		(Epoch 07/08) Block Loss: 2.2044e-05
		(Epoch 08/08) Block Loss: 2.2019e-05
	(2/3) Block 7/28, self_attn.k_proj | Initialization via ADMM...
		ADMM weight recon error: raw=227.1354, norm=0.2743, per_el=2.1661e-04, out_err=0.0621, ADMM time=7.62s
	(3/3) Block 7/28, self_attn.k_proj | Tuning Factorized Weights...
		(Epoch 01/08) Block Loss: 2.2468e-05
		(Epoch 02/08) Block Loss: 2.2385e-05
		(Epoch 03/08) Block Loss: 2.2353e-05
		(Epoch 04/08) Block Loss: 2.2334e-05
		(Epoch 05/08) Block Loss: 2.2322e-05
		(Epoch 06/08) Block Loss: 2.2314e-05
		(Epoch 07/08) Block Loss: 2.2307e-05
		(Epoch 08/08) Block Loss: 2.2299e-05
	(1/3) Block 7/28, mlp.gate_proj | Tuning Non-Factorized Weights...
		(Epoch 01/08) Block Loss: 2.2434e-05
		(Epoch 02/08) Block Loss: 2.2178e-05
		(Epoch 03/08) Block Loss: 2.2013e-05
		(Epoch 04/08) Block Loss: 2.1896e-05
		(Epoch 05/08) Block Loss: 2.1795e-05
		(Epoch 06/08) Block Loss: 2.1727e-05
		(Epoch 07/08) Block Loss: 2.1682e-05
		(Epoch 08/08) Block Loss: 2.1662e-05
	(2/3) Block 7/28, mlp.gate_proj | Initialization via ADMM...
		ADMM weight recon error: raw=1218.3048, norm=0.3430, per_el=3.8729e-04, out_err=0.0557, ADMM time=4.03s
	(3/3) Block 7/28, mlp.gate_proj | Tuning Factorized Weights...
		(Epoch 01/08) Block Loss: 2.6363e-05
		(Epoch 02/08) Block Loss: 2.5639e-05
		(Epoch 03/08) Block Loss: 2.5454e-05
		(Epoch 04/08) Block Loss: 2.5403e-05
		(Epoch 05/08) Block Loss: 2.5377e-05
		(Epoch 06/08) Block Loss: 2.5337e-05
		(Epoch 07/08) Block Loss: 2.5290e-05
		(Epoch 08/08) Block Loss: 2.5133e-05
	(1/3) Block 7/28, mlp.up_proj | Tuning Non-Factorized Weights...
		(Epoch 01/08) Block Loss: 2.4600e-05
		(Epoch 02/08) Block Loss: 2.4144e-05
		(Epoch 03/08) Block Loss: 2.3919e-05
		(Epoch 04/08) Block Loss: 2.3782e-05
		(Epoch 05/08) Block Loss: 2.3676e-05
		(Epoch 06/08) Block Loss: 2.3609e-05
		(Epoch 07/08) Block Loss: 2.3568e-05
		(Epoch 08/08) Block Loss: 2.3551e-05
	(2/3) Block 7/28, mlp.up_proj | Initialization via ADMM...
		ADMM weight recon error: raw=839.9288, norm=0.3571, per_el=2.6701e-04, out_err=0.2132, ADMM time=4.03s
	(3/3) Block 7/28, mlp.up_proj | Tuning Factorized Weights...
		(Epoch 01/08) Block Loss: 3.1096e-05
		(Epoch 02/08) Block Loss: 3.0198e-05
		(Epoch 03/08) Block Loss: 3.0057e-05
		(Epoch 04/08) Block Loss: 3.0047e-05
		(Epoch 05/08) Block Loss: 3.0122e-05
		(Epoch 06/08) Block Loss: 2.9870e-05
		(Epoch 07/08) Block Loss: 2.9876e-05
		(Epoch 08/08) Block Loss: 2.9485e-05
	(1/3) Block 7/28, mlp.down_proj | Tuning Non-Factorized Weights...
		(Epoch 01/08) Block Loss: 2.8438e-05
		(Epoch 02/08) Block Loss: 2.7819e-05
		(Epoch 03/08) Block Loss: 2.7505e-05
		(Epoch 04/08) Block Loss: 2.7321e-05
		(Epoch 05/08) Block Loss: 2.7200e-05
		(Epoch 06/08) Block Loss: 2.7128e-05
		(Epoch 07/08) Block Loss: 2.7090e-05
		(Epoch 08/08) Block Loss: 2.7077e-05
	(2/3) Block 7/28, mlp.down_proj | Initialization via ADMM...
		ADMM weight recon error: raw=741.1263, norm=0.3332, per_el=2.3560e-04, out_err=0.2225, ADMM time=4.04s
	(3/3) Block 7/28, mlp.down_proj | Tuning Factorized Weights...
		(Epoch 01/08) Block Loss: 3.5532e-05
		(Epoch 02/08) Block Loss: 3.5352e-05
		(Epoch 03/08) Block Loss: 3.5510e-05
		(Epoch 04/08) Block Loss: 3.5690e-05
		(Epoch 05/08) Block Loss: 3.5759e-05
		(Epoch 06/08) Block Loss: 3.5749e-05
		(Epoch 07/08) Block Loss: 3.5733e-05
		(Epoch 08/08) Block Loss: 3.5310e-05
Using sequence length: 2048 (model max: 2048)
		Block 6 beta=0.75: block err = 0.0026, VALIDATION PPL = 18.161
	---- Block 7/28 candidate beta=1 ----
	(1/3) Block 7/28, self_attn.q_proj | Tuning Non-Factorized Weights...
		(Epoch 01/08) Block Loss: 2.8694e-05
		(Epoch 02/08) Block Loss: 2.6610e-05
		(Epoch 03/08) Block Loss: 2.5503e-05
		(Epoch 04/08) Block Loss: 2.4717e-05
		(Epoch 05/08) Block Loss: 2.4224e-05
		(Epoch 06/08) Block Loss: 2.3937e-05
		(Epoch 07/08) Block Loss: 2.3777e-05
		(Epoch 08/08) Block Loss: 2.3721e-05
	(2/3) Block 7/28, self_attn.q_proj | Initialization via ADMM...
		ADMM weight recon error: raw=474.9034, norm=0.2423, per_el=2.2645e-04, out_err=0.0512, ADMM time=1.20s
	(3/3) Block 7/28, self_attn.q_proj | Tuning Factorized Weights...
		(Epoch 01/08) Block Loss: 2.4541e-05
		(Epoch 02/08) Block Loss: 2.4299e-05
		(Epoch 03/08) Block Loss: 2.4229e-05
		(Epoch 04/08) Block Loss: 2.4188e-05
		(Epoch 05/08) Block Loss: 2.4160e-05
		(Epoch 06/08) Block Loss: 2.4134e-05
		(Epoch 07/08) Block Loss: 2.4119e-05
		(Epoch 08/08) Block Loss: 2.4097e-05
	(1/3) Block 7/28, self_attn.v_proj | Tuning Non-Factorized Weights...
		(Epoch 01/08) Block Loss: 2.4118e-05
		(Epoch 02/08) Block Loss: 2.3537e-05
Compressing Layers:  25%|█████████████████████████▊                                                                             | 7/28 [1:18:57<3:37:15, 620.74s/it]		(Epoch 03/08) Block Loss: 2.3070e-05
		(Epoch 04/08) Block Loss: 2.2642e-05
		(Epoch 05/08) Block Loss: 2.2387e-05
		(Epoch 06/08) Block Loss: 2.2219e-05
		(Epoch 07/08) Block Loss: 2.2128e-05
		(Epoch 08/08) Block Loss: 2.2092e-05
	(2/3) Block 7/28, self_attn.v_proj | Initialization via ADMM...
		ADMM weight recon error: raw=304.8842, norm=0.3562, per_el=2.9076e-04, out_err=0.2903, ADMM time=1.02s
	(3/3) Block 7/28, self_attn.v_proj | Tuning Factorized Weights...
		(Epoch 01/08) Block Loss: 2.6113e-05
		(Epoch 02/08) Block Loss: 2.5070e-05
		(Epoch 03/08) Block Loss: 2.4714e-05
		(Epoch 04/08) Block Loss: 2.4526e-05
		(Epoch 05/08) Block Loss: 2.4426e-05
		(Epoch 06/08) Block Loss: 2.4375e-05
		(Epoch 07/08) Block Loss: 2.4342e-05
		(Epoch 08/08) Block Loss: 2.4302e-05
	(1/3) Block 7/28, self_attn.o_proj | Tuning Non-Factorized Weights...
		(Epoch 01/08) Block Loss: 2.3820e-05
		(Epoch 02/08) Block Loss: 2.3113e-05
		(Epoch 03/08) Block Loss: 2.2781e-05
		(Epoch 04/08) Block Loss: 2.2462e-05
		(Epoch 05/08) Block Loss: 2.2259e-05
		(Epoch 06/08) Block Loss: 2.2128e-05
		(Epoch 07/08) Block Loss: 2.2054e-05
		(Epoch 08/08) Block Loss: 2.2023e-05
	(2/3) Block 7/28, self_attn.o_proj | Initialization via ADMM...
		ADMM weight recon error: raw=437.5147, norm=0.3217, per_el=2.0862e-04, out_err=0.1970, ADMM time=1.11s
	(3/3) Block 7/28, self_attn.o_proj | Tuning Factorized Weights...
		(Epoch 01/08) Block Loss: 2.4794e-05
		(Epoch 02/08) Block Loss: 2.4268e-05
		(Epoch 03/08) Block Loss: 2.4140e-05
		(Epoch 04/08) Block Loss: 2.4120e-05
		(Epoch 05/08) Block Loss: 2.4139e-05
		(Epoch 06/08) Block Loss: 2.4004e-05
		(Epoch 07/08) Block Loss: 2.4026e-05
		(Epoch 08/08) Block Loss: 2.3821e-05
	(1/3) Block 7/28, self_attn.k_proj | Tuning Non-Factorized Weights...
		(Epoch 01/08) Block Loss: 2.3477e-05
		(Epoch 02/08) Block Loss: 2.2939e-05
		(Epoch 03/08) Block Loss: 2.2659e-05
		(Epoch 04/08) Block Loss: 2.2468e-05
		(Epoch 05/08) Block Loss: 2.2319e-05
		(Epoch 06/08) Block Loss: 2.2223e-05
		(Epoch 07/08) Block Loss: 2.2165e-05
		(Epoch 08/08) Block Loss: 2.2140e-05
	(2/3) Block 7/28, self_attn.k_proj | Initialization via ADMM...
		ADMM weight recon error: raw=225.7776, norm=0.2727, per_el=2.1532e-04, out_err=0.0769, ADMM time=0.99s
	(3/3) Block 7/28, self_attn.k_proj | Tuning Factorized Weights...
		(Epoch 01/08) Block Loss: 2.2635e-05
		(Epoch 02/08) Block Loss: 2.2537e-05
		(Epoch 03/08) Block Loss: 2.2498e-05
		(Epoch 04/08) Block Loss: 2.2476e-05
		(Epoch 05/08) Block Loss: 2.2462e-05
		(Epoch 06/08) Block Loss: 2.2453e-05
		(Epoch 07/08) Block Loss: 2.2444e-05
		(Epoch 08/08) Block Loss: 2.2436e-05
	(1/3) Block 7/28, mlp.gate_proj | Tuning Non-Factorized Weights...
		(Epoch 01/08) Block Loss: 2.2566e-05
		(Epoch 02/08) Block Loss: 2.2305e-05
		(Epoch 03/08) Block Loss: 2.2136e-05
		(Epoch 04/08) Block Loss: 2.2018e-05
		(Epoch 05/08) Block Loss: 2.1915e-05
		(Epoch 06/08) Block Loss: 2.1845e-05
		(Epoch 07/08) Block Loss: 2.1800e-05
		(Epoch 08/08) Block Loss: 2.1780e-05
	(2/3) Block 7/28, mlp.gate_proj | Initialization via ADMM...
		ADMM weight recon error: raw=1206.8942, norm=0.3398, per_el=3.8366e-04, out_err=0.0679, ADMM time=1.29s
	(3/3) Block 7/28, mlp.gate_proj | Tuning Factorized Weights...
		(Epoch 01/08) Block Loss: 2.7345e-05
		(Epoch 02/08) Block Loss: 2.6260e-05
		(Epoch 03/08) Block Loss: 2.5954e-05
		(Epoch 04/08) Block Loss: 2.5848e-05
		(Epoch 05/08) Block Loss: 2.5778e-05
		(Epoch 06/08) Block Loss: 2.5722e-05
		(Epoch 07/08) Block Loss: 2.5652e-05
		(Epoch 08/08) Block Loss: 2.5482e-05
	(1/3) Block 7/28, mlp.up_proj | Tuning Non-Factorized Weights...
		(Epoch 01/08) Block Loss: 2.4893e-05
		(Epoch 02/08) Block Loss: 2.4409e-05
		(Epoch 03/08) Block Loss: 2.4172e-05
		(Epoch 04/08) Block Loss: 2.4028e-05
		(Epoch 05/08) Block Loss: 2.3918e-05
		(Epoch 06/08) Block Loss: 2.3849e-05
		(Epoch 07/08) Block Loss: 2.3806e-05
		(Epoch 08/08) Block Loss: 2.3789e-05
	(2/3) Block 7/28, mlp.up_proj | Initialization via ADMM...
		ADMM weight recon error: raw=835.9438, norm=0.3554, per_el=2.6574e-04, out_err=0.2651, ADMM time=1.41s
	(3/3) Block 7/28, mlp.up_proj | Tuning Factorized Weights...
		(Epoch 01/08) Block Loss: 3.2732e-05
		(Epoch 02/08) Block Loss: 3.1083e-05
		(Epoch 03/08) Block Loss: 3.0659e-05
		(Epoch 04/08) Block Loss: 3.0551e-05
		(Epoch 05/08) Block Loss: 3.0486e-05
		(Epoch 06/08) Block Loss: 3.0365e-05
		(Epoch 07/08) Block Loss: 3.0378e-05
		(Epoch 08/08) Block Loss: 2.9937e-05
	(1/3) Block 7/28, mlp.down_proj | Tuning Non-Factorized Weights...
		(Epoch 01/08) Block Loss: 2.8891e-05
		(Epoch 02/08) Block Loss: 2.8228e-05
		(Epoch 03/08) Block Loss: 2.7892e-05
		(Epoch 04/08) Block Loss: 2.7695e-05
		(Epoch 05/08) Block Loss: 2.7566e-05
		(Epoch 06/08) Block Loss: 2.7490e-05
		(Epoch 07/08) Block Loss: 2.7450e-05
		(Epoch 08/08) Block Loss: 2.7436e-05
	(2/3) Block 7/28, mlp.down_proj | Initialization via ADMM...
		ADMM weight recon error: raw=731.4509, norm=0.3313, per_el=2.3252e-04, out_err=0.2834, ADMM time=1.33s
	(3/3) Block 7/28, mlp.down_proj | Tuning Factorized Weights...
		(Epoch 01/08) Block Loss: 3.7477e-05
		(Epoch 02/08) Block Loss: 3.6712e-05
		(Epoch 03/08) Block Loss: 3.6628e-05
		(Epoch 04/08) Block Loss: 3.6656e-05
		(Epoch 05/08) Block Loss: 3.6692e-05
		(Epoch 06/08) Block Loss: 3.6639e-05
		(Epoch 07/08) Block Loss: 3.6572e-05
		(Epoch 08/08) Block Loss: 3.6187e-05
Using sequence length: 2048 (model max: 2048)
		Block 6 beta=1: block err = 0.0026, VALIDATION PPL = 18.199
		Block 6: chosen beta=0.5 (val ppl 18.088; candidates [(0.0, 18.181), (0.25, 18.144), (0.5, 18.088), (0.75, 18.161), (1.0, 18.199)])
		Block 6: relative block output error = 0.0026
Using sequence length: 2048 (model max: 2048)
		Block 6: Test Data PPL        = 17.514
	---- Block 8/28 candidate beta=0 ----
	(1/3) Block 8/28, self_attn.q_proj | Tuning Non-Factorized Weights...
		(Epoch 01/08) Block Loss: 3.7204e-05
		(Epoch 02/08) Block Loss: 3.4683e-05
		(Epoch 03/08) Block Loss: 3.3374e-05
		(Epoch 04/08) Block Loss: 3.2364e-05
		(Epoch 05/08) Block Loss: 3.1763e-05
		(Epoch 06/08) Block Loss: 3.1403e-05
		(Epoch 07/08) Block Loss: 3.1209e-05
		(Epoch 08/08) Block Loss: 3.1137e-05
	(2/3) Block 8/28, self_attn.q_proj | Initialization via ADMM...
		ADMM weight recon error: raw=545.4055, norm=0.3071, per_el=2.6007e-04, out_err=0.0467, ADMM time=4.01s
	(3/3) Block 8/28, self_attn.q_proj | Tuning Factorized Weights...
		(Epoch 01/08) Block Loss: 3.1961e-05
		(Epoch 02/08) Block Loss: 3.1735e-05
		(Epoch 03/08) Block Loss: 3.1645e-05
		(Epoch 04/08) Block Loss: 3.1592e-05
		(Epoch 05/08) Block Loss: 3.1550e-05
		(Epoch 06/08) Block Loss: 3.1520e-05
		(Epoch 07/08) Block Loss: 3.1493e-05
		(Epoch 08/08) Block Loss: 3.1473e-05
	(1/3) Block 8/28, self_attn.v_proj | Tuning Non-Factorized Weights...
		(Epoch 01/08) Block Loss: 3.1558e-05
		(Epoch 02/08) Block Loss: 3.0754e-05
		(Epoch 03/08) Block Loss: 3.0158e-05
		(Epoch 04/08) Block Loss: 2.9730e-05
		(Epoch 05/08) Block Loss: 2.9386e-05
		(Epoch 06/08) Block Loss: 2.9189e-05
		(Epoch 07/08) Block Loss: 2.9074e-05
		(Epoch 08/08) Block Loss: 2.9028e-05
	(2/3) Block 8/28, self_attn.v_proj | Initialization via ADMM...
		ADMM weight recon error: raw=302.0507, norm=0.3666, per_el=2.8806e-04, out_err=0.1933, ADMM time=7.06s
	(3/3) Block 8/28, self_attn.v_proj | Tuning Factorized Weights...
		(Epoch 01/08) Block Loss: 3.2922e-05
		(Epoch 02/08) Block Loss: 3.2255e-05
		(Epoch 03/08) Block Loss: 3.2125e-05
		(Epoch 04/08) Block Loss: 3.2062e-05
		(Epoch 05/08) Block Loss: 3.2014e-05
		(Epoch 06/08) Block Loss: 3.2008e-05
		(Epoch 07/08) Block Loss: 3.1983e-05
		(Epoch 08/08) Block Loss: 3.1927e-05
	(1/3) Block 8/28, self_attn.o_proj | Tuning Non-Factorized Weights...
		(Epoch 01/08) Block Loss: 3.1387e-05
		(Epoch 02/08) Block Loss: 3.0492e-05
		(Epoch 03/08) Block Loss: 3.0011e-05
		(Epoch 04/08) Block Loss: 2.9663e-05
		(Epoch 05/08) Block Loss: 2.9419e-05
		(Epoch 06/08) Block Loss: 2.9256e-05
		(Epoch 07/08) Block Loss: 2.9161e-05
		(Epoch 08/08) Block Loss: 2.9121e-05
	(2/3) Block 8/28, self_attn.o_proj | Initialization via ADMM...
		ADMM weight recon error: raw=470.1855, norm=0.3397, per_el=2.2420e-04, out_err=0.1474, ADMM time=4.05s
	(3/3) Block 8/28, self_attn.o_proj | Tuning Factorized Weights...
		(Epoch 01/08) Block Loss: 3.1943e-05
		(Epoch 02/08) Block Loss: 3.1842e-05
		(Epoch 03/08) Block Loss: 3.1864e-05
		(Epoch 04/08) Block Loss: 3.1882e-05
		(Epoch 05/08) Block Loss: 3.1942e-05
		(Epoch 06/08) Block Loss: 3.1909e-05
		(Epoch 07/08) Block Loss: 3.1892e-05
		(Epoch 08/08) Block Loss: 3.1753e-05
	(1/3) Block 8/28, self_attn.k_proj | Tuning Non-Factorized Weights...
		(Epoch 01/08) Block Loss: 3.1302e-05
		(Epoch 02/08) Block Loss: 3.0589e-05
		(Epoch 03/08) Block Loss: 3.0231e-05
		(Epoch 04/08) Block Loss: 2.9986e-05
		(Epoch 05/08) Block Loss: 2.9801e-05
		(Epoch 06/08) Block Loss: 2.9682e-05
		(Epoch 07/08) Block Loss: 2.9609e-05
		(Epoch 08/08) Block Loss: 2.9578e-05
	(2/3) Block 8/28, self_attn.k_proj | Initialization via ADMM...
		ADMM weight recon error: raw=240.1317, norm=0.3193, per_el=2.2901e-04, out_err=0.0527, ADMM time=6.97s
	(3/3) Block 8/28, self_attn.k_proj | Tuning Factorized Weights...
		(Epoch 01/08) Block Loss: 3.2491e-05
		(Epoch 02/08) Block Loss: 3.0753e-05
		(Epoch 03/08) Block Loss: 3.0261e-05
		(Epoch 04/08) Block Loss: 3.0133e-05
		(Epoch 05/08) Block Loss: 3.0077e-05
		(Epoch 06/08) Block Loss: 3.0052e-05
		(Epoch 07/08) Block Loss: 3.0037e-05
		(Epoch 08/08) Block Loss: 3.0027e-05
	(1/3) Block 8/28, mlp.gate_proj | Tuning Non-Factorized Weights...
		(Epoch 01/08) Block Loss: 3.0165e-05
		(Epoch 02/08) Block Loss: 2.9834e-05
		(Epoch 03/08) Block Loss: 2.9627e-05
		(Epoch 04/08) Block Loss: 2.9478e-05
		(Epoch 05/08) Block Loss: 2.9351e-05
		(Epoch 06/08) Block Loss: 2.9265e-05
		(Epoch 07/08) Block Loss: 2.9211e-05
		(Epoch 08/08) Block Loss: 2.9186e-05
	(2/3) Block 8/28, mlp.gate_proj | Initialization via ADMM...
		ADMM weight recon error: raw=1216.2271, norm=0.3440, per_el=3.8663e-04, out_err=0.0464, ADMM time=4.63s
	(3/3) Block 8/28, mlp.gate_proj | Tuning Factorized Weights...
		(Epoch 01/08) Block Loss: 3.3507e-05
		(Epoch 02/08) Block Loss: 3.3062e-05
		(Epoch 03/08) Block Loss: 3.2986e-05
		(Epoch 04/08) Block Loss: 3.2967e-05
		(Epoch 05/08) Block Loss: 3.2960e-05
		(Epoch 06/08) Block Loss: 3.2937e-05
		(Epoch 07/08) Block Loss: 3.2891e-05
		(Epoch 08/08) Block Loss: 3.2749e-05
	(1/3) Block 8/28, mlp.up_proj | Tuning Non-Factorized Weights...
		(Epoch 01/08) Block Loss: 3.2259e-05
		(Epoch 02/08) Block Loss: 3.1784e-05
		(Epoch 03/08) Block Loss: 3.1541e-05
		(Epoch 04/08) Block Loss: 3.1390e-05
		(Epoch 05/08) Block Loss: 3.1270e-05
		(Epoch 06/08) Block Loss: 3.1193e-05
		(Epoch 07/08) Block Loss: 3.1145e-05
		(Epoch 08/08) Block Loss: 3.1125e-05
	(2/3) Block 8/28, mlp.up_proj | Initialization via ADMM...
		ADMM weight recon error: raw=852.0847, norm=0.3648, per_el=2.7087e-04, out_err=0.1658, ADMM time=4.64s
	(3/3) Block 8/28, mlp.up_proj | Tuning Factorized Weights...
		(Epoch 01/08) Block Loss: 3.8758e-05
		(Epoch 02/08) Block Loss: 3.8236e-05
		(Epoch 03/08) Block Loss: 3.8177e-05
		(Epoch 04/08) Block Loss: 3.8256e-05
		(Epoch 05/08) Block Loss: 3.8481e-05
		(Epoch 06/08) Block Loss: 3.8171e-05
		(Epoch 07/08) Block Loss: 3.8153e-05
		(Epoch 08/08) Block Loss: 3.7753e-05
	(1/3) Block 8/28, mlp.down_proj | Tuning Non-Factorized Weights...
		(Epoch 01/08) Block Loss: 3.6730e-05
		(Epoch 02/08) Block Loss: 3.6065e-05
		(Epoch 03/08) Block Loss: 3.5720e-05
		(Epoch 04/08) Block Loss: 3.5517e-05
		(Epoch 05/08) Block Loss: 3.5380e-05
		(Epoch 06/08) Block Loss: 3.5299e-05
		(Epoch 07/08) Block Loss: 3.5256e-05
		(Epoch 08/08) Block Loss: 3.5240e-05
	(2/3) Block 8/28, mlp.down_proj | Initialization via ADMM...
		ADMM weight recon error: raw=763.2302, norm=0.3533, per_el=2.4262e-04, out_err=0.1835, ADMM time=4.66s
	(3/3) Block 8/28, mlp.down_proj | Tuning Factorized Weights...
		(Epoch 01/08) Block Loss: 4.3914e-05
		(Epoch 02/08) Block Loss: 4.3889e-05
		(Epoch 03/08) Block Loss: 4.4342e-05
		(Epoch 04/08) Block Loss: 4.4512e-05
		(Epoch 05/08) Block Loss: 4.4860e-05
		(Epoch 06/08) Block Loss: 4.4652e-05
		(Epoch 07/08) Block Loss: 4.4773e-05
		(Epoch 08/08) Block Loss: 4.4160e-05
Using sequence length: 2048 (model max: 2048)
		Block 7 beta=0: block err = 0.0029, VALIDATION PPL = 18.007
	---- Block 8/28 candidate beta=0.25 ----
	(1/3) Block 8/28, self_attn.q_proj | Tuning Non-Factorized Weights...
		(Epoch 01/08) Block Loss: 3.7203e-05
		(Epoch 02/08) Block Loss: 3.4683e-05
		(Epoch 03/08) Block Loss: 3.3376e-05
		(Epoch 04/08) Block Loss: 3.2366e-05
		(Epoch 05/08) Block Loss: 3.1764e-05
		(Epoch 06/08) Block Loss: 3.1405e-05
		(Epoch 07/08) Block Loss: 3.1210e-05
		(Epoch 08/08) Block Loss: 3.1138e-05
	(2/3) Block 8/28, self_attn.q_proj | Initialization via ADMM...
		ADMM weight recon error: raw=538.7867, norm=0.3034, per_el=2.5691e-04, out_err=0.0488, ADMM time=3.92s
	(3/3) Block 8/28, self_attn.q_proj | Tuning Factorized Weights...
		(Epoch 01/08) Block Loss: 3.2001e-05
		(Epoch 02/08) Block Loss: 3.1759e-05
		(Epoch 03/08) Block Loss: 3.1669e-05
		(Epoch 04/08) Block Loss: 3.1608e-05
		(Epoch 05/08) Block Loss: 3.1569e-05
		(Epoch 06/08) Block Loss: 3.1531e-05
		(Epoch 07/08) Block Loss: 3.1508e-05
		(Epoch 08/08) Block Loss: 3.1488e-05
	(1/3) Block 8/28, self_attn.v_proj | Tuning Non-Factorized Weights...
		(Epoch 01/08) Block Loss: 3.1595e-05
		(Epoch 02/08) Block Loss: 3.0738e-05
		(Epoch 03/08) Block Loss: 3.0179e-05
		(Epoch 04/08) Block Loss: 2.9753e-05
		(Epoch 05/08) Block Loss: 2.9404e-05
		(Epoch 06/08) Block Loss: 2.9203e-05
		(Epoch 07/08) Block Loss: 2.9087e-05
		(Epoch 08/08) Block Loss: 2.9041e-05
	(2/3) Block 8/28, self_attn.v_proj | Initialization via ADMM...
		ADMM weight recon error: raw=297.2412, norm=0.3607, per_el=2.8347e-04, out_err=0.2024, ADMM time=7.04s
	(3/3) Block 8/28, self_attn.v_proj | Tuning Factorized Weights...
		(Epoch 01/08) Block Loss: 3.2620e-05
		(Epoch 02/08) Block Loss: 3.2275e-05
		(Epoch 03/08) Block Loss: 3.2161e-05
		(Epoch 04/08) Block Loss: 3.2110e-05
		(Epoch 05/08) Block Loss: 3.2080e-05
		(Epoch 06/08) Block Loss: 3.2050e-05
		(Epoch 07/08) Block Loss: 3.2047e-05
		(Epoch 08/08) Block Loss: 3.1973e-05
	(1/3) Block 8/28, self_attn.o_proj | Tuning Non-Factorized Weights...
		(Epoch 01/08) Block Loss: 3.1437e-05
		(Epoch 02/08) Block Loss: 3.0532e-05
		(Epoch 03/08) Block Loss: 3.0042e-05
		(Epoch 04/08) Block Loss: 2.9698e-05
		(Epoch 05/08) Block Loss: 2.9446e-05
		(Epoch 06/08) Block Loss: 2.9286e-05
		(Epoch 07/08) Block Loss: 2.9191e-05
		(Epoch 08/08) Block Loss: 2.9152e-05
	(2/3) Block 8/28, self_attn.o_proj | Initialization via ADMM...
		ADMM weight recon error: raw=454.3700, norm=0.3283, per_el=2.1666e-04, out_err=0.1560, ADMM time=4.14s
	(3/3) Block 8/28, self_attn.o_proj | Tuning Factorized Weights...
		(Epoch 01/08) Block Loss: 3.2095e-05
		(Epoch 02/08) Block Loss: 3.1984e-05
		(Epoch 03/08) Block Loss: 3.2042e-05
		(Epoch 04/08) Block Loss: 3.2082e-05
		(Epoch 05/08) Block Loss: 3.2130e-05
		(Epoch 06/08) Block Loss: 3.2032e-05
		(Epoch 07/08) Block Loss: 3.2054e-05
		(Epoch 08/08) Block Loss: 3.1848e-05
	(1/3) Block 8/28, self_attn.k_proj | Tuning Non-Factorized Weights...
		(Epoch 01/08) Block Loss: 3.1363e-05
		(Epoch 02/08) Block Loss: 3.0643e-05
		(Epoch 03/08) Block Loss: 3.0302e-05
		(Epoch 04/08) Block Loss: 3.0033e-05
		(Epoch 05/08) Block Loss: 2.9845e-05
		(Epoch 06/08) Block Loss: 2.9724e-05
		(Epoch 07/08) Block Loss: 2.9651e-05
		(Epoch 08/08) Block Loss: 2.9621e-05
	(2/3) Block 8/28, self_attn.k_proj | Initialization via ADMM...
		ADMM weight recon error: raw=237.0197, norm=0.3152, per_el=2.2604e-04, out_err=0.0548, ADMM time=7.23s
	(3/3) Block 8/28, self_attn.k_proj | Tuning Factorized Weights...
		(Epoch 01/08) Block Loss: 3.0382e-05
		(Epoch 02/08) Block Loss: 3.0142e-05
		(Epoch 03/08) Block Loss: 3.0078e-05
		(Epoch 04/08) Block Loss: 3.0049e-05
		(Epoch 05/08) Block Loss: 3.0032e-05
		(Epoch 06/08) Block Loss: 3.0021e-05
		(Epoch 07/08) Block Loss: 3.0012e-05
		(Epoch 08/08) Block Loss: 3.0005e-05
	(1/3) Block 8/28, mlp.gate_proj | Tuning Non-Factorized Weights...
		(Epoch 01/08) Block Loss: 3.0155e-05
		(Epoch 02/08) Block Loss: 2.9827e-05
		(Epoch 03/08) Block Loss: 2.9620e-05
		(Epoch 04/08) Block Loss: 2.9470e-05
		(Epoch 05/08) Block Loss: 2.9343e-05
		(Epoch 06/08) Block Loss: 2.9257e-05
		(Epoch 07/08) Block Loss: 2.9202e-05
		(Epoch 08/08) Block Loss: 2.9178e-05
	(2/3) Block 8/28, mlp.gate_proj | Initialization via ADMM...
		ADMM weight recon error: raw=1195.2081, norm=0.3380, per_el=3.7995e-04, out_err=0.0483, ADMM time=4.84s
	(3/3) Block 8/28, mlp.gate_proj | Tuning Factorized Weights...
		(Epoch 01/08) Block Loss: 3.3693e-05
		(Epoch 02/08) Block Loss: 3.3188e-05
		(Epoch 03/08) Block Loss: 3.3099e-05
		(Epoch 04/08) Block Loss: 3.3088e-05
		(Epoch 05/08) Block Loss: 3.3068e-05
		(Epoch 06/08) Block Loss: 3.3051e-05
		(Epoch 07/08) Block Loss: 3.3000e-05
		(Epoch 08/08) Block Loss: 3.2821e-05
	(1/3) Block 8/28, mlp.up_proj | Tuning Non-Factorized Weights...
		(Epoch 01/08) Block Loss: 3.2310e-05
		(Epoch 02/08) Block Loss: 3.1828e-05
		(Epoch 03/08) Block Loss: 3.1581e-05
		(Epoch 04/08) Block Loss: 3.1427e-05
		(Epoch 05/08) Block Loss: 3.1307e-05
		(Epoch 06/08) Block Loss: 3.1229e-05
		(Epoch 07/08) Block Loss: 3.1181e-05
		(Epoch 08/08) Block Loss: 3.1160e-05
	(2/3) Block 8/28, mlp.up_proj | Initialization via ADMM...
		ADMM weight recon error: raw=840.4771, norm=0.3598, per_el=2.6718e-04, out_err=0.1746, ADMM time=4.81s
	(3/3) Block 8/28, mlp.up_proj | Tuning Factorized Weights...
		(Epoch 01/08) Block Loss: 3.9086e-05
		(Epoch 02/08) Block Loss: 3.8453e-05
		(Epoch 03/08) Block Loss: 3.8444e-05
		(Epoch 04/08) Block Loss: 3.8523e-05
		(Epoch 05/08) Block Loss: 3.8654e-05
		(Epoch 06/08) Block Loss: 3.8293e-05
		(Epoch 07/08) Block Loss: 3.8440e-05
		(Epoch 08/08) Block Loss: 3.7830e-05
	(1/3) Block 8/28, mlp.down_proj | Tuning Non-Factorized Weights...
		(Epoch 01/08) Block Loss: 3.6816e-05
		(Epoch 02/08) Block Loss: 3.6140e-05
		(Epoch 03/08) Block Loss: 3.5790e-05
		(Epoch 04/08) Block Loss: 3.5582e-05
		(Epoch 05/08) Block Loss: 3.5443e-05
		(Epoch 06/08) Block Loss: 3.5361e-05
		(Epoch 07/08) Block Loss: 3.5317e-05
		(Epoch 08/08) Block Loss: 3.5301e-05
	(2/3) Block 8/28, mlp.down_proj | Initialization via ADMM...
		ADMM weight recon error: raw=746.1938, norm=0.3455, per_el=2.3721e-04, out_err=0.1899, ADMM time=4.91s
	(3/3) Block 8/28, mlp.down_proj | Tuning Factorized Weights...
		(Epoch 01/08) Block Loss: 4.4184e-05
		(Epoch 02/08) Block Loss: 4.4157e-05
		(Epoch 03/08) Block Loss: 4.4567e-05
		(Epoch 04/08) Block Loss: 4.5118e-05
		(Epoch 05/08) Block Loss: 4.5327e-05
		(Epoch 06/08) Block Loss: 4.4924e-05
		(Epoch 07/08) Block Loss: 4.5091e-05
		(Epoch 08/08) Block Loss: 4.4306e-05
Using sequence length: 2048 (model max: 2048)
		Block 7 beta=0.25: block err = 0.0029, VALIDATION PPL = 17.996
	---- Block 8/28 candidate beta=0.5 ----
	(1/3) Block 8/28, self_attn.q_proj | Tuning Non-Factorized Weights...
		(Epoch 01/08) Block Loss: 3.7204e-05
		(Epoch 02/08) Block Loss: 3.4683e-05
		(Epoch 03/08) Block Loss: 3.3378e-05
		(Epoch 04/08) Block Loss: 3.2367e-05
		(Epoch 05/08) Block Loss: 3.1766e-05
		(Epoch 06/08) Block Loss: 3.1406e-05
		(Epoch 07/08) Block Loss: 3.1211e-05
		(Epoch 08/08) Block Loss: 3.1139e-05
	(2/3) Block 8/28, self_attn.q_proj | Initialization via ADMM...
		ADMM weight recon error: raw=533.0322, norm=0.3001, per_el=2.5417e-04, out_err=0.0519, ADMM time=3.69s
	(3/3) Block 8/28, self_attn.q_proj | Tuning Factorized Weights...
		(Epoch 01/08) Block Loss: 3.2077e-05
		(Epoch 02/08) Block Loss: 3.1793e-05
		(Epoch 03/08) Block Loss: 3.1696e-05
		(Epoch 04/08) Block Loss: 3.1637e-05
		(Epoch 05/08) Block Loss: 3.1595e-05
		(Epoch 06/08) Block Loss: 3.1557e-05
		(Epoch 07/08) Block Loss: 3.1532e-05
		(Epoch 08/08) Block Loss: 3.1510e-05
	(1/3) Block 8/28, self_attn.v_proj | Tuning Non-Factorized Weights...
		(Epoch 01/08) Block Loss: 3.1600e-05
		(Epoch 02/08) Block Loss: 3.0779e-05
		(Epoch 03/08) Block Loss: 3.0172e-05
		(Epoch 04/08) Block Loss: 2.9725e-05
		(Epoch 05/08) Block Loss: 2.9412e-05
		(Epoch 06/08) Block Loss: 2.9207e-05
		(Epoch 07/08) Block Loss: 2.9090e-05
		(Epoch 08/08) Block Loss: 2.9043e-05
	(2/3) Block 8/28, self_attn.v_proj | Initialization via ADMM...
		ADMM weight recon error: raw=294.3046, norm=0.3572, per_el=2.8067e-04, out_err=0.2157, ADMM time=6.35s
	(3/3) Block 8/28, self_attn.v_proj | Tuning Factorized Weights...
		(Epoch 01/08) Block Loss: 3.2823e-05
		(Epoch 02/08) Block Loss: 3.2444e-05
		(Epoch 03/08) Block Loss: 3.2322e-05
		(Epoch 04/08) Block Loss: 3.2247e-05
		(Epoch 05/08) Block Loss: 3.2210e-05
		(Epoch 06/08) Block Loss: 3.2178e-05
		(Epoch 07/08) Block Loss: 3.2157e-05
		(Epoch 08/08) Block Loss: 3.2110e-05
	(1/3) Block 8/28, self_attn.o_proj | Tuning Non-Factorized Weights...
		(Epoch 01/08) Block Loss: 3.1493e-05
		(Epoch 02/08) Block Loss: 3.0549e-05
		(Epoch 03/08) Block Loss: 3.0064e-05
		(Epoch 04/08) Block Loss: 2.9729e-05
		(Epoch 05/08) Block Loss: 2.9467e-05
		(Epoch 06/08) Block Loss: 2.9305e-05
		(Epoch 07/08) Block Loss: 2.9210e-05
		(Epoch 08/08) Block Loss: 2.9171e-05
	(2/3) Block 8/28, self_attn.o_proj | Initialization via ADMM...
		ADMM weight recon error: raw=444.4584, norm=0.3211, per_el=2.1193e-04, out_err=0.1698, ADMM time=3.42s
	(3/3) Block 8/28, self_attn.o_proj | Tuning Factorized Weights...
		(Epoch 01/08) Block Loss: 3.2331e-05
		(Epoch 02/08) Block Loss: 3.2187e-05
		(Epoch 03/08) Block Loss: 3.2248e-05
		(Epoch 04/08) Block Loss: 3.2264e-05
		(Epoch 05/08) Block Loss: 3.2281e-05
		(Epoch 06/08) Block Loss: 3.2239e-05
		(Epoch 07/08) Block Loss: 3.2184e-05
		(Epoch 08/08) Block Loss: 3.2000e-05
	(1/3) Block 8/28, self_attn.k_proj | Tuning Non-Factorized Weights...
		(Epoch 01/08) Block Loss: 3.1454e-05
		(Epoch 02/08) Block Loss: 3.0707e-05
		(Epoch 03/08) Block Loss: 3.0352e-05
		(Epoch 04/08) Block Loss: 3.0086e-05
		(Epoch 05/08) Block Loss: 2.9896e-05
		(Epoch 06/08) Block Loss: 2.9775e-05
		(Epoch 07/08) Block Loss: 2.9701e-05
		(Epoch 08/08) Block Loss: 2.9671e-05
	(2/3) Block 8/28, self_attn.k_proj | Initialization via ADMM...
		ADMM weight recon error: raw=234.9321, norm=0.3124, per_el=2.2405e-04, out_err=0.0585, ADMM time=5.72s
	(3/3) Block 8/28, self_attn.k_proj | Tuning Factorized Weights...
		(Epoch 01/08) Block Loss: 3.0371e-05
		(Epoch 02/08) Block Loss: 3.0185e-05
		(Epoch 03/08) Block Loss: 3.0133e-05
		(Epoch 04/08) Block Loss: 3.0102e-05
		(Epoch 05/08) Block Loss: 3.0085e-05
		(Epoch 06/08) Block Loss: 3.0072e-05
		(Epoch 07/08) Block Loss: 3.0063e-05
		(Epoch 08/08) Block Loss: 3.0057e-05
	(1/3) Block 8/28, mlp.gate_proj | Tuning Non-Factorized Weights...
		(Epoch 01/08) Block Loss: 3.0209e-05
		(Epoch 02/08) Block Loss: 2.9876e-05
		(Epoch 03/08) Block Loss: 2.9667e-05
		(Epoch 04/08) Block Loss: 2.9517e-05
		(Epoch 05/08) Block Loss: 2.9389e-05
		(Epoch 06/08) Block Loss: 2.9303e-05
		(Epoch 07/08) Block Loss: 2.9248e-05
		(Epoch 08/08) Block Loss: 2.9224e-05
	(2/3) Block 8/28, mlp.gate_proj | Initialization via ADMM...
		ADMM weight recon error: raw=1179.0511, norm=0.3334, per_el=3.7481e-04, out_err=0.0513, ADMM time=3.92s
	(3/3) Block 8/28, mlp.gate_proj | Tuning Factorized Weights...
		(Epoch 01/08) Block Loss: 3.4066e-05
		(Epoch 02/08) Block Loss: 3.3456e-05
		(Epoch 03/08) Block Loss: 3.3325e-05
		(Epoch 04/08) Block Loss: 3.3275e-05
		(Epoch 05/08) Block Loss: 3.3259e-05
		(Epoch 06/08) Block Loss: 3.3233e-05
		(Epoch 07/08) Block Loss: 3.3171e-05
		(Epoch 08/08) Block Loss: 3.3001e-05
	(1/3) Block 8/28, mlp.up_proj | Tuning Non-Factorized Weights...
		(Epoch 01/08) Block Loss: 3.2470e-05
		(Epoch 02/08) Block Loss: 3.1971e-05
		(Epoch 03/08) Block Loss: 3.1718e-05
		(Epoch 04/08) Block Loss: 3.1561e-05
		(Epoch 05/08) Block Loss: 3.1438e-05
		(Epoch 06/08) Block Loss: 3.1359e-05
		(Epoch 07/08) Block Loss: 3.1311e-05
		(Epoch 08/08) Block Loss: 3.1290e-05
	(2/3) Block 8/28, mlp.up_proj | Initialization via ADMM...
		ADMM weight recon error: raw=829.9479, norm=0.3553, per_el=2.6383e-04, out_err=0.1866, ADMM time=3.91s
	(3/3) Block 8/28, mlp.up_proj | Tuning Factorized Weights...
		(Epoch 01/08) Block Loss: 3.9639e-05
		(Epoch 02/08) Block Loss: 3.8840e-05
		(Epoch 03/08) Block Loss: 3.8821e-05
		(Epoch 04/08) Block Loss: 3.8761e-05
		(Epoch 05/08) Block Loss: 3.8981e-05
		(Epoch 06/08) Block Loss: 3.8631e-05
		(Epoch 07/08) Block Loss: 3.8676e-05
		(Epoch 08/08) Block Loss: 3.8138e-05
	(1/3) Block 8/28, mlp.down_proj | Tuning Non-Factorized Weights...
		(Epoch 01/08) Block Loss: 3.7049e-05
		(Epoch 02/08) Block Loss: 3.6347e-05
		(Epoch 03/08) Block Loss: 3.5984e-05
		(Epoch 04/08) Block Loss: 3.5770e-05
		(Epoch 05/08) Block Loss: 3.5627e-05
		(Epoch 06/08) Block Loss: 3.5543e-05
		(Epoch 07/08) Block Loss: 3.5498e-05
		(Epoch 08/08) Block Loss: 3.5481e-05
	(2/3) Block 8/28, mlp.down_proj | Initialization via ADMM...
		ADMM weight recon error: raw=731.6993, norm=0.3387, per_el=2.3260e-04, out_err=0.2004, ADMM time=3.93s
	(3/3) Block 8/28, mlp.down_proj | Tuning Factorized Weights...
		(Epoch 01/08) Block Loss: 4.4661e-05
		(Epoch 02/08) Block Loss: 4.4636e-05
		(Epoch 03/08) Block Loss: 4.5226e-05
		(Epoch 04/08) Block Loss: 4.5494e-05
		(Epoch 05/08) Block Loss: 4.5720e-05
		(Epoch 06/08) Block Loss: 4.5245e-05
		(Epoch 07/08) Block Loss: 4.5244e-05
		(Epoch 08/08) Block Loss: 4.4685e-05
Using sequence length: 2048 (model max: 2048)
		Block 7 beta=0.5: block err = 0.0029, VALIDATION PPL = 17.967
	---- Block 8/28 candidate beta=0.75 ----
	(1/3) Block 8/28, self_attn.q_proj | Tuning Non-Factorized Weights...
		(Epoch 01/08) Block Loss: 3.7204e-05
		(Epoch 02/08) Block Loss: 3.4683e-05
		(Epoch 03/08) Block Loss: 3.3376e-05
		(Epoch 04/08) Block Loss: 3.2366e-05
		(Epoch 05/08) Block Loss: 3.1764e-05
		(Epoch 06/08) Block Loss: 3.1405e-05
		(Epoch 07/08) Block Loss: 3.1210e-05
		(Epoch 08/08) Block Loss: 3.1138e-05
	(2/3) Block 8/28, self_attn.q_proj | Initialization via ADMM...
		ADMM weight recon error: raw=529.1056, norm=0.2979, per_el=2.5230e-04, out_err=0.0569, ADMM time=3.43s
	(3/3) Block 8/28, self_attn.q_proj | Tuning Factorized Weights...
		(Epoch 01/08) Block Loss: 3.2234e-05
		(Epoch 02/08) Block Loss: 3.1859e-05
		(Epoch 03/08) Block Loss: 3.1747e-05
		(Epoch 04/08) Block Loss: 3.1681e-05
		(Epoch 05/08) Block Loss: 3.1636e-05
		(Epoch 06/08) Block Loss: 3.1598e-05
		(Epoch 07/08) Block Loss: 3.1569e-05
		(Epoch 08/08) Block Loss: 3.1548e-05
	(1/3) Block 8/28, self_attn.v_proj | Tuning Non-Factorized Weights...
		(Epoch 01/08) Block Loss: 3.1649e-05
		(Epoch 02/08) Block Loss: 3.0795e-05
		(Epoch 03/08) Block Loss: 3.0216e-05
		(Epoch 04/08) Block Loss: 2.9764e-05
		(Epoch 05/08) Block Loss: 2.9449e-05
		(Epoch 06/08) Block Loss: 2.9239e-05
		(Epoch 07/08) Block Loss: 2.9121e-05
		(Epoch 08/08) Block Loss: 2.9074e-05
	(2/3) Block 8/28, self_attn.v_proj | Initialization via ADMM...
		ADMM weight recon error: raw=291.9115, norm=0.3543, per_el=2.7839e-04, out_err=0.2369, ADMM time=5.68s
	(3/3) Block 8/28, self_attn.v_proj | Tuning Factorized Weights...
		(Epoch 01/08) Block Loss: 3.3315e-05
		(Epoch 02/08) Block Loss: 3.2815e-05
		(Epoch 03/08) Block Loss: 3.2623e-05
		(Epoch 04/08) Block Loss: 3.2515e-05
		(Epoch 05/08) Block Loss: 3.2469e-05
		(Epoch 06/08) Block Loss: 3.2421e-05
		(Epoch 07/08) Block Loss: 3.2402e-05
		(Epoch 08/08) Block Loss: 3.2334e-05
	(1/3) Block 8/28, self_attn.o_proj | Tuning Non-Factorized Weights...
		(Epoch 01/08) Block Loss: 3.1655e-05
		(Epoch 02/08) Block Loss: 3.0664e-05
		(Epoch 03/08) Block Loss: 3.0174e-05
		(Epoch 04/08) Block Loss: 2.9835e-05
		(Epoch 05/08) Block Loss: 2.9563e-05
		(Epoch 06/08) Block Loss: 2.9401e-05
		(Epoch 07/08) Block Loss: 2.9302e-05
		(Epoch 08/08) Block Loss: 2.9263e-05
	(2/3) Block 8/28, self_attn.o_proj | Initialization via ADMM...
		ADMM weight recon error: raw=437.5560, norm=0.3162, per_el=2.0864e-04, out_err=0.1947, ADMM time=3.41s
	(3/3) Block 8/28, self_attn.o_proj | Tuning Factorized Weights...
		(Epoch 01/08) Block Loss: 3.2795e-05
		(Epoch 02/08) Block Loss: 3.2566e-05
		(Epoch 03/08) Block Loss: 3.2563e-05
		(Epoch 04/08) Block Loss: 3.2583e-05
		(Epoch 05/08) Block Loss: 3.2635e-05
		(Epoch 06/08) Block Loss: 3.2458e-05
		(Epoch 07/08) Block Loss: 3.2432e-05
		(Epoch 08/08) Block Loss: 3.2207e-05
	(1/3) Block 8/28, self_attn.k_proj | Tuning Non-Factorized Weights...
		(Epoch 01/08) Block Loss: 3.1626e-05
		(Epoch 02/08) Block Loss: 3.0838e-05
		(Epoch 03/08) Block Loss: 3.0453e-05
		(Epoch 04/08) Block Loss: 3.0202e-05
		(Epoch 05/08) Block Loss: 3.0007e-05
		(Epoch 06/08) Block Loss: 2.9882e-05
		(Epoch 07/08) Block Loss: 2.9808e-05
		(Epoch 08/08) Block Loss: 2.9777e-05
	(2/3) Block 8/28, self_attn.k_proj | Initialization via ADMM...
		ADMM weight recon error: raw=233.2471, norm=0.3102, per_el=2.2244e-04, out_err=0.0640, ADMM time=5.74s
	(3/3) Block 8/28, self_attn.k_proj | Tuning Factorized Weights...
		(Epoch 01/08) Block Loss: 3.0544e-05
		(Epoch 02/08) Block Loss: 3.0324e-05
		(Epoch 03/08) Block Loss: 3.0261e-05
		(Epoch 04/08) Block Loss: 3.0229e-05
		(Epoch 05/08) Block Loss: 3.0208e-05
		(Epoch 06/08) Block Loss: 3.0196e-05
		(Epoch 07/08) Block Loss: 3.0186e-05
		(Epoch 08/08) Block Loss: 3.0179e-05
	(1/3) Block 8/28, mlp.gate_proj | Tuning Non-Factorized Weights...
		(Epoch 01/08) Block Loss: 3.0330e-05
		(Epoch 02/08) Block Loss: 2.9992e-05
		(Epoch 03/08) Block Loss: 2.9779e-05
		(Epoch 04/08) Block Loss: 2.9628e-05
		(Epoch 05/08) Block Loss: 2.9498e-05
		(Epoch 06/08) Block Loss: 2.9412e-05
		(Epoch 07/08) Block Loss: 2.9356e-05
		(Epoch 08/08) Block Loss: 2.9331e-05
	(2/3) Block 8/28, mlp.gate_proj | Initialization via ADMM...
		ADMM weight recon error: raw=1163.9683, norm=0.3292, per_el=3.7002e-04, out_err=0.0559, ADMM time=3.93s
	(3/3) Block 8/28, mlp.gate_proj | Tuning Factorized Weights...
		(Epoch 01/08) Block Loss: 3.4643e-05
		(Epoch 02/08) Block Loss: 3.3884e-05
		(Epoch 03/08) Block Loss: 3.3673e-05
		(Epoch 04/08) Block Loss: 3.3604e-05
		(Epoch 05/08) Block Loss: 3.3567e-05
		(Epoch 06/08) Block Loss: 3.3526e-05
		(Epoch 07/08) Block Loss: 3.3471e-05
		(Epoch 08/08) Block Loss: 3.3287e-05
	(1/3) Block 8/28, mlp.up_proj | Tuning Non-Factorized Weights...
		(Epoch 01/08) Block Loss: 3.2725e-05
		(Epoch 02/08) Block Loss: 3.2206e-05
		(Epoch 03/08) Block Loss: 3.1944e-05
		(Epoch 04/08) Block Loss: 3.1782e-05
		(Epoch 05/08) Block Loss: 3.1656e-05
		(Epoch 06/08) Block Loss: 3.1575e-05
		(Epoch 07/08) Block Loss: 3.1525e-05
		(Epoch 08/08) Block Loss: 3.1504e-05
	(2/3) Block 8/28, mlp.up_proj | Initialization via ADMM...
		ADMM weight recon error: raw=824.4690, norm=0.3529, per_el=2.6209e-04, out_err=0.2054, ADMM time=3.93s
	(3/3) Block 8/28, mlp.up_proj | Tuning Factorized Weights...
		(Epoch 01/08) Block Loss: 4.0468e-05
		(Epoch 02/08) Block Loss: 3.9407e-05
		(Epoch 03/08) Block Loss: 3.9286e-05
		(Epoch 04/08) Block Loss: 3.9250e-05
		(Epoch 05/08) Block Loss: 3.9423e-05
		(Epoch 06/08) Block Loss: 3.9057e-05
		(Epoch 07/08) Block Loss: 3.9144e-05
		(Epoch 08/08) Block Loss: 3.8524e-05
	(1/3) Block 8/28, mlp.down_proj | Tuning Non-Factorized Weights...
		(Epoch 01/08) Block Loss: 3.7389e-05
		(Epoch 02/08) Block Loss: 3.6667e-05
		(Epoch 03/08) Block Loss: 3.6292e-05
		(Epoch 04/08) Block Loss: 3.6070e-05
		(Epoch 05/08) Block Loss: 3.5922e-05
		(Epoch 06/08) Block Loss: 3.5836e-05
		(Epoch 07/08) Block Loss: 3.5790e-05
		(Epoch 08/08) Block Loss: 3.5773e-05
	(2/3) Block 8/28, mlp.down_proj | Initialization via ADMM...
		ADMM weight recon error: raw=721.5356, norm=0.3340, per_el=2.2937e-04, out_err=0.2179, ADMM time=3.92s
	(3/3) Block 8/28, mlp.down_proj | Tuning Factorized Weights...
		(Epoch 01/08) Block Loss: 4.5527e-05
		(Epoch 02/08) Block Loss: 4.5341e-05
		(Epoch 03/08) Block Loss: 4.6020e-05
		(Epoch 04/08) Block Loss: 4.6058e-05
		(Epoch 05/08) Block Loss: 4.6288e-05
		(Epoch 06/08) Block Loss: 4.5582e-05
		(Epoch 07/08) Block Loss: 4.5822e-05
		(Epoch 08/08) Block Loss: 4.5280e-05
Using sequence length: 2048 (model max: 2048)
		Block 7 beta=0.75: block err = 0.0030, VALIDATION PPL = 18.097
	---- Block 8/28 candidate beta=1 ----
	(1/3) Block 8/28, self_attn.q_proj | Tuning Non-Factorized Weights...
		(Epoch 01/08) Block Loss: 3.7204e-05
		(Epoch 02/08) Block Loss: 3.4682e-05
		(Epoch 03/08) Block Loss: 3.3377e-05
		(Epoch 04/08) Block Loss: 3.2368e-05
		(Epoch 05/08) Block Loss: 3.1765e-05
Compressing Layers:  29%|█████████████████████████████▍                                                                         | 8/28 [1:27:28<3:15:12, 585.60s/it]		(Epoch 06/08) Block Loss: 3.1406e-05
		(Epoch 07/08) Block Loss: 3.1211e-05
		(Epoch 08/08) Block Loss: 3.1139e-05
	(2/3) Block 8/28, self_attn.q_proj | Initialization via ADMM...
		ADMM weight recon error: raw=527.0768, norm=0.2968, per_el=2.5133e-04, out_err=0.0694, ADMM time=0.97s
	(3/3) Block 8/28, self_attn.q_proj | Tuning Factorized Weights...
		(Epoch 01/08) Block Loss: 3.2484e-05
		(Epoch 02/08) Block Loss: 3.1983e-05
		(Epoch 03/08) Block Loss: 3.1853e-05
		(Epoch 04/08) Block Loss: 3.1777e-05
		(Epoch 05/08) Block Loss: 3.1722e-05
		(Epoch 06/08) Block Loss: 3.1680e-05
		(Epoch 07/08) Block Loss: 3.1647e-05
		(Epoch 08/08) Block Loss: 3.1622e-05
	(1/3) Block 8/28, self_attn.v_proj | Tuning Non-Factorized Weights...
		(Epoch 01/08) Block Loss: 3.1702e-05
		(Epoch 02/08) Block Loss: 3.0861e-05
		(Epoch 03/08) Block Loss: 3.0262e-05
		(Epoch 04/08) Block Loss: 2.9824e-05
		(Epoch 05/08) Block Loss: 2.9488e-05
		(Epoch 06/08) Block Loss: 2.9283e-05
		(Epoch 07/08) Block Loss: 2.9166e-05
		(Epoch 08/08) Block Loss: 2.9119e-05
	(2/3) Block 8/28, self_attn.v_proj | Initialization via ADMM...
		ADMM weight recon error: raw=290.4231, norm=0.3525, per_el=2.7697e-04, out_err=0.2906, ADMM time=0.86s
	(3/3) Block 8/28, self_attn.v_proj | Tuning Factorized Weights...
		(Epoch 01/08) Block Loss: 3.4793e-05
		(Epoch 02/08) Block Loss: 3.3734e-05
		(Epoch 03/08) Block Loss: 3.3302e-05
		(Epoch 04/08) Block Loss: 3.3079e-05
		(Epoch 05/08) Block Loss: 3.2968e-05
		(Epoch 06/08) Block Loss: 3.2900e-05
		(Epoch 07/08) Block Loss: 3.2845e-05
		(Epoch 08/08) Block Loss: 3.2782e-05
	(1/3) Block 8/28, self_attn.o_proj | Tuning Non-Factorized Weights...
		(Epoch 01/08) Block Loss: 3.1945e-05
		(Epoch 02/08) Block Loss: 3.0873e-05
		(Epoch 03/08) Block Loss: 3.0344e-05
		(Epoch 04/08) Block Loss: 2.9981e-05
		(Epoch 05/08) Block Loss: 2.9717e-05
		(Epoch 06/08) Block Loss: 2.9550e-05
		(Epoch 07/08) Block Loss: 2.9451e-05
		(Epoch 08/08) Block Loss: 2.9411e-05
	(2/3) Block 8/28, self_attn.o_proj | Initialization via ADMM...
		ADMM weight recon error: raw=431.6006, norm=0.3119, per_el=2.0580e-04, out_err=0.2888, ADMM time=0.98s
	(3/3) Block 8/28, self_attn.o_proj | Tuning Factorized Weights...
		(Epoch 01/08) Block Loss: 3.4208e-05
		(Epoch 02/08) Block Loss: 3.3383e-05
		(Epoch 03/08) Block Loss: 3.3174e-05
		(Epoch 04/08) Block Loss: 3.3142e-05
		(Epoch 05/08) Block Loss: 3.2998e-05
		(Epoch 06/08) Block Loss: 3.2965e-05
		(Epoch 07/08) Block Loss: 3.2884e-05
		(Epoch 08/08) Block Loss: 3.2640e-05
	(1/3) Block 8/28, self_attn.k_proj | Tuning Non-Factorized Weights...
		(Epoch 01/08) Block Loss: 3.1943e-05
		(Epoch 02/08) Block Loss: 3.1110e-05
		(Epoch 03/08) Block Loss: 3.0705e-05
		(Epoch 04/08) Block Loss: 3.0440e-05
		(Epoch 05/08) Block Loss: 3.0239e-05
		(Epoch 06/08) Block Loss: 3.0113e-05
		(Epoch 07/08) Block Loss: 3.0035e-05
		(Epoch 08/08) Block Loss: 3.0003e-05
	(2/3) Block 8/28, self_attn.k_proj | Initialization via ADMM...
		ADMM weight recon error: raw=232.2359, norm=0.3088, per_el=2.2148e-04, out_err=0.0791, ADMM time=0.86s
	(3/3) Block 8/28, self_attn.k_proj | Tuning Factorized Weights...
		(Epoch 01/08) Block Loss: 3.0987e-05
		(Epoch 02/08) Block Loss: 3.0621e-05
		(Epoch 03/08) Block Loss: 3.0546e-05
		(Epoch 04/08) Block Loss: 3.0502e-05
		(Epoch 05/08) Block Loss: 3.0475e-05
		(Epoch 06/08) Block Loss: 3.0458e-05
		(Epoch 07/08) Block Loss: 3.0448e-05
		(Epoch 08/08) Block Loss: 3.0440e-05
	(1/3) Block 8/28, mlp.gate_proj | Tuning Non-Factorized Weights...
		(Epoch 01/08) Block Loss: 3.0583e-05
		(Epoch 02/08) Block Loss: 3.0233e-05
		(Epoch 03/08) Block Loss: 3.0014e-05
		(Epoch 04/08) Block Loss: 2.9857e-05
		(Epoch 05/08) Block Loss: 2.9725e-05
		(Epoch 06/08) Block Loss: 2.9636e-05
		(Epoch 07/08) Block Loss: 2.9579e-05
		(Epoch 08/08) Block Loss: 2.9553e-05
	(2/3) Block 8/28, mlp.gate_proj | Initialization via ADMM...
		ADMM weight recon error: raw=1155.9551, norm=0.3269, per_el=3.6747e-04, out_err=0.0676, ADMM time=1.11s
	(3/3) Block 8/28, mlp.gate_proj | Tuning Factorized Weights...
		(Epoch 01/08) Block Loss: 3.5772e-05
		(Epoch 02/08) Block Loss: 3.4662e-05
		(Epoch 03/08) Block Loss: 3.4353e-05
		(Epoch 04/08) Block Loss: 3.4226e-05
		(Epoch 05/08) Block Loss: 3.4151e-05
		(Epoch 06/08) Block Loss: 3.4069e-05
		(Epoch 07/08) Block Loss: 3.3995e-05
		(Epoch 08/08) Block Loss: 3.3766e-05
	(1/3) Block 8/28, mlp.up_proj | Tuning Non-Factorized Weights...
		(Epoch 01/08) Block Loss: 3.3150e-05
		(Epoch 02/08) Block Loss: 3.2601e-05
		(Epoch 03/08) Block Loss: 3.2325e-05
		(Epoch 04/08) Block Loss: 3.2155e-05
		(Epoch 05/08) Block Loss: 3.2023e-05
		(Epoch 06/08) Block Loss: 3.1939e-05
		(Epoch 07/08) Block Loss: 3.1889e-05
		(Epoch 08/08) Block Loss: 3.1867e-05
	(2/3) Block 8/28, mlp.up_proj | Initialization via ADMM...
		ADMM weight recon error: raw=820.2601, norm=0.3511, per_el=2.6075e-04, out_err=0.2531, ADMM time=1.11s
	(3/3) Block 8/28, mlp.up_proj | Tuning Factorized Weights...
		(Epoch 01/08) Block Loss: 4.2341e-05
		(Epoch 02/08) Block Loss: 4.0509e-05
		(Epoch 03/08) Block Loss: 4.0109e-05
		(Epoch 04/08) Block Loss: 3.9902e-05
		(Epoch 05/08) Block Loss: 3.9898e-05
		(Epoch 06/08) Block Loss: 3.9856e-05
		(Epoch 07/08) Block Loss: 3.9664e-05
		(Epoch 08/08) Block Loss: 3.9159e-05
	(1/3) Block 8/28, mlp.down_proj | Tuning Non-Factorized Weights...
		(Epoch 01/08) Block Loss: 3.8018e-05
		(Epoch 02/08) Block Loss: 3.7242e-05
		(Epoch 03/08) Block Loss: 3.6839e-05
		(Epoch 04/08) Block Loss: 3.6602e-05
		(Epoch 05/08) Block Loss: 3.6446e-05
		(Epoch 06/08) Block Loss: 3.6355e-05
		(Epoch 07/08) Block Loss: 3.6306e-05
		(Epoch 08/08) Block Loss: 3.6289e-05
	(2/3) Block 8/28, mlp.down_proj | Initialization via ADMM...
		ADMM weight recon error: raw=714.9742, norm=0.3310, per_el=2.2728e-04, out_err=0.2735, ADMM time=1.10s
	(3/3) Block 8/28, mlp.down_proj | Tuning Factorized Weights...
		(Epoch 01/08) Block Loss: 4.7766e-05
		(Epoch 02/08) Block Loss: 4.6933e-05
		(Epoch 03/08) Block Loss: 4.7089e-05
		(Epoch 04/08) Block Loss: 4.7207e-05
		(Epoch 05/08) Block Loss: 4.7177e-05
		(Epoch 06/08) Block Loss: 4.6934e-05
		(Epoch 07/08) Block Loss: 4.6840e-05
		(Epoch 08/08) Block Loss: 4.6346e-05
Using sequence length: 2048 (model max: 2048)
		Block 7 beta=1: block err = 0.0030, VALIDATION PPL = 18.121
		Block 7: chosen beta=0.5 (val ppl 17.967; candidates [(0.0, 18.007), (0.25, 17.996), (0.5, 17.967), (0.75, 18.097), (1.0, 18.121)])
		Block 7: relative block output error = 0.0029
Using sequence length: 2048 (model max: 2048)
		Block 7: Test Data PPL        = 17.402
	---- Block 9/28 candidate beta=0 ----
	(1/3) Block 9/28, self_attn.q_proj | Tuning Non-Factorized Weights...
		(Epoch 01/08) Block Loss: 2.4494e-05
		(Epoch 02/08) Block Loss: 2.2883e-05
		(Epoch 03/08) Block Loss: 2.2062e-05
		(Epoch 04/08) Block Loss: 2.1521e-05
		(Epoch 05/08) Block Loss: 2.1160e-05
		(Epoch 06/08) Block Loss: 2.0942e-05
		(Epoch 07/08) Block Loss: 2.0822e-05
		(Epoch 08/08) Block Loss: 2.0779e-05
	(2/3) Block 9/28, self_attn.q_proj | Initialization via ADMM...
		ADMM weight recon error: raw=539.8567, norm=0.2789, per_el=2.5742e-04, out_err=0.0512, ADMM time=3.43s
	(3/3) Block 9/28, self_attn.q_proj | Tuning Factorized Weights...
		(Epoch 01/08) Block Loss: 2.1235e-05
		(Epoch 02/08) Block Loss: 2.1136e-05
		(Epoch 03/08) Block Loss: 2.1098e-05
		(Epoch 04/08) Block Loss: 2.1076e-05
		(Epoch 05/08) Block Loss: 2.1059e-05
		(Epoch 06/08) Block Loss: 2.1046e-05
		(Epoch 07/08) Block Loss: 2.1036e-05
		(Epoch 08/08) Block Loss: 2.1025e-05
	(1/3) Block 9/28, self_attn.v_proj | Tuning Non-Factorized Weights...
		(Epoch 01/08) Block Loss: 2.1044e-05
		(Epoch 02/08) Block Loss: 2.0523e-05
		(Epoch 03/08) Block Loss: 2.0170e-05
		(Epoch 04/08) Block Loss: 1.9902e-05
		(Epoch 05/08) Block Loss: 1.9707e-05
		(Epoch 06/08) Block Loss: 1.9585e-05
		(Epoch 07/08) Block Loss: 1.9513e-05
		(Epoch 08/08) Block Loss: 1.9484e-05
	(2/3) Block 9/28, self_attn.v_proj | Initialization via ADMM...
		ADMM weight recon error: raw=300.5204, norm=0.3665, per_el=2.8660e-04, out_err=0.1554, ADMM time=5.76s
	(3/3) Block 9/28, self_attn.v_proj | Tuning Factorized Weights...
		(Epoch 01/08) Block Loss: 2.1439e-05
		(Epoch 02/08) Block Loss: 2.1023e-05
		(Epoch 03/08) Block Loss: 2.0926e-05
		(Epoch 04/08) Block Loss: 2.0873e-05
		(Epoch 05/08) Block Loss: 2.0842e-05
		(Epoch 06/08) Block Loss: 2.0820e-05
		(Epoch 07/08) Block Loss: 2.0809e-05
		(Epoch 08/08) Block Loss: 2.0793e-05
	(1/3) Block 9/28, self_attn.o_proj | Tuning Non-Factorized Weights...
		(Epoch 01/08) Block Loss: 2.0593e-05
		(Epoch 02/08) Block Loss: 2.0100e-05
		(Epoch 03/08) Block Loss: 1.9825e-05
		(Epoch 04/08) Block Loss: 1.9634e-05
		(Epoch 05/08) Block Loss: 1.9487e-05
		(Epoch 06/08) Block Loss: 1.9392e-05
		(Epoch 07/08) Block Loss: 1.9335e-05
		(Epoch 08/08) Block Loss: 1.9311e-05
	(2/3) Block 9/28, self_attn.o_proj | Initialization via ADMM...
		ADMM weight recon error: raw=434.9352, norm=0.3275, per_el=2.0739e-04, out_err=0.1103, ADMM time=3.42s
	(3/3) Block 9/28, self_attn.o_proj | Tuning Factorized Weights...
		(Epoch 01/08) Block Loss: 2.0616e-05
		(Epoch 02/08) Block Loss: 2.0570e-05
		(Epoch 03/08) Block Loss: 2.0584e-05
		(Epoch 04/08) Block Loss: 2.0611e-05
		(Epoch 05/08) Block Loss: 2.0628e-05
		(Epoch 06/08) Block Loss: 2.0623e-05
		(Epoch 07/08) Block Loss: 2.0620e-05
		(Epoch 08/08) Block Loss: 2.0553e-05
	(1/3) Block 9/28, self_attn.k_proj | Tuning Non-Factorized Weights...
		(Epoch 01/08) Block Loss: 2.0359e-05
		(Epoch 02/08) Block Loss: 1.9997e-05
		(Epoch 03/08) Block Loss: 1.9799e-05
		(Epoch 04/08) Block Loss: 1.9662e-05
		(Epoch 05/08) Block Loss: 1.9554e-05
		(Epoch 06/08) Block Loss: 1.9484e-05
		(Epoch 07/08) Block Loss: 1.9440e-05
		(Epoch 08/08) Block Loss: 1.9422e-05
	(2/3) Block 9/28, self_attn.k_proj | Initialization via ADMM...
		ADMM weight recon error: raw=225.9111, norm=0.2852, per_el=2.1545e-04, out_err=0.0564, ADMM time=5.76s
	(3/3) Block 9/28, self_attn.k_proj | Tuning Factorized Weights...
		(Epoch 01/08) Block Loss: 2.1049e-05
		(Epoch 02/08) Block Loss: 1.9885e-05
		(Epoch 03/08) Block Loss: 1.9748e-05
		(Epoch 04/08) Block Loss: 1.9699e-05
		(Epoch 05/08) Block Loss: 1.9681e-05
		(Epoch 06/08) Block Loss: 1.9666e-05
		(Epoch 07/08) Block Loss: 1.9661e-05
		(Epoch 08/08) Block Loss: 1.9654e-05
	(1/3) Block 9/28, mlp.gate_proj | Tuning Non-Factorized Weights...
		(Epoch 01/08) Block Loss: 1.9757e-05
		(Epoch 02/08) Block Loss: 1.9562e-05
		(Epoch 03/08) Block Loss: 1.9437e-05
		(Epoch 04/08) Block Loss: 1.9350e-05
		(Epoch 05/08) Block Loss: 1.9272e-05
		(Epoch 06/08) Block Loss: 1.9220e-05
		(Epoch 07/08) Block Loss: 1.9186e-05
		(Epoch 08/08) Block Loss: 1.9170e-05
	(2/3) Block 9/28, mlp.gate_proj | Initialization via ADMM...
		ADMM weight recon error: raw=1176.1930, norm=0.3435, per_el=3.7390e-04, out_err=0.0466, ADMM time=3.93s
	(3/3) Block 9/28, mlp.gate_proj | Tuning Factorized Weights...
		(Epoch 01/08) Block Loss: 2.1744e-05
		(Epoch 02/08) Block Loss: 2.1508e-05
		(Epoch 03/08) Block Loss: 2.1475e-05
		(Epoch 04/08) Block Loss: 2.1479e-05
		(Epoch 05/08) Block Loss: 2.1488e-05
		(Epoch 06/08) Block Loss: 2.1473e-05
		(Epoch 07/08) Block Loss: 2.1448e-05
		(Epoch 08/08) Block Loss: 2.1340e-05
	(1/3) Block 9/28, mlp.up_proj | Tuning Non-Factorized Weights...
		(Epoch 01/08) Block Loss: 2.1046e-05
		(Epoch 02/08) Block Loss: 2.0759e-05
		(Epoch 03/08) Block Loss: 2.0610e-05
		(Epoch 04/08) Block Loss: 2.0518e-05
		(Epoch 05/08) Block Loss: 2.0444e-05
		(Epoch 06/08) Block Loss: 2.0396e-05
		(Epoch 07/08) Block Loss: 2.0366e-05
		(Epoch 08/08) Block Loss: 2.0353e-05
	(2/3) Block 9/28, mlp.up_proj | Initialization via ADMM...
		ADMM weight recon error: raw=848.5737, norm=0.3633, per_el=2.6975e-04, out_err=0.1591, ADMM time=3.92s
	(3/3) Block 9/28, mlp.up_proj | Tuning Factorized Weights...
		(Epoch 01/08) Block Loss: 2.4686e-05
		(Epoch 02/08) Block Loss: 2.4419e-05
		(Epoch 03/08) Block Loss: 2.4423e-05
		(Epoch 04/08) Block Loss: 2.4478e-05
		(Epoch 05/08) Block Loss: 2.4492e-05
		(Epoch 06/08) Block Loss: 2.4419e-05
		(Epoch 07/08) Block Loss: 2.4431e-05
		(Epoch 08/08) Block Loss: 2.4122e-05
	(1/3) Block 9/28, mlp.down_proj | Tuning Non-Factorized Weights...
		(Epoch 01/08) Block Loss: 2.3573e-05
		(Epoch 02/08) Block Loss: 2.3209e-05
		(Epoch 03/08) Block Loss: 2.3019e-05
		(Epoch 04/08) Block Loss: 2.2905e-05
		(Epoch 05/08) Block Loss: 2.2827e-05
		(Epoch 06/08) Block Loss: 2.2781e-05
		(Epoch 07/08) Block Loss: 2.2755e-05
		(Epoch 08/08) Block Loss: 2.2746e-05
	(2/3) Block 9/28, mlp.down_proj | Initialization via ADMM...
		ADMM weight recon error: raw=756.5800, norm=0.3452, per_el=2.4051e-04, out_err=0.1857, ADMM time=3.90s
	(3/3) Block 9/28, mlp.down_proj | Tuning Factorized Weights...
		(Epoch 01/08) Block Loss: 2.7701e-05
		(Epoch 02/08) Block Loss: 2.7725e-05
		(Epoch 03/08) Block Loss: 2.7991e-05
		(Epoch 04/08) Block Loss: 2.8221e-05
		(Epoch 05/08) Block Loss: 2.8500e-05
		(Epoch 06/08) Block Loss: 2.8184e-05
		(Epoch 07/08) Block Loss: 2.8267e-05
		(Epoch 08/08) Block Loss: 2.7895e-05
Using sequence length: 2048 (model max: 2048)
		Block 8 beta=0: block err = 0.0033, VALIDATION PPL = 18.086
	---- Block 9/28 candidate beta=0.25 ----
	(1/3) Block 9/28, self_attn.q_proj | Tuning Non-Factorized Weights...
		(Epoch 01/08) Block Loss: 2.4494e-05
		(Epoch 02/08) Block Loss: 2.2882e-05
		(Epoch 03/08) Block Loss: 2.2059e-05
		(Epoch 04/08) Block Loss: 2.1520e-05
		(Epoch 05/08) Block Loss: 2.1159e-05
		(Epoch 06/08) Block Loss: 2.0940e-05
		(Epoch 07/08) Block Loss: 2.0821e-05
		(Epoch 08/08) Block Loss: 2.0778e-05
	(2/3) Block 9/28, self_attn.q_proj | Initialization via ADMM...
		ADMM weight recon error: raw=532.7861, norm=0.2752, per_el=2.5405e-04, out_err=0.0533, ADMM time=3.40s
	(3/3) Block 9/28, self_attn.q_proj | Tuning Factorized Weights...
		(Epoch 01/08) Block Loss: 2.1247e-05
		(Epoch 02/08) Block Loss: 2.1146e-05
		(Epoch 03/08) Block Loss: 2.1107e-05
		(Epoch 04/08) Block Loss: 2.1083e-05
		(Epoch 05/08) Block Loss: 2.1066e-05
		(Epoch 06/08) Block Loss: 2.1053e-05
		(Epoch 07/08) Block Loss: 2.1041e-05
		(Epoch 08/08) Block Loss: 2.1030e-05
	(1/3) Block 9/28, self_attn.v_proj | Tuning Non-Factorized Weights...
		(Epoch 01/08) Block Loss: 2.1056e-05
		(Epoch 02/08) Block Loss: 2.0519e-05
		(Epoch 03/08) Block Loss: 2.0172e-05
		(Epoch 04/08) Block Loss: 1.9906e-05
		(Epoch 05/08) Block Loss: 1.9709e-05
		(Epoch 06/08) Block Loss: 1.9585e-05
		(Epoch 07/08) Block Loss: 1.9513e-05
		(Epoch 08/08) Block Loss: 1.9484e-05
	(2/3) Block 9/28, self_attn.v_proj | Initialization via ADMM...
		ADMM weight recon error: raw=296.6432, norm=0.3618, per_el=2.8290e-04, out_err=0.1627, ADMM time=5.76s
	(3/3) Block 9/28, self_attn.v_proj | Tuning Factorized Weights...
		(Epoch 01/08) Block Loss: 2.1228e-05
		(Epoch 02/08) Block Loss: 2.0989e-05
		(Epoch 03/08) Block Loss: 2.0904e-05
		(Epoch 04/08) Block Loss: 2.0858e-05
		(Epoch 05/08) Block Loss: 2.0834e-05
		(Epoch 06/08) Block Loss: 2.0817e-05
		(Epoch 07/08) Block Loss: 2.0805e-05
		(Epoch 08/08) Block Loss: 2.0789e-05
	(1/3) Block 9/28, self_attn.o_proj | Tuning Non-Factorized Weights...
		(Epoch 01/08) Block Loss: 2.0599e-05
		(Epoch 02/08) Block Loss: 2.0106e-05
		(Epoch 03/08) Block Loss: 1.9826e-05
		(Epoch 04/08) Block Loss: 1.9636e-05
		(Epoch 05/08) Block Loss: 1.9489e-05
		(Epoch 06/08) Block Loss: 1.9394e-05
		(Epoch 07/08) Block Loss: 1.9337e-05
		(Epoch 08/08) Block Loss: 1.9313e-05
	(2/3) Block 9/28, self_attn.o_proj | Initialization via ADMM...
		ADMM weight recon error: raw=428.3107, norm=0.3225, per_el=2.0423e-04, out_err=0.1145, ADMM time=3.50s
	(3/3) Block 9/28, self_attn.o_proj | Tuning Factorized Weights...
		(Epoch 01/08) Block Loss: 2.0643e-05
		(Epoch 02/08) Block Loss: 2.0591e-05
		(Epoch 03/08) Block Loss: 2.0605e-05
		(Epoch 04/08) Block Loss: 2.0631e-05
		(Epoch 05/08) Block Loss: 2.0657e-05
		(Epoch 06/08) Block Loss: 2.0651e-05
		(Epoch 07/08) Block Loss: 2.0635e-05
		(Epoch 08/08) Block Loss: 2.0556e-05
	(1/3) Block 9/28, self_attn.k_proj | Tuning Non-Factorized Weights...
		(Epoch 01/08) Block Loss: 2.0361e-05
		(Epoch 02/08) Block Loss: 1.9998e-05
		(Epoch 03/08) Block Loss: 1.9799e-05
		(Epoch 04/08) Block Loss: 1.9663e-05
		(Epoch 05/08) Block Loss: 1.9555e-05
		(Epoch 06/08) Block Loss: 1.9485e-05
		(Epoch 07/08) Block Loss: 1.9441e-05
		(Epoch 08/08) Block Loss: 1.9422e-05
	(2/3) Block 9/28, self_attn.k_proj | Initialization via ADMM...
		ADMM weight recon error: raw=223.4870, norm=0.2822, per_el=2.1313e-04, out_err=0.0589, ADMM time=5.76s
	(3/3) Block 9/28, self_attn.k_proj | Tuning Factorized Weights...
		(Epoch 01/08) Block Loss: 1.9778e-05
		(Epoch 02/08) Block Loss: 1.9684e-05
		(Epoch 03/08) Block Loss: 1.9662e-05
		(Epoch 04/08) Block Loss: 1.9651e-05
		(Epoch 05/08) Block Loss: 1.9645e-05
		(Epoch 06/08) Block Loss: 1.9640e-05
		(Epoch 07/08) Block Loss: 1.9635e-05
		(Epoch 08/08) Block Loss: 1.9630e-05
	(1/3) Block 9/28, mlp.gate_proj | Tuning Non-Factorized Weights...
		(Epoch 01/08) Block Loss: 1.9738e-05
		(Epoch 02/08) Block Loss: 1.9544e-05
		(Epoch 03/08) Block Loss: 1.9420e-05
		(Epoch 04/08) Block Loss: 1.9333e-05
		(Epoch 05/08) Block Loss: 1.9255e-05
		(Epoch 06/08) Block Loss: 1.9203e-05
		(Epoch 07/08) Block Loss: 1.9169e-05
		(Epoch 08/08) Block Loss: 1.9153e-05
	(2/3) Block 9/28, mlp.gate_proj | Initialization via ADMM...
		ADMM weight recon error: raw=1156.5592, norm=0.3378, per_el=3.6766e-04, out_err=0.0483, ADMM time=3.94s
	(3/3) Block 9/28, mlp.gate_proj | Tuning Factorized Weights...
		(Epoch 01/08) Block Loss: 2.1865e-05
		(Epoch 02/08) Block Loss: 2.1580e-05
		(Epoch 03/08) Block Loss: 2.1539e-05
		(Epoch 04/08) Block Loss: 2.1536e-05
		(Epoch 05/08) Block Loss: 2.1535e-05
		(Epoch 06/08) Block Loss: 2.1523e-05
		(Epoch 07/08) Block Loss: 2.1515e-05
		(Epoch 08/08) Block Loss: 2.1370e-05
	(1/3) Block 9/28, mlp.up_proj | Tuning Non-Factorized Weights...
		(Epoch 01/08) Block Loss: 2.1070e-05
		(Epoch 02/08) Block Loss: 2.0777e-05
		(Epoch 03/08) Block Loss: 2.0626e-05
		(Epoch 04/08) Block Loss: 2.0532e-05
		(Epoch 05/08) Block Loss: 2.0458e-05
		(Epoch 06/08) Block Loss: 2.0410e-05
		(Epoch 07/08) Block Loss: 2.0380e-05
		(Epoch 08/08) Block Loss: 2.0367e-05
	(2/3) Block 9/28, mlp.up_proj | Initialization via ADMM...
		ADMM weight recon error: raw=835.0124, norm=0.3599, per_el=2.6544e-04, out_err=0.1673, ADMM time=3.93s
	(3/3) Block 9/28, mlp.up_proj | Tuning Factorized Weights...
		(Epoch 01/08) Block Loss: 2.4864e-05
		(Epoch 02/08) Block Loss: 2.4527e-05
		(Epoch 03/08) Block Loss: 2.4518e-05
		(Epoch 04/08) Block Loss: 2.4649e-05
		(Epoch 05/08) Block Loss: 2.4615e-05
		(Epoch 06/08) Block Loss: 2.4481e-05
		(Epoch 07/08) Block Loss: 2.4544e-05
		(Epoch 08/08) Block Loss: 2.4192e-05
	(1/3) Block 9/28, mlp.down_proj | Tuning Non-Factorized Weights...
		(Epoch 01/08) Block Loss: 2.3629e-05
		(Epoch 02/08) Block Loss: 2.3256e-05
		(Epoch 03/08) Block Loss: 2.3062e-05
		(Epoch 04/08) Block Loss: 2.2945e-05
		(Epoch 05/08) Block Loss: 2.2866e-05
		(Epoch 06/08) Block Loss: 2.2819e-05
		(Epoch 07/08) Block Loss: 2.2793e-05
		(Epoch 08/08) Block Loss: 2.2783e-05
	(2/3) Block 9/28, mlp.down_proj | Initialization via ADMM...
		ADMM weight recon error: raw=737.2324, norm=0.3363, per_el=2.3436e-04, out_err=0.1915, ADMM time=3.91s
	(3/3) Block 9/28, mlp.down_proj | Tuning Factorized Weights...
		(Epoch 01/08) Block Loss: 2.7829e-05
		(Epoch 02/08) Block Loss: 2.7864e-05
		(Epoch 03/08) Block Loss: 2.8157e-05
		(Epoch 04/08) Block Loss: 2.8386e-05
		(Epoch 05/08) Block Loss: 2.8619e-05
		(Epoch 06/08) Block Loss: 2.8333e-05
		(Epoch 07/08) Block Loss: 2.8429e-05
		(Epoch 08/08) Block Loss: 2.7955e-05
Using sequence length: 2048 (model max: 2048)
		Block 8 beta=0.25: block err = 0.0034, VALIDATION PPL = 18.082
	---- Block 9/28 candidate beta=0.5 ----
	(1/3) Block 9/28, self_attn.q_proj | Tuning Non-Factorized Weights...
		(Epoch 01/08) Block Loss: 2.4494e-05
		(Epoch 02/08) Block Loss: 2.2882e-05
		(Epoch 03/08) Block Loss: 2.2059e-05
		(Epoch 04/08) Block Loss: 2.1519e-05
		(Epoch 05/08) Block Loss: 2.1158e-05
		(Epoch 06/08) Block Loss: 2.0940e-05
		(Epoch 07/08) Block Loss: 2.0821e-05
		(Epoch 08/08) Block Loss: 2.0777e-05
	(2/3) Block 9/28, self_attn.q_proj | Initialization via ADMM...
		ADMM weight recon error: raw=527.2946, norm=0.2724, per_el=2.5143e-04, out_err=0.0565, ADMM time=3.48s
	(3/3) Block 9/28, self_attn.q_proj | Tuning Factorized Weights...
		(Epoch 01/08) Block Loss: 2.1294e-05
		(Epoch 02/08) Block Loss: 2.1168e-05
		(Epoch 03/08) Block Loss: 2.1126e-05
		(Epoch 04/08) Block Loss: 2.1101e-05
		(Epoch 05/08) Block Loss: 2.1083e-05
		(Epoch 06/08) Block Loss: 2.1069e-05
		(Epoch 07/08) Block Loss: 2.1056e-05
		(Epoch 08/08) Block Loss: 2.1046e-05
	(1/3) Block 9/28, self_attn.v_proj | Tuning Non-Factorized Weights...
		(Epoch 01/08) Block Loss: 2.1072e-05
		(Epoch 02/08) Block Loss: 2.0534e-05
		(Epoch 03/08) Block Loss: 2.0182e-05
		(Epoch 04/08) Block Loss: 1.9919e-05
		(Epoch 05/08) Block Loss: 1.9722e-05
		(Epoch 06/08) Block Loss: 1.9597e-05
		(Epoch 07/08) Block Loss: 1.9525e-05
		(Epoch 08/08) Block Loss: 1.9497e-05
	(2/3) Block 9/28, self_attn.v_proj | Initialization via ADMM...
		ADMM weight recon error: raw=293.6214, norm=0.3581, per_el=2.8002e-04, out_err=0.1727, ADMM time=5.75s
	(3/3) Block 9/28, self_attn.v_proj | Tuning Factorized Weights...
		(Epoch 01/08) Block Loss: 2.1255e-05
		(Epoch 02/08) Block Loss: 2.1043e-05
		(Epoch 03/08) Block Loss: 2.0963e-05
		(Epoch 04/08) Block Loss: 2.0917e-05
		(Epoch 05/08) Block Loss: 2.0895e-05
		(Epoch 06/08) Block Loss: 2.0877e-05
		(Epoch 07/08) Block Loss: 2.0866e-05
		(Epoch 08/08) Block Loss: 2.0847e-05
	(1/3) Block 9/28, self_attn.o_proj | Tuning Non-Factorized Weights...
		(Epoch 01/08) Block Loss: 2.0636e-05
		(Epoch 02/08) Block Loss: 2.0131e-05
		(Epoch 03/08) Block Loss: 1.9852e-05
		(Epoch 04/08) Block Loss: 1.9660e-05
		(Epoch 05/08) Block Loss: 1.9511e-05
		(Epoch 06/08) Block Loss: 1.9416e-05
		(Epoch 07/08) Block Loss: 1.9359e-05
		(Epoch 08/08) Block Loss: 1.9335e-05
	(2/3) Block 9/28, self_attn.o_proj | Initialization via ADMM...
		ADMM weight recon error: raw=423.8292, norm=0.3191, per_el=2.0210e-04, out_err=0.1234, ADMM time=3.42s
	(3/3) Block 9/28, self_attn.o_proj | Tuning Factorized Weights...
		(Epoch 01/08) Block Loss: 2.0742e-05
		(Epoch 02/08) Block Loss: 2.0682e-05
		(Epoch 03/08) Block Loss: 2.0694e-05
		(Epoch 04/08) Block Loss: 2.0716e-05
		(Epoch 05/08) Block Loss: 2.0720e-05
		(Epoch 06/08) Block Loss: 2.0743e-05
		(Epoch 07/08) Block Loss: 2.0690e-05
		(Epoch 08/08) Block Loss: 2.0621e-05
	(1/3) Block 9/28, self_attn.k_proj | Tuning Non-Factorized Weights...
		(Epoch 01/08) Block Loss: 2.0400e-05
		(Epoch 02/08) Block Loss: 2.0029e-05
		(Epoch 03/08) Block Loss: 1.9828e-05
		(Epoch 04/08) Block Loss: 1.9692e-05
		(Epoch 05/08) Block Loss: 1.9582e-05
		(Epoch 06/08) Block Loss: 1.9512e-05
		(Epoch 07/08) Block Loss: 1.9467e-05
		(Epoch 08/08) Block Loss: 1.9449e-05
	(2/3) Block 9/28, self_attn.k_proj | Initialization via ADMM...
		ADMM weight recon error: raw=221.1529, norm=0.2792, per_el=2.1091e-04, out_err=0.0624, ADMM time=5.74s
	(3/3) Block 9/28, self_attn.k_proj | Tuning Factorized Weights...
		(Epoch 01/08) Block Loss: 1.9772e-05
		(Epoch 02/08) Block Loss: 1.9713e-05
		(Epoch 03/08) Block Loss: 1.9691e-05
		(Epoch 04/08) Block Loss: 1.9680e-05
		(Epoch 05/08) Block Loss: 1.9673e-05
		(Epoch 06/08) Block Loss: 1.9667e-05
		(Epoch 07/08) Block Loss: 1.9662e-05
		(Epoch 08/08) Block Loss: 1.9657e-05
	(1/3) Block 9/28, mlp.gate_proj | Tuning Non-Factorized Weights...
		(Epoch 01/08) Block Loss: 1.9765e-05
		(Epoch 02/08) Block Loss: 1.9570e-05
		(Epoch 03/08) Block Loss: 1.9448e-05
		(Epoch 04/08) Block Loss: 1.9359e-05
		(Epoch 05/08) Block Loss: 1.9281e-05
		(Epoch 06/08) Block Loss: 1.9229e-05
		(Epoch 07/08) Block Loss: 1.9195e-05
		(Epoch 08/08) Block Loss: 1.9179e-05
	(2/3) Block 9/28, mlp.gate_proj | Initialization via ADMM...
		ADMM weight recon error: raw=1140.4335, norm=0.3331, per_el=3.6253e-04, out_err=0.0516, ADMM time=3.92s
	(3/3) Block 9/28, mlp.gate_proj | Tuning Factorized Weights...
		(Epoch 01/08) Block Loss: 2.2090e-05
		(Epoch 02/08) Block Loss: 2.1743e-05
		(Epoch 03/08) Block Loss: 2.1684e-05
		(Epoch 04/08) Block Loss: 2.1677e-05
		(Epoch 05/08) Block Loss: 2.1671e-05
		(Epoch 06/08) Block Loss: 2.1645e-05
		(Epoch 07/08) Block Loss: 2.1619e-05
		(Epoch 08/08) Block Loss: 2.1476e-05
	(1/3) Block 9/28, mlp.up_proj | Tuning Non-Factorized Weights...
		(Epoch 01/08) Block Loss: 2.1155e-05
		(Epoch 02/08) Block Loss: 2.0855e-05
		(Epoch 03/08) Block Loss: 2.0700e-05
		(Epoch 04/08) Block Loss: 2.0605e-05
		(Epoch 05/08) Block Loss: 2.0529e-05
		(Epoch 06/08) Block Loss: 2.0480e-05
		(Epoch 07/08) Block Loss: 2.0450e-05
		(Epoch 08/08) Block Loss: 2.0436e-05
	(2/3) Block 9/28, mlp.up_proj | Initialization via ADMM...
		ADMM weight recon error: raw=825.7573, norm=0.3559, per_el=2.6250e-04, out_err=0.1795, ADMM time=3.93s
	(3/3) Block 9/28, mlp.up_proj | Tuning Factorized Weights...
		(Epoch 01/08) Block Loss: 2.5178e-05
		(Epoch 02/08) Block Loss: 2.4756e-05
		(Epoch 03/08) Block Loss: 2.4720e-05
		(Epoch 04/08) Block Loss: 2.4787e-05
		(Epoch 05/08) Block Loss: 2.4800e-05
		(Epoch 06/08) Block Loss: 2.4681e-05
		(Epoch 07/08) Block Loss: 2.4624e-05
		(Epoch 08/08) Block Loss: 2.4364e-05
	(1/3) Block 9/28, mlp.down_proj | Tuning Non-Factorized Weights...
		(Epoch 01/08) Block Loss: 2.3755e-05
		(Epoch 02/08) Block Loss: 2.3370e-05
		(Epoch 03/08) Block Loss: 2.3169e-05
		(Epoch 04/08) Block Loss: 2.3050e-05
		(Epoch 05/08) Block Loss: 2.2968e-05
		(Epoch 06/08) Block Loss: 2.2920e-05
		(Epoch 07/08) Block Loss: 2.2893e-05
		(Epoch 08/08) Block Loss: 2.2884e-05
	(2/3) Block 9/28, mlp.down_proj | Initialization via ADMM...
		ADMM weight recon error: raw=724.2502, norm=0.3304, per_el=2.3023e-04, out_err=0.2028, ADMM time=3.94s
	(3/3) Block 9/28, mlp.down_proj | Tuning Factorized Weights...
		(Epoch 01/08) Block Loss: 2.8120e-05
		(Epoch 02/08) Block Loss: 2.8121e-05
		(Epoch 03/08) Block Loss: 2.8388e-05
		(Epoch 04/08) Block Loss: 2.8530e-05
		(Epoch 05/08) Block Loss: 2.8575e-05
		(Epoch 06/08) Block Loss: 2.8609e-05
		(Epoch 07/08) Block Loss: 2.8750e-05
		(Epoch 08/08) Block Loss: 2.8149e-05
Using sequence length: 2048 (model max: 2048)
		Block 8 beta=0.5: block err = 0.0034, VALIDATION PPL = 18.038
	---- Block 9/28 candidate beta=0.75 ----
	(1/3) Block 9/28, self_attn.q_proj | Tuning Non-Factorized Weights...
		(Epoch 01/08) Block Loss: 2.4494e-05
		(Epoch 02/08) Block Loss: 2.2883e-05
		(Epoch 03/08) Block Loss: 2.2060e-05
		(Epoch 04/08) Block Loss: 2.1520e-05
		(Epoch 05/08) Block Loss: 2.1159e-05
		(Epoch 06/08) Block Loss: 2.0941e-05
		(Epoch 07/08) Block Loss: 2.0822e-05
		(Epoch 08/08) Block Loss: 2.0778e-05
	(2/3) Block 9/28, self_attn.q_proj | Initialization via ADMM...
		ADMM weight recon error: raw=523.0704, norm=0.2702, per_el=2.4942e-04, out_err=0.0618, ADMM time=3.42s
	(3/3) Block 9/28, self_attn.q_proj | Tuning Factorized Weights...
		(Epoch 01/08) Block Loss: 2.1374e-05
		(Epoch 02/08) Block Loss: 2.1206e-05
		(Epoch 03/08) Block Loss: 2.1157e-05
		(Epoch 04/08) Block Loss: 2.1129e-05
		(Epoch 05/08) Block Loss: 2.1113e-05
		(Epoch 06/08) Block Loss: 2.1097e-05
		(Epoch 07/08) Block Loss: 2.1083e-05
		(Epoch 08/08) Block Loss: 2.1070e-05
	(1/3) Block 9/28, self_attn.v_proj | Tuning Non-Factorized Weights...
		(Epoch 01/08) Block Loss: 2.1092e-05
		(Epoch 02/08) Block Loss: 2.0548e-05
		(Epoch 03/08) Block Loss: 2.0200e-05
		(Epoch 04/08) Block Loss: 1.9936e-05
		(Epoch 05/08) Block Loss: 1.9736e-05
		(Epoch 06/08) Block Loss: 1.9612e-05
		(Epoch 07/08) Block Loss: 1.9540e-05
		(Epoch 08/08) Block Loss: 1.9511e-05
	(2/3) Block 9/28, self_attn.v_proj | Initialization via ADMM...
		ADMM weight recon error: raw=291.7361, norm=0.3558, per_el=2.7822e-04, out_err=0.1890, ADMM time=5.76s
	(3/3) Block 9/28, self_attn.v_proj | Tuning Factorized Weights...
		(Epoch 01/08) Block Loss: 2.1408e-05
		(Epoch 02/08) Block Loss: 2.1187e-05
		(Epoch 03/08) Block Loss: 2.1092e-05
		(Epoch 04/08) Block Loss: 2.1039e-05
		(Epoch 05/08) Block Loss: 2.1009e-05
		(Epoch 06/08) Block Loss: 2.0987e-05
		(Epoch 07/08) Block Loss: 2.0972e-05
		(Epoch 08/08) Block Loss: 2.0954e-05
	(1/3) Block 9/28, self_attn.o_proj | Tuning Non-Factorized Weights...
		(Epoch 01/08) Block Loss: 2.0706e-05
		(Epoch 02/08) Block Loss: 2.0186e-05
		(Epoch 03/08) Block Loss: 1.9902e-05
		(Epoch 04/08) Block Loss: 1.9706e-05
		(Epoch 05/08) Block Loss: 1.9557e-05
		(Epoch 06/08) Block Loss: 1.9460e-05
		(Epoch 07/08) Block Loss: 1.9402e-05
		(Epoch 08/08) Block Loss: 1.9378e-05
	(2/3) Block 9/28, self_attn.o_proj | Initialization via ADMM...
		ADMM weight recon error: raw=421.1295, norm=0.3171, per_el=2.0081e-04, out_err=0.1412, ADMM time=3.41s
	(3/3) Block 9/28, self_attn.o_proj | Tuning Factorized Weights...
		(Epoch 01/08) Block Loss: 2.0933e-05
		(Epoch 02/08) Block Loss: 2.0835e-05
		(Epoch 03/08) Block Loss: 2.0827e-05
		(Epoch 04/08) Block Loss: 2.0856e-05
		(Epoch 05/08) Block Loss: 2.0860e-05
		(Epoch 06/08) Block Loss: 2.0827e-05
		(Epoch 07/08) Block Loss: 2.0799e-05
		(Epoch 08/08) Block Loss: 2.0718e-05
	(1/3) Block 9/28, self_attn.k_proj | Tuning Non-Factorized Weights...
		(Epoch 01/08) Block Loss: 2.0475e-05
		(Epoch 02/08) Block Loss: 2.0092e-05
		(Epoch 03/08) Block Loss: 1.9885e-05
		(Epoch 04/08) Block Loss: 1.9747e-05
		(Epoch 05/08) Block Loss: 1.9636e-05
		(Epoch 06/08) Block Loss: 1.9565e-05
		(Epoch 07/08) Block Loss: 1.9520e-05
		(Epoch 08/08) Block Loss: 1.9501e-05
	(2/3) Block 9/28, self_attn.k_proj | Initialization via ADMM...
		ADMM weight recon error: raw=219.3903, norm=0.2770, per_el=2.0923e-04, out_err=0.0681, ADMM time=5.77s
	(3/3) Block 9/28, self_attn.k_proj | Tuning Factorized Weights...
		(Epoch 01/08) Block Loss: 1.9834e-05
		(Epoch 02/08) Block Loss: 1.9774e-05
		(Epoch 03/08) Block Loss: 1.9751e-05
		(Epoch 04/08) Block Loss: 1.9739e-05
		(Epoch 05/08) Block Loss: 1.9730e-05
		(Epoch 06/08) Block Loss: 1.9723e-05
		(Epoch 07/08) Block Loss: 1.9718e-05
		(Epoch 08/08) Block Loss: 1.9713e-05
	(1/3) Block 9/28, mlp.gate_proj | Tuning Non-Factorized Weights...
		(Epoch 01/08) Block Loss: 1.9820e-05
		(Epoch 02/08) Block Loss: 1.9622e-05
		(Epoch 03/08) Block Loss: 1.9498e-05
		(Epoch 04/08) Block Loss: 1.9409e-05
		(Epoch 05/08) Block Loss: 1.9330e-05
		(Epoch 06/08) Block Loss: 1.9277e-05
		(Epoch 07/08) Block Loss: 1.9242e-05
		(Epoch 08/08) Block Loss: 1.9227e-05
	(2/3) Block 9/28, mlp.gate_proj | Initialization via ADMM...
		ADMM weight recon error: raw=1125.8141, norm=0.3288, per_el=3.5789e-04, out_err=0.0564, ADMM time=3.93s
	(3/3) Block 9/28, mlp.gate_proj | Tuning Factorized Weights...
		(Epoch 01/08) Block Loss: 2.2407e-05
		(Epoch 02/08) Block Loss: 2.1976e-05
		(Epoch 03/08) Block Loss: 2.1883e-05
		(Epoch 04/08) Block Loss: 2.1854e-05
		(Epoch 05/08) Block Loss: 2.1836e-05
		(Epoch 06/08) Block Loss: 2.1809e-05
		(Epoch 07/08) Block Loss: 2.1778e-05
		(Epoch 08/08) Block Loss: 2.1636e-05
	(1/3) Block 9/28, mlp.up_proj | Tuning Non-Factorized Weights...
		(Epoch 01/08) Block Loss: 2.1290e-05
		(Epoch 02/08) Block Loss: 2.0978e-05
		(Epoch 03/08) Block Loss: 2.0818e-05
		(Epoch 04/08) Block Loss: 2.0719e-05
		(Epoch 05/08) Block Loss: 2.0641e-05
		(Epoch 06/08) Block Loss: 2.0591e-05
		(Epoch 07/08) Block Loss: 2.0560e-05
		(Epoch 08/08) Block Loss: 2.0547e-05
	(2/3) Block 9/28, mlp.up_proj | Initialization via ADMM...
		ADMM weight recon error: raw=818.3557, norm=0.3527, per_el=2.6015e-04, out_err=0.1980, ADMM time=3.92s
	(3/3) Block 9/28, mlp.up_proj | Tuning Factorized Weights...
		(Epoch 01/08) Block Loss: 2.5657e-05
		(Epoch 02/08) Block Loss: 2.5088e-05
		(Epoch 03/08) Block Loss: 2.5009e-05
		(Epoch 04/08) Block Loss: 2.5038e-05
		(Epoch 05/08) Block Loss: 2.5058e-05
		(Epoch 06/08) Block Loss: 2.4899e-05
		(Epoch 07/08) Block Loss: 2.4907e-05
		(Epoch 08/08) Block Loss: 2.4541e-05
	(1/3) Block 9/28, mlp.down_proj | Tuning Non-Factorized Weights...
		(Epoch 01/08) Block Loss: 2.3946e-05
		(Epoch 02/08) Block Loss: 2.3548e-05
		(Epoch 03/08) Block Loss: 2.3339e-05
		(Epoch 04/08) Block Loss: 2.3215e-05
		(Epoch 05/08) Block Loss: 2.3131e-05
		(Epoch 06/08) Block Loss: 2.3081e-05
		(Epoch 07/08) Block Loss: 2.3054e-05
		(Epoch 08/08) Block Loss: 2.3044e-05
	(2/3) Block 9/28, mlp.down_proj | Initialization via ADMM...
Compressing Layers:  32%|█████████████████████████████████                                                                      | 9/28 [1:35:55<2:57:38, 560.97s/it]		ADMM weight recon error: raw=713.4290, norm=0.3255, per_el=2.2679e-04, out_err=0.2201, ADMM time=3.92s
	(3/3) Block 9/28, mlp.down_proj | Tuning Factorized Weights...
		(Epoch 01/08) Block Loss: 2.8577e-05
		(Epoch 02/08) Block Loss: 2.8516e-05
		(Epoch 03/08) Block Loss: 2.8793e-05
		(Epoch 04/08) Block Loss: 2.8913e-05
		(Epoch 05/08) Block Loss: 2.9096e-05
		(Epoch 06/08) Block Loss: 2.8884e-05
		(Epoch 07/08) Block Loss: 2.8948e-05
		(Epoch 08/08) Block Loss: 2.8434e-05
Using sequence length: 2048 (model max: 2048)
		Block 8 beta=0.75: block err = 0.0034, VALIDATION PPL = 18.064
	---- Block 9/28 candidate beta=1 ----
	(1/3) Block 9/28, self_attn.q_proj | Tuning Non-Factorized Weights...
		(Epoch 01/08) Block Loss: 2.4494e-05
		(Epoch 02/08) Block Loss: 2.2883e-05
		(Epoch 03/08) Block Loss: 2.2061e-05
		(Epoch 04/08) Block Loss: 2.1521e-05
		(Epoch 05/08) Block Loss: 2.1160e-05
		(Epoch 06/08) Block Loss: 2.0942e-05
		(Epoch 07/08) Block Loss: 2.0822e-05
		(Epoch 08/08) Block Loss: 2.0779e-05
	(2/3) Block 9/28, self_attn.q_proj | Initialization via ADMM...
		ADMM weight recon error: raw=521.5953, norm=0.2694, per_el=2.4872e-04, out_err=0.0749, ADMM time=0.98s
	(3/3) Block 9/28, self_attn.q_proj | Tuning Factorized Weights...
		(Epoch 01/08) Block Loss: 2.1567e-05
		(Epoch 02/08) Block Loss: 2.1278e-05
		(Epoch 03/08) Block Loss: 2.1218e-05
		(Epoch 04/08) Block Loss: 2.1185e-05
		(Epoch 05/08) Block Loss: 2.1159e-05
		(Epoch 06/08) Block Loss: 2.1141e-05
		(Epoch 07/08) Block Loss: 2.1127e-05
		(Epoch 08/08) Block Loss: 2.1110e-05
	(1/3) Block 9/28, self_attn.v_proj | Tuning Non-Factorized Weights...
		(Epoch 01/08) Block Loss: 2.1129e-05
		(Epoch 02/08) Block Loss: 2.0582e-05
		(Epoch 03/08) Block Loss: 2.0235e-05
		(Epoch 04/08) Block Loss: 1.9969e-05
		(Epoch 05/08) Block Loss: 1.9768e-05
		(Epoch 06/08) Block Loss: 1.9643e-05
		(Epoch 07/08) Block Loss: 1.9571e-05
		(Epoch 08/08) Block Loss: 1.9542e-05
	(2/3) Block 9/28, self_attn.v_proj | Initialization via ADMM...
		ADMM weight recon error: raw=290.4904, norm=0.3543, per_el=2.7703e-04, out_err=0.2320, ADMM time=0.86s
	(3/3) Block 9/28, self_attn.v_proj | Tuning Factorized Weights...
		(Epoch 01/08) Block Loss: 2.2000e-05
		(Epoch 02/08) Block Loss: 2.1602e-05
		(Epoch 03/08) Block Loss: 2.1417e-05
		(Epoch 04/08) Block Loss: 2.1310e-05
		(Epoch 05/08) Block Loss: 2.1255e-05
		(Epoch 06/08) Block Loss: 2.1222e-05
		(Epoch 07/08) Block Loss: 2.1199e-05
		(Epoch 08/08) Block Loss: 2.1173e-05
	(1/3) Block 9/28, self_attn.o_proj | Tuning Non-Factorized Weights...
		(Epoch 01/08) Block Loss: 2.0844e-05
		(Epoch 02/08) Block Loss: 2.0285e-05
		(Epoch 03/08) Block Loss: 1.9987e-05
		(Epoch 04/08) Block Loss: 1.9788e-05
		(Epoch 05/08) Block Loss: 1.9635e-05
		(Epoch 06/08) Block Loss: 1.9536e-05
		(Epoch 07/08) Block Loss: 1.9477e-05
		(Epoch 08/08) Block Loss: 1.9453e-05
	(2/3) Block 9/28, self_attn.o_proj | Initialization via ADMM...
		ADMM weight recon error: raw=418.3539, norm=0.3150, per_el=1.9949e-04, out_err=0.2174, ADMM time=0.98s
	(3/3) Block 9/28, self_attn.o_proj | Tuning Factorized Weights...
		(Epoch 01/08) Block Loss: 2.1572e-05
		(Epoch 02/08) Block Loss: 2.1207e-05
		(Epoch 03/08) Block Loss: 2.1098e-05
		(Epoch 04/08) Block Loss: 2.1081e-05
		(Epoch 05/08) Block Loss: 2.1085e-05
		(Epoch 06/08) Block Loss: 2.1030e-05
		(Epoch 07/08) Block Loss: 2.1014e-05
		(Epoch 08/08) Block Loss: 2.0903e-05
	(1/3) Block 9/28, self_attn.k_proj | Tuning Non-Factorized Weights...
		(Epoch 01/08) Block Loss: 2.0615e-05
		(Epoch 02/08) Block Loss: 2.0211e-05
		(Epoch 03/08) Block Loss: 1.9999e-05
		(Epoch 04/08) Block Loss: 1.9856e-05
		(Epoch 05/08) Block Loss: 1.9742e-05
		(Epoch 06/08) Block Loss: 1.9669e-05
		(Epoch 07/08) Block Loss: 1.9624e-05
		(Epoch 08/08) Block Loss: 1.9605e-05
	(2/3) Block 9/28, self_attn.k_proj | Initialization via ADMM...
		ADMM weight recon error: raw=218.3275, norm=0.2757, per_el=2.0821e-04, out_err=0.0840, ADMM time=0.87s
	(3/3) Block 9/28, self_attn.k_proj | Tuning Factorized Weights...
		(Epoch 01/08) Block Loss: 1.9979e-05
		(Epoch 02/08) Block Loss: 1.9900e-05
		(Epoch 03/08) Block Loss: 1.9872e-05
		(Epoch 04/08) Block Loss: 1.9858e-05
		(Epoch 05/08) Block Loss: 1.9848e-05
		(Epoch 06/08) Block Loss: 1.9841e-05
		(Epoch 07/08) Block Loss: 1.9835e-05
		(Epoch 08/08) Block Loss: 1.9828e-05
	(1/3) Block 9/28, mlp.gate_proj | Tuning Non-Factorized Weights...
		(Epoch 01/08) Block Loss: 1.9933e-05
		(Epoch 02/08) Block Loss: 1.9731e-05
		(Epoch 03/08) Block Loss: 1.9603e-05
		(Epoch 04/08) Block Loss: 1.9512e-05
		(Epoch 05/08) Block Loss: 1.9432e-05
		(Epoch 06/08) Block Loss: 1.9378e-05
		(Epoch 07/08) Block Loss: 1.9343e-05
		(Epoch 08/08) Block Loss: 1.9328e-05
	(2/3) Block 9/28, mlp.gate_proj | Initialization via ADMM...
		ADMM weight recon error: raw=1119.6750, norm=0.3270, per_el=3.5594e-04, out_err=0.0690, ADMM time=1.12s
	(3/3) Block 9/28, mlp.gate_proj | Tuning Factorized Weights...
		(Epoch 01/08) Block Loss: 2.3152e-05
		(Epoch 02/08) Block Loss: 2.2419e-05
		(Epoch 03/08) Block Loss: 2.2239e-05
		(Epoch 04/08) Block Loss: 2.2198e-05
		(Epoch 05/08) Block Loss: 2.2132e-05
		(Epoch 06/08) Block Loss: 2.2086e-05
		(Epoch 07/08) Block Loss: 2.2050e-05
		(Epoch 08/08) Block Loss: 2.1885e-05
	(1/3) Block 9/28, mlp.up_proj | Tuning Non-Factorized Weights...
		(Epoch 01/08) Block Loss: 2.1511e-05
		(Epoch 02/08) Block Loss: 2.1181e-05
		(Epoch 03/08) Block Loss: 2.1014e-05
		(Epoch 04/08) Block Loss: 2.0910e-05
		(Epoch 05/08) Block Loss: 2.0829e-05
		(Epoch 06/08) Block Loss: 2.0778e-05
		(Epoch 07/08) Block Loss: 2.0746e-05
		(Epoch 08/08) Block Loss: 2.0732e-05
	(2/3) Block 9/28, mlp.up_proj | Initialization via ADMM...
		ADMM weight recon error: raw=813.7565, norm=0.3508, per_el=2.5869e-04, out_err=0.2467, ADMM time=1.12s
	(3/3) Block 9/28, mlp.up_proj | Tuning Factorized Weights...
		(Epoch 01/08) Block Loss: 2.6626e-05
		(Epoch 02/08) Block Loss: 2.5638e-05
		(Epoch 03/08) Block Loss: 2.5424e-05
		(Epoch 04/08) Block Loss: 2.5491e-05
		(Epoch 05/08) Block Loss: 2.5365e-05
		(Epoch 06/08) Block Loss: 2.5180e-05
		(Epoch 07/08) Block Loss: 2.5182e-05
		(Epoch 08/08) Block Loss: 2.4931e-05
	(1/3) Block 9/28, mlp.down_proj | Tuning Non-Factorized Weights...
		(Epoch 01/08) Block Loss: 2.4253e-05
		(Epoch 02/08) Block Loss: 2.3832e-05
		(Epoch 03/08) Block Loss: 2.3612e-05
		(Epoch 04/08) Block Loss: 2.3482e-05
		(Epoch 05/08) Block Loss: 2.3393e-05
		(Epoch 06/08) Block Loss: 2.3341e-05
		(Epoch 07/08) Block Loss: 2.3313e-05
		(Epoch 08/08) Block Loss: 2.3303e-05
	(2/3) Block 9/28, mlp.down_proj | Initialization via ADMM...
		ADMM weight recon error: raw=706.1837, norm=0.3222, per_el=2.2449e-04, out_err=0.2795, ADMM time=1.10s
	(3/3) Block 9/28, mlp.down_proj | Tuning Factorized Weights...
		(Epoch 01/08) Block Loss: 2.9813e-05
		(Epoch 02/08) Block Loss: 2.9362e-05
		(Epoch 03/08) Block Loss: 2.9427e-05
		(Epoch 04/08) Block Loss: 2.9604e-05
		(Epoch 05/08) Block Loss: 2.9522e-05
		(Epoch 06/08) Block Loss: 2.9383e-05
		(Epoch 07/08) Block Loss: 2.9354e-05
		(Epoch 08/08) Block Loss: 2.9039e-05
Using sequence length: 2048 (model max: 2048)
		Block 8 beta=1: block err = 0.0035, VALIDATION PPL = 18.073
		Block 8: chosen beta=0.5 (val ppl 18.038; candidates [(0.0, 18.086), (0.25, 18.082), (0.5, 18.038), (0.75, 18.064), (1.0, 18.073)])
		Block 8: relative block output error = 0.0034
Using sequence length: 2048 (model max: 2048)
		Block 8: Test Data PPL        = 17.449
	---- Block 10/28 candidate beta=0 ----
	(1/3) Block 10/28, self_attn.q_proj | Tuning Non-Factorized Weights...
		(Epoch 01/08) Block Loss: 2.1513e-05
		(Epoch 02/08) Block Loss: 2.0319e-05
		(Epoch 03/08) Block Loss: 1.9674e-05
		(Epoch 04/08) Block Loss: 1.9204e-05
		(Epoch 05/08) Block Loss: 1.8919e-05
		(Epoch 06/08) Block Loss: 1.8730e-05
		(Epoch 07/08) Block Loss: 1.8629e-05
		(Epoch 08/08) Block Loss: 1.8592e-05
	(2/3) Block 10/28, self_attn.q_proj | Initialization via ADMM...
		ADMM weight recon error: raw=545.1917, norm=0.2828, per_el=2.5997e-04, out_err=0.0410, ADMM time=3.41s
	(3/3) Block 10/28, self_attn.q_proj | Tuning Factorized Weights...
		(Epoch 01/08) Block Loss: 1.9039e-05
		(Epoch 02/08) Block Loss: 1.8932e-05
		(Epoch 03/08) Block Loss: 1.8894e-05
		(Epoch 04/08) Block Loss: 1.8869e-05
		(Epoch 05/08) Block Loss: 1.8854e-05
		(Epoch 06/08) Block Loss: 1.8839e-05
		(Epoch 07/08) Block Loss: 1.8826e-05
		(Epoch 08/08) Block Loss: 1.8815e-05
	(1/3) Block 10/28, self_attn.v_proj | Tuning Non-Factorized Weights...
		(Epoch 01/08) Block Loss: 1.8948e-05
		(Epoch 02/08) Block Loss: 1.8637e-05
		(Epoch 03/08) Block Loss: 1.8262e-05
		(Epoch 04/08) Block Loss: 1.8002e-05
		(Epoch 05/08) Block Loss: 1.7841e-05
		(Epoch 06/08) Block Loss: 1.7736e-05
		(Epoch 07/08) Block Loss: 1.7673e-05
		(Epoch 08/08) Block Loss: 1.7648e-05
	(2/3) Block 10/28, self_attn.v_proj | Initialization via ADMM...
		ADMM weight recon error: raw=292.2679, norm=0.3728, per_el=2.7873e-04, out_err=0.2012, ADMM time=5.74s
	(3/3) Block 10/28, self_attn.v_proj | Tuning Factorized Weights...
		(Epoch 01/08) Block Loss: 2.0346e-05
		(Epoch 02/08) Block Loss: 1.9897e-05
		(Epoch 03/08) Block Loss: 1.9749e-05
		(Epoch 04/08) Block Loss: 1.9679e-05
		(Epoch 05/08) Block Loss: 1.9645e-05
		(Epoch 06/08) Block Loss: 1.9619e-05
		(Epoch 07/08) Block Loss: 1.9607e-05
		(Epoch 08/08) Block Loss: 1.9578e-05
	(1/3) Block 10/28, self_attn.o_proj | Tuning Non-Factorized Weights...
		(Epoch 01/08) Block Loss: 1.9190e-05
		(Epoch 02/08) Block Loss: 1.8630e-05
		(Epoch 03/08) Block Loss: 1.8359e-05
		(Epoch 04/08) Block Loss: 1.8159e-05
		(Epoch 05/08) Block Loss: 1.8009e-05
		(Epoch 06/08) Block Loss: 1.7913e-05
		(Epoch 07/08) Block Loss: 1.7858e-05
		(Epoch 08/08) Block Loss: 1.7836e-05
	(2/3) Block 10/28, self_attn.o_proj | Initialization via ADMM...
		ADMM weight recon error: raw=448.5868, norm=0.3298, per_el=2.1390e-04, out_err=0.1200, ADMM time=3.42s
	(3/3) Block 10/28, self_attn.o_proj | Tuning Factorized Weights...
		(Epoch 01/08) Block Loss: 1.9543e-05
		(Epoch 02/08) Block Loss: 1.9469e-05
		(Epoch 03/08) Block Loss: 1.9495e-05
		(Epoch 04/08) Block Loss: 1.9556e-05
		(Epoch 05/08) Block Loss: 1.9591e-05
		(Epoch 06/08) Block Loss: 1.9500e-05
		(Epoch 07/08) Block Loss: 1.9534e-05
		(Epoch 08/08) Block Loss: 1.9416e-05
	(1/3) Block 10/28, self_attn.k_proj | Tuning Non-Factorized Weights...
		(Epoch 01/08) Block Loss: 1.9122e-05
		(Epoch 02/08) Block Loss: 1.8708e-05
		(Epoch 03/08) Block Loss: 1.8493e-05
		(Epoch 04/08) Block Loss: 1.8347e-05
		(Epoch 05/08) Block Loss: 1.8238e-05
		(Epoch 06/08) Block Loss: 1.8166e-05
		(Epoch 07/08) Block Loss: 1.8123e-05
		(Epoch 08/08) Block Loss: 1.8105e-05
	(2/3) Block 10/28, self_attn.k_proj | Initialization via ADMM...
		ADMM weight recon error: raw=232.6394, norm=0.2998, per_el=2.2186e-04, out_err=0.0585, ADMM time=5.75s
	(3/3) Block 10/28, self_attn.k_proj | Tuning Factorized Weights...
		(Epoch 01/08) Block Loss: 1.9471e-05
		(Epoch 02/08) Block Loss: 1.8581e-05
		(Epoch 03/08) Block Loss: 1.8387e-05
		(Epoch 04/08) Block Loss: 1.8339e-05
		(Epoch 05/08) Block Loss: 1.8319e-05
		(Epoch 06/08) Block Loss: 1.8310e-05
		(Epoch 07/08) Block Loss: 1.8304e-05
		(Epoch 08/08) Block Loss: 1.8299e-05
	(1/3) Block 10/28, mlp.gate_proj | Tuning Non-Factorized Weights...
		(Epoch 01/08) Block Loss: 1.8385e-05
		(Epoch 02/08) Block Loss: 1.8197e-05
		(Epoch 03/08) Block Loss: 1.8074e-05
		(Epoch 04/08) Block Loss: 1.7986e-05
		(Epoch 05/08) Block Loss: 1.7911e-05
		(Epoch 06/08) Block Loss: 1.7860e-05
		(Epoch 07/08) Block Loss: 1.7828e-05
		(Epoch 08/08) Block Loss: 1.7813e-05
	(2/3) Block 10/28, mlp.gate_proj | Initialization via ADMM...
		ADMM weight recon error: raw=1198.6343, norm=0.3300, per_el=3.8104e-04, out_err=0.0432, ADMM time=3.95s
	(3/3) Block 10/28, mlp.gate_proj | Tuning Factorized Weights...
		(Epoch 01/08) Block Loss: 1.9876e-05
		(Epoch 02/08) Block Loss: 1.9707e-05
		(Epoch 03/08) Block Loss: 1.9695e-05
		(Epoch 04/08) Block Loss: 1.9727e-05
		(Epoch 05/08) Block Loss: 1.9737e-05
		(Epoch 06/08) Block Loss: 1.9693e-05
		(Epoch 07/08) Block Loss: 1.9668e-05
		(Epoch 08/08) Block Loss: 1.9583e-05
	(1/3) Block 10/28, mlp.up_proj | Tuning Non-Factorized Weights...
		(Epoch 01/08) Block Loss: 1.9326e-05
		(Epoch 02/08) Block Loss: 1.9071e-05
		(Epoch 03/08) Block Loss: 1.8938e-05
		(Epoch 04/08) Block Loss: 1.8854e-05
		(Epoch 05/08) Block Loss: 1.8787e-05
		(Epoch 06/08) Block Loss: 1.8743e-05
		(Epoch 07/08) Block Loss: 1.8716e-05
		(Epoch 08/08) Block Loss: 1.8704e-05
	(2/3) Block 10/28, mlp.up_proj | Initialization via ADMM...
		ADMM weight recon error: raw=864.9700, norm=0.3604, per_el=2.7497e-04, out_err=0.1380, ADMM time=3.93s
	(3/3) Block 10/28, mlp.up_proj | Tuning Factorized Weights...
		(Epoch 01/08) Block Loss: 2.2532e-05
		(Epoch 02/08) Block Loss: 2.2299e-05
		(Epoch 03/08) Block Loss: 2.2267e-05
		(Epoch 04/08) Block Loss: 2.2374e-05
		(Epoch 05/08) Block Loss: 2.2425e-05
		(Epoch 06/08) Block Loss: 2.2261e-05
		(Epoch 07/08) Block Loss: 2.2281e-05
		(Epoch 08/08) Block Loss: 2.2050e-05
	(1/3) Block 10/28, mlp.down_proj | Tuning Non-Factorized Weights...
		(Epoch 01/08) Block Loss: 2.1542e-05
		(Epoch 02/08) Block Loss: 2.1203e-05
		(Epoch 03/08) Block Loss: 2.1028e-05
		(Epoch 04/08) Block Loss: 2.0923e-05
		(Epoch 05/08) Block Loss: 2.0851e-05
		(Epoch 06/08) Block Loss: 2.0808e-05
		(Epoch 07/08) Block Loss: 2.0784e-05
		(Epoch 08/08) Block Loss: 2.0775e-05
	(2/3) Block 10/28, mlp.down_proj | Initialization via ADMM...
		ADMM weight recon error: raw=717.9598, norm=0.3452, per_el=2.2823e-04, out_err=0.1737, ADMM time=3.95s
	(3/3) Block 10/28, mlp.down_proj | Tuning Factorized Weights...
		(Epoch 01/08) Block Loss: 2.5157e-05
		(Epoch 02/08) Block Loss: 2.5178e-05
		(Epoch 03/08) Block Loss: 2.5385e-05
		(Epoch 04/08) Block Loss: 2.5532e-05
		(Epoch 05/08) Block Loss: 2.5707e-05
		(Epoch 06/08) Block Loss: 2.5607e-05
		(Epoch 07/08) Block Loss: 2.5602e-05
		(Epoch 08/08) Block Loss: 2.5279e-05
Using sequence length: 2048 (model max: 2048)
		Block 9 beta=0: block err = 0.0038, VALIDATION PPL = 18.335
	---- Block 10/28 candidate beta=0.25 ----
	(1/3) Block 10/28, self_attn.q_proj | Tuning Non-Factorized Weights...
		(Epoch 01/08) Block Loss: 2.1513e-05
		(Epoch 02/08) Block Loss: 2.0319e-05
		(Epoch 03/08) Block Loss: 1.9675e-05
		(Epoch 04/08) Block Loss: 1.9204e-05
		(Epoch 05/08) Block Loss: 1.8920e-05
		(Epoch 06/08) Block Loss: 1.8730e-05
		(Epoch 07/08) Block Loss: 1.8629e-05
		(Epoch 08/08) Block Loss: 1.8593e-05
	(2/3) Block 10/28, self_attn.q_proj | Initialization via ADMM...
		ADMM weight recon error: raw=539.8801, norm=0.2800, per_el=2.5743e-04, out_err=0.0427, ADMM time=3.43s
	(3/3) Block 10/28, self_attn.q_proj | Tuning Factorized Weights...
		(Epoch 01/08) Block Loss: 1.9056e-05
		(Epoch 02/08) Block Loss: 1.8945e-05
		(Epoch 03/08) Block Loss: 1.8904e-05
		(Epoch 04/08) Block Loss: 1.8879e-05
		(Epoch 05/08) Block Loss: 1.8859e-05
		(Epoch 06/08) Block Loss: 1.8844e-05
		(Epoch 07/08) Block Loss: 1.8832e-05
		(Epoch 08/08) Block Loss: 1.8819e-05
	(1/3) Block 10/28, self_attn.v_proj | Tuning Non-Factorized Weights...
		(Epoch 01/08) Block Loss: 1.8916e-05
		(Epoch 02/08) Block Loss: 1.8555e-05
		(Epoch 03/08) Block Loss: 1.8242e-05
		(Epoch 04/08) Block Loss: 1.7974e-05
		(Epoch 05/08) Block Loss: 1.7808e-05
		(Epoch 06/08) Block Loss: 1.7703e-05
		(Epoch 07/08) Block Loss: 1.7638e-05
		(Epoch 08/08) Block Loss: 1.7613e-05
	(2/3) Block 10/28, self_attn.v_proj | Initialization via ADMM...
		ADMM weight recon error: raw=289.8422, norm=0.3697, per_el=2.7642e-04, out_err=0.2117, ADMM time=5.73s
	(3/3) Block 10/28, self_attn.v_proj | Tuning Factorized Weights...
		(Epoch 01/08) Block Loss: 2.0067e-05
		(Epoch 02/08) Block Loss: 1.9760e-05
		(Epoch 03/08) Block Loss: 1.9653e-05
		(Epoch 04/08) Block Loss: 1.9614e-05
		(Epoch 05/08) Block Loss: 1.9596e-05
		(Epoch 06/08) Block Loss: 1.9573e-05
		(Epoch 07/08) Block Loss: 1.9564e-05
		(Epoch 08/08) Block Loss: 1.9526e-05
	(1/3) Block 10/28, self_attn.o_proj | Tuning Non-Factorized Weights...
		(Epoch 01/08) Block Loss: 1.9157e-05
		(Epoch 02/08) Block Loss: 1.8607e-05
		(Epoch 03/08) Block Loss: 1.8325e-05
		(Epoch 04/08) Block Loss: 1.8127e-05
		(Epoch 05/08) Block Loss: 1.7979e-05
		(Epoch 06/08) Block Loss: 1.7887e-05
		(Epoch 07/08) Block Loss: 1.7833e-05
		(Epoch 08/08) Block Loss: 1.7810e-05
	(2/3) Block 10/28, self_attn.o_proj | Initialization via ADMM...
		ADMM weight recon error: raw=439.5895, norm=0.3232, per_el=2.0961e-04, out_err=0.1263, ADMM time=3.41s
	(3/3) Block 10/28, self_attn.o_proj | Tuning Factorized Weights...
		(Epoch 01/08) Block Loss: 1.9556e-05
		(Epoch 02/08) Block Loss: 1.9492e-05
		(Epoch 03/08) Block Loss: 1.9507e-05
		(Epoch 04/08) Block Loss: 1.9554e-05
		(Epoch 05/08) Block Loss: 1.9584e-05
		(Epoch 06/08) Block Loss: 1.9539e-05
		(Epoch 07/08) Block Loss: 1.9544e-05
		(Epoch 08/08) Block Loss: 1.9423e-05
	(1/3) Block 10/28, self_attn.k_proj | Tuning Non-Factorized Weights...
		(Epoch 01/08) Block Loss: 1.9104e-05
		(Epoch 02/08) Block Loss: 1.8686e-05
		(Epoch 03/08) Block Loss: 1.8471e-05
		(Epoch 04/08) Block Loss: 1.8323e-05
		(Epoch 05/08) Block Loss: 1.8212e-05
		(Epoch 06/08) Block Loss: 1.8141e-05
		(Epoch 07/08) Block Loss: 1.8099e-05
		(Epoch 08/08) Block Loss: 1.8081e-05
	(2/3) Block 10/28, self_attn.k_proj | Initialization via ADMM...
		ADMM weight recon error: raw=230.5081, norm=0.2970, per_el=2.1983e-04, out_err=0.0604, ADMM time=5.74s
	(3/3) Block 10/28, self_attn.k_proj | Tuning Factorized Weights...
		(Epoch 01/08) Block Loss: 1.8373e-05
		(Epoch 02/08) Block Loss: 1.8293e-05
		(Epoch 03/08) Block Loss: 1.8272e-05
		(Epoch 04/08) Block Loss: 1.8262e-05
		(Epoch 05/08) Block Loss: 1.8256e-05
		(Epoch 06/08) Block Loss: 1.8252e-05
		(Epoch 07/08) Block Loss: 1.8248e-05
		(Epoch 08/08) Block Loss: 1.8244e-05
	(1/3) Block 10/28, mlp.gate_proj | Tuning Non-Factorized Weights...
		(Epoch 01/08) Block Loss: 1.8338e-05
		(Epoch 02/08) Block Loss: 1.8151e-05
		(Epoch 03/08) Block Loss: 1.8029e-05
		(Epoch 04/08) Block Loss: 1.7942e-05
		(Epoch 05/08) Block Loss: 1.7868e-05
		(Epoch 06/08) Block Loss: 1.7817e-05
		(Epoch 07/08) Block Loss: 1.7785e-05
		(Epoch 08/08) Block Loss: 1.7770e-05
	(2/3) Block 10/28, mlp.gate_proj | Initialization via ADMM...
		ADMM weight recon error: raw=1179.9569, norm=0.3249, per_el=3.7510e-04, out_err=0.0449, ADMM time=3.92s
	(3/3) Block 10/28, mlp.gate_proj | Tuning Factorized Weights...
		(Epoch 01/08) Block Loss: 1.9954e-05
		(Epoch 02/08) Block Loss: 1.9745e-05
		(Epoch 03/08) Block Loss: 1.9720e-05
		(Epoch 04/08) Block Loss: 1.9731e-05
		(Epoch 05/08) Block Loss: 1.9753e-05
		(Epoch 06/08) Block Loss: 1.9712e-05
		(Epoch 07/08) Block Loss: 1.9712e-05
		(Epoch 08/08) Block Loss: 1.9576e-05
	(1/3) Block 10/28, mlp.up_proj | Tuning Non-Factorized Weights...
		(Epoch 01/08) Block Loss: 1.9323e-05
		(Epoch 02/08) Block Loss: 1.9063e-05
		(Epoch 03/08) Block Loss: 1.8930e-05
		(Epoch 04/08) Block Loss: 1.8844e-05
		(Epoch 05/08) Block Loss: 1.8777e-05
		(Epoch 06/08) Block Loss: 1.8733e-05
		(Epoch 07/08) Block Loss: 1.8705e-05
		(Epoch 08/08) Block Loss: 1.8693e-05
	(2/3) Block 10/28, mlp.up_proj | Initialization via ADMM...
		ADMM weight recon error: raw=855.2374, norm=0.3563, per_el=2.7187e-04, out_err=0.1454, ADMM time=3.93s
	(3/3) Block 10/28, mlp.up_proj | Tuning Factorized Weights...
		(Epoch 01/08) Block Loss: 2.2647e-05
		(Epoch 02/08) Block Loss: 2.2372e-05
		(Epoch 03/08) Block Loss: 2.2366e-05
		(Epoch 04/08) Block Loss: 2.2470e-05
		(Epoch 05/08) Block Loss: 2.2488e-05
		(Epoch 06/08) Block Loss: 2.2292e-05
		(Epoch 07/08) Block Loss: 2.2369e-05
		(Epoch 08/08) Block Loss: 2.2067e-05
	(1/3) Block 10/28, mlp.down_proj | Tuning Non-Factorized Weights...
		(Epoch 01/08) Block Loss: 2.1553e-05
		(Epoch 02/08) Block Loss: 2.1207e-05
		(Epoch 03/08) Block Loss: 2.1029e-05
		(Epoch 04/08) Block Loss: 2.0923e-05
		(Epoch 05/08) Block Loss: 2.0850e-05
		(Epoch 06/08) Block Loss: 2.0807e-05
		(Epoch 07/08) Block Loss: 2.0783e-05
		(Epoch 08/08) Block Loss: 2.0774e-05
	(2/3) Block 10/28, mlp.down_proj | Initialization via ADMM...
		ADMM weight recon error: raw=702.8389, norm=0.3379, per_el=2.2343e-04, out_err=0.1803, ADMM time=3.93s
	(3/3) Block 10/28, mlp.down_proj | Tuning Factorized Weights...
		(Epoch 01/08) Block Loss: 2.5264e-05
		(Epoch 02/08) Block Loss: 2.5287e-05
		(Epoch 03/08) Block Loss: 2.5447e-05
		(Epoch 04/08) Block Loss: 2.5711e-05
		(Epoch 05/08) Block Loss: 2.5752e-05
		(Epoch 06/08) Block Loss: 2.5731e-05
		(Epoch 07/08) Block Loss: 2.5712e-05
		(Epoch 08/08) Block Loss: 2.5352e-05
Using sequence length: 2048 (model max: 2048)
		Block 9 beta=0.25: block err = 0.0038, VALIDATION PPL = 18.243
	---- Block 10/28 candidate beta=0.5 ----
	(1/3) Block 10/28, self_attn.q_proj | Tuning Non-Factorized Weights...
		(Epoch 01/08) Block Loss: 2.1513e-05
		(Epoch 02/08) Block Loss: 2.0319e-05
		(Epoch 03/08) Block Loss: 1.9674e-05
		(Epoch 04/08) Block Loss: 1.9205e-05
		(Epoch 05/08) Block Loss: 1.8919e-05
		(Epoch 06/08) Block Loss: 1.8730e-05
		(Epoch 07/08) Block Loss: 1.8629e-05
		(Epoch 08/08) Block Loss: 1.8592e-05
	(2/3) Block 10/28, self_attn.q_proj | Initialization via ADMM...
		ADMM weight recon error: raw=535.8179, norm=0.2779, per_el=2.5550e-04, out_err=0.0454, ADMM time=3.42s
	(3/3) Block 10/28, self_attn.q_proj | Tuning Factorized Weights...
		(Epoch 01/08) Block Loss: 1.9099e-05
		(Epoch 02/08) Block Loss: 1.8963e-05
		(Epoch 03/08) Block Loss: 1.8917e-05
		(Epoch 04/08) Block Loss: 1.8893e-05
		(Epoch 05/08) Block Loss: 1.8872e-05
		(Epoch 06/08) Block Loss: 1.8858e-05
		(Epoch 07/08) Block Loss: 1.8845e-05
		(Epoch 08/08) Block Loss: 1.8831e-05
	(1/3) Block 10/28, self_attn.v_proj | Tuning Non-Factorized Weights...
		(Epoch 01/08) Block Loss: 1.8955e-05
		(Epoch 02/08) Block Loss: 1.8641e-05
		(Epoch 03/08) Block Loss: 1.8281e-05
		(Epoch 04/08) Block Loss: 1.8008e-05
		(Epoch 05/08) Block Loss: 1.7845e-05
		(Epoch 06/08) Block Loss: 1.7742e-05
		(Epoch 07/08) Block Loss: 1.7679e-05
		(Epoch 08/08) Block Loss: 1.7654e-05
	(2/3) Block 10/28, self_attn.v_proj | Initialization via ADMM...
		ADMM weight recon error: raw=287.5471, norm=0.3668, per_el=2.7423e-04, out_err=0.2254, ADMM time=5.72s
	(3/3) Block 10/28, self_attn.v_proj | Tuning Factorized Weights...
		(Epoch 01/08) Block Loss: 2.0137e-05
		(Epoch 02/08) Block Loss: 1.9862e-05
		(Epoch 03/08) Block Loss: 1.9761e-05
		(Epoch 04/08) Block Loss: 1.9708e-05
		(Epoch 05/08) Block Loss: 1.9691e-05
		(Epoch 06/08) Block Loss: 1.9668e-05
		(Epoch 07/08) Block Loss: 1.9652e-05
		(Epoch 08/08) Block Loss: 1.9623e-05
	(1/3) Block 10/28, self_attn.o_proj | Tuning Non-Factorized Weights...
		(Epoch 01/08) Block Loss: 1.9218e-05
		(Epoch 02/08) Block Loss: 1.8648e-05
		(Epoch 03/08) Block Loss: 1.8371e-05
		(Epoch 04/08) Block Loss: 1.8168e-05
		(Epoch 05/08) Block Loss: 1.8019e-05
		(Epoch 06/08) Block Loss: 1.7923e-05
		(Epoch 07/08) Block Loss: 1.7866e-05
		(Epoch 08/08) Block Loss: 1.7844e-05
	(2/3) Block 10/28, self_attn.o_proj | Initialization via ADMM...
		ADMM weight recon error: raw=435.5750, norm=0.3203, per_el=2.0770e-04, out_err=0.1378, ADMM time=3.42s
	(3/3) Block 10/28, self_attn.o_proj | Tuning Factorized Weights...
		(Epoch 01/08) Block Loss: 1.9708e-05
		(Epoch 02/08) Block Loss: 1.9617e-05
		(Epoch 03/08) Block Loss: 1.9660e-05
		(Epoch 04/08) Block Loss: 1.9678e-05
		(Epoch 05/08) Block Loss: 1.9732e-05
		(Epoch 06/08) Block Loss: 1.9617e-05
		(Epoch 07/08) Block Loss: 1.9651e-05
		(Epoch 08/08) Block Loss: 1.9518e-05
	(1/3) Block 10/28, self_attn.k_proj | Tuning Non-Factorized Weights...
		(Epoch 01/08) Block Loss: 1.9170e-05
		(Epoch 02/08) Block Loss: 1.8733e-05
		(Epoch 03/08) Block Loss: 1.8513e-05
		(Epoch 04/08) Block Loss: 1.8365e-05
		(Epoch 05/08) Block Loss: 1.8253e-05
		(Epoch 06/08) Block Loss: 1.8180e-05
		(Epoch 07/08) Block Loss: 1.8137e-05
		(Epoch 08/08) Block Loss: 1.8119e-05
	(2/3) Block 10/28, self_attn.k_proj | Initialization via ADMM...
		ADMM weight recon error: raw=228.3908, norm=0.2958, per_el=2.1781e-04, out_err=0.0642, ADMM time=5.74s
	(3/3) Block 10/28, self_attn.k_proj | Tuning Factorized Weights...
		(Epoch 01/08) Block Loss: 1.8391e-05
		(Epoch 02/08) Block Loss: 1.8329e-05
		(Epoch 03/08) Block Loss: 1.8310e-05
		(Epoch 04/08) Block Loss: 1.8301e-05
		(Epoch 05/08) Block Loss: 1.8295e-05
		(Epoch 06/08) Block Loss: 1.8290e-05
		(Epoch 07/08) Block Loss: 1.8286e-05
		(Epoch 08/08) Block Loss: 1.8281e-05
	(1/3) Block 10/28, mlp.gate_proj | Tuning Non-Factorized Weights...
		(Epoch 01/08) Block Loss: 1.8376e-05
		(Epoch 02/08) Block Loss: 1.8187e-05
		(Epoch 03/08) Block Loss: 1.8065e-05
		(Epoch 04/08) Block Loss: 1.7977e-05
		(Epoch 05/08) Block Loss: 1.7901e-05
		(Epoch 06/08) Block Loss: 1.7850e-05
		(Epoch 07/08) Block Loss: 1.7818e-05
		(Epoch 08/08) Block Loss: 1.7803e-05
	(2/3) Block 10/28, mlp.gate_proj | Initialization via ADMM...
		ADMM weight recon error: raw=1167.0822, norm=0.3213, per_el=3.7101e-04, out_err=0.0479, ADMM time=3.92s
	(3/3) Block 10/28, mlp.gate_proj | Tuning Factorized Weights...
		(Epoch 01/08) Block Loss: 2.0136e-05
		(Epoch 02/08) Block Loss: 1.9875e-05
		(Epoch 03/08) Block Loss: 1.9839e-05
		(Epoch 04/08) Block Loss: 1.9854e-05
		(Epoch 05/08) Block Loss: 1.9849e-05
		(Epoch 06/08) Block Loss: 1.9816e-05
		(Epoch 07/08) Block Loss: 1.9795e-05
		(Epoch 08/08) Block Loss: 1.9675e-05
	(1/3) Block 10/28, mlp.up_proj | Tuning Non-Factorized Weights...
		(Epoch 01/08) Block Loss: 1.9400e-05
		(Epoch 02/08) Block Loss: 1.9134e-05
		(Epoch 03/08) Block Loss: 1.8997e-05
		(Epoch 04/08) Block Loss: 1.8910e-05
		(Epoch 05/08) Block Loss: 1.8842e-05
		(Epoch 06/08) Block Loss: 1.8797e-05
		(Epoch 07/08) Block Loss: 1.8769e-05
		(Epoch 08/08) Block Loss: 1.8757e-05
	(2/3) Block 10/28, mlp.up_proj | Initialization via ADMM...
		ADMM weight recon error: raw=848.3655, norm=0.3535, per_el=2.6969e-04, out_err=0.1557, ADMM time=3.90s
	(3/3) Block 10/28, mlp.up_proj | Tuning Factorized Weights...
		(Epoch 01/08) Block Loss: 2.2926e-05
		(Epoch 02/08) Block Loss: 2.2587e-05
		(Epoch 03/08) Block Loss: 2.2536e-05
		(Epoch 04/08) Block Loss: 2.2700e-05
		(Epoch 05/08) Block Loss: 2.2640e-05
		(Epoch 06/08) Block Loss: 2.2436e-05
		(Epoch 07/08) Block Loss: 2.2539e-05
		(Epoch 08/08) Block Loss: 2.2199e-05
	(1/3) Block 10/28, mlp.down_proj | Tuning Non-Factorized Weights...
		(Epoch 01/08) Block Loss: 2.1679e-05
		(Epoch 02/08) Block Loss: 2.1322e-05
		(Epoch 03/08) Block Loss: 2.1138e-05
		(Epoch 04/08) Block Loss: 2.1029e-05
		(Epoch 05/08) Block Loss: 2.0954e-05
		(Epoch 06/08) Block Loss: 2.0909e-05
		(Epoch 07/08) Block Loss: 2.0885e-05
		(Epoch 08/08) Block Loss: 2.0875e-05
	(2/3) Block 10/28, mlp.down_proj | Initialization via ADMM...
		ADMM weight recon error: raw=691.2686, norm=0.3323, per_el=2.1975e-04, out_err=0.1910, ADMM time=3.92s
	(3/3) Block 10/28, mlp.down_proj | Tuning Factorized Weights...
		(Epoch 01/08) Block Loss: 2.5545e-05
		(Epoch 02/08) Block Loss: 2.5553e-05
		(Epoch 03/08) Block Loss: 2.5844e-05
		(Epoch 04/08) Block Loss: 2.6042e-05
		(Epoch 05/08) Block Loss: 2.5967e-05
		(Epoch 06/08) Block Loss: 2.5892e-05
		(Epoch 07/08) Block Loss: 2.5887e-05
		(Epoch 08/08) Block Loss: 2.5575e-05
Using sequence length: 2048 (model max: 2048)
		Block 9 beta=0.5: block err = 0.0039, VALIDATION PPL = 18.344
	---- Block 10/28 candidate beta=0.75 ----
	(1/3) Block 10/28, self_attn.q_proj | Tuning Non-Factorized Weights...
		(Epoch 01/08) Block Loss: 2.1513e-05
		(Epoch 02/08) Block Loss: 2.0318e-05
		(Epoch 03/08) Block Loss: 1.9673e-05
		(Epoch 04/08) Block Loss: 1.9204e-05
		(Epoch 05/08) Block Loss: 1.8920e-05
		(Epoch 06/08) Block Loss: 1.8730e-05
		(Epoch 07/08) Block Loss: 1.8629e-05
		(Epoch 08/08) Block Loss: 1.8592e-05
	(2/3) Block 10/28, self_attn.q_proj | Initialization via ADMM...
		ADMM weight recon error: raw=532.1251, norm=0.2760, per_el=2.5374e-04, out_err=0.0495, ADMM time=3.40s
	(3/3) Block 10/28, self_attn.q_proj | Tuning Factorized Weights...
		(Epoch 01/08) Block Loss: 1.9154e-05
		(Epoch 02/08) Block Loss: 1.8992e-05
		(Epoch 03/08) Block Loss: 1.8941e-05
		(Epoch 04/08) Block Loss: 1.8914e-05
		(Epoch 05/08) Block Loss: 1.8894e-05
		(Epoch 06/08) Block Loss: 1.8876e-05
		(Epoch 07/08) Block Loss: 1.8862e-05
		(Epoch 08/08) Block Loss: 1.8850e-05
	(1/3) Block 10/28, self_attn.v_proj | Tuning Non-Factorized Weights...
		(Epoch 01/08) Block Loss: 1.8973e-05
		(Epoch 02/08) Block Loss: 1.8657e-05
		(Epoch 03/08) Block Loss: 1.8294e-05
		(Epoch 04/08) Block Loss: 1.8021e-05
		(Epoch 05/08) Block Loss: 1.7857e-05
		(Epoch 06/08) Block Loss: 1.7755e-05
		(Epoch 07/08) Block Loss: 1.7692e-05
		(Epoch 08/08) Block Loss: 1.7667e-05
	(2/3) Block 10/28, self_attn.v_proj | Initialization via ADMM...
		ADMM weight recon error: raw=285.7222, norm=0.3644, per_el=2.7249e-04, out_err=0.2475, ADMM time=5.72s
	(3/3) Block 10/28, self_attn.v_proj | Tuning Factorized Weights...
		(Epoch 01/08) Block Loss: 2.0316e-05
		(Epoch 02/08) Block Loss: 2.0035e-05
		(Epoch 03/08) Block Loss: 1.9914e-05
		(Epoch 04/08) Block Loss: 1.9850e-05
		(Epoch 05/08) Block Loss: 1.9809e-05
		(Epoch 06/08) Block Loss: 1.9786e-05
		(Epoch 07/08) Block Loss: 1.9766e-05
		(Epoch 08/08) Block Loss: 1.9732e-05
	(1/3) Block 10/28, self_attn.o_proj | Tuning Non-Factorized Weights...
		(Epoch 01/08) Block Loss: 1.9288e-05
		(Epoch 02/08) Block Loss: 1.8704e-05
		(Epoch 03/08) Block Loss: 1.8417e-05
		(Epoch 04/08) Block Loss: 1.8209e-05
		(Epoch 05/08) Block Loss: 1.8070e-05
		(Epoch 06/08) Block Loss: 1.7968e-05
		(Epoch 07/08) Block Loss: 1.7909e-05
		(Epoch 08/08) Block Loss: 1.7887e-05
	(2/3) Block 10/28, self_attn.o_proj | Initialization via ADMM...
		ADMM weight recon error: raw=432.5095, norm=0.3180, per_el=2.0624e-04, out_err=0.1582, ADMM time=3.51s
	(3/3) Block 10/28, self_attn.o_proj | Tuning Factorized Weights...
		(Epoch 01/08) Block Loss: 1.9968e-05
		(Epoch 02/08) Block Loss: 1.9829e-05
		(Epoch 03/08) Block Loss: 1.9859e-05
		(Epoch 04/08) Block Loss: 1.9810e-05
		(Epoch 05/08) Block Loss: 1.9903e-05
		(Epoch 06/08) Block Loss: 1.9741e-05
		(Epoch 07/08) Block Loss: 1.9791e-05
		(Epoch 08/08) Block Loss: 1.9642e-05
	(1/3) Block 10/28, self_attn.k_proj | Tuning Non-Factorized Weights...
		(Epoch 01/08) Block Loss: 1.9261e-05
		(Epoch 02/08) Block Loss: 1.8809e-05
		(Epoch 03/08) Block Loss: 1.8579e-05
		(Epoch 04/08) Block Loss: 1.8429e-05
		(Epoch 05/08) Block Loss: 1.8315e-05
		(Epoch 06/08) Block Loss: 1.8242e-05
		(Epoch 07/08) Block Loss: 1.8198e-05
		(Epoch 08/08) Block Loss: 1.8179e-05
	(2/3) Block 10/28, self_attn.k_proj | Initialization via ADMM...
		ADMM weight recon error: raw=227.0765, norm=0.2941, per_el=2.1656e-04, out_err=0.0703, ADMM time=5.75s
	(3/3) Block 10/28, self_attn.k_proj | Tuning Factorized Weights...
		(Epoch 01/08) Block Loss: 1.8454e-05
		(Epoch 02/08) Block Loss: 1.8397e-05
		(Epoch 03/08) Block Loss: 1.8378e-05
		(Epoch 04/08) Block Loss: 1.8366e-05
		(Epoch 05/08) Block Loss: 1.8359e-05
		(Epoch 06/08) Block Loss: 1.8354e-05
		(Epoch 07/08) Block Loss: 1.8349e-05
		(Epoch 08/08) Block Loss: 1.8345e-05
	(1/3) Block 10/28, mlp.gate_proj | Tuning Non-Factorized Weights...
		(Epoch 01/08) Block Loss: 1.8438e-05
		(Epoch 02/08) Block Loss: 1.8248e-05
		(Epoch 03/08) Block Loss: 1.8123e-05
		(Epoch 04/08) Block Loss: 1.8032e-05
		(Epoch 05/08) Block Loss: 1.7956e-05
		(Epoch 06/08) Block Loss: 1.7905e-05
		(Epoch 07/08) Block Loss: 1.7872e-05
		(Epoch 08/08) Block Loss: 1.7857e-05
	(2/3) Block 10/28, mlp.gate_proj | Initialization via ADMM...
		ADMM weight recon error: raw=1155.4509, norm=0.3181, per_el=3.6731e-04, out_err=0.0523, ADMM time=3.94s
	(3/3) Block 10/28, mlp.gate_proj | Tuning Factorized Weights...
		(Epoch 01/08) Block Loss: 2.0430e-05
		(Epoch 02/08) Block Loss: 2.0082e-05
		(Epoch 03/08) Block Loss: 2.0016e-05
		(Epoch 04/08) Block Loss: 2.0014e-05
		(Epoch 05/08) Block Loss: 1.9988e-05
		(Epoch 06/08) Block Loss: 1.9977e-05
		(Epoch 07/08) Block Loss: 1.9938e-05
		(Epoch 08/08) Block Loss: 1.9807e-05
	(1/3) Block 10/28, mlp.up_proj | Tuning Non-Factorized Weights...
		(Epoch 01/08) Block Loss: 1.9517e-05
		(Epoch 02/08) Block Loss: 1.9241e-05
		(Epoch 03/08) Block Loss: 1.9099e-05
		(Epoch 04/08) Block Loss: 1.9010e-05
		(Epoch 05/08) Block Loss: 1.8940e-05
		(Epoch 06/08) Block Loss: 1.8894e-05
		(Epoch 07/08) Block Loss: 1.8866e-05
		(Epoch 08/08) Block Loss: 1.8854e-05
	(2/3) Block 10/28, mlp.up_proj | Initialization via ADMM...
		ADMM weight recon error: raw=840.9915, norm=0.3504, per_el=2.6734e-04, out_err=0.1712, ADMM time=3.92s
	(3/3) Block 10/28, mlp.up_proj | Tuning Factorized Weights...
		(Epoch 01/08) Block Loss: 2.3352e-05
		(Epoch 02/08) Block Loss: 2.2899e-05
		(Epoch 03/08) Block Loss: 2.2804e-05
		(Epoch 04/08) Block Loss: 2.2844e-05
		(Epoch 05/08) Block Loss: 2.2883e-05
		(Epoch 06/08) Block Loss: 2.2719e-05
		(Epoch 07/08) Block Loss: 2.2758e-05
		(Epoch 08/08) Block Loss: 2.2400e-05
	(1/3) Block 10/28, mlp.down_proj | Tuning Non-Factorized Weights...
		(Epoch 01/08) Block Loss: 2.1858e-05
		(Epoch 02/08) Block Loss: 2.1484e-05
		(Epoch 03/08) Block Loss: 2.1292e-05
		(Epoch 04/08) Block Loss: 2.1179e-05
		(Epoch 05/08) Block Loss: 2.1101e-05
		(Epoch 06/08) Block Loss: 2.1055e-05
		(Epoch 07/08) Block Loss: 2.1030e-05
		(Epoch 08/08) Block Loss: 2.1020e-05
	(2/3) Block 10/28, mlp.down_proj | Initialization via ADMM...
		ADMM weight recon error: raw=682.4429, norm=0.3281, per_el=2.1694e-04, out_err=0.2091, ADMM time=4.03s
	(3/3) Block 10/28, mlp.down_proj | Tuning Factorized Weights...
		(Epoch 01/08) Block Loss: 2.6010e-05
		(Epoch 02/08) Block Loss: 2.5943e-05
		(Epoch 03/08) Block Loss: 2.6134e-05
		(Epoch 04/08) Block Loss: 2.6265e-05
		(Epoch 05/08) Block Loss: 2.6352e-05
		(Epoch 06/08) Block Loss: 2.6256e-05
		(Epoch 07/08) Block Loss: 2.6194e-05
		(Epoch 08/08) Block Loss: 2.5812e-05
Using sequence length: 2048 (model max: 2048)
		Block 9 beta=0.75: block err = 0.0039, VALIDATION PPL = 18.317
	---- Block 10/28 candidate beta=1 ----
	(1/3) Block 10/28, self_attn.q_proj | Tuning Non-Factorized Weights...
		(Epoch 01/08) Block Loss: 2.1513e-05
		(Epoch 02/08) Block Loss: 2.0318e-05
		(Epoch 03/08) Block Loss: 1.9674e-05
		(Epoch 04/08) Block Loss: 1.9204e-05
		(Epoch 05/08) Block Loss: 1.8919e-05
		(Epoch 06/08) Block Loss: 1.8730e-05
		(Epoch 07/08) Block Loss: 1.8629e-05
		(Epoch 08/08) Block Loss: 1.8592e-05
	(2/3) Block 10/28, self_attn.q_proj | Initialization via ADMM...
		ADMM weight recon error: raw=529.4692, norm=0.2746, per_el=2.5247e-04, out_err=0.0604, ADMM time=0.99s
	(3/3) Block 10/28, self_attn.q_proj | Tuning Factorized Weights...
		(Epoch 01/08) Block Loss: 1.9290e-05
		(Epoch 02/08) Block Loss: 1.9060e-05
		(Epoch 03/08) Block Loss: 1.9000e-05
		(Epoch 04/08) Block Loss: 1.8969e-05
		(Epoch 05/08) Block Loss: 1.8942e-05
		(Epoch 06/08) Block Loss: 1.8922e-05
		(Epoch 07/08) Block Loss: 1.8911e-05
		(Epoch 08/08) Block Loss: 1.8890e-05
	(1/3) Block 10/28, self_attn.v_proj | Tuning Non-Factorized Weights...
		(Epoch 01/08) Block Loss: 1.8991e-05
		(Epoch 02/08) Block Loss: 1.8653e-05
		(Epoch 03/08) Block Loss: 1.8311e-05
		(Epoch 04/08) Block Loss: 1.8040e-05
		(Epoch 05/08) Block Loss: 1.7874e-05
		(Epoch 06/08) Block Loss: 1.7769e-05
		(Epoch 07/08) Block Loss: 1.7704e-05
		(Epoch 08/08) Block Loss: 1.7679e-05
	(2/3) Block 10/28, self_attn.v_proj | Initialization via ADMM...
		ADMM weight recon error: raw=284.9618, norm=0.3635, per_el=2.7176e-04, out_err=0.3054, ADMM time=0.86s
	(3/3) Block 10/28, self_attn.v_proj | Tuning Factorized Weights...
		(Epoch 01/08) Block Loss: 2.1161e-05
		(Epoch 02/08) Block Loss: 2.0584e-05
		(Epoch 03/08) Block Loss: 2.0341e-05
		(Epoch 04/08) Block Loss: 2.0210e-05
		(Epoch 05/08) Block Loss: 2.0132e-05
		(Epoch 06/08) Block Loss: 2.0089e-05
		(Epoch 07/08) Block Loss: 2.0061e-05
		(Epoch 08/08) Block Loss: 2.0016e-05
	(1/3) Block 10/28, self_attn.o_proj | Tuning Non-Factorized Weights...
		(Epoch 01/08) Block Loss: 1.9453e-05
		(Epoch 02/08) Block Loss: 1.8809e-05
		(Epoch 03/08) Block Loss: 1.8502e-05
		(Epoch 04/08) Block Loss: 1.8292e-05
		(Epoch 05/08) Block Loss: 1.8139e-05
		(Epoch 06/08) Block Loss: 1.8041e-05
		(Epoch 07/08) Block Loss: 1.7985e-05
		(Epoch 08/08) Block Loss: 1.7961e-05
	(2/3) Block 10/28, self_attn.o_proj | Initialization via ADMM...
		ADMM weight recon error: raw=430.9292, norm=0.3169, per_el=2.0548e-04, out_err=0.2469, ADMM time=0.98s
	(3/3) Block 10/28, self_attn.o_proj | Tuning Factorized Weights...
		(Epoch 01/08) Block Loss: 2.0801e-05
		(Epoch 02/08) Block Loss: 2.0294e-05
		(Epoch 03/08) Block Loss: 2.0141e-05
		(Epoch 04/08) Block Loss: 2.0116e-05
		(Epoch 05/08) Block Loss: 2.0125e-05
		(Epoch 06/08) Block Loss: 1.9987e-05
		(Epoch 07/08) Block Loss: 2.0007e-05
		(Epoch 08/08) Block Loss: 1.9855e-05
	(1/3) Block 10/28, self_attn.k_proj | Tuning Non-Factorized Weights...
		(Epoch 01/08) Block Loss: 1.9424e-05
		(Epoch 02/08) Block Loss: 1.8941e-05
		(Epoch 03/08) Block Loss: 1.8704e-05
		(Epoch 04/08) Block Loss: 1.8545e-05
		(Epoch 05/08) Block Loss: 1.8428e-05
		(Epoch 06/08) Block Loss: 1.8353e-05
		(Epoch 07/08) Block Loss: 1.8309e-05
		(Epoch 08/08) Block Loss: 1.8290e-05
	(2/3) Block 10/28, self_attn.k_proj | Initialization via ADMM...
		ADMM weight recon error: raw=226.4122, norm=0.2933, per_el=2.1592e-04, out_err=0.0879, ADMM time=0.85s
	(3/3) Block 10/28, self_attn.k_proj | Tuning Factorized Weights...
		(Epoch 01/08) Block Loss: 1.8605e-05
		(Epoch 02/08) Block Loss: 1.8526e-05
		(Epoch 03/08) Block Loss: 1.8501e-05
		(Epoch 04/08) Block Loss: 1.8488e-05
		(Epoch 05/08) Block Loss: 1.8479e-05
		(Epoch 06/08) Block Loss: 1.8473e-05
		(Epoch 07/08) Block Loss: 1.8468e-05
		(Epoch 08/08) Block Loss: 1.8464e-05
	(1/3) Block 10/28, mlp.gate_proj | Tuning Non-Factorized Weights...
		(Epoch 01/08) Block Loss: 1.8557e-05
		(Epoch 02/08) Block Loss: 1.8359e-05
		(Epoch 03/08) Block Loss: 1.8232e-05
		(Epoch 04/08) Block Loss: 1.8140e-05
		(Epoch 05/08) Block Loss: 1.8062e-05
		(Epoch 06/08) Block Loss: 1.8009e-05
		(Epoch 07/08) Block Loss: 1.7976e-05
		(Epoch 08/08) Block Loss: 1.7961e-05
	(2/3) Block 10/28, mlp.gate_proj | Initialization via ADMM...
		ADMM weight recon error: raw=1147.7606, norm=0.3160, per_el=3.6486e-04, out_err=0.0646, ADMM time=1.13s
	(3/3) Block 10/28, mlp.gate_proj | Tuning Factorized Weights...
		(Epoch 01/08) Block Loss: 2.0981e-05
		(Epoch 02/08) Block Loss: 2.0447e-05
		(Epoch 03/08) Block Loss: 2.0321e-05
		(Epoch 04/08) Block Loss: 2.0284e-05
		(Epoch 05/08) Block Loss: 2.0269e-05
		(Epoch 06/08) Block Loss: 2.0216e-05
		(Epoch 07/08) Block Loss: 2.0160e-05
		(Epoch 08/08) Block Loss: 2.0028e-05
	(1/3) Block 10/28, mlp.up_proj | Tuning Non-Factorized Weights...
		(Epoch 01/08) Block Loss: 1.9709e-05
		(Epoch 02/08) Block Loss: 1.9418e-05
		(Epoch 03/08) Block Loss: 1.9270e-05
		(Epoch 04/08) Block Loss: 1.9178e-05
		(Epoch 05/08) Block Loss: 1.9106e-05
		(Epoch 06/08) Block Loss: 1.9058e-05
		(Epoch 07/08) Block Loss: 1.9029e-05
		(Epoch 08/08) Block Loss: 1.9017e-05
	(2/3) Block 10/28, mlp.up_proj | Initialization via ADMM...
		ADMM weight recon error: raw=838.2372, norm=0.3493, per_el=2.6647e-04, out_err=0.2148, ADMM time=1.43s
	(3/3) Block 10/28, mlp.up_proj | Tuning Factorized Weights...
		(Epoch 01/08) Block Loss: 2.4183e-05
		(Epoch 02/08) Block Loss: 2.3369e-05
		(Epoch 03/08) Block Loss: 2.3209e-05
		(Epoch 04/08) Block Loss: 2.3227e-05
		(Epoch 05/08) Block Loss: 2.3184e-05
		(Epoch 06/08) Block Loss: 2.2988e-05
		(Epoch 07/08) Block Loss: 2.3020e-05
		(Epoch 08/08) Block Loss: 2.2718e-05
	(1/3) Block 10/28, mlp.down_proj | Tuning Non-Factorized Weights...
		(Epoch 01/08) Block Loss: 2.2127e-05
		(Epoch 02/08) Block Loss: 2.1731e-05
		(Epoch 03/08) Block Loss: 2.1529e-05
		(Epoch 04/08) Block Loss: 2.1409e-05
		(Epoch 05/08) Block Loss: 2.1328e-05
		(Epoch 06/08) Block Loss: 2.1280e-05
		(Epoch 07/08) Block Loss: 2.1254e-05
		(Epoch 08/08) Block Loss: 2.1244e-05
	(2/3) Block 10/28, mlp.down_proj | Initialization via ADMM...
		ADMM weight recon error: raw=676.2191, norm=0.3251, per_el=2.1496e-04, out_err=0.2785, ADMM time=1.10s
	(3/3) Block 10/28, mlp.down_proj | Tuning Factorized Weights...
		(Epoch 01/08) Block Loss: 2.7313e-05
		(Epoch 02/08) Block Loss: 2.6812e-05
		(Epoch 03/08) Block Loss: 2.6856e-05
		(Epoch 04/08) Block Loss: 2.6876e-05
		(Epoch 05/08) Block Loss: 2.6887e-05
		(Epoch 06/08) Block Loss: 2.6736e-05
		(Epoch 07/08) Block Loss: 2.6692e-05
		(Epoch 08/08) Block Loss: 2.6398e-05
Using sequence length: 2048 (model max: 2048)
		Block 9 beta=1: block err = 0.0040, VALIDATION PPL = 18.344
Compressing Layers:  32%|█████████████████████████████████                                                                      | 9/28 [1:44:24<3:40:25, 696.09s/it]
Token indices sequence length is longer than the specified maximum sequence length for this model (299078 > 131072). Running this sequence through the model will result in indexing errors
		Block 9: chosen beta=0.25 (val ppl 18.243; candidates [(0.0, 18.335), (0.25, 18.243), (0.5, 18.344), (0.75, 18.317), (1.0, 18.344)])
		Block 9: relative block output error = 0.0038
Using sequence length: 2048 (model max: 2048)
		Block 9: Test Data PPL        = 17.688
Stopping after block 9 (block_indices=[0, 1, 2, 3, 4, 5, 6, 7, 8, 9])
mean weight err 0.3345 | mean out err 0.1126
Using sequence length: 2048 (model max: 2048)
Evaluating perplexity on wikitext2 - num_samples=146, seqlen=2048
Evaluating PPL for wikitext2 (PPL: N/A):   0%|                                                                                              | 0/146 [00:00<?, ?it/s]Evaluating PPL for wikitext2 (PPL: 12.5692):   0%|                                                                                          | 0/146 [00:00<?, ?it/s]Evaluating PPL for wikitext2 (PPL: 15.6426):   0%|                                                                                          | 0/146 [00:00<?, ?it/s]Evaluating PPL for wikitext2 (PPL: 18.5761):   0%|                                                                                          | 0/146 [00:00<?, ?it/s]Evaluating PPL for wikitext2 (PPL: 18.5761):   2%|█▋                                                                                | 3/146 [00:00<00:04, 29.56it/s]Evaluating PPL for wikitext2 (PPL: 19.3917):   2%|█▋                                                                                | 3/146 [00:00<00:04, 29.56it/s]Evaluating PPL for wikitext2 (PPL: 18.2881):   2%|█▋                                                                                | 3/146 [00:00<00:04, 29.56it/s]Evaluating PPL for wikitext2 (PPL: 16.3933):   2%|█▋                                                                                | 3/146 [00:00<00:04, 29.56it/s]Evaluating PPL for wikitext2 (PPL: 15.9601):   2%|█▋                                                                                | 3/146 [00:00<00:04, 29.56it/s]Evaluating PPL for wikitext2 (PPL: 15.9601):   5%|███▉                                                                              | 7/146 [00:00<00:04, 31.71it/s]Evaluating PPL for wikitext2 (PPL: 15.7653):   5%|███▉                                                                              | 7/146 [00:00<00:04, 31.71it/s]Evaluating PPL for wikitext2 (PPL: 15.9719):   5%|███▉                                                                              | 7/146 [00:00<00:04, 31.71it/s]Evaluating PPL for wikitext2 (PPL: 16.3167):   5%|███▉                                                                              | 7/146 [00:00<00:04, 31.71it/s]Evaluating PPL for wikitext2 (PPL: 16.2542):   5%|███▉                                                                              | 7/146 [00:00<00:04, 31.71it/s]Evaluating PPL for wikitext2 (PPL: 16.2542):   8%|██████                                                                           | 11/146 [00:00<00:04, 32.36it/s]Evaluating PPL for wikitext2 (PPL: 16.2446):   8%|██████                                                                           | 11/146 [00:00<00:04, 32.36it/s]Evaluating PPL for wikitext2 (PPL: 16.0040):   8%|██████                                                                           | 11/146 [00:00<00:04, 32.36it/s]Evaluating PPL for wikitext2 (PPL: 16.3203):   8%|██████                                                                           | 11/146 [00:00<00:04, 32.36it/s]Evaluating PPL for wikitext2 (PPL: 16.2912):   8%|██████                                                                           | 11/146 [00:00<00:04, 32.36it/s]Evaluating PPL for wikitext2 (PPL: 16.2912):  10%|████████▎                                                                        | 15/146 [00:00<00:04, 32.68it/s]Evaluating PPL for wikitext2 (PPL: 16.4094):  10%|████████▎                                                                        | 15/146 [00:00<00:04, 32.68it/s]Evaluating PPL for wikitext2 (PPL: 16.6209):  10%|████████▎                                                                        | 15/146 [00:00<00:04, 32.68it/s]Evaluating PPL for wikitext2 (PPL: 16.6370):  10%|████████▎                                                                        | 15/146 [00:00<00:04, 32.68it/s]Evaluating PPL for wikitext2 (PPL: 16.4338):  10%|████████▎                                                                        | 15/146 [00:00<00:04, 32.68it/s]Evaluating PPL for wikitext2 (PPL: 16.4338):  13%|██████████▌                                                                      | 19/146 [00:00<00:03, 32.85it/s]Evaluating PPL for wikitext2 (PPL: 16.1266):  13%|██████████▌                                                                      | 19/146 [00:00<00:03, 32.85it/s]Evaluating PPL for wikitext2 (PPL: 16.0673):  13%|██████████▌                                                                      | 19/146 [00:00<00:03, 32.85it/s]Evaluating PPL for wikitext2 (PPL: 16.3005):  13%|██████████▌                                                                      | 19/146 [00:00<00:03, 32.85it/s]Evaluating PPL for wikitext2 (PPL: 16.2934):  13%|██████████▌                                                                      | 19/146 [00:00<00:03, 32.85it/s]Evaluating PPL for wikitext2 (PPL: 16.2934):  16%|████████████▊                                                                    | 23/146 [00:00<00:03, 32.87it/s]Evaluating PPL for wikitext2 (PPL: 16.3827):  16%|████████████▊                                                                    | 23/146 [00:00<00:03, 32.87it/s]Evaluating PPL for wikitext2 (PPL: 16.4447):  16%|████████████▊                                                                    | 23/146 [00:00<00:03, 32.87it/s]Evaluating PPL for wikitext2 (PPL: 16.5716):  16%|████████████▊                                                                    | 23/146 [00:00<00:03, 32.87it/s]Evaluating PPL for wikitext2 (PPL: 16.6997):  16%|████████████▊                                                                    | 23/146 [00:00<00:03, 32.87it/s]Evaluating PPL for wikitext2 (PPL: 16.6997):  18%|██████████████▉                                                                  | 27/146 [00:00<00:03, 32.81it/s]Evaluating PPL for wikitext2 (PPL: 17.0084):  18%|██████████████▉                                                                  | 27/146 [00:00<00:03, 32.81it/s]Evaluating PPL for wikitext2 (PPL: 17.1431):  18%|██████████████▉                                                                  | 27/146 [00:00<00:03, 32.81it/s]Evaluating PPL for wikitext2 (PPL: 17.1532):  18%|██████████████▉                                                                  | 27/146 [00:00<00:03, 32.81it/s]Evaluating PPL for wikitext2 (PPL: 16.9992):  18%|██████████████▉                                                                  | 27/146 [00:00<00:03, 32.81it/s]Evaluating PPL for wikitext2 (PPL: 16.9992):  21%|█████████████████▏                                                               | 31/146 [00:00<00:03, 32.83it/s]Evaluating PPL for wikitext2 (PPL: 16.9799):  21%|█████████████████▏                                                               | 31/146 [00:00<00:03, 32.83it/s]Evaluating PPL for wikitext2 (PPL: 16.7305):  21%|█████████████████▏                                                               | 31/146 [00:01<00:03, 32.83it/s]Evaluating PPL for wikitext2 (PPL: 16.8284):  21%|█████████████████▏                                                               | 31/146 [00:01<00:03, 32.83it/s]Evaluating PPL for wikitext2 (PPL: 16.7634):  21%|█████████████████▏                                                               | 31/146 [00:01<00:03, 32.83it/s]Evaluating PPL for wikitext2 (PPL: 16.7634):  24%|███████████████████▍                                                             | 35/146 [00:01<00:03, 32.10it/s]Evaluating PPL for wikitext2 (PPL: 16.7312):  24%|███████████████████▍                                                             | 35/146 [00:01<00:03, 32.10it/s]Evaluating PPL for wikitext2 (PPL: 16.4627):  24%|███████████████████▍                                                             | 35/146 [00:01<00:03, 32.10it/s]Evaluating PPL for wikitext2 (PPL: 16.1990):  24%|███████████████████▍                                                             | 35/146 [00:01<00:03, 32.10it/s]Evaluating PPL for wikitext2 (PPL: 16.0425):  24%|███████████████████▍                                                             | 35/146 [00:01<00:03, 32.10it/s]Evaluating PPL for wikitext2 (PPL: 16.0425):  27%|█████████████████████▋                                                           | 39/146 [00:01<00:03, 32.10it/s]Evaluating PPL for wikitext2 (PPL: 15.7961):  27%|█████████████████████▋                                                           | 39/146 [00:01<00:03, 32.10it/s]Evaluating PPL for wikitext2 (PPL: 15.6725):  27%|█████████████████████▋                                                           | 39/146 [00:01<00:03, 32.10it/s]Evaluating PPL for wikitext2 (PPL: 15.6718):  27%|█████████████████████▋                                                           | 39/146 [00:01<00:03, 32.10it/s]Evaluating PPL for wikitext2 (PPL: 15.8486):  27%|█████████████████████▋                                                           | 39/146 [00:01<00:03, 32.10it/s]Evaluating PPL for wikitext2 (PPL: 15.8486):  29%|███████████████████████▊                                                         | 43/146 [00:01<00:03, 31.82it/s]Evaluating PPL for wikitext2 (PPL: 16.1392):  29%|███████████████████████▊                                                         | 43/146 [00:01<00:03, 31.82it/s]Evaluating PPL for wikitext2 (PPL: 16.3252):  29%|███████████████████████▊                                                         | 43/146 [00:01<00:03, 31.82it/s]Evaluating PPL for wikitext2 (PPL: 16.5219):  29%|███████████████████████▊                                                         | 43/146 [00:01<00:03, 31.82it/s]Evaluating PPL for wikitext2 (PPL: 16.6238):  29%|███████████████████████▊                                                         | 43/146 [00:01<00:03, 31.82it/s]Evaluating PPL for wikitext2 (PPL: 16.6238):  32%|██████████████████████████                                                       | 47/146 [00:01<00:03, 31.82it/s]Evaluating PPL for wikitext2 (PPL: 16.6895):  32%|██████████████████████████                                                       | 47/146 [00:01<00:03, 31.82it/s]Evaluating PPL for wikitext2 (PPL: 16.7473):  32%|██████████████████████████                                                       | 47/146 [00:01<00:03, 31.82it/s]Evaluating PPL for wikitext2 (PPL: 16.6827):  32%|██████████████████████████                                                       | 47/146 [00:01<00:03, 31.82it/s]Evaluating PPL for wikitext2 (PPL: 16.7385):  32%|██████████████████████████                                                       | 47/146 [00:01<00:03, 31.82it/s]Evaluating PPL for wikitext2 (PPL: 16.7385):  35%|████████████████████████████▎                                                    | 51/146 [00:01<00:02, 31.72it/s]Evaluating PPL for wikitext2 (PPL: 16.6365):  35%|████████████████████████████▎                                                    | 51/146 [00:01<00:02, 31.72it/s]Evaluating PPL for wikitext2 (PPL: 16.5731):  35%|████████████████████████████▎                                                    | 51/146 [00:01<00:02, 31.72it/s]Evaluating PPL for wikitext2 (PPL: 16.4361):  35%|████████████████████████████▎                                                    | 51/146 [00:01<00:02, 31.72it/s]Evaluating PPL for wikitext2 (PPL: 16.2866):  35%|████████████████████████████▎                                                    | 51/146 [00:01<00:02, 31.72it/s]Evaluating PPL for wikitext2 (PPL: 16.2866):  38%|██████████████████████████████▌                                                  | 55/146 [00:01<00:02, 31.97it/s]Evaluating PPL for wikitext2 (PPL: 16.1617):  38%|██████████████████████████████▌                                                  | 55/146 [00:01<00:02, 31.97it/s]Evaluating PPL for wikitext2 (PPL: 15.9938):  38%|██████████████████████████████▌                                                  | 55/146 [00:01<00:02, 31.97it/s]Evaluating PPL for wikitext2 (PPL: 15.8036):  38%|██████████████████████████████▌                                                  | 55/146 [00:01<00:02, 31.97it/s]Evaluating PPL for wikitext2 (PPL: 15.7424):  38%|██████████████████████████████▌                                                  | 55/146 [00:01<00:02, 31.97it/s]Evaluating PPL for wikitext2 (PPL: 15.7424):  40%|████████████████████████████████▋                                                | 59/146 [00:01<00:02, 32.03it/s]Evaluating PPL for wikitext2 (PPL: 15.7489):  40%|████████████████████████████████▋                                                | 59/146 [00:01<00:02, 32.03it/s]Evaluating PPL for wikitext2 (PPL: 15.7916):  40%|████████████████████████████████▋                                                | 59/146 [00:01<00:02, 32.03it/s]Evaluating PPL for wikitext2 (PPL: 15.9090):  40%|████████████████████████████████▋                                                | 59/146 [00:01<00:02, 32.03it/s]Evaluating PPL for wikitext2 (PPL: 16.3284):  40%|████████████████████████████████▋                                                | 59/146 [00:01<00:02, 32.03it/s]Evaluating PPL for wikitext2 (PPL: 16.3284):  43%|██████████████████████████████████▉                                              | 63/146 [00:01<00:02, 32.11it/s]Evaluating PPL for wikitext2 (PPL: 16.4575):  43%|██████████████████████████████████▉                                              | 63/146 [00:01<00:02, 32.11it/s]Evaluating PPL for wikitext2 (PPL: 16.4249):  43%|██████████████████████████████████▉                                              | 63/146 [00:02<00:02, 32.11it/s]Evaluating PPL for wikitext2 (PPL: 16.4089):  43%|██████████████████████████████████▉                                              | 63/146 [00:02<00:02, 32.11it/s]Evaluating PPL for wikitext2 (PPL: 16.5354):  43%|██████████████████████████████████▉                                              | 63/146 [00:02<00:02, 32.11it/s]Evaluating PPL for wikitext2 (PPL: 16.5354):  46%|█████████████████████████████████████▏                                           | 67/146 [00:02<00:02, 32.20it/s]Evaluating PPL for wikitext2 (PPL: 16.5409):  46%|█████████████████████████████████████▏                                           | 67/146 [00:02<00:02, 32.20it/s]Evaluating PPL for wikitext2 (PPL: 16.5425):  46%|█████████████████████████████████████▏                                           | 67/146 [00:02<00:02, 32.20it/s]Evaluating PPL for wikitext2 (PPL: 16.5219):  46%|█████████████████████████████████████▏                                           | 67/146 [00:02<00:02, 32.20it/s]Evaluating PPL for wikitext2 (PPL: 16.4802):  46%|█████████████████████████████████████▏                                           | 67/146 [00:02<00:02, 32.20it/s]Evaluating PPL for wikitext2 (PPL: 16.4802):  49%|███████████████████████████████████████▍                                         | 71/146 [00:02<00:02, 32.39it/s]Evaluating PPL for wikitext2 (PPL: 16.5076):  49%|███████████████████████████████████████▍                                         | 71/146 [00:02<00:02, 32.39it/s]Evaluating PPL for wikitext2 (PPL: 16.5626):  49%|███████████████████████████████████████▍                                         | 71/146 [00:02<00:02, 32.39it/s]Evaluating PPL for wikitext2 (PPL: 16.6691):  49%|███████████████████████████████████████▍                                         | 71/146 [00:02<00:02, 32.39it/s]Evaluating PPL for wikitext2 (PPL: 16.6897):  49%|███████████████████████████████████████▍                                         | 71/146 [00:02<00:02, 32.39it/s]Evaluating PPL for wikitext2 (PPL: 16.6897):  51%|█████████████████████████████████████████▌                                       | 75/146 [00:02<00:02, 32.54it/s]Evaluating PPL for wikitext2 (PPL: 16.6686):  51%|█████████████████████████████████████████▌                                       | 75/146 [00:02<00:02, 32.54it/s]Evaluating PPL for wikitext2 (PPL: 16.6481):  51%|█████████████████████████████████████████▌                                       | 75/146 [00:02<00:02, 32.54it/s]Evaluating PPL for wikitext2 (PPL: 16.6082):  51%|█████████████████████████████████████████▌                                       | 75/146 [00:02<00:02, 32.54it/s]Evaluating PPL for wikitext2 (PPL: 16.6153):  51%|█████████████████████████████████████████▌                                       | 75/146 [00:02<00:02, 32.54it/s]Evaluating PPL for wikitext2 (PPL: 16.6153):  54%|███████████████████████████████████████████▊                                     | 79/146 [00:02<00:02, 32.58it/s]Evaluating PPL for wikitext2 (PPL: 16.6548):  54%|███████████████████████████████████████████▊                                     | 79/146 [00:02<00:02, 32.58it/s]Evaluating PPL for wikitext2 (PPL: 16.6547):  54%|███████████████████████████████████████████▊                                     | 79/146 [00:02<00:02, 32.58it/s]Evaluating PPL for wikitext2 (PPL: 16.8301):  54%|███████████████████████████████████████████▊                                     | 79/146 [00:02<00:02, 32.58it/s]Evaluating PPL for wikitext2 (PPL: 16.7300):  54%|███████████████████████████████████████████▊                                     | 79/146 [00:02<00:02, 32.58it/s]Evaluating PPL for wikitext2 (PPL: 16.7300):  57%|██████████████████████████████████████████████                                   | 83/146 [00:02<00:01, 32.63it/s]Evaluating PPL for wikitext2 (PPL: 16.6422):  57%|██████████████████████████████████████████████                                   | 83/146 [00:02<00:01, 32.63it/s]Evaluating PPL for wikitext2 (PPL: 16.6240):  57%|██████████████████████████████████████████████                                   | 83/146 [00:02<00:01, 32.63it/s]Evaluating PPL for wikitext2 (PPL: 16.6001):  57%|██████████████████████████████████████████████                                   | 83/146 [00:02<00:01, 32.63it/s]Evaluating PPL for wikitext2 (PPL: 16.5739):  57%|██████████████████████████████████████████████                                   | 83/146 [00:02<00:01, 32.63it/s]Evaluating PPL for wikitext2 (PPL: 16.5739):  60%|████████████████████████████████████████████████▎                                | 87/146 [00:02<00:01, 32.73it/s]Evaluating PPL for wikitext2 (PPL: 16.5777):  60%|████████████████████████████████████████████████▎                                | 87/146 [00:02<00:01, 32.73it/s]Evaluating PPL for wikitext2 (PPL: 16.6515):  60%|████████████████████████████████████████████████▎                                | 87/146 [00:02<00:01, 32.73it/s]Evaluating PPL for wikitext2 (PPL: 16.6660):  60%|████████████████████████████████████████████████▎                                | 87/146 [00:02<00:01, 32.73it/s]Evaluating PPL for wikitext2 (PPL: 16.7203):  60%|████████████████████████████████████████████████▎                                | 87/146 [00:02<00:01, 32.73it/s]Evaluating PPL for wikitext2 (PPL: 16.7203):  62%|██████████████████████████████████████████████████▍                              | 91/146 [00:02<00:01, 32.82it/s]Evaluating PPL for wikitext2 (PPL: 16.8478):  62%|██████████████████████████████████████████████████▍                              | 91/146 [00:02<00:01, 32.82it/s]Evaluating PPL for wikitext2 (PPL: 16.9764):  62%|██████████████████████████████████████████████████▍                              | 91/146 [00:02<00:01, 32.82it/s]Evaluating PPL for wikitext2 (PPL: 17.0975):  62%|██████████████████████████████████████████████████▍                              | 91/146 [00:02<00:01, 32.82it/s]Evaluating PPL for wikitext2 (PPL: 17.1829):  62%|██████████████████████████████████████████████████▍                              | 91/146 [00:02<00:01, 32.82it/s]Evaluating PPL for wikitext2 (PPL: 17.1829):  65%|████████████████████████████████████████████████████▋                            | 95/146 [00:02<00:01, 32.82it/s]Evaluating PPL for wikitext2 (PPL: 17.2726):  65%|████████████████████████████████████████████████████▋                            | 95/146 [00:02<00:01, 32.82it/s]Evaluating PPL for wikitext2 (PPL: 17.2716):  65%|████████████████████████████████████████████████████▋                            | 95/146 [00:02<00:01, 32.82it/s]Evaluating PPL for wikitext2 (PPL: 17.3369):  65%|████████████████████████████████████████████████████▋                            | 95/146 [00:03<00:01, 32.82it/s]Evaluating PPL for wikitext2 (PPL: 17.3326):  65%|████████████████████████████████████████████████████▋                            | 95/146 [00:03<00:01, 32.82it/s]Evaluating PPL for wikitext2 (PPL: 17.3326):  68%|██████████████████████████████████████████████████████▉                          | 99/146 [00:03<00:01, 32.89it/s]Evaluating PPL for wikitext2 (PPL: 17.3663):  68%|██████████████████████████████████████████████████████▉                          | 99/146 [00:03<00:01, 32.89it/s]Evaluating PPL for wikitext2 (PPL: 17.3698):  68%|██████████████████████████████████████████████████████▉                          | 99/146 [00:03<00:01, 32.89it/s]Evaluating PPL for wikitext2 (PPL: 17.3573):  68%|██████████████████████████████████████████████████████▉                          | 99/146 [00:03<00:01, 32.89it/s]Evaluating PPL for wikitext2 (PPL: 17.3793):  68%|██████████████████████████████████████████████████████▉                          | 99/146 [00:03<00:01, 32.89it/s]Evaluating PPL for wikitext2 (PPL: 17.3793):  71%|████████████████████████████████████████████████████████▍                       | 103/146 [00:03<00:01, 32.92it/s]Evaluating PPL for wikitext2 (PPL: 17.3878):  71%|████████████████████████████████████████████████████████▍                       | 103/146 [00:03<00:01, 32.92it/s]Evaluating PPL for wikitext2 (PPL: 17.4273):  71%|████████████████████████████████████████████████████████▍                       | 103/146 [00:03<00:01, 32.92it/s]Evaluating PPL for wikitext2 (PPL: 17.4558):  71%|████████████████████████████████████████████████████████▍                       | 103/146 [00:03<00:01, 32.92it/s]Evaluating PPL for wikitext2 (PPL: 17.5400):  71%|████████████████████████████████████████████████████████▍                       | 103/146 [00:03<00:01, 32.92it/s]Evaluating PPL for wikitext2 (PPL: 17.5400):  73%|██████████████████████████████████████████████████████████▋                     | 107/146 [00:03<00:01, 32.93it/s]Evaluating PPL for wikitext2 (PPL: 17.5494):  73%|██████████████████████████████████████████████████████████▋                     | 107/146 [00:03<00:01, 32.93it/s]Evaluating PPL for wikitext2 (PPL: 17.5133):  73%|██████████████████████████████████████████████████████████▋                     | 107/146 [00:03<00:01, 32.93it/s]Evaluating PPL for wikitext2 (PPL: 17.5177):  73%|██████████████████████████████████████████████████████████▋                     | 107/146 [00:03<00:01, 32.93it/s]Evaluating PPL for wikitext2 (PPL: 17.5171):  73%|██████████████████████████████████████████████████████████▋                     | 107/146 [00:03<00:01, 32.93it/s]Evaluating PPL for wikitext2 (PPL: 17.5171):  76%|████████████████████████████████████████████████████████████▊                   | 111/146 [00:03<00:01, 32.98it/s]Evaluating PPL for wikitext2 (PPL: 17.4896):  76%|████████████████████████████████████████████████████████████▊                   | 111/146 [00:03<00:01, 32.98it/s]Evaluating PPL for wikitext2 (PPL: 17.4941):  76%|████████████████████████████████████████████████████████████▊                   | 111/146 [00:03<00:01, 32.98it/s]Evaluating PPL for wikitext2 (PPL: 17.4722):  76%|████████████████████████████████████████████████████████████▊                   | 111/146 [00:03<00:01, 32.98it/s]Evaluating PPL for wikitext2 (PPL: 17.4839):  76%|████████████████████████████████████████████████████████████▊                   | 111/146 [00:03<00:01, 32.98it/s]Evaluating PPL for wikitext2 (PPL: 17.4839):  79%|███████████████████████████████████████████████████████████████                 | 115/146 [00:03<00:00, 33.05it/s]Evaluating PPL for wikitext2 (PPL: 17.5118):  79%|███████████████████████████████████████████████████████████████                 | 115/146 [00:03<00:00, 33.05it/s]Evaluating PPL for wikitext2 (PPL: 17.5535):  79%|███████████████████████████████████████████████████████████████                 | 115/146 [00:03<00:00, 33.05it/s]Evaluating PPL for wikitext2 (PPL: 17.5642):  79%|███████████████████████████████████████████████████████████████                 | 115/146 [00:03<00:00, 33.05it/s]Evaluating PPL for wikitext2 (PPL: 17.5195):  79%|███████████████████████████████████████████████████████████████                 | 115/146 [00:03<00:00, 33.05it/s]Evaluating PPL for wikitext2 (PPL: 17.5195):  82%|█████████████████████████████████████████████████████████████████▏              | 119/146 [00:03<00:00, 33.05it/s]Evaluating PPL for wikitext2 (PPL: 17.4802):  82%|█████████████████████████████████████████████████████████████████▏              | 119/146 [00:03<00:00, 33.05it/s]Evaluating PPL for wikitext2 (PPL: 17.5138):  82%|█████████████████████████████████████████████████████████████████▏              | 119/146 [00:03<00:00, 33.05it/s]Evaluating PPL for wikitext2 (PPL: 17.7232):  82%|█████████████████████████████████████████████████████████████████▏              | 119/146 [00:03<00:00, 33.05it/s]Evaluating PPL for wikitext2 (PPL: 17.6625):  82%|█████████████████████████████████████████████████████████████████▏              | 119/146 [00:03<00:00, 33.05it/s]Evaluating PPL for wikitext2 (PPL: 17.6625):  84%|███████████████████████████████████████████████████████████████████▍            | 123/146 [00:03<00:00, 33.06it/s]Evaluating PPL for wikitext2 (PPL: 17.6163):  84%|███████████████████████████████████████████████████████████████████▍            | 123/146 [00:03<00:00, 33.06it/s]Evaluating PPL for wikitext2 (PPL: 17.7520):  84%|███████████████████████████████████████████████████████████████████▍            | 123/146 [00:03<00:00, 33.06it/s]Evaluating PPL for wikitext2 (PPL: 17.7738):  84%|███████████████████████████████████████████████████████████████████▍            | 123/146 [00:03<00:00, 33.06it/s]Evaluating PPL for wikitext2 (PPL: 17.7647):  84%|███████████████████████████████████████████████████████████████████▍            | 123/146 [00:03<00:00, 33.06it/s]Evaluating PPL for wikitext2 (PPL: 17.7647):  87%|█████████████████████████████████████████████████████████████████████▌          | 127/146 [00:03<00:00, 33.10it/s]Evaluating PPL for wikitext2 (PPL: 17.7449):  87%|█████████████████████████████████████████████████████████████████████▌          | 127/146 [00:03<00:00, 33.10it/s]Evaluating PPL for wikitext2 (PPL: 17.6911):  87%|█████████████████████████████████████████████████████████████████████▌          | 127/146 [00:03<00:00, 33.10it/s]Evaluating PPL for wikitext2 (PPL: 17.6404):  87%|█████████████████████████████████████████████████████████████████████▌          | 127/146 [00:03<00:00, 33.10it/s]Evaluating PPL for wikitext2 (PPL: 17.6053):  87%|█████████████████████████████████████████████████████████████████████▌          | 127/146 [00:04<00:00, 33.10it/s]Evaluating PPL for wikitext2 (PPL: 17.6053):  90%|███████████████████████████████████████████████████████████████████████▊        | 131/146 [00:04<00:00, 33.07it/s]Evaluating PPL for wikitext2 (PPL: 17.5979):  90%|███████████████████████████████████████████████████████████████████████▊        | 131/146 [00:04<00:00, 33.07it/s]Evaluating PPL for wikitext2 (PPL: 17.5699):  90%|███████████████████████████████████████████████████████████████████████▊        | 131/146 [00:04<00:00, 33.07it/s]Evaluating PPL for wikitext2 (PPL: 17.5445):  90%|███████████████████████████████████████████████████████████████████████▊        | 131/146 [00:04<00:00, 33.07it/s]Evaluating PPL for wikitext2 (PPL: 17.5783):  90%|███████████████████████████████████████████████████████████████████████▊        | 131/146 [00:04<00:00, 33.07it/s]Evaluating PPL for wikitext2 (PPL: 17.5783):  92%|█████████████████████████████████████████████████████████████████████████▉      | 135/146 [00:04<00:00, 32.99it/s]Evaluating PPL for wikitext2 (PPL: 17.5935):  92%|█████████████████████████████████████████████████████████████████████████▉      | 135/146 [00:04<00:00, 32.99it/s]Evaluating PPL for wikitext2 (PPL: 17.5364):  92%|█████████████████████████████████████████████████████████████████████████▉      | 135/146 [00:04<00:00, 32.99it/s]Evaluating PPL for wikitext2 (PPL: 17.4526):  92%|█████████████████████████████████████████████████████████████████████████▉      | 135/146 [00:04<00:00, 32.99it/s]Evaluating PPL for wikitext2 (PPL: 17.3840):  92%|█████████████████████████████████████████████████████████████████████████▉      | 135/146 [00:04<00:00, 32.99it/s]Evaluating PPL for wikitext2 (PPL: 17.3840):  95%|████████████████████████████████████████████████████████████████████████████▏   | 139/146 [00:04<00:00, 33.02it/s]Evaluating PPL for wikitext2 (PPL: 17.4487):  95%|████████████████████████████████████████████████████████████████████████████▏   | 139/146 [00:04<00:00, 33.02it/s]Evaluating PPL for wikitext2 (PPL: 17.4874):  95%|████████████████████████████████████████████████████████████████████████████▏   | 139/146 [00:04<00:00, 33.02it/s]Evaluating PPL for wikitext2 (PPL: 17.5218):  95%|████████████████████████████████████████████████████████████████████████████▏   | 139/146 [00:04<00:00, 33.02it/s]Evaluating PPL for wikitext2 (PPL: 17.6250):  95%|████████████████████████████████████████████████████████████████████████████▏   | 139/146 [00:04<00:00, 33.02it/s]Evaluating PPL for wikitext2 (PPL: 17.6250):  98%|██████████████████████████████████████████████████████████████████████████████▎ | 143/146 [00:04<00:00, 33.03it/s]Evaluating PPL for wikitext2 (PPL: 17.6410):  98%|██████████████████████████████████████████████████████████████████████████████▎ | 143/146 [00:04<00:00, 33.03it/s]Evaluating PPL for wikitext2 (PPL: 17.6701):  98%|██████████████████████████████████████████████████████████████████████████████▎ | 143/146 [00:04<00:00, 33.03it/s]Evaluating PPL for wikitext2 (PPL: 17.6875):  98%|██████████████████████████████████████████████████████████████████████████████▎ | 143/146 [00:04<00:00, 33.03it/s]Evaluating PPL for wikitext2 (PPL: 17.6875): 100%|████████████████████████████████████████████████████████████████████████████████| 146/146 [00:04<00:00, 32.61it/s]
Perplexity on wikitext2: 17.6875
{
 "arm": "cov",
 "eval": {
  "wikitext2": {
   "ppl": 17.687528610229492
  }
 },
 "mean_out_err": 0.11264793733773129,
 "mean_weight_err": 0.33451320973106724,
 "total_time": 6294.863081932068
}
