Token indices sequence length is longer than the specified maximum sequence length for this model (2518423 > 131072). Running this sequence through the model will result in indexing errors
Loading model 'Qwen/Qwen3-0.6B-Base'...
Qwen3ForCausalLM(
  (model): Qwen3Model(
    (embed_tokens): Embedding(151936, 1024)
    (layers): ModuleList(
      (0-27): 28 x Qwen3DecoderLayer(
        (self_attn): Qwen3Attention(
          (q_proj): Linear(in_features=1024, out_features=2048, bias=False)
          (k_proj): Linear(in_features=1024, out_features=1024, bias=False)
          (v_proj): Linear(in_features=1024, out_features=1024, bias=False)
          (o_proj): Linear(in_features=2048, out_features=1024, bias=False)
          (q_norm): Qwen3RMSNorm((128,), eps=1e-06)
          (k_norm): Qwen3RMSNorm((128,), eps=1e-06)
        )
        (mlp): Qwen3MLP(
          (gate_proj): Linear(in_features=1024, out_features=3072, bias=False)
          (up_proj): Linear(in_features=1024, out_features=3072, bias=False)
          (down_proj): Linear(in_features=3072, out_features=1024, bias=False)
          (act_fn): SiLUActivation()
        )
        (input_layernorm): Qwen3RMSNorm((1024,), eps=1e-06)
        (post_attention_layernorm): Qwen3RMSNorm((1024,), eps=1e-06)
      )
    )
    (norm): Qwen3RMSNorm((1024,), eps=1e-06)
    (rotary_emb): Qwen3RotaryEmbedding()
  )
  (lm_head): Linear(in_features=1024, out_features=151936, bias=False)
)
Rank calculation: Bits = (1.00), Scales: 2
factorized bpw = 0.9729
Loading model 'Qwen/Qwen3-0.6B-Base'...
Qwen3ForCausalLM(
  (model): Qwen3Model(
    (embed_tokens): Embedding(151936, 1024)
    (layers): ModuleList(
      (0-27): 28 x Qwen3DecoderLayer(
        (self_attn): Qwen3Attention(
          (q_proj): Linear(in_features=1024, out_features=2048, bias=False)
          (k_proj): Linear(in_features=1024, out_features=1024, bias=False)
          (v_proj): Linear(in_features=1024, out_features=1024, bias=False)
          (o_proj): Linear(in_features=2048, out_features=1024, bias=False)
          (q_norm): Qwen3RMSNorm((128,), eps=1e-06)
          (k_norm): Qwen3RMSNorm((128,), eps=1e-06)
        )
        (mlp): Qwen3MLP(
          (gate_proj): Linear(in_features=1024, out_features=3072, bias=False)
          (up_proj): Linear(in_features=1024, out_features=3072, bias=False)
          (down_proj): Linear(in_features=3072, out_features=1024, bias=False)
          (act_fn): SiLUActivation()
        )
        (input_layernorm): Qwen3RMSNorm((1024,), eps=1e-06)
        (post_attention_layernorm): Qwen3RMSNorm((1024,), eps=1e-06)
      )
    )
    (norm): Qwen3RMSNorm((1024,), eps=1e-06)
    (rotary_emb): Qwen3RotaryEmbedding()
  )
  (lm_head): Linear(in_features=1024, out_features=151936, bias=False)
)

Processing dataset: Salesforce/wikitext (config: wikitext-2-raw-v1)
Attempting to generate 128 samples...
Applying special handling for wikitext: concatenating all documents.
Slicing concatenated wikitext:   0%|                                                                                                        | 0/128 [00:00<?, ?it/s]Slicing concatenated wikitext:  36%|█████████████████████████████████▊                                                            | 46/128 [00:00<00:00, 456.84it/s]Slicing concatenated wikitext: 100%|████████████████████████████████████████████████████████████████████████████████████████████| 128/128 [00:00<00:00, 1217.00it/s]

Shuffling the final combined dataset (128 samples)...

Creating Hugging Face Dataset...
Calibration dataloader created with shape: torch.Size([128, 2048])
Loading cached calibration statistics from stats_q06.pt
Applying covariance shrinkage (strength: 0.4)...
Attaching statistics to 196 layers...
Registered i_norm and o_norm buffers to 196 layers
Rank calculation: Bits = (1.00), Scales: 2
Caching initial inputs & kwargs using Catcher...
Capturing inputs...
Initial input caching finished.
Compressing Layers:   0%|                                                                                                                    | 0/28 [00:00<?, ?it/s]Token indices sequence length is longer than the specified maximum sequence length for this model (299078 > 131072). Running this sequence through the model will result in indexing errors
Compressing Layers:   4%|███▊                                                                                                     | 1/28 [02:26<1:06:00, 146.70s/it]	(1/3) Block 1/28, self_attn.q_proj | Tuning Non-Factorized Weights...
		(Epoch 01/08) Block Loss: 0.0000e+00
		(Epoch 02/08) Block Loss: 0.0000e+00
		(Epoch 03/08) Block Loss: 0.0000e+00
		(Epoch 04/08) Block Loss: 0.0000e+00
		(Epoch 05/08) Block Loss: 0.0000e+00
		(Epoch 06/08) Block Loss: 0.0000e+00
		(Epoch 07/08) Block Loss: 0.0000e+00
		(Epoch 08/08) Block Loss: 0.0000e+00
	(2/3) Block 1/28, self_attn.q_proj | Initialization via ADMM...
		ADMM weight recon error: raw=713.6555, norm=0.3379, per_el=3.4030e-04, out_err=0.0322, ADMM time=6.00s
	(3/3) Block 1/28, self_attn.q_proj | Tuning Factorized Weights...
		(Epoch 01/08) Block Loss: 3.0047e-06
		(Epoch 02/08) Block Loss: 2.2422e-06
		(Epoch 03/08) Block Loss: 1.8597e-06
		(Epoch 04/08) Block Loss: 1.6358e-06
		(Epoch 05/08) Block Loss: 1.4924e-06
		(Epoch 06/08) Block Loss: 1.4041e-06
		(Epoch 07/08) Block Loss: 1.3474e-06
		(Epoch 08/08) Block Loss: 1.3077e-06
	(1/3) Block 1/28, self_attn.v_proj | Tuning Non-Factorized Weights...
		(Epoch 01/08) Block Loss: 1.7326e-06
		(Epoch 02/08) Block Loss: 1.2579e-06
		(Epoch 03/08) Block Loss: 9.5991e-07
		(Epoch 04/08) Block Loss: 8.3439e-07
		(Epoch 05/08) Block Loss: 7.5914e-07
		(Epoch 06/08) Block Loss: 6.5174e-07
		(Epoch 07/08) Block Loss: 6.1230e-07
		(Epoch 08/08) Block Loss: 5.9942e-07
	(2/3) Block 1/28, self_attn.v_proj | Initialization via ADMM...
		ADMM weight recon error: raw=304.3663, norm=0.3984, per_el=2.9027e-04, out_err=0.1718, ADMM time=11.35s
	(3/3) Block 1/28, self_attn.v_proj | Tuning Factorized Weights...
		(Epoch 01/08) Block Loss: 6.3279e-05
		(Epoch 02/08) Block Loss: 6.1098e-05
		(Epoch 03/08) Block Loss: 6.0967e-05
		(Epoch 04/08) Block Loss: 6.1581e-05
		(Epoch 05/08) Block Loss: 6.2709e-05
		(Epoch 06/08) Block Loss: 6.3205e-05
		(Epoch 07/08) Block Loss: 6.3937e-05
		(Epoch 08/08) Block Loss: 6.2016e-05
	(1/3) Block 1/28, self_attn.o_proj | Tuning Non-Factorized Weights...
		(Epoch 01/08) Block Loss: 4.6824e-05
		(Epoch 02/08) Block Loss: 3.4755e-05
		(Epoch 03/08) Block Loss: 2.9539e-05
		(Epoch 04/08) Block Loss: 2.6691e-05
		(Epoch 05/08) Block Loss: 2.4959e-05
		(Epoch 06/08) Block Loss: 2.3986e-05
		(Epoch 07/08) Block Loss: 2.3499e-05
		(Epoch 08/08) Block Loss: 2.3335e-05
	(2/3) Block 1/28, self_attn.o_proj | Initialization via ADMM...
		ADMM weight recon error: raw=620.8516, norm=0.4311, per_el=2.9605e-04, out_err=0.0871, ADMM time=6.24s
	(3/3) Block 1/28, self_attn.o_proj | Tuning Factorized Weights...
		(Epoch 01/08) Block Loss: 6.5509e-05
		(Epoch 02/08) Block Loss: 6.2264e-05
		(Epoch 03/08) Block Loss: 6.1095e-05
		(Epoch 04/08) Block Loss: 6.1288e-05
		(Epoch 05/08) Block Loss: 6.1515e-05
		(Epoch 06/08) Block Loss: 6.1491e-05
		(Epoch 07/08) Block Loss: 6.1943e-05
		(Epoch 08/08) Block Loss: 6.0528e-05
	(1/3) Block 1/28, self_attn.k_proj | Tuning Non-Factorized Weights...
		(Epoch 01/08) Block Loss: 5.0297e-05
		(Epoch 02/08) Block Loss: 4.1922e-05
		(Epoch 03/08) Block Loss: 3.7886e-05
		(Epoch 04/08) Block Loss: 3.5540e-05
		(Epoch 05/08) Block Loss: 3.4062e-05
		(Epoch 06/08) Block Loss: 3.3211e-05
		(Epoch 07/08) Block Loss: 3.2783e-05
		(Epoch 08/08) Block Loss: 3.2640e-05
	(2/3) Block 1/28, self_attn.k_proj | Initialization via ADMM...
		ADMM weight recon error: raw=325.6815, norm=0.3218, per_el=3.1059e-04, out_err=0.0240, ADMM time=11.35s
	(3/3) Block 1/28, self_attn.k_proj | Tuning Factorized Weights...
		(Epoch 01/08) Block Loss: 3.4881e-05
		(Epoch 02/08) Block Loss: 3.4499e-05
		(Epoch 03/08) Block Loss: 3.4279e-05
		(Epoch 04/08) Block Loss: 3.4126e-05
		(Epoch 05/08) Block Loss: 3.4020e-05
		(Epoch 06/08) Block Loss: 3.3954e-05
		(Epoch 07/08) Block Loss: 3.3917e-05
		(Epoch 08/08) Block Loss: 3.3899e-05
	(1/3) Block 1/28, mlp.gate_proj | Tuning Non-Factorized Weights...
		(Epoch 01/08) Block Loss: 3.3344e-05
		(Epoch 02/08) Block Loss: 3.1290e-05
		(Epoch 03/08) Block Loss: 2.9926e-05
		(Epoch 04/08) Block Loss: 2.9010e-05
		(Epoch 05/08) Block Loss: 2.8352e-05
		(Epoch 06/08) Block Loss: 2.7950e-05
		(Epoch 07/08) Block Loss: 2.7733e-05
		(Epoch 08/08) Block Loss: 2.7652e-05
	(2/3) Block 1/28, mlp.gate_proj | Initialization via ADMM...
		ADMM weight recon error: raw=1533.9293, norm=0.3474, per_el=4.8762e-04, out_err=0.0378, ADMM time=7.16s
	(3/3) Block 1/28, mlp.gate_proj | Tuning Factorized Weights...
		(Epoch 01/08) Block Loss: 3.9115e-05
		(Epoch 02/08) Block Loss: 3.6779e-05
		(Epoch 03/08) Block Loss: 3.6249e-05
		(Epoch 04/08) Block Loss: 3.6105e-05
		(Epoch 05/08) Block Loss: 3.6065e-05
		(Epoch 06/08) Block Loss: 3.5984e-05
		(Epoch 07/08) Block Loss: 3.5867e-05
		(Epoch 08/08) Block Loss: 3.5478e-05
	(1/3) Block 1/28, mlp.up_proj | Tuning Non-Factorized Weights...
		(Epoch 01/08) Block Loss: 3.3419e-05
		(Epoch 02/08) Block Loss: 3.1730e-05
		(Epoch 03/08) Block Loss: 3.0825e-05
		(Epoch 04/08) Block Loss: 3.0249e-05
		(Epoch 05/08) Block Loss: 2.9828e-05
		(Epoch 06/08) Block Loss: 2.9569e-05
		(Epoch 07/08) Block Loss: 2.9424e-05
		(Epoch 08/08) Block Loss: 2.9368e-05
	(2/3) Block 1/28, mlp.up_proj | Initialization via ADMM...
		ADMM weight recon error: raw=859.1246, norm=0.3703, per_el=2.7311e-04, out_err=0.1464, ADMM time=7.54s
	(3/3) Block 1/28, mlp.up_proj | Tuning Factorized Weights...
		(Epoch 01/08) Block Loss: 4.9240e-05
		(Epoch 02/08) Block Loss: 4.6253e-05
		(Epoch 03/08) Block Loss: 4.5445e-05
		(Epoch 04/08) Block Loss: 4.5284e-05
		(Epoch 05/08) Block Loss: 4.5470e-05
		(Epoch 06/08) Block Loss: 4.5093e-05
		(Epoch 07/08) Block Loss: 4.5082e-05
		(Epoch 08/08) Block Loss: 4.4131e-05
	(1/3) Block 1/28, mlp.down_proj | Tuning Non-Factorized Weights...
		(Epoch 01/08) Block Loss: 4.0445e-05
		(Epoch 02/08) Block Loss: 3.8408e-05
		(Epoch 03/08) Block Loss: 3.7417e-05
		(Epoch 04/08) Block Loss: 3.6839e-05
		(Epoch 05/08) Block Loss: 3.6458e-05
		(Epoch 06/08) Block Loss: 3.6238e-05
		(Epoch 07/08) Block Loss: 3.6123e-05
		(Epoch 08/08) Block Loss: 3.6082e-05
	(2/3) Block 1/28, mlp.down_proj | Initialization via ADMM...
		ADMM weight recon error: raw=928.8204, norm=0.3819, per_el=2.9526e-04, out_err=0.1478, ADMM time=7.62s
	(3/3) Block 1/28, mlp.down_proj | Tuning Factorized Weights...
		(Epoch 01/08) Block Loss: 6.6960e-05
		(Epoch 02/08) Block Loss: 6.6134e-05
		(Epoch 03/08) Block Loss: 6.6763e-05
		(Epoch 04/08) Block Loss: 6.7408e-05
		(Epoch 05/08) Block Loss: 6.9055e-05
		(Epoch 06/08) Block Loss: 6.7531e-05
		(Epoch 07/08) Block Loss: 6.9055e-05
		(Epoch 08/08) Block Loss: 6.7083e-05
		Block 0: relative block output error = 0.1076
Using sequence length: 2048 (model max: 2048)
		Block 0: Test Data PPL        = 16.592
	(1/3) Block 2/28, self_attn.q_proj | Tuning Non-Factorized Weights...
		(Epoch 01/08) Block Loss: 2.7724e-05
		(Epoch 02/08) Block Loss: 2.3944e-05
		(Epoch 03/08) Block Loss: 2.2209e-05
		(Epoch 04/08) Block Loss: 2.1224e-05
		(Epoch 05/08) Block Loss: 2.0541e-05
		(Epoch 06/08) Block Loss: 2.0132e-05
		(Epoch 07/08) Block Loss: 1.9919e-05
		(Epoch 08/08) Block Loss: 1.9841e-05
	(2/3) Block 2/28, self_attn.q_proj | Initialization via ADMM...
		ADMM weight recon error: raw=605.5232, norm=0.2980, per_el=2.8874e-04, out_err=0.0464, ADMM time=6.58s
	(3/3) Block 2/28, self_attn.q_proj | Tuning Factorized Weights...
		(Epoch 01/08) Block Loss: 2.0327e-05
		(Epoch 02/08) Block Loss: 2.0200e-05
		(Epoch 03/08) Block Loss: 2.0142e-05
		(Epoch 04/08) Block Loss: 2.0102e-05
		(Epoch 05/08) Block Loss: 2.0075e-05
		(Epoch 06/08) Block Loss: 2.0054e-05
		(Epoch 07/08) Block Loss: 2.0039e-05
		(Epoch 08/08) Block Loss: 2.0026e-05
	(1/3) Block 2/28, self_attn.v_proj | Tuning Non-Factorized Weights...
		(Epoch 01/08) Block Loss: 1.9988e-05
		(Epoch 02/08) Block Loss: 1.9031e-05
		(Epoch 03/08) Block Loss: 1.8418e-05
		(Epoch 04/08) Block Loss: 1.7978e-05
		(Epoch 05/08) Block Loss: 1.7666e-05
		(Epoch 06/08) Block Loss: 1.7441e-05
		(Epoch 07/08) Block Loss: 1.7320e-05
		(Epoch 08/08) Block Loss: 1.7272e-05
	(2/3) Block 2/28, self_attn.v_proj | Initialization via ADMM...
		ADMM weight recon error: raw=327.9796, norm=0.3744, per_el=3.1279e-04, out_err=0.1436, ADMM time=12.31s
	(3/3) Block 2/28, self_attn.v_proj | Tuning Factorized Weights...
Token indices sequence length is longer than the specified maximum sequence length for this model (299078 > 131072). Running this sequence through the model will result in indexing errors
Compressing Layers:   7%|███████▌                                                                                                 | 2/28 [05:01<1:05:38, 151.48s/it]		(Epoch 01/08) Block Loss: 1.9098e-05
		(Epoch 02/08) Block Loss: 1.8934e-05
		(Epoch 03/08) Block Loss: 1.8893e-05
		(Epoch 04/08) Block Loss: 1.8910e-05
		(Epoch 05/08) Block Loss: 1.8904e-05
		(Epoch 06/08) Block Loss: 1.8907e-05
		(Epoch 07/08) Block Loss: 1.8907e-05
		(Epoch 08/08) Block Loss: 1.8831e-05
	(1/3) Block 2/28, self_attn.o_proj | Tuning Non-Factorized Weights...
		(Epoch 01/08) Block Loss: 1.8523e-05
		(Epoch 02/08) Block Loss: 1.7808e-05
		(Epoch 03/08) Block Loss: 1.7390e-05
		(Epoch 04/08) Block Loss: 1.7094e-05
		(Epoch 05/08) Block Loss: 1.6876e-05
		(Epoch 06/08) Block Loss: 1.6719e-05
		(Epoch 07/08) Block Loss: 1.6632e-05
		(Epoch 08/08) Block Loss: 1.6597e-05
	(2/3) Block 2/28, self_attn.o_proj | Initialization via ADMM...
		ADMM weight recon error: raw=514.9298, norm=0.3301, per_el=2.4554e-04, out_err=0.0725, ADMM time=3.41s
	(3/3) Block 2/28, self_attn.o_proj | Tuning Factorized Weights...
		(Epoch 01/08) Block Loss: 1.8462e-05
		(Epoch 02/08) Block Loss: 1.8375e-05
		(Epoch 03/08) Block Loss: 1.8390e-05
		(Epoch 04/08) Block Loss: 1.8445e-05
		(Epoch 05/08) Block Loss: 1.8493e-05
		(Epoch 06/08) Block Loss: 1.8491e-05
		(Epoch 07/08) Block Loss: 1.8500e-05
		(Epoch 08/08) Block Loss: 1.8376e-05
	(1/3) Block 2/28, self_attn.k_proj | Tuning Non-Factorized Weights...
		(Epoch 01/08) Block Loss: 1.7987e-05
		(Epoch 02/08) Block Loss: 1.7395e-05
		(Epoch 03/08) Block Loss: 1.7078e-05
		(Epoch 04/08) Block Loss: 1.6864e-05
		(Epoch 05/08) Block Loss: 1.6694e-05
		(Epoch 06/08) Block Loss: 1.6583e-05
		(Epoch 07/08) Block Loss: 1.6517e-05
		(Epoch 08/08) Block Loss: 1.6488e-05
	(2/3) Block 2/28, self_attn.k_proj | Initialization via ADMM...
		ADMM weight recon error: raw=291.7863, norm=0.3214, per_el=2.7827e-04, out_err=0.0379, ADMM time=11.97s
	(3/3) Block 2/28, self_attn.k_proj | Tuning Factorized Weights...
		(Epoch 01/08) Block Loss: 1.6928e-05
		(Epoch 02/08) Block Loss: 1.6844e-05
		(Epoch 03/08) Block Loss: 1.6807e-05
		(Epoch 04/08) Block Loss: 1.6787e-05
		(Epoch 05/08) Block Loss: 1.6774e-05
		(Epoch 06/08) Block Loss: 1.6765e-05
		(Epoch 07/08) Block Loss: 1.6756e-05
		(Epoch 08/08) Block Loss: 1.6748e-05
	(1/3) Block 2/28, mlp.gate_proj | Tuning Non-Factorized Weights...
		(Epoch 01/08) Block Loss: 1.6883e-05
		(Epoch 02/08) Block Loss: 1.6579e-05
		(Epoch 03/08) Block Loss: 1.6374e-05
		(Epoch 04/08) Block Loss: 1.6230e-05
		(Epoch 05/08) Block Loss: 1.6107e-05
		(Epoch 06/08) Block Loss: 1.6023e-05
		(Epoch 07/08) Block Loss: 1.5970e-05
		(Epoch 08/08) Block Loss: 1.5946e-05
	(2/3) Block 2/28, mlp.gate_proj | Initialization via ADMM...
		ADMM weight recon error: raw=2209.2817, norm=0.3577, per_el=7.0231e-04, out_err=0.0179, ADMM time=8.16s
	(3/3) Block 2/28, mlp.gate_proj | Tuning Factorized Weights...
		(Epoch 01/08) Block Loss: 2.2550e-05
		(Epoch 02/08) Block Loss: 2.1267e-05
		(Epoch 03/08) Block Loss: 2.0880e-05
		(Epoch 04/08) Block Loss: 2.0716e-05
		(Epoch 05/08) Block Loss: 2.0634e-05
		(Epoch 06/08) Block Loss: 2.0572e-05
		(Epoch 07/08) Block Loss: 2.0516e-05
		(Epoch 08/08) Block Loss: 2.0370e-05
	(1/3) Block 2/28, mlp.up_proj | Tuning Non-Factorized Weights...
		(Epoch 01/08) Block Loss: 1.9588e-05
		(Epoch 02/08) Block Loss: 1.8907e-05
		(Epoch 03/08) Block Loss: 1.8590e-05
		(Epoch 04/08) Block Loss: 1.8402e-05
		(Epoch 05/08) Block Loss: 1.8259e-05
		(Epoch 06/08) Block Loss: 1.8168e-05
		(Epoch 07/08) Block Loss: 1.8114e-05
		(Epoch 08/08) Block Loss: 1.8091e-05
	(2/3) Block 2/28, mlp.up_proj | Initialization via ADMM...
		ADMM weight recon error: raw=679.0575, norm=0.3597, per_el=2.1587e-04, out_err=0.1582, ADMM time=7.25s
	(3/3) Block 2/28, mlp.up_proj | Tuning Factorized Weights...
		(Epoch 01/08) Block Loss: 2.7450e-05
		(Epoch 02/08) Block Loss: 2.6212e-05
		(Epoch 03/08) Block Loss: 2.5841e-05
		(Epoch 04/08) Block Loss: 2.5735e-05
		(Epoch 05/08) Block Loss: 2.5678e-05
		(Epoch 06/08) Block Loss: 2.5584e-05
		(Epoch 07/08) Block Loss: 2.5463e-05
		(Epoch 08/08) Block Loss: 2.5188e-05
	(1/3) Block 2/28, mlp.down_proj | Tuning Non-Factorized Weights...
		(Epoch 01/08) Block Loss: 2.3746e-05
		(Epoch 02/08) Block Loss: 2.2877e-05
		(Epoch 03/08) Block Loss: 2.2469e-05
		(Epoch 04/08) Block Loss: 2.2239e-05
		(Epoch 05/08) Block Loss: 2.2087e-05
		(Epoch 06/08) Block Loss: 2.1998e-05
		(Epoch 07/08) Block Loss: 2.1951e-05
		(Epoch 08/08) Block Loss: 2.1933e-05
	(2/3) Block 2/28, mlp.down_proj | Initialization via ADMM...
		ADMM weight recon error: raw=687.9540, norm=0.3755, per_el=2.1869e-04, out_err=0.1393, ADMM time=8.00s
	(3/3) Block 2/28, mlp.down_proj | Tuning Factorized Weights...
		(Epoch 01/08) Block Loss: 3.3162e-05
		(Epoch 02/08) Block Loss: 3.3118e-05
		(Epoch 03/08) Block Loss: 3.3567e-05
		(Epoch 04/08) Block Loss: 3.4382e-05
		(Epoch 05/08) Block Loss: 3.4271e-05
		(Epoch 06/08) Block Loss: 3.4436e-05
		(Epoch 07/08) Block Loss: 3.4106e-05
		(Epoch 08/08) Block Loss: 3.3661e-05
		Block 1: relative block output error = 0.0860
Using sequence length: 2048 (model max: 2048)
		Block 1: Test Data PPL        = 14.193
	(1/3) Block 3/28, self_attn.q_proj | Tuning Non-Factorized Weights...
		(Epoch 01/08) Block Loss: 5.2907e-05
		(Epoch 02/08) Block Loss: 3.2530e-05
		(Epoch 03/08) Block Loss: 2.6415e-05
		(Epoch 04/08) Block Loss: 2.3799e-05
		(Epoch 05/08) Block Loss: 2.2263e-05
		(Epoch 06/08) Block Loss: 2.1736e-05
		(Epoch 07/08) Block Loss: 2.1374e-05
		(Epoch 08/08) Block Loss: 2.1231e-05
	(2/3) Block 3/28, self_attn.q_proj | Initialization via ADMM...
		ADMM weight recon error: raw=555.7034, norm=0.2859, per_el=2.6498e-04, out_err=0.0474, ADMM time=6.98s
	(3/3) Block 3/28, self_attn.q_proj | Tuning Factorized Weights...
		(Epoch 01/08) Block Loss: 2.2083e-05
		(Epoch 02/08) Block Loss: 2.1715e-05
		(Epoch 03/08) Block Loss: 2.1664e-05
		(Epoch 04/08) Block Loss: 2.1632e-05
		(Epoch 05/08) Block Loss: 2.1610e-05
		(Epoch 06/08) Block Loss: 2.1594e-05
		(Epoch 07/08) Block Loss: 2.1582e-05
		(Epoch 08/08) Block Loss: 2.1571e-05
	(1/3) Block 3/28, self_attn.v_proj | Tuning Non-Factorized Weights...
		(Epoch 01/08) Block Loss: 2.7056e-05
		(Epoch 02/08) Block Loss: 2.5964e-05
		(Epoch 03/08) Block Loss: 2.2610e-05
		(Epoch 04/08) Block Loss: 2.1757e-05
		(Epoch 05/08) Block Loss: 2.0153e-05
		(Epoch 06/08) Block Loss: 1.9537e-05
		(Epoch 07/08) Block Loss: 1.9198e-05
		(Epoch 08/08) Block Loss: 1.9121e-05
	(2/3) Block 3/28, self_attn.v_proj | Initialization via ADMM...
		ADMM weight recon error: raw=300.9471, norm=0.3617, per_el=2.8701e-04, out_err=0.1437, ADMM time=11.85s
	(3/3) Block 3/28, self_attn.v_proj | Tuning Factorized Weights...
		(Epoch 01/08) Block Loss: 2.8010e-04
		(Epoch 02/08) Block Loss: 3.2242e-05
		(Epoch 03/08) Block Loss: 2.5971e-05
		(Epoch 04/08) Block Loss: 2.3405e-05
		(Epoch 05/08) Block Loss: 2.2413e-05
		(Epoch 06/08) Block Loss: 2.2056e-05
		(Epoch 07/08) Block Loss: 2.1816e-05
		(Epoch 08/08) Block Loss: 2.1852e-05
	(1/3) Block 3/28, self_attn.o_proj | Tuning Non-Factorized Weights...
		(Epoch 01/08) Block Loss: 2.4100e-05
		(Epoch 02/08) Block Loss: 2.2190e-05
		(Epoch 03/08) Block Loss: 2.0688e-05
		(Epoch 04/08) Block Loss: 1.9816e-05
		(Epoch 05/08) Block Loss: 1.9295e-05
		(Epoch 06/08) Block Loss: 1.9014e-05
		(Epoch 07/08) Block Loss: 1.8828e-05
		(Epoch 08/08) Block Loss: 1.8669e-05
	(2/3) Block 3/28, self_attn.o_proj | Initialization via ADMM...
		ADMM weight recon error: raw=467.8532, norm=0.3304, per_el=2.2309e-04, out_err=0.0767, ADMM time=6.62s
	(3/3) Block 3/28, self_attn.o_proj | Tuning Factorized Weights...
		(Epoch 01/08) Block Loss: 2.1780e-05
		(Epoch 02/08) Block Loss: 2.0753e-05
		(Epoch 03/08) Block Loss: 2.0700e-05
		(Epoch 04/08) Block Loss: 2.0579e-05
		(Epoch 05/08) Block Loss: 2.0491e-05
		(Epoch 06/08) Block Loss: 2.0397e-05
		(Epoch 07/08) Block Loss: 2.0327e-05
		(Epoch 08/08) Block Loss: 2.0312e-05
	(1/3) Block 3/28, self_attn.k_proj | Tuning Non-Factorized Weights...
		(Epoch 01/08) Block Loss: 2.0364e-05
		(Epoch 02/08) Block Loss: 1.9469e-05
		(Epoch 03/08) Block Loss: 1.9089e-05
		(Epoch 04/08) Block Loss: 1.8873e-05
		(Epoch 05/08) Block Loss: 1.8707e-05
		(Epoch 06/08) Block Loss: 1.8529e-05
Token indices sequence length is longer than the specified maximum sequence length for this model (299078 > 131072). Running this sequence through the model will result in indexing errors
Compressing Layers:  11%|███████████▎                                                                                             | 3/28 [07:33<1:03:07, 151.50s/it]		(Epoch 07/08) Block Loss: 1.8487e-05
		(Epoch 08/08) Block Loss: 1.8392e-05
	(2/3) Block 3/28, self_attn.k_proj | Initialization via ADMM...
		ADMM weight recon error: raw=268.4378, norm=0.3136, per_el=2.5600e-04, out_err=0.0373, ADMM time=12.06s
	(3/3) Block 3/28, self_attn.k_proj | Tuning Factorized Weights...
		(Epoch 01/08) Block Loss: 1.8861e-05
		(Epoch 02/08) Block Loss: 1.8785e-05
		(Epoch 03/08) Block Loss: 1.8748e-05
		(Epoch 04/08) Block Loss: 1.8725e-05
		(Epoch 05/08) Block Loss: 1.8712e-05
		(Epoch 06/08) Block Loss: 1.8702e-05
		(Epoch 07/08) Block Loss: 1.8696e-05
		(Epoch 08/08) Block Loss: 1.8690e-05
	(1/3) Block 3/28, mlp.gate_proj | Tuning Non-Factorized Weights...
		(Epoch 01/08) Block Loss: 1.9171e-05
		(Epoch 02/08) Block Loss: 1.8722e-05
		(Epoch 03/08) Block Loss: 1.8511e-05
		(Epoch 04/08) Block Loss: 1.8272e-05
		(Epoch 05/08) Block Loss: 1.8093e-05
		(Epoch 06/08) Block Loss: 1.7964e-05
		(Epoch 07/08) Block Loss: 1.7900e-05
		(Epoch 08/08) Block Loss: 1.7866e-05
	(2/3) Block 3/28, mlp.gate_proj | Initialization via ADMM...
		ADMM weight recon error: raw=1747.7539, norm=0.3414, per_el=5.5560e-04, out_err=0.0263, ADMM time=7.36s
	(3/3) Block 3/28, mlp.gate_proj | Tuning Factorized Weights...
		(Epoch 01/08) Block Loss: 7.1000e-05
		(Epoch 02/08) Block Loss: 2.4476e-05
		(Epoch 03/08) Block Loss: 2.3901e-05
		(Epoch 04/08) Block Loss: 2.3615e-05
		(Epoch 05/08) Block Loss: 2.3417e-05
		(Epoch 06/08) Block Loss: 2.3356e-05
		(Epoch 07/08) Block Loss: 2.3244e-05
		(Epoch 08/08) Block Loss: 2.3070e-05
	(1/3) Block 3/28, mlp.up_proj | Tuning Non-Factorized Weights...
		(Epoch 01/08) Block Loss: 2.2659e-05
		(Epoch 02/08) Block Loss: 2.1654e-05
		(Epoch 03/08) Block Loss: 2.1361e-05
		(Epoch 04/08) Block Loss: 2.1066e-05
		(Epoch 05/08) Block Loss: 2.0881e-05
		(Epoch 06/08) Block Loss: 2.0794e-05
		(Epoch 07/08) Block Loss: 2.0665e-05
		(Epoch 08/08) Block Loss: 2.0696e-05
	(2/3) Block 3/28, mlp.up_proj | Initialization via ADMM...
		ADMM weight recon error: raw=681.4254, norm=0.3549, per_el=2.1662e-04, out_err=0.1680, ADMM time=7.56s
	(3/3) Block 3/28, mlp.up_proj | Tuning Factorized Weights...
		(Epoch 01/08) Block Loss: 4.1575e-05
		(Epoch 02/08) Block Loss: 2.9642e-05
		(Epoch 03/08) Block Loss: 2.9146e-05
		(Epoch 04/08) Block Loss: 2.8973e-05
		(Epoch 05/08) Block Loss: 2.8793e-05
		(Epoch 06/08) Block Loss: 2.8760e-05
		(Epoch 07/08) Block Loss: 2.8632e-05
		(Epoch 08/08) Block Loss: 2.8325e-05
	(1/3) Block 3/28, mlp.down_proj | Tuning Non-Factorized Weights...
		(Epoch 01/08) Block Loss: 2.7303e-05
		(Epoch 02/08) Block Loss: 2.6280e-05
		(Epoch 03/08) Block Loss: 2.5849e-05
		(Epoch 04/08) Block Loss: 2.5576e-05
		(Epoch 05/08) Block Loss: 2.5403e-05
		(Epoch 06/08) Block Loss: 2.5297e-05
		(Epoch 07/08) Block Loss: 2.5240e-05
		(Epoch 08/08) Block Loss: 2.5213e-05
	(2/3) Block 3/28, mlp.down_proj | Initialization via ADMM...
		ADMM weight recon error: raw=738.7009, norm=0.3738, per_el=2.3483e-04, out_err=0.1671, ADMM time=7.77s
	(3/3) Block 3/28, mlp.down_proj | Tuning Factorized Weights...
		(Epoch 01/08) Block Loss: 4.9068e-04
		(Epoch 02/08) Block Loss: 4.2730e-04
		(Epoch 03/08) Block Loss: 3.7970e-04
		(Epoch 04/08) Block Loss: 3.4318e-04
		(Epoch 05/08) Block Loss: 3.1994e-04
		(Epoch 06/08) Block Loss: 3.0715e-04
		(Epoch 07/08) Block Loss: 2.9911e-04
		(Epoch 08/08) Block Loss: 2.9695e-04
		Block 2: relative block output error = 0.0058
Using sequence length: 2048 (model max: 2048)
		Block 2: Test Data PPL        = 16.029
	(1/3) Block 4/28, self_attn.q_proj | Tuning Non-Factorized Weights...
		(Epoch 01/08) Block Loss: 2.0073e-04
		(Epoch 02/08) Block Loss: 1.9530e-04
		(Epoch 03/08) Block Loss: 1.8835e-04
		(Epoch 04/08) Block Loss: 1.7535e-04
		(Epoch 05/08) Block Loss: 1.5933e-04
		(Epoch 06/08) Block Loss: 1.4704e-04
		(Epoch 07/08) Block Loss: 1.4070e-04
		(Epoch 08/08) Block Loss: 1.3874e-04
	(2/3) Block 4/28, self_attn.q_proj | Initialization via ADMM...
		ADMM weight recon error: raw=581.6968, norm=0.2968, per_el=2.7737e-04, out_err=0.0388, ADMM time=6.73s
	(3/3) Block 4/28, self_attn.q_proj | Tuning Factorized Weights...
		(Epoch 01/08) Block Loss: 1.3959e-04
		(Epoch 02/08) Block Loss: 1.3929e-04
		(Epoch 03/08) Block Loss: 1.3913e-04
		(Epoch 04/08) Block Loss: 1.3904e-04
		(Epoch 05/08) Block Loss: 1.3895e-04
		(Epoch 06/08) Block Loss: 1.3890e-04
		(Epoch 07/08) Block Loss: 1.3886e-04
		(Epoch 08/08) Block Loss: 1.3884e-04
	(1/3) Block 4/28, self_attn.v_proj | Tuning Non-Factorized Weights...
		(Epoch 01/08) Block Loss: 1.2705e-04
		(Epoch 02/08) Block Loss: 1.0622e-04
		(Epoch 03/08) Block Loss: 8.8394e-05
		(Epoch 04/08) Block Loss: 7.5055e-05
		(Epoch 05/08) Block Loss: 6.5606e-05
		(Epoch 06/08) Block Loss: 5.9941e-05
		(Epoch 07/08) Block Loss: 5.7280e-05
		(Epoch 08/08) Block Loss: 5.6384e-05
	(2/3) Block 4/28, self_attn.v_proj | Initialization via ADMM...
		ADMM weight recon error: raw=355.1884, norm=0.3338, per_el=3.3873e-04, out_err=0.1476, ADMM time=9.20s
	(3/3) Block 4/28, self_attn.v_proj | Tuning Factorized Weights...
		(Epoch 01/08) Block Loss: 6.4555e-05
		(Epoch 02/08) Block Loss: 5.4715e-05
		(Epoch 03/08) Block Loss: 4.8032e-05
		(Epoch 04/08) Block Loss: 4.5307e-05
		(Epoch 05/08) Block Loss: 4.4395e-05
		(Epoch 06/08) Block Loss: 4.3714e-05
		(Epoch 07/08) Block Loss: 4.3466e-05
		(Epoch 08/08) Block Loss: 4.3343e-05
	(1/3) Block 4/28, self_attn.o_proj | Tuning Non-Factorized Weights...
		(Epoch 01/08) Block Loss: 5.6226e-05
		(Epoch 02/08) Block Loss: 4.3610e-05
		(Epoch 03/08) Block Loss: 3.8925e-05
		(Epoch 04/08) Block Loss: 3.6929e-05
		(Epoch 05/08) Block Loss: 3.5904e-05
		(Epoch 06/08) Block Loss: 3.5246e-05
		(Epoch 07/08) Block Loss: 3.4894e-05
		(Epoch 08/08) Block Loss: 3.4770e-05
	(2/3) Block 4/28, self_attn.o_proj | Initialization via ADMM...
		ADMM weight recon error: raw=559.0724, norm=0.2986, per_el=2.6659e-04, out_err=0.0767, ADMM time=6.14s
	(3/3) Block 4/28, self_attn.o_proj | Tuning Factorized Weights...
		(Epoch 01/08) Block Loss: 5.0679e-05
		(Epoch 02/08) Block Loss: 3.6961e-05
		(Epoch 03/08) Block Loss: 3.4338e-05
		(Epoch 04/08) Block Loss: 3.3550e-05
		(Epoch 05/08) Block Loss: 3.3266e-05
		(Epoch 06/08) Block Loss: 3.2921e-05
		(Epoch 07/08) Block Loss: 3.2729e-05
		(Epoch 08/08) Block Loss: 3.2485e-05
	(1/3) Block 4/28, self_attn.k_proj | Tuning Non-Factorized Weights...
		(Epoch 01/08) Block Loss: 3.1291e-05
		(Epoch 02/08) Block Loss: 2.9514e-05
		(Epoch 03/08) Block Loss: 2.8680e-05
		(Epoch 04/08) Block Loss: 2.8231e-05
		(Epoch 05/08) Block Loss: 2.7813e-05
		(Epoch 06/08) Block Loss: 2.7555e-05
		(Epoch 07/08) Block Loss: 2.7431e-05
		(Epoch 08/08) Block Loss: 2.7366e-05
	(2/3) Block 4/28, self_attn.k_proj | Initialization via ADMM...
		ADMM weight recon error: raw=279.3801, norm=0.3132, per_el=2.6644e-04, out_err=0.0596, ADMM time=11.83s
	(3/3) Block 4/28, self_attn.k_proj | Tuning Factorized Weights...
		(Epoch 01/08) Block Loss: 5.1642e-03
		(Epoch 02/08) Block Loss: 7.1616e-05
		(Epoch 03/08) Block Loss: 4.4877e-05
		(Epoch 04/08) Block Loss: 3.9279e-05
		(Epoch 05/08) Block Loss: 3.6891e-05
		(Epoch 06/08) Block Loss: 3.6142e-05
		(Epoch 07/08) Block Loss: 3.5648e-05
		(Epoch 08/08) Block Loss: 3.5384e-05
	(1/3) Block 4/28, mlp.gate_proj | Tuning Non-Factorized Weights...
		(Epoch 01/08) Block Loss: 3.3029e-05
		(Epoch 02/08) Block Loss: 3.1483e-05
		(Epoch 03/08) Block Loss: 3.0880e-05
		(Epoch 04/08) Block Loss: 3.0516e-05
		(Epoch 05/08) Block Loss: 3.0243e-05
		(Epoch 06/08) Block Loss: 3.0061e-05
		(Epoch 07/08) Block Loss: 2.9950e-05
		(Epoch 08/08) Block Loss: 2.9903e-05
	(2/3) Block 4/28, mlp.gate_proj | Initialization via ADMM...
		ADMM weight recon error: raw=1900.5242, norm=0.3556, per_el=6.0416e-04, out_err=0.0310, ADMM time=7.47s
	(3/3) Block 4/28, mlp.gate_proj | Tuning Factorized Weights...
		(Epoch 01/08) Block Loss: 4.0959e-05
		(Epoch 02/08) Block Loss: 3.5727e-05
		(Epoch 03/08) Block Loss: 3.4605e-05
		(Epoch 04/08) Block Loss: 3.4164e-05
		(Epoch 05/08) Block Loss: 3.3938e-05
		(Epoch 06/08) Block Loss: 3.3818e-05
		(Epoch 07/08) Block Loss: 3.3715e-05
		(Epoch 08/08) Block Loss: 3.3576e-05
Token indices sequence length is longer than the specified maximum sequence length for this model (299078 > 131072). Running this sequence through the model will result in indexing errors
Compressing Layers:  14%|███████████████▎                                                                                           | 4/28 [09:59<59:45, 149.38s/it]	(1/3) Block 4/28, mlp.up_proj | Tuning Non-Factorized Weights...
		(Epoch 01/08) Block Loss: 3.3337e-05
		(Epoch 02/08) Block Loss: 3.2647e-05
		(Epoch 03/08) Block Loss: 3.2256e-05
		(Epoch 04/08) Block Loss: 3.2006e-05
		(Epoch 05/08) Block Loss: 3.1813e-05
		(Epoch 06/08) Block Loss: 3.1681e-05
		(Epoch 07/08) Block Loss: 3.1601e-05
		(Epoch 08/08) Block Loss: 3.1567e-05
	(2/3) Block 4/28, mlp.up_proj | Initialization via ADMM...
		ADMM weight recon error: raw=761.9590, norm=0.3608, per_el=2.4222e-04, out_err=0.1413, ADMM time=7.91s
	(3/3) Block 4/28, mlp.up_proj | Tuning Factorized Weights...
		(Epoch 01/08) Block Loss: 4.9261e-05
		(Epoch 02/08) Block Loss: 4.0216e-05
		(Epoch 03/08) Block Loss: 3.9494e-05
		(Epoch 04/08) Block Loss: 3.9252e-05
		(Epoch 05/08) Block Loss: 3.9102e-05
		(Epoch 06/08) Block Loss: 3.9004e-05
		(Epoch 07/08) Block Loss: 3.8879e-05
		(Epoch 08/08) Block Loss: 3.8584e-05
	(1/3) Block 4/28, mlp.down_proj | Tuning Non-Factorized Weights...
		(Epoch 01/08) Block Loss: 3.7501e-05
		(Epoch 02/08) Block Loss: 3.6656e-05
		(Epoch 03/08) Block Loss: 3.6201e-05
		(Epoch 04/08) Block Loss: 3.5921e-05
		(Epoch 05/08) Block Loss: 3.5736e-05
		(Epoch 06/08) Block Loss: 3.5622e-05
		(Epoch 07/08) Block Loss: 3.5564e-05
		(Epoch 08/08) Block Loss: 3.5540e-05
	(2/3) Block 4/28, mlp.down_proj | Initialization via ADMM...
		ADMM weight recon error: raw=791.6597, norm=0.3585, per_el=2.5166e-04, out_err=0.1467, ADMM time=8.14s
	(3/3) Block 4/28, mlp.down_proj | Tuning Factorized Weights...
		(Epoch 01/08) Block Loss: 4.9616e-05
		(Epoch 02/08) Block Loss: 4.7103e-05
		(Epoch 03/08) Block Loss: 4.6808e-05
		(Epoch 04/08) Block Loss: 4.7393e-05
		(Epoch 05/08) Block Loss: 4.7613e-05
		(Epoch 06/08) Block Loss: 4.7373e-05
		(Epoch 07/08) Block Loss: 4.7609e-05
		(Epoch 08/08) Block Loss: 4.6945e-05
		Block 3: relative block output error = 0.0014
Using sequence length: 2048 (model max: 2048)
		Block 3: Test Data PPL        = 20.036
	(1/3) Block 5/28, self_attn.q_proj | Tuning Non-Factorized Weights...
		(Epoch 01/08) Block Loss: 3.5566e-05
		(Epoch 02/08) Block Loss: 3.2223e-05
		(Epoch 03/08) Block Loss: 3.0476e-05
		(Epoch 04/08) Block Loss: 2.9319e-05
		(Epoch 05/08) Block Loss: 2.8581e-05
		(Epoch 06/08) Block Loss: 2.8131e-05
		(Epoch 07/08) Block Loss: 2.7899e-05
		(Epoch 08/08) Block Loss: 2.7814e-05
	(2/3) Block 5/28, self_attn.q_proj | Initialization via ADMM...
		ADMM weight recon error: raw=597.8052, norm=0.3221, per_el=2.8506e-04, out_err=0.0458, ADMM time=6.40s
	(3/3) Block 5/28, self_attn.q_proj | Tuning Factorized Weights...
		(Epoch 01/08) Block Loss: 2.8783e-05
		(Epoch 02/08) Block Loss: 2.8524e-05
		(Epoch 03/08) Block Loss: 2.8415e-05
		(Epoch 04/08) Block Loss: 2.8347e-05
		(Epoch 05/08) Block Loss: 2.8305e-05
		(Epoch 06/08) Block Loss: 2.8271e-05
		(Epoch 07/08) Block Loss: 2.8252e-05
		(Epoch 08/08) Block Loss: 2.8237e-05
	(1/3) Block 5/28, self_attn.v_proj | Tuning Non-Factorized Weights...
		(Epoch 01/08) Block Loss: 2.8315e-05
		(Epoch 02/08) Block Loss: 2.7322e-05
		(Epoch 03/08) Block Loss: 2.6548e-05
		(Epoch 04/08) Block Loss: 2.6023e-05
		(Epoch 05/08) Block Loss: 2.5644e-05
		(Epoch 06/08) Block Loss: 2.5402e-05
		(Epoch 07/08) Block Loss: 2.5264e-05
		(Epoch 08/08) Block Loss: 2.5210e-05
	(2/3) Block 5/28, self_attn.v_proj | Initialization via ADMM...
		ADMM weight recon error: raw=357.5354, norm=0.3804, per_el=3.4097e-04, out_err=0.1869, ADMM time=11.72s
	(3/3) Block 5/28, self_attn.v_proj | Tuning Factorized Weights...
		(Epoch 01/08) Block Loss: 2.9884e-05
		(Epoch 02/08) Block Loss: 2.8857e-05
		(Epoch 03/08) Block Loss: 2.8620e-05
		(Epoch 04/08) Block Loss: 2.8504e-05
		(Epoch 05/08) Block Loss: 2.8446e-05
		(Epoch 06/08) Block Loss: 2.8411e-05
		(Epoch 07/08) Block Loss: 2.8392e-05
		(Epoch 08/08) Block Loss: 2.8355e-05
	(1/3) Block 5/28, self_attn.o_proj | Tuning Non-Factorized Weights...
		(Epoch 01/08) Block Loss: 2.7749e-05
		(Epoch 02/08) Block Loss: 2.6714e-05
		(Epoch 03/08) Block Loss: 2.6110e-05
		(Epoch 04/08) Block Loss: 2.5723e-05
		(Epoch 05/08) Block Loss: 2.5443e-05
		(Epoch 06/08) Block Loss: 2.5247e-05
		(Epoch 07/08) Block Loss: 2.5137e-05
		(Epoch 08/08) Block Loss: 2.5092e-05
	(2/3) Block 5/28, self_attn.o_proj | Initialization via ADMM...
		ADMM weight recon error: raw=556.8181, norm=0.3515, per_el=2.6551e-04, out_err=0.1455, ADMM time=6.69s
	(3/3) Block 5/28, self_attn.o_proj | Tuning Factorized Weights...
		(Epoch 01/08) Block Loss: 2.8103e-05
		(Epoch 02/08) Block Loss: 2.7883e-05
		(Epoch 03/08) Block Loss: 2.7833e-05
		(Epoch 04/08) Block Loss: 2.7879e-05
		(Epoch 05/08) Block Loss: 2.7878e-05
		(Epoch 06/08) Block Loss: 2.7817e-05
		(Epoch 07/08) Block Loss: 2.7839e-05
		(Epoch 08/08) Block Loss: 2.7683e-05
	(1/3) Block 5/28, self_attn.k_proj | Tuning Non-Factorized Weights...
		(Epoch 01/08) Block Loss: 2.7236e-05
		(Epoch 02/08) Block Loss: 2.6446e-05
		(Epoch 03/08) Block Loss: 2.6028e-05
		(Epoch 04/08) Block Loss: 2.5752e-05
		(Epoch 05/08) Block Loss: 2.5540e-05
		(Epoch 06/08) Block Loss: 2.5400e-05
		(Epoch 07/08) Block Loss: 2.5316e-05
		(Epoch 08/08) Block Loss: 2.5280e-05
	(2/3) Block 5/28, self_attn.k_proj | Initialization via ADMM...
		ADMM weight recon error: raw=277.7041, norm=0.3214, per_el=2.6484e-04, out_err=0.0435, ADMM time=12.40s
	(3/3) Block 5/28, self_attn.k_proj | Tuning Factorized Weights...
		(Epoch 01/08) Block Loss: 2.8612e-05
		(Epoch 02/08) Block Loss: 2.6630e-05
		(Epoch 03/08) Block Loss: 2.6080e-05
		(Epoch 04/08) Block Loss: 2.5921e-05
		(Epoch 05/08) Block Loss: 2.5858e-05
		(Epoch 06/08) Block Loss: 2.5831e-05
		(Epoch 07/08) Block Loss: 2.5814e-05
		(Epoch 08/08) Block Loss: 2.5803e-05
	(1/3) Block 5/28, mlp.gate_proj | Tuning Non-Factorized Weights...
		(Epoch 01/08) Block Loss: 2.5947e-05
		(Epoch 02/08) Block Loss: 2.5544e-05
		(Epoch 03/08) Block Loss: 2.5290e-05
		(Epoch 04/08) Block Loss: 2.5114e-05
		(Epoch 05/08) Block Loss: 2.4964e-05
		(Epoch 06/08) Block Loss: 2.4864e-05
		(Epoch 07/08) Block Loss: 2.4800e-05
		(Epoch 08/08) Block Loss: 2.4771e-05
	(2/3) Block 5/28, mlp.gate_proj | Initialization via ADMM...
		ADMM weight recon error: raw=1644.6750, norm=0.3569, per_el=5.2283e-04, out_err=0.0345, ADMM time=7.49s
	(3/3) Block 5/28, mlp.gate_proj | Tuning Factorized Weights...
		(Epoch 01/08) Block Loss: 3.0865e-05
		(Epoch 02/08) Block Loss: 2.9614e-05
		(Epoch 03/08) Block Loss: 2.9279e-05
		(Epoch 04/08) Block Loss: 2.9142e-05
		(Epoch 05/08) Block Loss: 2.9075e-05
		(Epoch 06/08) Block Loss: 2.9018e-05
		(Epoch 07/08) Block Loss: 2.8954e-05
		(Epoch 08/08) Block Loss: 2.8826e-05
	(1/3) Block 5/28, mlp.up_proj | Tuning Non-Factorized Weights...
		(Epoch 01/08) Block Loss: 2.8288e-05
		(Epoch 02/08) Block Loss: 2.7696e-05
		(Epoch 03/08) Block Loss: 2.7398e-05
		(Epoch 04/08) Block Loss: 2.7215e-05
		(Epoch 05/08) Block Loss: 2.7072e-05
		(Epoch 06/08) Block Loss: 2.6981e-05
		(Epoch 07/08) Block Loss: 2.6924e-05
		(Epoch 08/08) Block Loss: 2.6899e-05
	(2/3) Block 5/28, mlp.up_proj | Initialization via ADMM...
		ADMM weight recon error: raw=769.7147, norm=0.3672, per_el=2.4469e-04, out_err=0.1639, ADMM time=7.58s
	(3/3) Block 5/28, mlp.up_proj | Tuning Factorized Weights...
		(Epoch 01/08) Block Loss: 3.6419e-05
		(Epoch 02/08) Block Loss: 3.5466e-05
		(Epoch 03/08) Block Loss: 3.5228e-05
		(Epoch 04/08) Block Loss: 3.5173e-05
		(Epoch 05/08) Block Loss: 3.5147e-05
		(Epoch 06/08) Block Loss: 3.5078e-05
		(Epoch 07/08) Block Loss: 3.5005e-05
		(Epoch 08/08) Block Loss: 3.4632e-05
	(1/3) Block 5/28, mlp.down_proj | Tuning Non-Factorized Weights...
		(Epoch 01/08) Block Loss: 3.3295e-05
		(Epoch 02/08) Block Loss: 3.2434e-05
		(Epoch 03/08) Block Loss: 3.2012e-05
		(Epoch 04/08) Block Loss: 3.1770e-05
		(Epoch 05/08) Block Loss: 3.1610e-05
		(Epoch 06/08) Block Loss: 3.1517e-05
		(Epoch 07/08) Block Loss: 3.1467e-05
		(Epoch 08/08) Block Loss: 3.1448e-05
	(2/3) Block 5/28, mlp.down_proj | Initialization via ADMM...
		ADMM weight recon error: raw=747.2878, norm=0.3707, per_el=2.3756e-04, out_err=0.1741, ADMM time=8.13s
	(3/3) Block 5/28, mlp.down_proj | Tuning Factorized Weights...
Token indices sequence length is longer than the specified maximum sequence length for this model (299078 > 131072). Running this sequence through the model will result in indexing errors
Compressing Layers:  18%|███████████████████                                                                                        | 5/28 [12:28<57:11, 149.20s/it]Token indices sequence length is longer than the specified maximum sequence length for this model (299078 > 131072). Running this sequence through the model will result in indexing errors
Compressing Layers:  21%|██████████████████████▉                                                                                    | 6/28 [14:53<54:12, 147.82s/it]		(Epoch 01/08) Block Loss: 4.4260e-05
		(Epoch 02/08) Block Loss: 4.4272e-05
		(Epoch 03/08) Block Loss: 4.4757e-05
		(Epoch 04/08) Block Loss: 4.5227e-05
		(Epoch 05/08) Block Loss: 4.5309e-05
		(Epoch 06/08) Block Loss: 4.5394e-05
		(Epoch 07/08) Block Loss: 4.5517e-05
		(Epoch 08/08) Block Loss: 4.4968e-05
		Block 4: relative block output error = 0.0016
Using sequence length: 2048 (model max: 2048)
		Block 4: Test Data PPL        = 20.004
	(1/3) Block 6/28, self_attn.q_proj | Tuning Non-Factorized Weights...
		(Epoch 01/08) Block Loss: 3.4987e-05
		(Epoch 02/08) Block Loss: 3.1919e-05
		(Epoch 03/08) Block Loss: 3.0391e-05
		(Epoch 04/08) Block Loss: 2.9456e-05
		(Epoch 05/08) Block Loss: 2.8832e-05
		(Epoch 06/08) Block Loss: 2.8456e-05
		(Epoch 07/08) Block Loss: 2.8255e-05
		(Epoch 08/08) Block Loss: 2.8181e-05
	(2/3) Block 6/28, self_attn.q_proj | Initialization via ADMM...
		ADMM weight recon error: raw=612.4681, norm=0.3062, per_el=2.9205e-04, out_err=0.0467, ADMM time=6.56s
	(3/3) Block 6/28, self_attn.q_proj | Tuning Factorized Weights...
		(Epoch 01/08) Block Loss: 2.9021e-05
		(Epoch 02/08) Block Loss: 2.8800e-05
		(Epoch 03/08) Block Loss: 2.8711e-05
		(Epoch 04/08) Block Loss: 2.8657e-05
		(Epoch 05/08) Block Loss: 2.8620e-05
		(Epoch 06/08) Block Loss: 2.8593e-05
		(Epoch 07/08) Block Loss: 2.8575e-05
		(Epoch 08/08) Block Loss: 2.8559e-05
	(1/3) Block 6/28, self_attn.v_proj | Tuning Non-Factorized Weights...
		(Epoch 01/08) Block Loss: 2.8536e-05
		(Epoch 02/08) Block Loss: 2.7604e-05
		(Epoch 03/08) Block Loss: 2.6986e-05
		(Epoch 04/08) Block Loss: 2.6568e-05
		(Epoch 05/08) Block Loss: 2.6242e-05
		(Epoch 06/08) Block Loss: 2.6036e-05
		(Epoch 07/08) Block Loss: 2.5917e-05
		(Epoch 08/08) Block Loss: 2.5870e-05
	(2/3) Block 6/28, self_attn.v_proj | Initialization via ADMM...
		ADMM weight recon error: raw=320.7243, norm=0.3764, per_el=3.0587e-04, out_err=0.1705, ADMM time=8.67s
	(3/3) Block 6/28, self_attn.v_proj | Tuning Factorized Weights...
		(Epoch 01/08) Block Loss: 3.0312e-05
		(Epoch 02/08) Block Loss: 2.9084e-05
		(Epoch 03/08) Block Loss: 2.8839e-05
		(Epoch 04/08) Block Loss: 2.8723e-05
		(Epoch 05/08) Block Loss: 2.8655e-05
		(Epoch 06/08) Block Loss: 2.8615e-05
		(Epoch 07/08) Block Loss: 2.8596e-05
		(Epoch 08/08) Block Loss: 2.8567e-05
	(1/3) Block 6/28, self_attn.o_proj | Tuning Non-Factorized Weights...
		(Epoch 01/08) Block Loss: 2.8002e-05
		(Epoch 02/08) Block Loss: 2.7113e-05
		(Epoch 03/08) Block Loss: 2.6633e-05
		(Epoch 04/08) Block Loss: 2.6316e-05
		(Epoch 05/08) Block Loss: 2.6070e-05
		(Epoch 06/08) Block Loss: 2.5912e-05
		(Epoch 07/08) Block Loss: 2.5819e-05
		(Epoch 08/08) Block Loss: 2.5780e-05
	(2/3) Block 6/28, self_attn.o_proj | Initialization via ADMM...
		ADMM weight recon error: raw=584.9983, norm=0.3731, per_el=2.7895e-04, out_err=0.1331, ADMM time=6.35s
	(3/3) Block 6/28, self_attn.o_proj | Tuning Factorized Weights...
		(Epoch 01/08) Block Loss: 2.9124e-05
		(Epoch 02/08) Block Loss: 2.9013e-05
		(Epoch 03/08) Block Loss: 2.9070e-05
		(Epoch 04/08) Block Loss: 2.9189e-05
		(Epoch 05/08) Block Loss: 2.9224e-05
		(Epoch 06/08) Block Loss: 2.9251e-05
		(Epoch 07/08) Block Loss: 2.9231e-05
		(Epoch 08/08) Block Loss: 2.9104e-05
	(1/3) Block 6/28, self_attn.k_proj | Tuning Non-Factorized Weights...
		(Epoch 01/08) Block Loss: 2.8324e-05
		(Epoch 02/08) Block Loss: 2.7525e-05
		(Epoch 03/08) Block Loss: 2.7121e-05
		(Epoch 04/08) Block Loss: 2.6863e-05
		(Epoch 05/08) Block Loss: 2.6665e-05
		(Epoch 06/08) Block Loss: 2.6539e-05
		(Epoch 07/08) Block Loss: 2.6463e-05
		(Epoch 08/08) Block Loss: 2.6431e-05
	(2/3) Block 6/28, self_attn.k_proj | Initialization via ADMM...
		ADMM weight recon error: raw=274.8359, norm=0.3241, per_el=2.6210e-04, out_err=0.0499, ADMM time=11.96s
	(3/3) Block 6/28, self_attn.k_proj | Tuning Factorized Weights...
		(Epoch 01/08) Block Loss: 2.8771e-05
		(Epoch 02/08) Block Loss: 2.7365e-05
		(Epoch 03/08) Block Loss: 2.7028e-05
		(Epoch 04/08) Block Loss: 2.6947e-05
		(Epoch 05/08) Block Loss: 2.6910e-05
		(Epoch 06/08) Block Loss: 2.6890e-05
		(Epoch 07/08) Block Loss: 2.6878e-05
		(Epoch 08/08) Block Loss: 2.6867e-05
	(1/3) Block 6/28, mlp.gate_proj | Tuning Non-Factorized Weights...
		(Epoch 01/08) Block Loss: 2.6994e-05
		(Epoch 02/08) Block Loss: 2.6645e-05
		(Epoch 03/08) Block Loss: 2.6422e-05
		(Epoch 04/08) Block Loss: 2.6268e-05
		(Epoch 05/08) Block Loss: 2.6136e-05
		(Epoch 06/08) Block Loss: 2.6047e-05
		(Epoch 07/08) Block Loss: 2.5990e-05
		(Epoch 08/08) Block Loss: 2.5965e-05
	(2/3) Block 6/28, mlp.gate_proj | Initialization via ADMM...
		ADMM weight recon error: raw=1319.8312, norm=0.3510, per_el=4.1956e-04, out_err=0.0506, ADMM time=7.20s
	(3/3) Block 6/28, mlp.gate_proj | Tuning Factorized Weights...
		(Epoch 01/08) Block Loss: 3.1088e-05
		(Epoch 02/08) Block Loss: 3.0492e-05
		(Epoch 03/08) Block Loss: 3.0361e-05
		(Epoch 04/08) Block Loss: 3.0328e-05
		(Epoch 05/08) Block Loss: 3.0323e-05
		(Epoch 06/08) Block Loss: 3.0307e-05
		(Epoch 07/08) Block Loss: 3.0263e-05
		(Epoch 08/08) Block Loss: 3.0104e-05
	(1/3) Block 6/28, mlp.up_proj | Tuning Non-Factorized Weights...
		(Epoch 01/08) Block Loss: 2.9468e-05
		(Epoch 02/08) Block Loss: 2.8909e-05
		(Epoch 03/08) Block Loss: 2.8627e-05
		(Epoch 04/08) Block Loss: 2.8454e-05
		(Epoch 05/08) Block Loss: 2.8320e-05
		(Epoch 06/08) Block Loss: 2.8235e-05
		(Epoch 07/08) Block Loss: 2.8184e-05
		(Epoch 08/08) Block Loss: 2.8162e-05
	(2/3) Block 6/28, mlp.up_proj | Initialization via ADMM...
		ADMM weight recon error: raw=865.8762, norm=0.3657, per_el=2.7525e-04, out_err=0.1651, ADMM time=7.86s
	(3/3) Block 6/28, mlp.up_proj | Tuning Factorized Weights...
		(Epoch 01/08) Block Loss: 3.6498e-05
		(Epoch 02/08) Block Loss: 3.5891e-05
		(Epoch 03/08) Block Loss: 3.5810e-05
		(Epoch 04/08) Block Loss: 3.5807e-05
		(Epoch 05/08) Block Loss: 3.5962e-05
		(Epoch 06/08) Block Loss: 3.5796e-05
		(Epoch 07/08) Block Loss: 3.5780e-05
		(Epoch 08/08) Block Loss: 3.5411e-05
	(1/3) Block 6/28, mlp.down_proj | Tuning Non-Factorized Weights...
		(Epoch 01/08) Block Loss: 3.4153e-05
		(Epoch 02/08) Block Loss: 3.3377e-05
		(Epoch 03/08) Block Loss: 3.2988e-05
		(Epoch 04/08) Block Loss: 3.2760e-05
		(Epoch 05/08) Block Loss: 3.2608e-05
		(Epoch 06/08) Block Loss: 3.2519e-05
		(Epoch 07/08) Block Loss: 3.2472e-05
		(Epoch 08/08) Block Loss: 3.2454e-05
	(2/3) Block 6/28, mlp.down_proj | Initialization via ADMM...
		ADMM weight recon error: raw=848.8464, norm=0.3710, per_el=2.6984e-04, out_err=0.1905, ADMM time=7.82s
	(3/3) Block 6/28, mlp.down_proj | Tuning Factorized Weights...
		(Epoch 01/08) Block Loss: 4.2934e-05
		(Epoch 02/08) Block Loss: 4.2864e-05
		(Epoch 03/08) Block Loss: 4.3138e-05
		(Epoch 04/08) Block Loss: 4.3418e-05
		(Epoch 05/08) Block Loss: 4.3663e-05
		(Epoch 06/08) Block Loss: 4.3648e-05
		(Epoch 07/08) Block Loss: 4.3664e-05
		(Epoch 08/08) Block Loss: 4.3319e-05
		Block 5: relative block output error = 0.0021
Using sequence length: 2048 (model max: 2048)
		Block 5: Test Data PPL        = 20.330
	(1/3) Block 7/28, self_attn.q_proj | Tuning Non-Factorized Weights...
		(Epoch 01/08) Block Loss: 2.9137e-05
		(Epoch 02/08) Block Loss: 2.7024e-05
		(Epoch 03/08) Block Loss: 2.6013e-05
		(Epoch 04/08) Block Loss: 2.5214e-05
		(Epoch 05/08) Block Loss: 2.4713e-05
		(Epoch 06/08) Block Loss: 2.4426e-05
		(Epoch 07/08) Block Loss: 2.4266e-05
		(Epoch 08/08) Block Loss: 2.4209e-05
	(2/3) Block 7/28, self_attn.q_proj | Initialization via ADMM...
		ADMM weight recon error: raw=493.6903, norm=0.2519, per_el=2.3541e-04, out_err=0.0350, ADMM time=6.43s
	(3/3) Block 7/28, self_attn.q_proj | Tuning Factorized Weights...
		(Epoch 01/08) Block Loss: 2.4736e-05
		(Epoch 02/08) Block Loss: 2.4632e-05
		(Epoch 03/08) Block Loss: 2.4587e-05
		(Epoch 04/08) Block Loss: 2.4559e-05
		(Epoch 05/08) Block Loss: 2.4535e-05
		(Epoch 06/08) Block Loss: 2.4521e-05
		(Epoch 07/08) Block Loss: 2.4508e-05
		(Epoch 08/08) Block Loss: 2.4493e-05
	(1/3) Block 7/28, self_attn.v_proj | Tuning Non-Factorized Weights...
		(Epoch 01/08) Block Loss: 2.4531e-05
		(Epoch 02/08) Block Loss: 2.3962e-05
Token indices sequence length is longer than the specified maximum sequence length for this model (299078 > 131072). Running this sequence through the model will result in indexing errors
Compressing Layers:  25%|██████████████████████████▊                                                                                | 7/28 [17:22<51:51, 148.16s/it]		(Epoch 03/08) Block Loss: 2.3546e-05
		(Epoch 04/08) Block Loss: 2.3093e-05
		(Epoch 05/08) Block Loss: 2.2811e-05
		(Epoch 06/08) Block Loss: 2.2652e-05
		(Epoch 07/08) Block Loss: 2.2561e-05
		(Epoch 08/08) Block Loss: 2.2525e-05
	(2/3) Block 7/28, self_attn.v_proj | Initialization via ADMM...
		ADMM weight recon error: raw=315.0638, norm=0.3681, per_el=3.0047e-04, out_err=0.1916, ADMM time=11.74s
	(3/3) Block 7/28, self_attn.v_proj | Tuning Factorized Weights...
		(Epoch 01/08) Block Loss: 2.5271e-05
		(Epoch 02/08) Block Loss: 2.4558e-05
		(Epoch 03/08) Block Loss: 2.4436e-05
		(Epoch 04/08) Block Loss: 2.4361e-05
		(Epoch 05/08) Block Loss: 2.4328e-05
		(Epoch 06/08) Block Loss: 2.4303e-05
		(Epoch 07/08) Block Loss: 2.4283e-05
		(Epoch 08/08) Block Loss: 2.4258e-05
	(1/3) Block 7/28, self_attn.o_proj | Tuning Non-Factorized Weights...
		(Epoch 01/08) Block Loss: 2.3981e-05
		(Epoch 02/08) Block Loss: 2.3353e-05
		(Epoch 03/08) Block Loss: 2.3062e-05
		(Epoch 04/08) Block Loss: 2.2736e-05
		(Epoch 05/08) Block Loss: 2.2540e-05
		(Epoch 06/08) Block Loss: 2.2417e-05
		(Epoch 07/08) Block Loss: 2.2344e-05
		(Epoch 08/08) Block Loss: 2.2314e-05
	(2/3) Block 7/28, self_attn.o_proj | Initialization via ADMM...
		ADMM weight recon error: raw=466.9853, norm=0.3434, per_el=2.2268e-04, out_err=0.0974, ADMM time=6.64s
	(3/3) Block 7/28, self_attn.o_proj | Tuning Factorized Weights...
		(Epoch 01/08) Block Loss: 2.3927e-05
		(Epoch 02/08) Block Loss: 2.3846e-05
		(Epoch 03/08) Block Loss: 2.3850e-05
		(Epoch 04/08) Block Loss: 2.3856e-05
		(Epoch 05/08) Block Loss: 2.3898e-05
		(Epoch 06/08) Block Loss: 2.3879e-05
		(Epoch 07/08) Block Loss: 2.3848e-05
		(Epoch 08/08) Block Loss: 2.3810e-05
	(1/3) Block 7/28, self_attn.k_proj | Tuning Non-Factorized Weights...
		(Epoch 01/08) Block Loss: 2.3584e-05
		(Epoch 02/08) Block Loss: 2.3114e-05
		(Epoch 03/08) Block Loss: 2.2855e-05
		(Epoch 04/08) Block Loss: 2.2673e-05
		(Epoch 05/08) Block Loss: 2.2532e-05
		(Epoch 06/08) Block Loss: 2.2439e-05
		(Epoch 07/08) Block Loss: 2.2383e-05
		(Epoch 08/08) Block Loss: 2.2359e-05
	(2/3) Block 7/28, self_attn.k_proj | Initialization via ADMM...
		ADMM weight recon error: raw=234.5545, norm=0.2819, per_el=2.2369e-04, out_err=0.0516, ADMM time=12.27s
	(3/3) Block 7/28, self_attn.k_proj | Tuning Factorized Weights...
		(Epoch 01/08) Block Loss: 2.5035e-05
		(Epoch 02/08) Block Loss: 2.3197e-05
		(Epoch 03/08) Block Loss: 2.2877e-05
		(Epoch 04/08) Block Loss: 2.2779e-05
		(Epoch 05/08) Block Loss: 2.2740e-05
		(Epoch 06/08) Block Loss: 2.2726e-05
		(Epoch 07/08) Block Loss: 2.2714e-05
		(Epoch 08/08) Block Loss: 2.2704e-05
	(1/3) Block 7/28, mlp.gate_proj | Tuning Non-Factorized Weights...
		(Epoch 01/08) Block Loss: 2.2826e-05
		(Epoch 02/08) Block Loss: 2.2567e-05
		(Epoch 03/08) Block Loss: 2.2404e-05
		(Epoch 04/08) Block Loss: 2.2287e-05
		(Epoch 05/08) Block Loss: 2.2186e-05
		(Epoch 06/08) Block Loss: 2.2117e-05
		(Epoch 07/08) Block Loss: 2.2073e-05
		(Epoch 08/08) Block Loss: 2.2053e-05
	(2/3) Block 7/28, mlp.gate_proj | Initialization via ADMM...
		ADMM weight recon error: raw=1270.2191, norm=0.3576, per_el=4.0379e-04, out_err=0.0462, ADMM time=7.53s
	(3/3) Block 7/28, mlp.gate_proj | Tuning Factorized Weights...
		(Epoch 01/08) Block Loss: 2.5817e-05
		(Epoch 02/08) Block Loss: 2.5420e-05
		(Epoch 03/08) Block Loss: 2.5344e-05
		(Epoch 04/08) Block Loss: 2.5339e-05
		(Epoch 05/08) Block Loss: 2.5334e-05
		(Epoch 06/08) Block Loss: 2.5320e-05
		(Epoch 07/08) Block Loss: 2.5294e-05
		(Epoch 08/08) Block Loss: 2.5171e-05
	(1/3) Block 7/28, mlp.up_proj | Tuning Non-Factorized Weights...
		(Epoch 01/08) Block Loss: 2.4719e-05
		(Epoch 02/08) Block Loss: 2.4305e-05
		(Epoch 03/08) Block Loss: 2.4097e-05
		(Epoch 04/08) Block Loss: 2.3969e-05
		(Epoch 05/08) Block Loss: 2.3868e-05
		(Epoch 06/08) Block Loss: 2.3804e-05
		(Epoch 07/08) Block Loss: 2.3764e-05
		(Epoch 08/08) Block Loss: 2.3747e-05
	(2/3) Block 7/28, mlp.up_proj | Initialization via ADMM...
		ADMM weight recon error: raw=872.2252, norm=0.3708, per_el=2.7727e-04, out_err=0.1726, ADMM time=7.58s
	(3/3) Block 7/28, mlp.up_proj | Tuning Factorized Weights...
		(Epoch 01/08) Block Loss: 3.0195e-05
		(Epoch 02/08) Block Loss: 2.9726e-05
		(Epoch 03/08) Block Loss: 2.9679e-05
		(Epoch 04/08) Block Loss: 2.9720e-05
		(Epoch 05/08) Block Loss: 2.9853e-05
		(Epoch 06/08) Block Loss: 2.9679e-05
		(Epoch 07/08) Block Loss: 2.9707e-05
		(Epoch 08/08) Block Loss: 2.9326e-05
	(1/3) Block 7/28, mlp.down_proj | Tuning Non-Factorized Weights...
		(Epoch 01/08) Block Loss: 2.8413e-05
		(Epoch 02/08) Block Loss: 2.7845e-05
		(Epoch 03/08) Block Loss: 2.7558e-05
		(Epoch 04/08) Block Loss: 2.7389e-05
		(Epoch 05/08) Block Loss: 2.7275e-05
		(Epoch 06/08) Block Loss: 2.7208e-05
		(Epoch 07/08) Block Loss: 2.7172e-05
		(Epoch 08/08) Block Loss: 2.7159e-05
	(2/3) Block 7/28, mlp.down_proj | Initialization via ADMM...
		ADMM weight recon error: raw=791.4887, norm=0.3559, per_el=2.5161e-04, out_err=0.1842, ADMM time=8.07s
	(3/3) Block 7/28, mlp.down_proj | Tuning Factorized Weights...
		(Epoch 01/08) Block Loss: 3.4621e-05
		(Epoch 02/08) Block Loss: 3.4596e-05
		(Epoch 03/08) Block Loss: 3.4815e-05
		(Epoch 04/08) Block Loss: 3.4998e-05
		(Epoch 05/08) Block Loss: 3.5150e-05
		(Epoch 06/08) Block Loss: 3.5189e-05
		(Epoch 07/08) Block Loss: 3.5186e-05
		(Epoch 08/08) Block Loss: 3.4875e-05
		Block 6: relative block output error = 0.0026
Using sequence length: 2048 (model max: 2048)
		Block 6: Test Data PPL        = 19.817
	(1/3) Block 8/28, self_attn.q_proj | Tuning Non-Factorized Weights...
		(Epoch 01/08) Block Loss: 3.7390e-05
		(Epoch 02/08) Block Loss: 3.5080e-05
		(Epoch 03/08) Block Loss: 3.3848e-05
		(Epoch 04/08) Block Loss: 3.2791e-05
		(Epoch 05/08) Block Loss: 3.2196e-05
		(Epoch 06/08) Block Loss: 3.1845e-05
		(Epoch 07/08) Block Loss: 3.1655e-05
		(Epoch 08/08) Block Loss: 3.1584e-05
	(2/3) Block 8/28, self_attn.q_proj | Initialization via ADMM...
		ADMM weight recon error: raw=545.4134, norm=0.3071, per_el=2.6007e-04, out_err=0.0466, ADMM time=6.49s
	(3/3) Block 8/28, self_attn.q_proj | Tuning Factorized Weights...
		(Epoch 01/08) Block Loss: 3.2406e-05
		(Epoch 02/08) Block Loss: 3.2181e-05
		(Epoch 03/08) Block Loss: 3.2092e-05
		(Epoch 04/08) Block Loss: 3.2035e-05
		(Epoch 05/08) Block Loss: 3.1994e-05
		(Epoch 06/08) Block Loss: 3.1960e-05
		(Epoch 07/08) Block Loss: 3.1933e-05
		(Epoch 08/08) Block Loss: 3.1915e-05
	(1/3) Block 8/28, self_attn.v_proj | Tuning Non-Factorized Weights...
		(Epoch 01/08) Block Loss: 3.2001e-05
		(Epoch 02/08) Block Loss: 3.1123e-05
		(Epoch 03/08) Block Loss: 3.0579e-05
		(Epoch 04/08) Block Loss: 3.0134e-05
		(Epoch 05/08) Block Loss: 2.9828e-05
		(Epoch 06/08) Block Loss: 2.9612e-05
		(Epoch 07/08) Block Loss: 2.9494e-05
		(Epoch 08/08) Block Loss: 2.9447e-05
	(2/3) Block 8/28, self_attn.v_proj | Initialization via ADMM...
		ADMM weight recon error: raw=302.0660, norm=0.3666, per_el=2.8807e-04, out_err=0.1933, ADMM time=9.07s
	(3/3) Block 8/28, self_attn.v_proj | Tuning Factorized Weights...
		(Epoch 01/08) Block Loss: 3.3305e-05
		(Epoch 02/08) Block Loss: 3.2642e-05
		(Epoch 03/08) Block Loss: 3.2513e-05
		(Epoch 04/08) Block Loss: 3.2459e-05
		(Epoch 05/08) Block Loss: 3.2412e-05
		(Epoch 06/08) Block Loss: 3.2393e-05
		(Epoch 07/08) Block Loss: 3.2378e-05
		(Epoch 08/08) Block Loss: 3.2323e-05
	(1/3) Block 8/28, self_attn.o_proj | Tuning Non-Factorized Weights...
		(Epoch 01/08) Block Loss: 3.1800e-05
		(Epoch 02/08) Block Loss: 3.0915e-05
		(Epoch 03/08) Block Loss: 3.0430e-05
		(Epoch 04/08) Block Loss: 3.0090e-05
		(Epoch 05/08) Block Loss: 2.9846e-05
		(Epoch 06/08) Block Loss: 2.9684e-05
		(Epoch 07/08) Block Loss: 2.9589e-05
		(Epoch 08/08) Block Loss: 2.9550e-05
	(2/3) Block 8/28, self_attn.o_proj | Initialization via ADMM...
		ADMM weight recon error: raw=470.1684, norm=0.3397, per_el=2.2419e-04, out_err=0.1472, ADMM time=6.29s
	(3/3) Block 8/28, self_attn.o_proj | Tuning Factorized Weights...
		(Epoch 01/08) Block Loss: 3.2355e-05
		(Epoch 02/08) Block Loss: 3.2258e-05
		(Epoch 03/08) Block Loss: 3.2291e-05
		(Epoch 04/08) Block Loss: 3.2325e-05
Token indices sequence length is longer than the specified maximum sequence length for this model (299078 > 131072). Running this sequence through the model will result in indexing errors
Compressing Layers:  29%|██████████████████████████████▌                                                                            | 8/28 [19:48<49:11, 147.58s/it]		(Epoch 05/08) Block Loss: 3.2391e-05
		(Epoch 06/08) Block Loss: 3.2293e-05
		(Epoch 07/08) Block Loss: 3.2312e-05
		(Epoch 08/08) Block Loss: 3.2158e-05
	(1/3) Block 8/28, self_attn.k_proj | Tuning Non-Factorized Weights...
		(Epoch 01/08) Block Loss: 3.1713e-05
		(Epoch 02/08) Block Loss: 3.1009e-05
		(Epoch 03/08) Block Loss: 3.0651e-05
		(Epoch 04/08) Block Loss: 3.0405e-05
		(Epoch 05/08) Block Loss: 3.0220e-05
		(Epoch 06/08) Block Loss: 3.0100e-05
		(Epoch 07/08) Block Loss: 3.0027e-05
		(Epoch 08/08) Block Loss: 2.9996e-05
	(2/3) Block 8/28, self_attn.k_proj | Initialization via ADMM...
		ADMM weight recon error: raw=239.9891, norm=0.3191, per_el=2.2887e-04, out_err=0.0530, ADMM time=11.33s
	(3/3) Block 8/28, self_attn.k_proj | Tuning Factorized Weights...
		(Epoch 01/08) Block Loss: 3.2687e-05
		(Epoch 02/08) Block Loss: 3.1117e-05
		(Epoch 03/08) Block Loss: 3.0663e-05
		(Epoch 04/08) Block Loss: 3.0536e-05
		(Epoch 05/08) Block Loss: 3.0485e-05
		(Epoch 06/08) Block Loss: 3.0461e-05
		(Epoch 07/08) Block Loss: 3.0448e-05
		(Epoch 08/08) Block Loss: 3.0437e-05
	(1/3) Block 8/28, mlp.gate_proj | Tuning Non-Factorized Weights...
		(Epoch 01/08) Block Loss: 3.0581e-05
		(Epoch 02/08) Block Loss: 3.0249e-05
		(Epoch 03/08) Block Loss: 3.0043e-05
		(Epoch 04/08) Block Loss: 2.9894e-05
		(Epoch 05/08) Block Loss: 2.9767e-05
		(Epoch 06/08) Block Loss: 2.9681e-05
		(Epoch 07/08) Block Loss: 2.9626e-05
		(Epoch 08/08) Block Loss: 2.9602e-05
	(2/3) Block 8/28, mlp.gate_proj | Initialization via ADMM...
		ADMM weight recon error: raw=1217.1680, norm=0.3442, per_el=3.8693e-04, out_err=0.0462, ADMM time=7.23s
	(3/3) Block 8/28, mlp.gate_proj | Tuning Factorized Weights...
		(Epoch 01/08) Block Loss: 3.3891e-05
		(Epoch 02/08) Block Loss: 3.3451e-05
		(Epoch 03/08) Block Loss: 3.3369e-05
		(Epoch 04/08) Block Loss: 3.3364e-05
		(Epoch 05/08) Block Loss: 3.3365e-05
		(Epoch 06/08) Block Loss: 3.3351e-05
		(Epoch 07/08) Block Loss: 3.3298e-05
		(Epoch 08/08) Block Loss: 3.3143e-05
	(1/3) Block 8/28, mlp.up_proj | Tuning Non-Factorized Weights...
		(Epoch 01/08) Block Loss: 3.2660e-05
		(Epoch 02/08) Block Loss: 3.2188e-05
		(Epoch 03/08) Block Loss: 3.1946e-05
		(Epoch 04/08) Block Loss: 3.1795e-05
		(Epoch 05/08) Block Loss: 3.1676e-05
		(Epoch 06/08) Block Loss: 3.1599e-05
		(Epoch 07/08) Block Loss: 3.1552e-05
		(Epoch 08/08) Block Loss: 3.1531e-05
	(2/3) Block 8/28, mlp.up_proj | Initialization via ADMM...
		ADMM weight recon error: raw=853.2052, norm=0.3652, per_el=2.7123e-04, out_err=0.1659, ADMM time=6.95s
	(3/3) Block 8/28, mlp.up_proj | Tuning Factorized Weights...
		(Epoch 01/08) Block Loss: 3.9157e-05
		(Epoch 02/08) Block Loss: 3.8639e-05
		(Epoch 03/08) Block Loss: 3.8625e-05
		(Epoch 04/08) Block Loss: 3.8596e-05
		(Epoch 05/08) Block Loss: 3.8767e-05
		(Epoch 06/08) Block Loss: 3.8526e-05
		(Epoch 07/08) Block Loss: 3.8623e-05
		(Epoch 08/08) Block Loss: 3.8143e-05
	(1/3) Block 8/28, mlp.down_proj | Tuning Non-Factorized Weights...
		(Epoch 01/08) Block Loss: 3.7122e-05
		(Epoch 02/08) Block Loss: 3.6465e-05
		(Epoch 03/08) Block Loss: 3.6124e-05
		(Epoch 04/08) Block Loss: 3.5923e-05
		(Epoch 05/08) Block Loss: 3.5786e-05
		(Epoch 06/08) Block Loss: 3.5706e-05
		(Epoch 07/08) Block Loss: 3.5663e-05
		(Epoch 08/08) Block Loss: 3.5647e-05
	(2/3) Block 8/28, mlp.down_proj | Initialization via ADMM...
		ADMM weight recon error: raw=762.9036, norm=0.3532, per_el=2.4252e-04, out_err=0.1838, ADMM time=7.96s
	(3/3) Block 8/28, mlp.down_proj | Tuning Factorized Weights...
		(Epoch 01/08) Block Loss: 4.4277e-05
		(Epoch 02/08) Block Loss: 4.4254e-05
		(Epoch 03/08) Block Loss: 4.4693e-05
		(Epoch 04/08) Block Loss: 4.5020e-05
		(Epoch 05/08) Block Loss: 4.5225e-05
		(Epoch 06/08) Block Loss: 4.4916e-05
		(Epoch 07/08) Block Loss: 4.5189e-05
		(Epoch 08/08) Block Loss: 4.4625e-05
		Block 7: relative block output error = 0.0029
Using sequence length: 2048 (model max: 2048)
		Block 7: Test Data PPL        = 19.730
	(1/3) Block 9/28, self_attn.q_proj | Tuning Non-Factorized Weights...
		(Epoch 01/08) Block Loss: 2.4520e-05
		(Epoch 02/08) Block Loss: 2.2980e-05
		(Epoch 03/08) Block Loss: 2.2199e-05
		(Epoch 04/08) Block Loss: 2.1663e-05
		(Epoch 05/08) Block Loss: 2.1312e-05
		(Epoch 06/08) Block Loss: 2.1097e-05
		(Epoch 07/08) Block Loss: 2.0980e-05
		(Epoch 08/08) Block Loss: 2.0937e-05
	(2/3) Block 9/28, self_attn.q_proj | Initialization via ADMM...
		ADMM weight recon error: raw=540.3359, norm=0.2791, per_el=2.5765e-04, out_err=0.0512, ADMM time=6.27s
	(3/3) Block 9/28, self_attn.q_proj | Tuning Factorized Weights...
		(Epoch 01/08) Block Loss: 2.1376e-05
		(Epoch 02/08) Block Loss: 2.1289e-05
		(Epoch 03/08) Block Loss: 2.1252e-05
		(Epoch 04/08) Block Loss: 2.1232e-05
		(Epoch 05/08) Block Loss: 2.1215e-05
		(Epoch 06/08) Block Loss: 2.1202e-05
		(Epoch 07/08) Block Loss: 2.1191e-05
		(Epoch 08/08) Block Loss: 2.1181e-05
	(1/3) Block 9/28, self_attn.v_proj | Tuning Non-Factorized Weights...
		(Epoch 01/08) Block Loss: 2.1204e-05
		(Epoch 02/08) Block Loss: 2.0689e-05
		(Epoch 03/08) Block Loss: 2.0345e-05
		(Epoch 04/08) Block Loss: 2.0072e-05
		(Epoch 05/08) Block Loss: 1.9882e-05
		(Epoch 06/08) Block Loss: 1.9761e-05
		(Epoch 07/08) Block Loss: 1.9690e-05
		(Epoch 08/08) Block Loss: 1.9661e-05
	(2/3) Block 9/28, self_attn.v_proj | Initialization via ADMM...
		ADMM weight recon error: raw=300.5393, norm=0.3665, per_el=2.8662e-04, out_err=0.1562, ADMM time=11.61s
	(3/3) Block 9/28, self_attn.v_proj | Tuning Factorized Weights...
		(Epoch 01/08) Block Loss: 2.1555e-05
		(Epoch 02/08) Block Loss: 2.1174e-05
		(Epoch 03/08) Block Loss: 2.1087e-05
		(Epoch 04/08) Block Loss: 2.1031e-05
		(Epoch 05/08) Block Loss: 2.1004e-05
		(Epoch 06/08) Block Loss: 2.0986e-05
		(Epoch 07/08) Block Loss: 2.0974e-05
		(Epoch 08/08) Block Loss: 2.0958e-05
	(1/3) Block 9/28, self_attn.o_proj | Tuning Non-Factorized Weights...
		(Epoch 01/08) Block Loss: 2.0764e-05
		(Epoch 02/08) Block Loss: 2.0275e-05
		(Epoch 03/08) Block Loss: 2.0000e-05
		(Epoch 04/08) Block Loss: 1.9810e-05
		(Epoch 05/08) Block Loss: 1.9665e-05
		(Epoch 06/08) Block Loss: 1.9570e-05
		(Epoch 07/08) Block Loss: 1.9513e-05
		(Epoch 08/08) Block Loss: 1.9489e-05
	(2/3) Block 9/28, self_attn.o_proj | Initialization via ADMM...
		ADMM weight recon error: raw=435.5274, norm=0.3280, per_el=2.0768e-04, out_err=0.1103, ADMM time=6.64s
	(3/3) Block 9/28, self_attn.o_proj | Tuning Factorized Weights...
		(Epoch 01/08) Block Loss: 2.0788e-05
		(Epoch 02/08) Block Loss: 2.0745e-05
		(Epoch 03/08) Block Loss: 2.0757e-05
		(Epoch 04/08) Block Loss: 2.0792e-05
		(Epoch 05/08) Block Loss: 2.0821e-05
		(Epoch 06/08) Block Loss: 2.0806e-05
		(Epoch 07/08) Block Loss: 2.0786e-05
		(Epoch 08/08) Block Loss: 2.0729e-05
	(1/3) Block 9/28, self_attn.k_proj | Tuning Non-Factorized Weights...
		(Epoch 01/08) Block Loss: 2.0541e-05
		(Epoch 02/08) Block Loss: 2.0181e-05
		(Epoch 03/08) Block Loss: 1.9986e-05
		(Epoch 04/08) Block Loss: 1.9848e-05
		(Epoch 05/08) Block Loss: 1.9740e-05
		(Epoch 06/08) Block Loss: 1.9670e-05
		(Epoch 07/08) Block Loss: 1.9627e-05
		(Epoch 08/08) Block Loss: 1.9608e-05
	(2/3) Block 9/28, self_attn.k_proj | Initialization via ADMM...
		ADMM weight recon error: raw=226.3509, norm=0.2858, per_el=2.1587e-04, out_err=0.0568, ADMM time=11.97s
	(3/3) Block 9/28, self_attn.k_proj | Tuning Factorized Weights...
		(Epoch 01/08) Block Loss: 2.0893e-05
		(Epoch 02/08) Block Loss: 2.0041e-05
		(Epoch 03/08) Block Loss: 1.9933e-05
		(Epoch 04/08) Block Loss: 1.9886e-05
		(Epoch 05/08) Block Loss: 1.9865e-05
		(Epoch 06/08) Block Loss: 1.9854e-05
		(Epoch 07/08) Block Loss: 1.9847e-05
		(Epoch 08/08) Block Loss: 1.9841e-05
	(1/3) Block 9/28, mlp.gate_proj | Tuning Non-Factorized Weights...
		(Epoch 01/08) Block Loss: 1.9944e-05
		(Epoch 02/08) Block Loss: 1.9750e-05
		(Epoch 03/08) Block Loss: 1.9628e-05
		(Epoch 04/08) Block Loss: 1.9539e-05
		(Epoch 05/08) Block Loss: 1.9462e-05
		(Epoch 06/08) Block Loss: 1.9410e-05
		(Epoch 07/08) Block Loss: 1.9376e-05
		(Epoch 08/08) Block Loss: 1.9361e-05
	(2/3) Block 9/28, mlp.gate_proj | Initialization via ADMM...
Token indices sequence length is longer than the specified maximum sequence length for this model (299078 > 131072). Running this sequence through the model will result in indexing errors
Compressing Layers:  32%|██████████████████████████████████▍                                                                        | 9/28 [22:15<46:41, 147.47s/it]		ADMM weight recon error: raw=1178.0762, norm=0.3441, per_el=3.7450e-04, out_err=0.0464, ADMM time=5.94s
	(3/3) Block 9/28, mlp.gate_proj | Tuning Factorized Weights...
		(Epoch 01/08) Block Loss: 2.1929e-05
		(Epoch 02/08) Block Loss: 2.1689e-05
		(Epoch 03/08) Block Loss: 2.1656e-05
		(Epoch 04/08) Block Loss: 2.1672e-05
		(Epoch 05/08) Block Loss: 2.1672e-05
		(Epoch 06/08) Block Loss: 2.1647e-05
		(Epoch 07/08) Block Loss: 2.1631e-05
		(Epoch 08/08) Block Loss: 2.1516e-05
	(1/3) Block 9/28, mlp.up_proj | Tuning Non-Factorized Weights...
		(Epoch 01/08) Block Loss: 2.1226e-05
		(Epoch 02/08) Block Loss: 2.0942e-05
		(Epoch 03/08) Block Loss: 2.0794e-05
		(Epoch 04/08) Block Loss: 2.0702e-05
		(Epoch 05/08) Block Loss: 2.0628e-05
		(Epoch 06/08) Block Loss: 2.0580e-05
		(Epoch 07/08) Block Loss: 2.0551e-05
		(Epoch 08/08) Block Loss: 2.0538e-05
	(2/3) Block 9/28, mlp.up_proj | Initialization via ADMM...
		ADMM weight recon error: raw=848.1274, norm=0.3631, per_el=2.6961e-04, out_err=0.1588, ADMM time=7.08s
	(3/3) Block 9/28, mlp.up_proj | Tuning Factorized Weights...
		(Epoch 01/08) Block Loss: 2.4859e-05
		(Epoch 02/08) Block Loss: 2.4600e-05
		(Epoch 03/08) Block Loss: 2.4595e-05
		(Epoch 04/08) Block Loss: 2.4673e-05
		(Epoch 05/08) Block Loss: 2.4627e-05
		(Epoch 06/08) Block Loss: 2.4598e-05
		(Epoch 07/08) Block Loss: 2.4646e-05
		(Epoch 08/08) Block Loss: 2.4308e-05
	(1/3) Block 9/28, mlp.down_proj | Tuning Non-Factorized Weights...
		(Epoch 01/08) Block Loss: 2.3754e-05
		(Epoch 02/08) Block Loss: 2.3395e-05
		(Epoch 03/08) Block Loss: 2.3207e-05
		(Epoch 04/08) Block Loss: 2.3094e-05
		(Epoch 05/08) Block Loss: 2.3017e-05
		(Epoch 06/08) Block Loss: 2.2971e-05
		(Epoch 07/08) Block Loss: 2.2946e-05
		(Epoch 08/08) Block Loss: 2.2936e-05
	(2/3) Block 9/28, mlp.down_proj | Initialization via ADMM...
		ADMM weight recon error: raw=756.3773, norm=0.3451, per_el=2.4045e-04, out_err=0.1852, ADMM time=7.16s
	(3/3) Block 9/28, mlp.down_proj | Tuning Factorized Weights...
		(Epoch 01/08) Block Loss: 2.7845e-05
		(Epoch 02/08) Block Loss: 2.7885e-05
		(Epoch 03/08) Block Loss: 2.8131e-05
		(Epoch 04/08) Block Loss: 2.8313e-05
		(Epoch 05/08) Block Loss: 2.8451e-05
		(Epoch 06/08) Block Loss: 2.8349e-05
		(Epoch 07/08) Block Loss: 2.8455e-05
		(Epoch 08/08) Block Loss: 2.8096e-05
		Block 8: relative block output error = 0.0034
Using sequence length: 2048 (model max: 2048)
		Block 8: Test Data PPL        = 19.570
	(1/3) Block 10/28, self_attn.q_proj | Tuning Non-Factorized Weights...
		(Epoch 01/08) Block Loss: 2.1476e-05
		(Epoch 02/08) Block Loss: 2.0367e-05
		(Epoch 03/08) Block Loss: 1.9767e-05
		(Epoch 04/08) Block Loss: 1.9280e-05
		(Epoch 05/08) Block Loss: 1.9006e-05
		(Epoch 06/08) Block Loss: 1.8832e-05
		(Epoch 07/08) Block Loss: 1.8731e-05
		(Epoch 08/08) Block Loss: 1.8695e-05
	(2/3) Block 10/28, self_attn.q_proj | Initialization via ADMM...
		ADMM weight recon error: raw=544.7388, norm=0.2825, per_el=2.5975e-04, out_err=0.0410, ADMM time=6.76s
	(3/3) Block 10/28, self_attn.q_proj | Tuning Factorized Weights...
		(Epoch 01/08) Block Loss: 1.9141e-05
		(Epoch 02/08) Block Loss: 1.9037e-05
		(Epoch 03/08) Block Loss: 1.8996e-05
		(Epoch 04/08) Block Loss: 1.8973e-05
		(Epoch 05/08) Block Loss: 1.8954e-05
		(Epoch 06/08) Block Loss: 1.8940e-05
		(Epoch 07/08) Block Loss: 1.8929e-05
		(Epoch 08/08) Block Loss: 1.8918e-05
	(1/3) Block 10/28, self_attn.v_proj | Tuning Non-Factorized Weights...
		(Epoch 01/08) Block Loss: 1.9021e-05
		(Epoch 02/08) Block Loss: 1.8622e-05
		(Epoch 03/08) Block Loss: 1.8378e-05
		(Epoch 04/08) Block Loss: 1.8109e-05
		(Epoch 05/08) Block Loss: 1.7953e-05
		(Epoch 06/08) Block Loss: 1.7831e-05
		(Epoch 07/08) Block Loss: 1.7764e-05
		(Epoch 08/08) Block Loss: 1.7739e-05
	(2/3) Block 10/28, self_attn.v_proj | Initialization via ADMM...
		ADMM weight recon error: raw=292.0610, norm=0.3725, per_el=2.7853e-04, out_err=0.2012, ADMM time=11.63s
	(3/3) Block 10/28, self_attn.v_proj | Tuning Factorized Weights...
		(Epoch 01/08) Block Loss: 2.0476e-05
		(Epoch 02/08) Block Loss: 1.9996e-05
		(Epoch 03/08) Block Loss: 1.9856e-05
		(Epoch 04/08) Block Loss: 1.9783e-05
		(Epoch 05/08) Block Loss: 1.9745e-05
		(Epoch 06/08) Block Loss: 1.9719e-05
		(Epoch 07/08) Block Loss: 1.9703e-05
		(Epoch 08/08) Block Loss: 1.9669e-05
	(1/3) Block 10/28, self_attn.o_proj | Tuning Non-Factorized Weights...
		(Epoch 01/08) Block Loss: 1.9291e-05
		(Epoch 02/08) Block Loss: 1.8767e-05
		(Epoch 03/08) Block Loss: 1.8472e-05
		(Epoch 04/08) Block Loss: 1.8267e-05
		(Epoch 05/08) Block Loss: 1.8126e-05
		(Epoch 06/08) Block Loss: 1.8035e-05
		(Epoch 07/08) Block Loss: 1.7980e-05
		(Epoch 08/08) Block Loss: 1.7957e-05
	(2/3) Block 10/28, self_attn.o_proj | Initialization via ADMM...
		ADMM weight recon error: raw=448.3797, norm=0.3297, per_el=2.1380e-04, out_err=0.1202, ADMM time=3.54s
	(3/3) Block 10/28, self_attn.o_proj | Tuning Factorized Weights...
		(Epoch 01/08) Block Loss: 1.9668e-05
		(Epoch 02/08) Block Loss: 1.9601e-05
		(Epoch 03/08) Block Loss: 1.9623e-05
		(Epoch 04/08) Block Loss: 1.9685e-05
		(Epoch 05/08) Block Loss: 1.9704e-05
		(Epoch 06/08) Block Loss: 1.9624e-05
		(Epoch 07/08) Block Loss: 1.9659e-05
		(Epoch 08/08) Block Loss: 1.9556e-05
	(1/3) Block 10/28, self_attn.k_proj | Tuning Non-Factorized Weights...
		(Epoch 01/08) Block Loss: 1.9249e-05
		(Epoch 02/08) Block Loss: 1.8837e-05
		(Epoch 03/08) Block Loss: 1.8631e-05
		(Epoch 04/08) Block Loss: 1.8482e-05
		(Epoch 05/08) Block Loss: 1.8371e-05
		(Epoch 06/08) Block Loss: 1.8300e-05
		(Epoch 07/08) Block Loss: 1.8258e-05
		(Epoch 08/08) Block Loss: 1.8240e-05
	(2/3) Block 10/28, self_attn.k_proj | Initialization via ADMM...
		ADMM weight recon error: raw=232.4975, norm=0.2996, per_el=2.2173e-04, out_err=0.0585, ADMM time=11.58s
	(3/3) Block 10/28, self_attn.k_proj | Tuning Factorized Weights...
		(Epoch 01/08) Block Loss: 1.9607e-05
		(Epoch 02/08) Block Loss: 1.8720e-05
		(Epoch 03/08) Block Loss: 1.8534e-05
		(Epoch 04/08) Block Loss: 1.8473e-05
		(Epoch 05/08) Block Loss: 1.8455e-05
		(Epoch 06/08) Block Loss: 1.8445e-05
		(Epoch 07/08) Block Loss: 1.8440e-05
		(Epoch 08/08) Block Loss: 1.8434e-05
	(1/3) Block 10/28, mlp.gate_proj | Tuning Non-Factorized Weights...
		(Epoch 01/08) Block Loss: 1.8520e-05
		(Epoch 02/08) Block Loss: 1.8330e-05
		(Epoch 03/08) Block Loss: 1.8210e-05
		(Epoch 04/08) Block Loss: 1.8122e-05
		(Epoch 05/08) Block Loss: 1.8047e-05
		(Epoch 06/08) Block Loss: 1.7996e-05
		(Epoch 07/08) Block Loss: 1.7963e-05
		(Epoch 08/08) Block Loss: 1.7949e-05
	(2/3) Block 10/28, mlp.gate_proj | Initialization via ADMM...
		ADMM weight recon error: raw=1200.2203, norm=0.3305, per_el=3.8154e-04, out_err=0.0430, ADMM time=7.35s
	(3/3) Block 10/28, mlp.gate_proj | Tuning Factorized Weights...
		(Epoch 01/08) Block Loss: 2.0020e-05
		(Epoch 02/08) Block Loss: 1.9850e-05
		(Epoch 03/08) Block Loss: 1.9838e-05
		(Epoch 04/08) Block Loss: 1.9854e-05
		(Epoch 05/08) Block Loss: 1.9855e-05
		(Epoch 06/08) Block Loss: 1.9835e-05
		(Epoch 07/08) Block Loss: 1.9819e-05
		(Epoch 08/08) Block Loss: 1.9709e-05
	(1/3) Block 10/28, mlp.up_proj | Tuning Non-Factorized Weights...
		(Epoch 01/08) Block Loss: 1.9466e-05
		(Epoch 02/08) Block Loss: 1.9212e-05
		(Epoch 03/08) Block Loss: 1.9079e-05
		(Epoch 04/08) Block Loss: 1.8995e-05
		(Epoch 05/08) Block Loss: 1.8928e-05
		(Epoch 06/08) Block Loss: 1.8884e-05
		(Epoch 07/08) Block Loss: 1.8857e-05
		(Epoch 08/08) Block Loss: 1.8845e-05
	(2/3) Block 10/28, mlp.up_proj | Initialization via ADMM...
		ADMM weight recon error: raw=865.8419, norm=0.3608, per_el=2.7524e-04, out_err=0.1380, ADMM time=7.42s
	(3/3) Block 10/28, mlp.up_proj | Tuning Factorized Weights...
		(Epoch 01/08) Block Loss: 2.2678e-05
		(Epoch 02/08) Block Loss: 2.2448e-05
		(Epoch 03/08) Block Loss: 2.2444e-05
		(Epoch 04/08) Block Loss: 2.2533e-05
		(Epoch 05/08) Block Loss: 2.2545e-05
		(Epoch 06/08) Block Loss: 2.2426e-05
		(Epoch 07/08) Block Loss: 2.2440e-05
		(Epoch 08/08) Block Loss: 2.2210e-05
	(1/3) Block 10/28, mlp.down_proj | Tuning Non-Factorized Weights...
		(Epoch 01/08) Block Loss: 2.1697e-05
		(Epoch 02/08) Block Loss: 2.1361e-05Token indices sequence length is longer than the specified maximum sequence length for this model (299078 > 131072). Running this sequence through the model will result in indexing errors
Compressing Layers:  36%|█████████████████████████████████████▊                                                                    | 10/28 [24:43<44:17, 147.62s/it]Token indices sequence length is longer than the specified maximum sequence length for this model (299078 > 131072). Running this sequence through the model will result in indexing errors
Compressing Layers:  39%|█████████████████████████████████████████▋                                                                | 11/28 [27:10<41:47, 147.50s/it]
		(Epoch 03/08) Block Loss: 2.1186e-05
		(Epoch 04/08) Block Loss: 2.1082e-05
		(Epoch 05/08) Block Loss: 2.1011e-05
		(Epoch 06/08) Block Loss: 2.0968e-05
		(Epoch 07/08) Block Loss: 2.0944e-05
		(Epoch 08/08) Block Loss: 2.0935e-05
	(2/3) Block 10/28, mlp.down_proj | Initialization via ADMM...
		ADMM weight recon error: raw=716.6915, norm=0.3446, per_el=2.2783e-04, out_err=0.1735, ADMM time=7.85s
	(3/3) Block 10/28, mlp.down_proj | Tuning Factorized Weights...
		(Epoch 01/08) Block Loss: 2.5299e-05
		(Epoch 02/08) Block Loss: 2.5310e-05
		(Epoch 03/08) Block Loss: 2.5541e-05
		(Epoch 04/08) Block Loss: 2.5787e-05
		(Epoch 05/08) Block Loss: 2.5805e-05
		(Epoch 06/08) Block Loss: 2.5744e-05
		(Epoch 07/08) Block Loss: 2.5654e-05
		(Epoch 08/08) Block Loss: 2.5420e-05
		Block 9: relative block output error = 0.0039
Using sequence length: 2048 (model max: 2048)
		Block 9: Test Data PPL        = 19.434
	(1/3) Block 11/28, self_attn.q_proj | Tuning Non-Factorized Weights...
		(Epoch 01/08) Block Loss: 2.1934e-05
		(Epoch 02/08) Block Loss: 2.0737e-05
		(Epoch 03/08) Block Loss: 2.0168e-05
		(Epoch 04/08) Block Loss: 1.9720e-05
		(Epoch 05/08) Block Loss: 1.9433e-05
		(Epoch 06/08) Block Loss: 1.9256e-05
		(Epoch 07/08) Block Loss: 1.9156e-05
		(Epoch 08/08) Block Loss: 1.9119e-05
	(2/3) Block 11/28, self_attn.q_proj | Initialization via ADMM...
		ADMM weight recon error: raw=534.2056, norm=0.2968, per_el=2.5473e-04, out_err=0.0412, ADMM time=6.86s
	(3/3) Block 11/28, self_attn.q_proj | Tuning Factorized Weights...
		(Epoch 01/08) Block Loss: 1.9567e-05
		(Epoch 02/08) Block Loss: 1.9466e-05
		(Epoch 03/08) Block Loss: 1.9430e-05
		(Epoch 04/08) Block Loss: 1.9406e-05
		(Epoch 05/08) Block Loss: 1.9389e-05
		(Epoch 06/08) Block Loss: 1.9374e-05
		(Epoch 07/08) Block Loss: 1.9360e-05
		(Epoch 08/08) Block Loss: 1.9349e-05
	(1/3) Block 11/28, self_attn.v_proj | Tuning Non-Factorized Weights...
		(Epoch 01/08) Block Loss: 1.9468e-05
		(Epoch 02/08) Block Loss: 1.9032e-05
		(Epoch 03/08) Block Loss: 1.8764e-05
		(Epoch 04/08) Block Loss: 1.8533e-05
		(Epoch 05/08) Block Loss: 1.8365e-05
		(Epoch 06/08) Block Loss: 1.8258e-05
		(Epoch 07/08) Block Loss: 1.8193e-05
		(Epoch 08/08) Block Loss: 1.8167e-05
	(2/3) Block 11/28, self_attn.v_proj | Initialization via ADMM...
		ADMM weight recon error: raw=277.9662, norm=0.3545, per_el=2.6509e-04, out_err=0.1676, ADMM time=11.31s
	(3/3) Block 11/28, self_attn.v_proj | Tuning Factorized Weights...
		(Epoch 01/08) Block Loss: 2.0417e-05
		(Epoch 02/08) Block Loss: 2.0091e-05
		(Epoch 03/08) Block Loss: 1.9985e-05
		(Epoch 04/08) Block Loss: 1.9939e-05
		(Epoch 05/08) Block Loss: 1.9908e-05
		(Epoch 06/08) Block Loss: 1.9891e-05
		(Epoch 07/08) Block Loss: 1.9876e-05
		(Epoch 08/08) Block Loss: 1.9843e-05
	(1/3) Block 11/28, self_attn.o_proj | Tuning Non-Factorized Weights...
		(Epoch 01/08) Block Loss: 1.9542e-05
		(Epoch 02/08) Block Loss: 1.9055e-05
		(Epoch 03/08) Block Loss: 1.8803e-05
		(Epoch 04/08) Block Loss: 1.8608e-05
		(Epoch 05/08) Block Loss: 1.8473e-05
		(Epoch 06/08) Block Loss: 1.8386e-05
		(Epoch 07/08) Block Loss: 1.8331e-05
		(Epoch 08/08) Block Loss: 1.8308e-05
	(2/3) Block 11/28, self_attn.o_proj | Initialization via ADMM...
		ADMM weight recon error: raw=439.9842, norm=0.3374, per_el=2.0980e-04, out_err=0.1159, ADMM time=6.86s
	(3/3) Block 11/28, self_attn.o_proj | Tuning Factorized Weights...
		(Epoch 01/08) Block Loss: 2.0076e-05
		(Epoch 02/08) Block Loss: 2.0009e-05
		(Epoch 03/08) Block Loss: 2.0028e-05
		(Epoch 04/08) Block Loss: 2.0057e-05
		(Epoch 05/08) Block Loss: 2.0073e-05
		(Epoch 06/08) Block Loss: 2.0099e-05
		(Epoch 07/08) Block Loss: 2.0037e-05
		(Epoch 08/08) Block Loss: 1.9964e-05
	(1/3) Block 11/28, self_attn.k_proj | Tuning Non-Factorized Weights...
		(Epoch 01/08) Block Loss: 1.9674e-05
		(Epoch 02/08) Block Loss: 1.9278e-05
		(Epoch 03/08) Block Loss: 1.9073e-05
		(Epoch 04/08) Block Loss: 1.8933e-05
		(Epoch 05/08) Block Loss: 1.8827e-05
		(Epoch 06/08) Block Loss: 1.8757e-05
		(Epoch 07/08) Block Loss: 1.8714e-05
		(Epoch 08/08) Block Loss: 1.8696e-05
	(2/3) Block 11/28, self_attn.k_proj | Initialization via ADMM...
		ADMM weight recon error: raw=242.9614, norm=0.3052, per_el=2.3171e-04, out_err=0.0555, ADMM time=11.90s
	(3/3) Block 11/28, self_attn.k_proj | Tuning Factorized Weights...
		(Epoch 01/08) Block Loss: 1.9775e-05
		(Epoch 02/08) Block Loss: 1.9131e-05
		(Epoch 03/08) Block Loss: 1.9002e-05
		(Epoch 04/08) Block Loss: 1.8962e-05
		(Epoch 05/08) Block Loss: 1.8944e-05
		(Epoch 06/08) Block Loss: 1.8935e-05
		(Epoch 07/08) Block Loss: 1.8926e-05
		(Epoch 08/08) Block Loss: 1.8921e-05
	(1/3) Block 11/28, mlp.gate_proj | Tuning Non-Factorized Weights...
		(Epoch 01/08) Block Loss: 1.9021e-05
		(Epoch 02/08) Block Loss: 1.8836e-05
		(Epoch 03/08) Block Loss: 1.8723e-05
		(Epoch 04/08) Block Loss: 1.8634e-05
		(Epoch 05/08) Block Loss: 1.8562e-05
		(Epoch 06/08) Block Loss: 1.8511e-05
		(Epoch 07/08) Block Loss: 1.8478e-05
		(Epoch 08/08) Block Loss: 1.8463e-05
	(2/3) Block 11/28, mlp.gate_proj | Initialization via ADMM...
		ADMM weight recon error: raw=1178.9260, norm=0.3246, per_el=3.7477e-04, out_err=0.0443, ADMM time=7.91s
	(3/3) Block 11/28, mlp.gate_proj | Tuning Factorized Weights...
		(Epoch 01/08) Block Loss: 2.0576e-05
		(Epoch 02/08) Block Loss: 2.0457e-05
		(Epoch 03/08) Block Loss: 2.0476e-05
		(Epoch 04/08) Block Loss: 2.0552e-05
		(Epoch 05/08) Block Loss: 2.0540e-05
		(Epoch 06/08) Block Loss: 2.0494e-05
		(Epoch 07/08) Block Loss: 2.0496e-05
		(Epoch 08/08) Block Loss: 2.0377e-05
	(1/3) Block 11/28, mlp.up_proj | Tuning Non-Factorized Weights...
		(Epoch 01/08) Block Loss: 2.0086e-05
		(Epoch 02/08) Block Loss: 1.9816e-05
		(Epoch 03/08) Block Loss: 1.9679e-05
		(Epoch 04/08) Block Loss: 1.9589e-05
		(Epoch 05/08) Block Loss: 1.9521e-05
		(Epoch 06/08) Block Loss: 1.9475e-05
		(Epoch 07/08) Block Loss: 1.9446e-05
		(Epoch 08/08) Block Loss: 1.9434e-05
	(2/3) Block 11/28, mlp.up_proj | Initialization via ADMM...
		ADMM weight recon error: raw=847.0327, norm=0.3626, per_el=2.6926e-04, out_err=0.1081, ADMM time=5.55s
	(3/3) Block 11/28, mlp.up_proj | Tuning Factorized Weights...
		(Epoch 01/08) Block Loss: 2.3091e-05
		(Epoch 02/08) Block Loss: 2.2825e-05
		(Epoch 03/08) Block Loss: 2.2850e-05
		(Epoch 04/08) Block Loss: 2.2967e-05
		(Epoch 05/08) Block Loss: 2.2963e-05
		(Epoch 06/08) Block Loss: 2.2805e-05
		(Epoch 07/08) Block Loss: 2.2877e-05
		(Epoch 08/08) Block Loss: 2.2616e-05
	(1/3) Block 11/28, mlp.down_proj | Tuning Non-Factorized Weights...
		(Epoch 01/08) Block Loss: 2.2124e-05
		(Epoch 02/08) Block Loss: 2.1804e-05
		(Epoch 03/08) Block Loss: 2.1641e-05
		(Epoch 04/08) Block Loss: 2.1543e-05
		(Epoch 05/08) Block Loss: 2.1475e-05
		(Epoch 06/08) Block Loss: 2.1433e-05
		(Epoch 07/08) Block Loss: 2.1409e-05
		(Epoch 08/08) Block Loss: 2.1400e-05
	(2/3) Block 11/28, mlp.down_proj | Initialization via ADMM...
		ADMM weight recon error: raw=677.9134, norm=0.3516, per_el=2.1550e-04, out_err=0.1479, ADMM time=7.71s
	(3/3) Block 11/28, mlp.down_proj | Tuning Factorized Weights...
		(Epoch 01/08) Block Loss: 2.5701e-05
		(Epoch 02/08) Block Loss: 2.5741e-05
		(Epoch 03/08) Block Loss: 2.6145e-05
		(Epoch 04/08) Block Loss: 2.6419e-05
		(Epoch 05/08) Block Loss: 2.6397e-05
		(Epoch 06/08) Block Loss: 2.6136e-05
		(Epoch 07/08) Block Loss: 2.6098e-05
		(Epoch 08/08) Block Loss: 2.5953e-05
		Block 10: relative block output error = 0.0049
Using sequence length: 2048 (model max: 2048)
		Block 10: Test Data PPL        = 19.491
	(1/3) Block 12/28, self_attn.q_proj | Tuning Non-Factorized Weights...
		(Epoch 01/08) Block Loss: 2.4300e-05
		(Epoch 02/08) Block Loss: 2.3037e-05
		(Epoch 03/08) Block Loss: 2.2397e-05
		(Epoch 04/08) Block Loss: 2.1974e-05
		(Epoch 05/08) Block Loss: 2.1688e-05
		(Epoch 06/08) Block Loss: 2.1507e-05
		(Epoch 07/08) Block Loss: 2.1405e-05
		(Epoch 08/08) Block Loss: 2.1366e-05
	(2/3) Block 12/28, self_attn.q_proj | Initialization via ADMM...
		ADMM weight recon error: raw=497.7378, norm=0.2357, per_el=2.3734e-04, out_err=0.0279, ADMM time=6.15s
	(3/3) Block 12/28, self_attn.q_proj | Tuning Factorized Weights...
Token indices sequence length is longer than the specified maximum sequence length for this model (299078 > 131072). Running this sequence through the model will result in indexing errors
Compressing Layers:  43%|█████████████████████████████████████████████▍                                                            | 12/28 [29:41<39:34, 148.43s/it]		(Epoch 01/08) Block Loss: 2.1873e-05
		(Epoch 02/08) Block Loss: 2.1768e-05
		(Epoch 03/08) Block Loss: 2.1733e-05
		(Epoch 04/08) Block Loss: 2.1718e-05
		(Epoch 05/08) Block Loss: 2.1702e-05
		(Epoch 06/08) Block Loss: 2.1691e-05
		(Epoch 07/08) Block Loss: 2.1676e-05
		(Epoch 08/08) Block Loss: 2.1659e-05
	(1/3) Block 12/28, self_attn.v_proj | Tuning Non-Factorized Weights...
		(Epoch 01/08) Block Loss: 2.1782e-05
		(Epoch 02/08) Block Loss: 2.1335e-05
		(Epoch 03/08) Block Loss: 2.1052e-05
		(Epoch 04/08) Block Loss: 2.0830e-05
		(Epoch 05/08) Block Loss: 2.0664e-05
		(Epoch 06/08) Block Loss: 2.0557e-05
		(Epoch 07/08) Block Loss: 2.0491e-05
		(Epoch 08/08) Block Loss: 2.0463e-05
	(2/3) Block 12/28, self_attn.v_proj | Initialization via ADMM...
		ADMM weight recon error: raw=258.4749, norm=0.3651, per_el=2.4650e-04, out_err=0.1646, ADMM time=11.73s
	(3/3) Block 12/28, self_attn.v_proj | Tuning Factorized Weights...
		(Epoch 01/08) Block Loss: 2.3151e-05
		(Epoch 02/08) Block Loss: 2.2907e-05
		(Epoch 03/08) Block Loss: 2.2821e-05
		(Epoch 04/08) Block Loss: 2.2778e-05
		(Epoch 05/08) Block Loss: 2.2765e-05
		(Epoch 06/08) Block Loss: 2.2753e-05
		(Epoch 07/08) Block Loss: 2.2746e-05
		(Epoch 08/08) Block Loss: 2.2713e-05
	(1/3) Block 12/28, self_attn.o_proj | Tuning Non-Factorized Weights...
		(Epoch 01/08) Block Loss: 2.2221e-05
		(Epoch 02/08) Block Loss: 2.1592e-05
		(Epoch 03/08) Block Loss: 2.1294e-05
		(Epoch 04/08) Block Loss: 2.1089e-05
		(Epoch 05/08) Block Loss: 2.0940e-05
		(Epoch 06/08) Block Loss: 2.0844e-05
		(Epoch 07/08) Block Loss: 2.0786e-05
		(Epoch 08/08) Block Loss: 2.0761e-05
	(2/3) Block 12/28, self_attn.o_proj | Initialization via ADMM...
		ADMM weight recon error: raw=384.5658, norm=0.3270, per_el=1.8338e-04, out_err=0.0896, ADMM time=6.53s
	(3/3) Block 12/28, self_attn.o_proj | Tuning Factorized Weights...
		(Epoch 01/08) Block Loss: 2.3052e-05
		(Epoch 02/08) Block Loss: 2.2985e-05
		(Epoch 03/08) Block Loss: 2.3046e-05
		(Epoch 04/08) Block Loss: 2.3120e-05
		(Epoch 05/08) Block Loss: 2.3173e-05
		(Epoch 06/08) Block Loss: 2.3175e-05
		(Epoch 07/08) Block Loss: 2.3187e-05
		(Epoch 08/08) Block Loss: 2.3058e-05
	(1/3) Block 12/28, self_attn.k_proj | Tuning Non-Factorized Weights...
		(Epoch 01/08) Block Loss: 2.2532e-05
		(Epoch 02/08) Block Loss: 2.2043e-05
		(Epoch 03/08) Block Loss: 2.1799e-05
		(Epoch 04/08) Block Loss: 2.1629e-05
		(Epoch 05/08) Block Loss: 2.1508e-05
		(Epoch 06/08) Block Loss: 2.1430e-05
		(Epoch 07/08) Block Loss: 2.1384e-05
		(Epoch 08/08) Block Loss: 2.1364e-05
	(2/3) Block 12/28, self_attn.k_proj | Initialization via ADMM...
		ADMM weight recon error: raw=219.6275, norm=0.2830, per_el=2.0945e-04, out_err=0.0474, ADMM time=12.25s
	(3/3) Block 12/28, self_attn.k_proj | Tuning Factorized Weights...
		(Epoch 01/08) Block Loss: 2.2512e-05
		(Epoch 02/08) Block Loss: 2.1795e-05
		(Epoch 03/08) Block Loss: 2.1685e-05
		(Epoch 04/08) Block Loss: 2.1650e-05
		(Epoch 05/08) Block Loss: 2.1634e-05
		(Epoch 06/08) Block Loss: 2.1625e-05
		(Epoch 07/08) Block Loss: 2.1620e-05
		(Epoch 08/08) Block Loss: 2.1614e-05
	(1/3) Block 12/28, mlp.gate_proj | Tuning Non-Factorized Weights...
		(Epoch 01/08) Block Loss: 2.1702e-05
		(Epoch 02/08) Block Loss: 2.1499e-05
		(Epoch 03/08) Block Loss: 2.1373e-05
		(Epoch 04/08) Block Loss: 2.1275e-05
		(Epoch 05/08) Block Loss: 2.1194e-05
		(Epoch 06/08) Block Loss: 2.1141e-05
		(Epoch 07/08) Block Loss: 2.1107e-05
		(Epoch 08/08) Block Loss: 2.1091e-05
	(2/3) Block 12/28, mlp.gate_proj | Initialization via ADMM...
		ADMM weight recon error: raw=1037.6477, norm=0.3309, per_el=3.2986e-04, out_err=0.0456, ADMM time=7.11s
	(3/3) Block 12/28, mlp.gate_proj | Tuning Factorized Weights...
		(Epoch 01/08) Block Loss: 2.2853e-05
		(Epoch 02/08) Block Loss: 2.2778e-05
		(Epoch 03/08) Block Loss: 2.2810e-05
		(Epoch 04/08) Block Loss: 2.2884e-05
		(Epoch 05/08) Block Loss: 2.2893e-05
		(Epoch 06/08) Block Loss: 2.2834e-05
		(Epoch 07/08) Block Loss: 2.2838e-05
		(Epoch 08/08) Block Loss: 2.2724e-05
	(1/3) Block 12/28, mlp.up_proj | Tuning Non-Factorized Weights...
		(Epoch 01/08) Block Loss: 2.2481e-05
		(Epoch 02/08) Block Loss: 2.2234e-05
		(Epoch 03/08) Block Loss: 2.2104e-05
		(Epoch 04/08) Block Loss: 2.2019e-05
		(Epoch 05/08) Block Loss: 2.1951e-05
		(Epoch 06/08) Block Loss: 2.1906e-05
		(Epoch 07/08) Block Loss: 2.1877e-05
		(Epoch 08/08) Block Loss: 2.1865e-05
	(2/3) Block 12/28, mlp.up_proj | Initialization via ADMM...
		ADMM weight recon error: raw=902.7468, norm=0.3640, per_el=2.8698e-04, out_err=0.1247, ADMM time=7.35s
	(3/3) Block 12/28, mlp.up_proj | Tuning Factorized Weights...
		(Epoch 01/08) Block Loss: 2.5609e-05
		(Epoch 02/08) Block Loss: 2.5438e-05
		(Epoch 03/08) Block Loss: 2.5501e-05
		(Epoch 04/08) Block Loss: 2.5699e-05
		(Epoch 05/08) Block Loss: 2.5643e-05
		(Epoch 06/08) Block Loss: 2.5482e-05
		(Epoch 07/08) Block Loss: 2.5625e-05
		(Epoch 08/08) Block Loss: 2.5259e-05
	(1/3) Block 12/28, mlp.down_proj | Tuning Non-Factorized Weights...
		(Epoch 01/08) Block Loss: 2.4723e-05
		(Epoch 02/08) Block Loss: 2.4373e-05
		(Epoch 03/08) Block Loss: 2.4193e-05
		(Epoch 04/08) Block Loss: 2.4086e-05
		(Epoch 05/08) Block Loss: 2.4011e-05
		(Epoch 06/08) Block Loss: 2.3966e-05
		(Epoch 07/08) Block Loss: 2.3942e-05
		(Epoch 08/08) Block Loss: 2.3932e-05
	(2/3) Block 12/28, mlp.down_proj | Initialization via ADMM...
		ADMM weight recon error: raw=745.6817, norm=0.3427, per_el=2.3705e-04, out_err=0.1740, ADMM time=7.75s
	(3/3) Block 12/28, mlp.down_proj | Tuning Factorized Weights...
		(Epoch 01/08) Block Loss: 2.8173e-05
		(Epoch 02/08) Block Loss: 2.8165e-05
		(Epoch 03/08) Block Loss: 2.8449e-05
		(Epoch 04/08) Block Loss: 2.8682e-05
		(Epoch 05/08) Block Loss: 2.8740e-05
		(Epoch 06/08) Block Loss: 2.8607e-05
		(Epoch 07/08) Block Loss: 2.8551e-05
		(Epoch 08/08) Block Loss: 2.8386e-05
		Block 11: relative block output error = 0.0062
Using sequence length: 2048 (model max: 2048)
		Block 11: Test Data PPL        = 19.904
	(1/3) Block 13/28, self_attn.q_proj | Tuning Non-Factorized Weights...
		(Epoch 01/08) Block Loss: 2.6063e-05
		(Epoch 02/08) Block Loss: 2.4820e-05
		(Epoch 03/08) Block Loss: 2.4168e-05
		(Epoch 04/08) Block Loss: 2.3738e-05
		(Epoch 05/08) Block Loss: 2.3445e-05
		(Epoch 06/08) Block Loss: 2.3260e-05
		(Epoch 07/08) Block Loss: 2.3156e-05
		(Epoch 08/08) Block Loss: 2.3117e-05
	(2/3) Block 13/28, self_attn.q_proj | Initialization via ADMM...
		ADMM weight recon error: raw=536.8455, norm=0.2717, per_el=2.5599e-04, out_err=0.0400, ADMM time=3.62s
	(3/3) Block 13/28, self_attn.q_proj | Tuning Factorized Weights...
		(Epoch 01/08) Block Loss: 2.3611e-05
		(Epoch 02/08) Block Loss: 2.3534e-05
		(Epoch 03/08) Block Loss: 2.3503e-05
		(Epoch 04/08) Block Loss: 2.3482e-05
		(Epoch 05/08) Block Loss: 2.3467e-05
		(Epoch 06/08) Block Loss: 2.3455e-05
		(Epoch 07/08) Block Loss: 2.3441e-05
		(Epoch 08/08) Block Loss: 2.3424e-05
	(1/3) Block 13/28, self_attn.v_proj | Tuning Non-Factorized Weights...
		(Epoch 01/08) Block Loss: 2.3505e-05
		(Epoch 02/08) Block Loss: 2.3051e-05
		(Epoch 03/08) Block Loss: 2.2758e-05
		(Epoch 04/08) Block Loss: 2.2531e-05
		(Epoch 05/08) Block Loss: 2.2362e-05
		(Epoch 06/08) Block Loss: 2.2250e-05
		(Epoch 07/08) Block Loss: 2.2184e-05
		(Epoch 08/08) Block Loss: 2.2156e-05
	(2/3) Block 13/28, self_attn.v_proj | Initialization via ADMM...
		ADMM weight recon error: raw=227.0233, norm=0.3035, per_el=2.1651e-04, out_err=0.0944, ADMM time=10.67s
	(3/3) Block 13/28, self_attn.v_proj | Tuning Factorized Weights...
		(Epoch 01/08) Block Loss: 2.3528e-05
		(Epoch 02/08) Block Loss: 2.3371e-05
		(Epoch 03/08) Block Loss: 2.3315e-05
		(Epoch 04/08) Block Loss: 2.3282e-05
		(Epoch 05/08) Block Loss: 2.3266e-05
		(Epoch 06/08) Block Loss: 2.3248e-05
		(Epoch 07/08) Block Loss: 2.3239e-05
		(Epoch 08/08) Block Loss: 2.3219e-05
	(1/3) Block 13/28, self_attn.o_proj | Tuning Non-Factorized Weights...
		(Epoch 01/08) Block Loss: 2.3098e-05
		(Epoch 02/08) Block Loss: 2.2682e-05
		(Epoch 03/08) Block Loss: 2.2460e-05
		(Epoch 04/08) Block Loss: 2.2281e-05
		(Epoch 05/08) Block Loss: 2.2153e-05
Token indices sequence length is longer than the specified maximum sequence length for this model (299078 > 131072). Running this sequence through the model will result in indexing errors
Compressing Layers:  46%|█████████████████████████████████████████████████▏                                                        | 13/28 [32:09<37:04, 148.28s/it]		(Epoch 06/08) Block Loss: 2.2066e-05
		(Epoch 07/08) Block Loss: 2.2014e-05
		(Epoch 08/08) Block Loss: 2.1991e-05
	(2/3) Block 13/28, self_attn.o_proj | Initialization via ADMM...
		ADMM weight recon error: raw=358.8271, norm=0.3051, per_el=1.7110e-04, out_err=0.0982, ADMM time=6.67s
	(3/3) Block 13/28, self_attn.o_proj | Tuning Factorized Weights...
		(Epoch 01/08) Block Loss: 2.3328e-05
		(Epoch 02/08) Block Loss: 2.3285e-05
		(Epoch 03/08) Block Loss: 2.3289e-05
		(Epoch 04/08) Block Loss: 2.3305e-05
		(Epoch 05/08) Block Loss: 2.3312e-05
		(Epoch 06/08) Block Loss: 2.3301e-05
		(Epoch 07/08) Block Loss: 2.3288e-05
		(Epoch 08/08) Block Loss: 2.3236e-05
	(1/3) Block 13/28, self_attn.k_proj | Tuning Non-Factorized Weights...
		(Epoch 01/08) Block Loss: 2.3068e-05
		(Epoch 02/08) Block Loss: 2.2743e-05
		(Epoch 03/08) Block Loss: 2.2571e-05
		(Epoch 04/08) Block Loss: 2.2441e-05
		(Epoch 05/08) Block Loss: 2.2343e-05
		(Epoch 06/08) Block Loss: 2.2278e-05
		(Epoch 07/08) Block Loss: 2.2238e-05
		(Epoch 08/08) Block Loss: 2.2220e-05
	(2/3) Block 13/28, self_attn.k_proj | Initialization via ADMM...
		ADMM weight recon error: raw=203.5894, norm=0.2812, per_el=1.9416e-04, out_err=0.0410, ADMM time=11.25s
	(3/3) Block 13/28, self_attn.k_proj | Tuning Factorized Weights...
		(Epoch 01/08) Block Loss: 2.2957e-05
		(Epoch 02/08) Block Loss: 2.2598e-05
		(Epoch 03/08) Block Loss: 2.2524e-05
		(Epoch 04/08) Block Loss: 2.2504e-05
		(Epoch 05/08) Block Loss: 2.2493e-05
		(Epoch 06/08) Block Loss: 2.2486e-05
		(Epoch 07/08) Block Loss: 2.2480e-05
		(Epoch 08/08) Block Loss: 2.2474e-05
	(1/3) Block 13/28, mlp.gate_proj | Tuning Non-Factorized Weights...
		(Epoch 01/08) Block Loss: 2.2573e-05
		(Epoch 02/08) Block Loss: 2.2397e-05
		(Epoch 03/08) Block Loss: 2.2286e-05
		(Epoch 04/08) Block Loss: 2.2205e-05
		(Epoch 05/08) Block Loss: 2.2135e-05
		(Epoch 06/08) Block Loss: 2.2086e-05
		(Epoch 07/08) Block Loss: 2.2054e-05
		(Epoch 08/08) Block Loss: 2.2039e-05
	(2/3) Block 13/28, mlp.gate_proj | Initialization via ADMM...
		ADMM weight recon error: raw=940.6536, norm=0.3266, per_el=2.9903e-04, out_err=0.0455, ADMM time=7.86s
	(3/3) Block 13/28, mlp.gate_proj | Tuning Factorized Weights...
		(Epoch 01/08) Block Loss: 2.3708e-05
		(Epoch 02/08) Block Loss: 2.3642e-05
		(Epoch 03/08) Block Loss: 2.3694e-05
		(Epoch 04/08) Block Loss: 2.3716e-05
		(Epoch 05/08) Block Loss: 2.3742e-05
		(Epoch 06/08) Block Loss: 2.3730e-05
		(Epoch 07/08) Block Loss: 2.3729e-05
		(Epoch 08/08) Block Loss: 2.3625e-05
	(1/3) Block 13/28, mlp.up_proj | Tuning Non-Factorized Weights...
		(Epoch 01/08) Block Loss: 2.3389e-05
		(Epoch 02/08) Block Loss: 2.3159e-05
		(Epoch 03/08) Block Loss: 2.3041e-05
		(Epoch 04/08) Block Loss: 2.2964e-05
		(Epoch 05/08) Block Loss: 2.2902e-05
		(Epoch 06/08) Block Loss: 2.2860e-05
		(Epoch 07/08) Block Loss: 2.2833e-05
		(Epoch 08/08) Block Loss: 2.2821e-05
	(2/3) Block 13/28, mlp.up_proj | Initialization via ADMM...
		ADMM weight recon error: raw=887.8867, norm=0.3651, per_el=2.8225e-04, out_err=0.1388, ADMM time=7.47s
	(3/3) Block 13/28, mlp.up_proj | Tuning Factorized Weights...
		(Epoch 01/08) Block Loss: 2.6851e-05
		(Epoch 02/08) Block Loss: 2.6721e-05
		(Epoch 03/08) Block Loss: 2.6856e-05
		(Epoch 04/08) Block Loss: 2.7182e-05
		(Epoch 05/08) Block Loss: 2.6958e-05
		(Epoch 06/08) Block Loss: 2.6904e-05
		(Epoch 07/08) Block Loss: 2.6953e-05
		(Epoch 08/08) Block Loss: 2.6594e-05
	(1/3) Block 13/28, mlp.down_proj | Tuning Non-Factorized Weights...
		(Epoch 01/08) Block Loss: 2.5941e-05
		(Epoch 02/08) Block Loss: 2.5557e-05
		(Epoch 03/08) Block Loss: 2.5365e-05
		(Epoch 04/08) Block Loss: 2.5251e-05
		(Epoch 05/08) Block Loss: 2.5173e-05
		(Epoch 06/08) Block Loss: 2.5126e-05
		(Epoch 07/08) Block Loss: 2.5100e-05
		(Epoch 08/08) Block Loss: 2.5090e-05
	(2/3) Block 13/28, mlp.down_proj | Initialization via ADMM...
		ADMM weight recon error: raw=736.3595, norm=0.3384, per_el=2.3408e-04, out_err=0.1641, ADMM time=8.18s
	(3/3) Block 13/28, mlp.down_proj | Tuning Factorized Weights...
		(Epoch 01/08) Block Loss: 2.9215e-05
		(Epoch 02/08) Block Loss: 2.9257e-05
		(Epoch 03/08) Block Loss: 2.9537e-05
		(Epoch 04/08) Block Loss: 2.9877e-05
		(Epoch 05/08) Block Loss: 2.9904e-05
		(Epoch 06/08) Block Loss: 2.9521e-05
		(Epoch 07/08) Block Loss: 2.9829e-05
		(Epoch 08/08) Block Loss: 2.9209e-05
		Block 12: relative block output error = 0.0066
Using sequence length: 2048 (model max: 2048)
		Block 12: Test Data PPL        = 20.021
	(1/3) Block 14/28, self_attn.q_proj | Tuning Non-Factorized Weights...
		(Epoch 01/08) Block Loss: 2.4320e-05
		(Epoch 02/08) Block Loss: 2.3176e-05
		(Epoch 03/08) Block Loss: 2.2581e-05
		(Epoch 04/08) Block Loss: 2.2195e-05
		(Epoch 05/08) Block Loss: 2.1922e-05
		(Epoch 06/08) Block Loss: 2.1753e-05
		(Epoch 07/08) Block Loss: 2.1658e-05
		(Epoch 08/08) Block Loss: 2.1622e-05
	(2/3) Block 14/28, self_attn.q_proj | Initialization via ADMM...
		ADMM weight recon error: raw=431.7846, norm=0.2347, per_el=2.0589e-04, out_err=0.0342, ADMM time=6.44s
	(3/3) Block 14/28, self_attn.q_proj | Tuning Factorized Weights...
		(Epoch 01/08) Block Loss: 2.2104e-05
		(Epoch 02/08) Block Loss: 2.2029e-05
		(Epoch 03/08) Block Loss: 2.2006e-05
		(Epoch 04/08) Block Loss: 2.1990e-05
		(Epoch 05/08) Block Loss: 2.1979e-05
		(Epoch 06/08) Block Loss: 2.1965e-05
		(Epoch 07/08) Block Loss: 2.1953e-05
		(Epoch 08/08) Block Loss: 2.1932e-05
	(1/3) Block 14/28, self_attn.v_proj | Tuning Non-Factorized Weights...
		(Epoch 01/08) Block Loss: 2.2013e-05
		(Epoch 02/08) Block Loss: 2.1595e-05
		(Epoch 03/08) Block Loss: 2.1318e-05
		(Epoch 04/08) Block Loss: 2.1114e-05
		(Epoch 05/08) Block Loss: 2.0962e-05
		(Epoch 06/08) Block Loss: 2.0860e-05
		(Epoch 07/08) Block Loss: 2.0798e-05
		(Epoch 08/08) Block Loss: 2.0773e-05
	(2/3) Block 14/28, self_attn.v_proj | Initialization via ADMM...
		ADMM weight recon error: raw=231.9629, norm=0.3135, per_el=2.2122e-04, out_err=0.1074, ADMM time=11.75s
	(3/3) Block 14/28, self_attn.v_proj | Tuning Factorized Weights...
		(Epoch 01/08) Block Loss: 2.2185e-05
		(Epoch 02/08) Block Loss: 2.2046e-05
		(Epoch 03/08) Block Loss: 2.1996e-05
		(Epoch 04/08) Block Loss: 2.1973e-05
		(Epoch 05/08) Block Loss: 2.1957e-05
		(Epoch 06/08) Block Loss: 2.1947e-05
		(Epoch 07/08) Block Loss: 2.1933e-05
		(Epoch 08/08) Block Loss: 2.1908e-05
	(1/3) Block 14/28, self_attn.o_proj | Tuning Non-Factorized Weights...
		(Epoch 01/08) Block Loss: 2.1752e-05
		(Epoch 02/08) Block Loss: 2.1342e-05
		(Epoch 03/08) Block Loss: 2.1118e-05
		(Epoch 04/08) Block Loss: 2.0967e-05
		(Epoch 05/08) Block Loss: 2.0844e-05
		(Epoch 06/08) Block Loss: 2.0763e-05
		(Epoch 07/08) Block Loss: 2.0712e-05
		(Epoch 08/08) Block Loss: 2.0690e-05
	(2/3) Block 14/28, self_attn.o_proj | Initialization via ADMM...
		ADMM weight recon error: raw=328.1406, norm=0.2994, per_el=1.5647e-04, out_err=0.1065, ADMM time=6.86s
	(3/3) Block 14/28, self_attn.o_proj | Tuning Factorized Weights...
		(Epoch 01/08) Block Loss: 2.2128e-05
		(Epoch 02/08) Block Loss: 2.2082e-05
		(Epoch 03/08) Block Loss: 2.2090e-05
		(Epoch 04/08) Block Loss: 2.2107e-05
		(Epoch 05/08) Block Loss: 2.2115e-05
		(Epoch 06/08) Block Loss: 2.2108e-05
		(Epoch 07/08) Block Loss: 2.2093e-05
		(Epoch 08/08) Block Loss: 2.2031e-05
	(1/3) Block 14/28, self_attn.k_proj | Tuning Non-Factorized Weights...
		(Epoch 01/08) Block Loss: 2.1817e-05
		(Epoch 02/08) Block Loss: 2.1488e-05
		(Epoch 03/08) Block Loss: 2.1312e-05
		(Epoch 04/08) Block Loss: 2.1195e-05
		(Epoch 05/08) Block Loss: 2.1102e-05
		(Epoch 06/08) Block Loss: 2.1041e-05
		(Epoch 07/08) Block Loss: 2.1003e-05
		(Epoch 08/08) Block Loss: 2.0986e-05
	(2/3) Block 14/28, self_attn.k_proj | Initialization via ADMM...
		ADMM weight recon error: raw=175.7841, norm=0.2696, per_el=1.6764e-04, out_err=0.0393, ADMM time=5.85s
	(3/3) Block 14/28, self_attn.k_proj | Tuning Factorized Weights...
		(Epoch 01/08) Block Loss: 2.1609e-05
		(Epoch 02/08) Block Loss: 2.1319e-05
		(Epoch 03/08) Block Loss: 2.1263e-05
		(Epoch 04/08) Block Loss: 2.1245e-05
		(Epoch 05/08) Block Loss: 2.1235e-05
		(Epoch 06/08) Block Loss: 2.1228e-05
Token indices sequence length is longer than the specified maximum sequence length for this model (299078 > 131072). Running this sequence through the model will result in indexing errors
Compressing Layers:  50%|█████████████████████████████████████████████████████                                                     | 14/28 [34:36<34:30, 147.88s/it]		(Epoch 07/08) Block Loss: 2.1223e-05
		(Epoch 08/08) Block Loss: 2.1218e-05
	(1/3) Block 14/28, mlp.gate_proj | Tuning Non-Factorized Weights...
		(Epoch 01/08) Block Loss: 2.1305e-05
		(Epoch 02/08) Block Loss: 2.1140e-05
		(Epoch 03/08) Block Loss: 2.1035e-05
		(Epoch 04/08) Block Loss: 2.0962e-05
		(Epoch 05/08) Block Loss: 2.0897e-05
		(Epoch 06/08) Block Loss: 2.0852e-05
		(Epoch 07/08) Block Loss: 2.0822e-05
		(Epoch 08/08) Block Loss: 2.0808e-05
	(2/3) Block 14/28, mlp.gate_proj | Initialization via ADMM...
		ADMM weight recon error: raw=847.2508, norm=0.3190, per_el=2.6933e-04, out_err=0.0493, ADMM time=7.34s
	(3/3) Block 14/28, mlp.gate_proj | Tuning Factorized Weights...
		(Epoch 01/08) Block Loss: 2.2330e-05
		(Epoch 02/08) Block Loss: 2.2283e-05
		(Epoch 03/08) Block Loss: 2.2318e-05
		(Epoch 04/08) Block Loss: 2.2359e-05
		(Epoch 05/08) Block Loss: 2.2373e-05
		(Epoch 06/08) Block Loss: 2.2372e-05
		(Epoch 07/08) Block Loss: 2.2369e-05
		(Epoch 08/08) Block Loss: 2.2273e-05
	(1/3) Block 14/28, mlp.up_proj | Tuning Non-Factorized Weights...
		(Epoch 01/08) Block Loss: 2.2067e-05
		(Epoch 02/08) Block Loss: 2.1861e-05
		(Epoch 03/08) Block Loss: 2.1753e-05
		(Epoch 04/08) Block Loss: 2.1684e-05
		(Epoch 05/08) Block Loss: 2.1627e-05
		(Epoch 06/08) Block Loss: 2.1588e-05
		(Epoch 07/08) Block Loss: 2.1564e-05
		(Epoch 08/08) Block Loss: 2.1553e-05
	(2/3) Block 14/28, mlp.up_proj | Initialization via ADMM...
		ADMM weight recon error: raw=806.5078, norm=0.3600, per_el=2.5638e-04, out_err=0.1369, ADMM time=7.77s
	(3/3) Block 14/28, mlp.up_proj | Tuning Factorized Weights...
		(Epoch 01/08) Block Loss: 2.4778e-05
		(Epoch 02/08) Block Loss: 2.4690e-05
		(Epoch 03/08) Block Loss: 2.4764e-05
		(Epoch 04/08) Block Loss: 2.5002e-05
		(Epoch 05/08) Block Loss: 2.4938e-05
		(Epoch 06/08) Block Loss: 2.4848e-05
		(Epoch 07/08) Block Loss: 2.4921e-05
		(Epoch 08/08) Block Loss: 2.4636e-05
	(1/3) Block 14/28, mlp.down_proj | Tuning Non-Factorized Weights...
		(Epoch 01/08) Block Loss: 2.4089e-05
		(Epoch 02/08) Block Loss: 2.3796e-05
		(Epoch 03/08) Block Loss: 2.3649e-05
		(Epoch 04/08) Block Loss: 2.3562e-05
		(Epoch 05/08) Block Loss: 2.3500e-05
		(Epoch 06/08) Block Loss: 2.3463e-05
		(Epoch 07/08) Block Loss: 2.3442e-05
		(Epoch 08/08) Block Loss: 2.3434e-05
	(2/3) Block 14/28, mlp.down_proj | Initialization via ADMM...
		ADMM weight recon error: raw=666.6962, norm=0.3307, per_el=2.1194e-04, out_err=0.1831, ADMM time=6.40s
	(3/3) Block 14/28, mlp.down_proj | Tuning Factorized Weights...
		(Epoch 01/08) Block Loss: 2.6892e-05
		(Epoch 02/08) Block Loss: 2.6924e-05
		(Epoch 03/08) Block Loss: 2.7191e-05
		(Epoch 04/08) Block Loss: 2.7249e-05
		(Epoch 05/08) Block Loss: 2.7430e-05
		(Epoch 06/08) Block Loss: 2.7179e-05
		(Epoch 07/08) Block Loss: 2.7291e-05
		(Epoch 08/08) Block Loss: 2.7036e-05
		Block 13: relative block output error = 0.0076
Using sequence length: 2048 (model max: 2048)
		Block 13: Test Data PPL        = 20.494
	(1/3) Block 15/28, self_attn.q_proj | Tuning Non-Factorized Weights...
		(Epoch 01/08) Block Loss: 2.1613e-05
		(Epoch 02/08) Block Loss: 2.0628e-05
		(Epoch 03/08) Block Loss: 2.0106e-05
		(Epoch 04/08) Block Loss: 1.9768e-05
		(Epoch 05/08) Block Loss: 1.9532e-05
		(Epoch 06/08) Block Loss: 1.9385e-05
		(Epoch 07/08) Block Loss: 1.9303e-05
		(Epoch 08/08) Block Loss: 1.9271e-05
	(2/3) Block 15/28, self_attn.q_proj | Initialization via ADMM...
		ADMM weight recon error: raw=451.5350, norm=0.2554, per_el=2.1531e-04, out_err=0.0408, ADMM time=6.00s
	(3/3) Block 15/28, self_attn.q_proj | Tuning Factorized Weights...
		(Epoch 01/08) Block Loss: 1.9608e-05
		(Epoch 02/08) Block Loss: 1.9557e-05
		(Epoch 03/08) Block Loss: 1.9538e-05
		(Epoch 04/08) Block Loss: 1.9525e-05
		(Epoch 05/08) Block Loss: 1.9516e-05
		(Epoch 06/08) Block Loss: 1.9506e-05
		(Epoch 07/08) Block Loss: 1.9494e-05
		(Epoch 08/08) Block Loss: 1.9480e-05
	(1/3) Block 15/28, self_attn.v_proj | Tuning Non-Factorized Weights...
		(Epoch 01/08) Block Loss: 1.9542e-05
		(Epoch 02/08) Block Loss: 1.9180e-05
		(Epoch 03/08) Block Loss: 1.8939e-05
		(Epoch 04/08) Block Loss: 1.8767e-05
		(Epoch 05/08) Block Loss: 1.8633e-05
		(Epoch 06/08) Block Loss: 1.8545e-05
		(Epoch 07/08) Block Loss: 1.8491e-05
		(Epoch 08/08) Block Loss: 1.8468e-05
	(2/3) Block 15/28, self_attn.v_proj | Initialization via ADMM...
		ADMM weight recon error: raw=227.9627, norm=0.3433, per_el=2.1740e-04, out_err=0.1337, ADMM time=6.69s
	(3/3) Block 15/28, self_attn.v_proj | Tuning Factorized Weights...
		(Epoch 01/08) Block Loss: 1.9928e-05
		(Epoch 02/08) Block Loss: 1.9793e-05
		(Epoch 03/08) Block Loss: 1.9737e-05
		(Epoch 04/08) Block Loss: 1.9707e-05
		(Epoch 05/08) Block Loss: 1.9693e-05
		(Epoch 06/08) Block Loss: 1.9682e-05
		(Epoch 07/08) Block Loss: 1.9675e-05
		(Epoch 08/08) Block Loss: 1.9657e-05
	(1/3) Block 15/28, self_attn.o_proj | Tuning Non-Factorized Weights...
		(Epoch 01/08) Block Loss: 1.9459e-05
		(Epoch 02/08) Block Loss: 1.9070e-05
		(Epoch 03/08) Block Loss: 1.8861e-05
		(Epoch 04/08) Block Loss: 1.8723e-05
		(Epoch 05/08) Block Loss: 1.8614e-05
		(Epoch 06/08) Block Loss: 1.8543e-05
		(Epoch 07/08) Block Loss: 1.8498e-05
		(Epoch 08/08) Block Loss: 1.8479e-05
	(2/3) Block 15/28, self_attn.o_proj | Initialization via ADMM...
		ADMM weight recon error: raw=332.5274, norm=0.3173, per_el=1.5856e-04, out_err=0.1132, ADMM time=6.27s
	(3/3) Block 15/28, self_attn.o_proj | Tuning Factorized Weights...
		(Epoch 01/08) Block Loss: 1.9664e-05
		(Epoch 02/08) Block Loss: 1.9640e-05
		(Epoch 03/08) Block Loss: 1.9668e-05
		(Epoch 04/08) Block Loss: 1.9704e-05
		(Epoch 05/08) Block Loss: 1.9719e-05
		(Epoch 06/08) Block Loss: 1.9721e-05
		(Epoch 07/08) Block Loss: 1.9709e-05
		(Epoch 08/08) Block Loss: 1.9650e-05
	(1/3) Block 15/28, self_attn.k_proj | Tuning Non-Factorized Weights...
		(Epoch 01/08) Block Loss: 1.9444e-05
		(Epoch 02/08) Block Loss: 1.9160e-05
		(Epoch 03/08) Block Loss: 1.9007e-05
		(Epoch 04/08) Block Loss: 1.8906e-05
		(Epoch 05/08) Block Loss: 1.8824e-05
		(Epoch 06/08) Block Loss: 1.8771e-05
		(Epoch 07/08) Block Loss: 1.8737e-05
		(Epoch 08/08) Block Loss: 1.8722e-05
	(2/3) Block 15/28, self_attn.k_proj | Initialization via ADMM...
		ADMM weight recon error: raw=177.1429, norm=0.2734, per_el=1.6894e-04, out_err=0.0416, ADMM time=10.52s
	(3/3) Block 15/28, self_attn.k_proj | Tuning Factorized Weights...
		(Epoch 01/08) Block Loss: 1.9410e-05
		(Epoch 02/08) Block Loss: 1.9054e-05
		(Epoch 03/08) Block Loss: 1.8968e-05
		(Epoch 04/08) Block Loss: 1.8944e-05
		(Epoch 05/08) Block Loss: 1.8933e-05
		(Epoch 06/08) Block Loss: 1.8926e-05
		(Epoch 07/08) Block Loss: 1.8922e-05
		(Epoch 08/08) Block Loss: 1.8916e-05
	(1/3) Block 15/28, mlp.gate_proj | Tuning Non-Factorized Weights...
		(Epoch 01/08) Block Loss: 1.9001e-05
		(Epoch 02/08) Block Loss: 1.8854e-05
		(Epoch 03/08) Block Loss: 1.8764e-05
		(Epoch 04/08) Block Loss: 1.8698e-05
		(Epoch 05/08) Block Loss: 1.8641e-05
		(Epoch 06/08) Block Loss: 1.8601e-05
		(Epoch 07/08) Block Loss: 1.8575e-05
		(Epoch 08/08) Block Loss: 1.8563e-05
	(2/3) Block 15/28, mlp.gate_proj | Initialization via ADMM...
		ADMM weight recon error: raw=775.6259, norm=0.3168, per_el=2.4656e-04, out_err=0.0513, ADMM time=6.85s
	(3/3) Block 15/28, mlp.gate_proj | Tuning Factorized Weights...
		(Epoch 01/08) Block Loss: 1.9969e-05
		(Epoch 02/08) Block Loss: 1.9941e-05
		(Epoch 03/08) Block Loss: 1.9982e-05
		(Epoch 04/08) Block Loss: 2.0024e-05
		(Epoch 05/08) Block Loss: 2.0042e-05
		(Epoch 06/08) Block Loss: 2.0046e-05
		(Epoch 07/08) Block Loss: 2.0032e-05
		(Epoch 08/08) Block Loss: 1.9953e-05
	(1/3) Block 15/28, mlp.up_proj | Tuning Non-Factorized Weights...
		(Epoch 01/08) Block Loss: 1.9741e-05
		(Epoch 02/08) Block Loss: 1.9554e-05
		(Epoch 03/08) Block Loss: 1.9456e-05
		(Epoch 04/08) Block Loss: 1.9394e-05
		(Epoch 05/08) Block Loss: 1.9343e-05
		(Epoch 06/08) Block Loss: 1.9309e-05
		(Epoch 07/08) Block Loss: 1.9287e-05
		(Epoch 08/08) Block Loss: 1.9277e-05
	(2/3) Block 15/28, mlp.up_proj | Initialization via ADMM...
Token indices sequence length is longer than the specified maximum sequence length for this model (299078 > 131072). Running this sequence through the model will result in indexing errors
Compressing Layers:  54%|████████████████████████████████████████████████████████▊                                                 | 15/28 [37:04<32:05, 148.09s/it]Token indices sequence length is longer than the specified maximum sequence length for this model (299078 > 131072). Running this sequence through the model will result in indexing errors
		ADMM weight recon error: raw=747.1385, norm=0.3565, per_el=2.3751e-04, out_err=0.1258, ADMM time=7.62s
	(3/3) Block 15/28, mlp.up_proj | Tuning Factorized Weights...
		(Epoch 01/08) Block Loss: 2.2099e-05
		(Epoch 02/08) Block Loss: 2.2036e-05
		(Epoch 03/08) Block Loss: 2.2167e-05
		(Epoch 04/08) Block Loss: 2.2314e-05
		(Epoch 05/08) Block Loss: 2.2162e-05
		(Epoch 06/08) Block Loss: 2.2183e-05
		(Epoch 07/08) Block Loss: 2.2187e-05
		(Epoch 08/08) Block Loss: 2.1992e-05
	(1/3) Block 15/28, mlp.down_proj | Tuning Non-Factorized Weights...
		(Epoch 01/08) Block Loss: 2.1499e-05
		(Epoch 02/08) Block Loss: 2.1245e-05
		(Epoch 03/08) Block Loss: 2.1120e-05
		(Epoch 04/08) Block Loss: 2.1046e-05
		(Epoch 05/08) Block Loss: 2.0993e-05
		(Epoch 06/08) Block Loss: 2.0962e-05
		(Epoch 07/08) Block Loss: 2.0944e-05
		(Epoch 08/08) Block Loss: 2.0937e-05
	(2/3) Block 15/28, mlp.down_proj | Initialization via ADMM...
		ADMM weight recon error: raw=642.7972, norm=0.3307, per_el=2.0434e-04, out_err=0.1778, ADMM time=7.87s
	(3/3) Block 15/28, mlp.down_proj | Tuning Factorized Weights...
		(Epoch 01/08) Block Loss: 2.4092e-05
		(Epoch 02/08) Block Loss: 2.4142e-05
		(Epoch 03/08) Block Loss: 2.4345e-05
		(Epoch 04/08) Block Loss: 2.4483e-05
		(Epoch 05/08) Block Loss: 2.4495e-05
		(Epoch 06/08) Block Loss: 2.4491e-05
		(Epoch 07/08) Block Loss: 2.4552e-05
		(Epoch 08/08) Block Loss: 2.4333e-05
		Block 14: relative block output error = 0.0082
Using sequence length: 2048 (model max: 2048)
		Block 14: Test Data PPL        = 20.783
	(1/3) Block 16/28, self_attn.q_proj | Tuning Non-Factorized Weights...
		(Epoch 01/08) Block Loss: 2.8784e-05
		(Epoch 02/08) Block Loss: 2.7495e-05
		(Epoch 03/08) Block Loss: 2.6817e-05
		(Epoch 04/08) Block Loss: 2.6379e-05
		(Epoch 05/08) Block Loss: 2.6072e-05
		(Epoch 06/08) Block Loss: 2.5882e-05
		(Epoch 07/08) Block Loss: 2.5773e-05
		(Epoch 08/08) Block Loss: 2.5731e-05
	(2/3) Block 16/28, self_attn.q_proj | Initialization via ADMM...
		ADMM weight recon error: raw=436.5942, norm=0.2383, per_el=2.0818e-04, out_err=0.0376, ADMM time=6.13s
	(3/3) Block 16/28, self_attn.q_proj | Tuning Factorized Weights...
		(Epoch 01/08) Block Loss: 2.6178e-05
		(Epoch 02/08) Block Loss: 2.6111e-05
		(Epoch 03/08) Block Loss: 2.6083e-05
		(Epoch 04/08) Block Loss: 2.6066e-05
		(Epoch 05/08) Block Loss: 2.6051e-05
		(Epoch 06/08) Block Loss: 2.6039e-05
		(Epoch 07/08) Block Loss: 2.6023e-05
		(Epoch 08/08) Block Loss: 2.6007e-05
	(1/3) Block 16/28, self_attn.v_proj | Tuning Non-Factorized Weights...
		(Epoch 01/08) Block Loss: 2.6126e-05
		(Epoch 02/08) Block Loss: 2.5656e-05
		(Epoch 03/08) Block Loss: 2.5342e-05
		(Epoch 04/08) Block Loss: 2.5114e-05
		(Epoch 05/08) Block Loss: 2.4940e-05
		(Epoch 06/08) Block Loss: 2.4824e-05
		(Epoch 07/08) Block Loss: 2.4753e-05
		(Epoch 08/08) Block Loss: 2.4722e-05
	(2/3) Block 16/28, self_attn.v_proj | Initialization via ADMM...
		ADMM weight recon error: raw=240.9246, norm=0.3346, per_el=2.2976e-04, out_err=0.1891, ADMM time=11.01s
	(3/3) Block 16/28, self_attn.v_proj | Tuning Factorized Weights...
		(Epoch 01/08) Block Loss: 2.7094e-05
		(Epoch 02/08) Block Loss: 2.6795e-05
		(Epoch 03/08) Block Loss: 2.6692e-05
		(Epoch 04/08) Block Loss: 2.6639e-05
		(Epoch 05/08) Block Loss: 2.6610e-05
		(Epoch 06/08) Block Loss: 2.6589e-05
		(Epoch 07/08) Block Loss: 2.6573e-05
		(Epoch 08/08) Block Loss: 2.6536e-05
	(1/3) Block 16/28, self_attn.o_proj | Tuning Non-Factorized Weights...
		(Epoch 01/08) Block Loss: 2.6251e-05
		(Epoch 02/08) Block Loss: 2.5725e-05
		(Epoch 03/08) Block Loss: 2.5450e-05
		(Epoch 04/08) Block Loss: 2.5266e-05
		(Epoch 05/08) Block Loss: 2.5121e-05
		(Epoch 06/08) Block Loss: 2.5025e-05
		(Epoch 07/08) Block Loss: 2.4964e-05
		(Epoch 08/08) Block Loss: 2.4938e-05
	(2/3) Block 16/28, self_attn.o_proj | Initialization via ADMM...
		ADMM weight recon error: raw=347.5599, norm=0.3038, per_el=1.6573e-04, out_err=0.0885, ADMM time=6.38s
	(3/3) Block 16/28, self_attn.o_proj | Tuning Factorized Weights...
		(Epoch 01/08) Block Loss: 2.6647e-05
		(Epoch 02/08) Block Loss: 2.6610e-05
		(Epoch 03/08) Block Loss: 2.6644e-05
		(Epoch 04/08) Block Loss: 2.6688e-05
		(Epoch 05/08) Block Loss: 2.6706e-05
		(Epoch 06/08) Block Loss: 2.6710e-05
		(Epoch 07/08) Block Loss: 2.6677e-05
		(Epoch 08/08) Block Loss: 2.6603e-05
	(1/3) Block 16/28, self_attn.k_proj | Tuning Non-Factorized Weights...
		(Epoch 01/08) Block Loss: 2.6306e-05
		(Epoch 02/08) Block Loss: 2.5921e-05
		(Epoch 03/08) Block Loss: 2.5718e-05
		(Epoch 04/08) Block Loss: 2.5583e-05
		(Epoch 05/08) Block Loss: 2.5475e-05
		(Epoch 06/08) Block Loss: 2.5403e-05
		(Epoch 07/08) Block Loss: 2.5357e-05
		(Epoch 08/08) Block Loss: 2.5336e-05
	(2/3) Block 16/28, self_attn.k_proj | Initialization via ADMM...
		ADMM weight recon error: raw=165.6218, norm=0.2875, per_el=1.5795e-04, out_err=0.0554, ADMM time=11.36s
	(3/3) Block 16/28, self_attn.k_proj | Tuning Factorized Weights...
		(Epoch 01/08) Block Loss: 2.6311e-05
		(Epoch 02/08) Block Loss: 2.5765e-05
		(Epoch 03/08) Block Loss: 2.5658e-05
		(Epoch 04/08) Block Loss: 2.5633e-05
		(Epoch 05/08) Block Loss: 2.5624e-05
		(Epoch 06/08) Block Loss: 2.5615e-05
		(Epoch 07/08) Block Loss: 2.5610e-05
		(Epoch 08/08) Block Loss: 2.5601e-05
	(1/3) Block 16/28, mlp.gate_proj | Tuning Non-Factorized Weights...
		(Epoch 01/08) Block Loss: 2.5719e-05
		(Epoch 02/08) Block Loss: 2.5529e-05
		(Epoch 03/08) Block Loss: 2.5409e-05
		(Epoch 04/08) Block Loss: 2.5324e-05
		(Epoch 05/08) Block Loss: 2.5249e-05
		(Epoch 06/08) Block Loss: 2.5196e-05
		(Epoch 07/08) Block Loss: 2.5160e-05
		(Epoch 08/08) Block Loss: 2.5143e-05
	(2/3) Block 16/28, mlp.gate_proj | Initialization via ADMM...
		ADMM weight recon error: raw=791.6080, norm=0.3172, per_el=2.5165e-04, out_err=0.0470, ADMM time=6.75s
	(3/3) Block 16/28, mlp.gate_proj | Tuning Factorized Weights...
		(Epoch 01/08) Block Loss: 2.7151e-05
		(Epoch 02/08) Block Loss: 2.7090e-05
		(Epoch 03/08) Block Loss: 2.7144e-05
		(Epoch 04/08) Block Loss: 2.7198e-05
		(Epoch 05/08) Block Loss: 2.7220e-05
		(Epoch 06/08) Block Loss: 2.7236e-05
		(Epoch 07/08) Block Loss: 2.7211e-05
		(Epoch 08/08) Block Loss: 2.7101e-05
	(1/3) Block 16/28, mlp.up_proj | Tuning Non-Factorized Weights...
		(Epoch 01/08) Block Loss: 2.6796e-05
		(Epoch 02/08) Block Loss: 2.6541e-05
		(Epoch 03/08) Block Loss: 2.6410e-05
		(Epoch 04/08) Block Loss: 2.6326e-05
		(Epoch 05/08) Block Loss: 2.6258e-05
		(Epoch 06/08) Block Loss: 2.6212e-05
		(Epoch 07/08) Block Loss: 2.6182e-05
		(Epoch 08/08) Block Loss: 2.6168e-05
	(2/3) Block 16/28, mlp.up_proj | Initialization via ADMM...
		ADMM weight recon error: raw=780.3867, norm=0.3613, per_el=2.4808e-04, out_err=0.1155, ADMM time=7.33s
	(3/3) Block 16/28, mlp.up_proj | Tuning Factorized Weights...
		(Epoch 01/08) Block Loss: 3.0174e-05
		(Epoch 02/08) Block Loss: 3.0041e-05
		(Epoch 03/08) Block Loss: 3.0125e-05
		(Epoch 04/08) Block Loss: 3.0213e-05
		(Epoch 05/08) Block Loss: 3.0212e-05
		(Epoch 06/08) Block Loss: 3.0243e-05
		(Epoch 07/08) Block Loss: 3.0255e-05
		(Epoch 08/08) Block Loss: 2.9973e-05
	(1/3) Block 16/28, mlp.down_proj | Tuning Non-Factorized Weights...
		(Epoch 01/08) Block Loss: 2.9271e-05
		(Epoch 02/08) Block Loss: 2.8912e-05
		(Epoch 03/08) Block Loss: 2.8737e-05
		(Epoch 04/08) Block Loss: 2.8634e-05
		(Epoch 05/08) Block Loss: 2.8561e-05
		(Epoch 06/08) Block Loss: 2.8517e-05
		(Epoch 07/08) Block Loss: 2.8492e-05
		(Epoch 08/08) Block Loss: 2.8482e-05
	(2/3) Block 16/28, mlp.down_proj | Initialization via ADMM...
		ADMM weight recon error: raw=630.4778, norm=0.3270, per_el=2.0042e-04, out_err=0.1621, ADMM time=7.23s
	(3/3) Block 16/28, mlp.down_proj | Tuning Factorized Weights...
		(Epoch 01/08) Block Loss: 3.2777e-05
		(Epoch 02/08) Block Loss: 3.2825e-05
		(Epoch 03/08) Block Loss: 3.3047e-05
		(Epoch 04/08) Block Loss: 3.3335e-05
		(Epoch 05/08) Block Loss: 3.3526e-05
		(Epoch 06/08) Block Loss: 3.3313e-05
		(Epoch 07/08) Block Loss: 3.3384e-05
		(Epoch 08/08) Block Loss: 3.3040e-05
		Block 15: relative block output error = 0.0103
Using sequence length: 2048 (model max: 2048)
Compressing Layers:  57%|████████████████████████████████████████████████████████████▌                                             | 16/28 [39:30<29:27, 147.28s/it]Token indices sequence length is longer than the specified maximum sequence length for this model (299078 > 131072). Running this sequence through the model will result in indexing errors
Compressing Layers:  61%|████████████████████████████████████████████████████████████████▎                                         | 17/28 [41:57<27:00, 147.28s/it]		Block 15: Test Data PPL        = 20.743
	(1/3) Block 17/28, self_attn.q_proj | Tuning Non-Factorized Weights...
		(Epoch 01/08) Block Loss: 2.0205e-05
		(Epoch 02/08) Block Loss: 1.9214e-05
		(Epoch 03/08) Block Loss: 1.8716e-05
		(Epoch 04/08) Block Loss: 1.8400e-05
		(Epoch 05/08) Block Loss: 1.8179e-05
		(Epoch 06/08) Block Loss: 1.8040e-05
		(Epoch 07/08) Block Loss: 1.7959e-05
		(Epoch 08/08) Block Loss: 1.7926e-05
	(2/3) Block 17/28, self_attn.q_proj | Initialization via ADMM...
		ADMM weight recon error: raw=458.2724, norm=0.2122, per_el=2.1852e-04, out_err=0.0345, ADMM time=6.53s
	(3/3) Block 17/28, self_attn.q_proj | Tuning Factorized Weights...
		(Epoch 01/08) Block Loss: 1.8318e-05
		(Epoch 02/08) Block Loss: 1.8259e-05
		(Epoch 03/08) Block Loss: 1.8239e-05
		(Epoch 04/08) Block Loss: 1.8227e-05
		(Epoch 05/08) Block Loss: 1.8218e-05
		(Epoch 06/08) Block Loss: 1.8209e-05
		(Epoch 07/08) Block Loss: 1.8200e-05
		(Epoch 08/08) Block Loss: 1.8185e-05
	(1/3) Block 17/28, self_attn.v_proj | Tuning Non-Factorized Weights...
		(Epoch 01/08) Block Loss: 1.8284e-05
		(Epoch 02/08) Block Loss: 1.7936e-05
		(Epoch 03/08) Block Loss: 1.7712e-05
		(Epoch 04/08) Block Loss: 1.7548e-05
		(Epoch 05/08) Block Loss: 1.7420e-05
		(Epoch 06/08) Block Loss: 1.7336e-05
		(Epoch 07/08) Block Loss: 1.7282e-05
		(Epoch 08/08) Block Loss: 1.7259e-05
	(2/3) Block 17/28, self_attn.v_proj | Initialization via ADMM...
		ADMM weight recon error: raw=232.9066, norm=0.3308, per_el=2.2212e-04, out_err=0.1726, ADMM time=11.08s
	(3/3) Block 17/28, self_attn.v_proj | Tuning Factorized Weights...
		(Epoch 01/08) Block Loss: 1.8916e-05
		(Epoch 02/08) Block Loss: 1.8658e-05
		(Epoch 03/08) Block Loss: 1.8574e-05
		(Epoch 04/08) Block Loss: 1.8530e-05
		(Epoch 05/08) Block Loss: 1.8503e-05
		(Epoch 06/08) Block Loss: 1.8485e-05
		(Epoch 07/08) Block Loss: 1.8473e-05
		(Epoch 08/08) Block Loss: 1.8450e-05
	(1/3) Block 17/28, self_attn.o_proj | Tuning Non-Factorized Weights...
		(Epoch 01/08) Block Loss: 1.8274e-05
		(Epoch 02/08) Block Loss: 1.7907e-05
		(Epoch 03/08) Block Loss: 1.7714e-05
		(Epoch 04/08) Block Loss: 1.7586e-05
		(Epoch 05/08) Block Loss: 1.7484e-05
		(Epoch 06/08) Block Loss: 1.7415e-05
		(Epoch 07/08) Block Loss: 1.7370e-05
		(Epoch 08/08) Block Loss: 1.7349e-05
	(2/3) Block 17/28, self_attn.o_proj | Initialization via ADMM...
		ADMM weight recon error: raw=346.5183, norm=0.3072, per_el=1.6523e-04, out_err=0.0805, ADMM time=4.09s
	(3/3) Block 17/28, self_attn.o_proj | Tuning Factorized Weights...
		(Epoch 01/08) Block Loss: 1.8566e-05
		(Epoch 02/08) Block Loss: 1.8524e-05
		(Epoch 03/08) Block Loss: 1.8534e-05
		(Epoch 04/08) Block Loss: 1.8552e-05
		(Epoch 05/08) Block Loss: 1.8564e-05
		(Epoch 06/08) Block Loss: 1.8555e-05
		(Epoch 07/08) Block Loss: 1.8542e-05
		(Epoch 08/08) Block Loss: 1.8491e-05
	(1/3) Block 17/28, self_attn.k_proj | Tuning Non-Factorized Weights...
		(Epoch 01/08) Block Loss: 1.8324e-05
		(Epoch 02/08) Block Loss: 1.8048e-05
		(Epoch 03/08) Block Loss: 1.7903e-05
		(Epoch 04/08) Block Loss: 1.7808e-05
		(Epoch 05/08) Block Loss: 1.7730e-05
		(Epoch 06/08) Block Loss: 1.7677e-05
		(Epoch 07/08) Block Loss: 1.7642e-05
		(Epoch 08/08) Block Loss: 1.7627e-05
	(2/3) Block 17/28, self_attn.k_proj | Initialization via ADMM...
		ADMM weight recon error: raw=166.4781, norm=0.2668, per_el=1.5877e-04, out_err=0.0512, ADMM time=9.98s
	(3/3) Block 17/28, self_attn.k_proj | Tuning Factorized Weights...
		(Epoch 01/08) Block Loss: 1.9204e-05
		(Epoch 02/08) Block Loss: 1.8026e-05
		(Epoch 03/08) Block Loss: 1.7891e-05
		(Epoch 04/08) Block Loss: 1.7862e-05
		(Epoch 05/08) Block Loss: 1.7850e-05
		(Epoch 06/08) Block Loss: 1.7843e-05
		(Epoch 07/08) Block Loss: 1.7837e-05
		(Epoch 08/08) Block Loss: 1.7827e-05
	(1/3) Block 17/28, mlp.gate_proj | Tuning Non-Factorized Weights...
		(Epoch 01/08) Block Loss: 1.7933e-05
		(Epoch 02/08) Block Loss: 1.7792e-05
		(Epoch 03/08) Block Loss: 1.7705e-05
		(Epoch 04/08) Block Loss: 1.7645e-05
		(Epoch 05/08) Block Loss: 1.7589e-05
		(Epoch 06/08) Block Loss: 1.7550e-05
		(Epoch 07/08) Block Loss: 1.7522e-05
		(Epoch 08/08) Block Loss: 1.7509e-05
	(2/3) Block 17/28, mlp.gate_proj | Initialization via ADMM...
		ADMM weight recon error: raw=785.2689, norm=0.3187, per_el=2.4963e-04, out_err=0.0407, ADMM time=7.41s
	(3/3) Block 17/28, mlp.gate_proj | Tuning Factorized Weights...
		(Epoch 01/08) Block Loss: 1.9122e-05
		(Epoch 02/08) Block Loss: 1.9044e-05
		(Epoch 03/08) Block Loss: 1.9082e-05
		(Epoch 04/08) Block Loss: 1.9124e-05
		(Epoch 05/08) Block Loss: 1.9148e-05
		(Epoch 06/08) Block Loss: 1.9152e-05
		(Epoch 07/08) Block Loss: 1.9134e-05
		(Epoch 08/08) Block Loss: 1.9052e-05
	(1/3) Block 17/28, mlp.up_proj | Tuning Non-Factorized Weights...
		(Epoch 01/08) Block Loss: 1.8803e-05
		(Epoch 02/08) Block Loss: 1.8605e-05
		(Epoch 03/08) Block Loss: 1.8507e-05
		(Epoch 04/08) Block Loss: 1.8446e-05
		(Epoch 05/08) Block Loss: 1.8395e-05
		(Epoch 06/08) Block Loss: 1.8361e-05
		(Epoch 07/08) Block Loss: 1.8337e-05
		(Epoch 08/08) Block Loss: 1.8326e-05
	(2/3) Block 17/28, mlp.up_proj | Initialization via ADMM...
		ADMM weight recon error: raw=854.4178, norm=0.3761, per_el=2.7161e-04, out_err=0.0999, ADMM time=7.17s
	(3/3) Block 17/28, mlp.up_proj | Tuning Factorized Weights...
		(Epoch 01/08) Block Loss: 2.2254e-05
		(Epoch 02/08) Block Loss: 2.2094e-05
		(Epoch 03/08) Block Loss: 2.2183e-05
		(Epoch 04/08) Block Loss: 2.2293e-05
		(Epoch 05/08) Block Loss: 2.2311e-05
		(Epoch 06/08) Block Loss: 2.2312e-05
		(Epoch 07/08) Block Loss: 2.2319e-05
		(Epoch 08/08) Block Loss: 2.2101e-05
	(1/3) Block 17/28, mlp.down_proj | Tuning Non-Factorized Weights...
		(Epoch 01/08) Block Loss: 2.1270e-05
		(Epoch 02/08) Block Loss: 2.0846e-05
		(Epoch 03/08) Block Loss: 2.0659e-05
		(Epoch 04/08) Block Loss: 2.0554e-05
		(Epoch 05/08) Block Loss: 2.0484e-05
		(Epoch 06/08) Block Loss: 2.0442e-05
		(Epoch 07/08) Block Loss: 2.0419e-05
		(Epoch 08/08) Block Loss: 2.0410e-05
	(2/3) Block 17/28, mlp.down_proj | Initialization via ADMM...
		ADMM weight recon error: raw=700.8583, norm=0.3590, per_el=2.2280e-04, out_err=0.1290, ADMM time=7.17s
	(3/3) Block 17/28, mlp.down_proj | Tuning Factorized Weights...
		(Epoch 01/08) Block Loss: 2.5015e-05
		(Epoch 02/08) Block Loss: 2.5110e-05
		(Epoch 03/08) Block Loss: 2.5398e-05
		(Epoch 04/08) Block Loss: 2.5630e-05
		(Epoch 05/08) Block Loss: 2.5753e-05
		(Epoch 06/08) Block Loss: 2.5806e-05
		(Epoch 07/08) Block Loss: 2.5807e-05
		(Epoch 08/08) Block Loss: 2.5601e-05
		Block 16: relative block output error = 0.0163
Using sequence length: 2048 (model max: 2048)
		Block 16: Test Data PPL        = 21.255
	(1/3) Block 18/28, self_attn.q_proj | Tuning Non-Factorized Weights...
		(Epoch 01/08) Block Loss: 2.0566e-05
		(Epoch 02/08) Block Loss: 1.9315e-05
		(Epoch 03/08) Block Loss: 1.8707e-05
		(Epoch 04/08) Block Loss: 1.8319e-05
		(Epoch 05/08) Block Loss: 1.8058e-05
		(Epoch 06/08) Block Loss: 1.7898e-05
		(Epoch 07/08) Block Loss: 1.7805e-05
		(Epoch 08/08) Block Loss: 1.7769e-05
	(2/3) Block 18/28, self_attn.q_proj | Initialization via ADMM...
		ADMM weight recon error: raw=433.8984, norm=0.2260, per_el=2.0690e-04, out_err=0.0376, ADMM time=3.55s
	(3/3) Block 18/28, self_attn.q_proj | Tuning Factorized Weights...
		(Epoch 01/08) Block Loss: 1.8257e-05
		(Epoch 02/08) Block Loss: 1.8178e-05
		(Epoch 03/08) Block Loss: 1.8147e-05
		(Epoch 04/08) Block Loss: 1.8129e-05
		(Epoch 05/08) Block Loss: 1.8112e-05
		(Epoch 06/08) Block Loss: 1.8101e-05
		(Epoch 07/08) Block Loss: 1.8090e-05
		(Epoch 08/08) Block Loss: 1.8072e-05
	(1/3) Block 18/28, self_attn.v_proj | Tuning Non-Factorized Weights...
		(Epoch 01/08) Block Loss: 1.8159e-05
		(Epoch 02/08) Block Loss: 1.7772e-05
		(Epoch 03/08) Block Loss: 1.7516e-05
		(Epoch 04/08) Block Loss: 1.7331e-05
		(Epoch 05/08) Block Loss: 1.7189e-05
		(Epoch 06/08) Block Loss: 1.7097e-05
		(Epoch 07/08) Block Loss: 1.7038e-05
		(Epoch 08/08) Block Loss: 1.7013e-05
	(2/3) Block 18/28, self_attn.v_proj | Initialization via ADMM...
		ADMM weight recon error: raw=243.9680, norm=0.3244, per_el=2.3267e-04, out_err=0.1958, ADMM time=10.54s
Token indices sequence length is longer than the specified maximum sequence length for this model (299078 > 131072). Running this sequence through the model will result in indexing errors
Compressing Layers:  64%|████████████████████████████████████████████████████████████████████▏                                     | 18/28 [44:27<24:41, 148.11s/it]	(3/3) Block 18/28, self_attn.v_proj | Tuning Factorized Weights...
		(Epoch 01/08) Block Loss: 1.9420e-05
		(Epoch 02/08) Block Loss: 1.8996e-05
		(Epoch 03/08) Block Loss: 1.8887e-05
		(Epoch 04/08) Block Loss: 1.8823e-05
		(Epoch 05/08) Block Loss: 1.8785e-05
		(Epoch 06/08) Block Loss: 1.8756e-05
		(Epoch 07/08) Block Loss: 1.8739e-05
		(Epoch 08/08) Block Loss: 1.8702e-05
	(1/3) Block 18/28, self_attn.o_proj | Tuning Non-Factorized Weights...
		(Epoch 01/08) Block Loss: 1.8393e-05
		(Epoch 02/08) Block Loss: 1.7937e-05
		(Epoch 03/08) Block Loss: 1.7707e-05
		(Epoch 04/08) Block Loss: 1.7555e-05
		(Epoch 05/08) Block Loss: 1.7438e-05
		(Epoch 06/08) Block Loss: 1.7360e-05
		(Epoch 07/08) Block Loss: 1.7311e-05
		(Epoch 08/08) Block Loss: 1.7289e-05
	(2/3) Block 18/28, self_attn.o_proj | Initialization via ADMM...
		ADMM weight recon error: raw=336.5802, norm=0.2984, per_el=1.6049e-04, out_err=0.1029, ADMM time=6.62s
	(3/3) Block 18/28, self_attn.o_proj | Tuning Factorized Weights...
		(Epoch 01/08) Block Loss: 1.8931e-05
		(Epoch 02/08) Block Loss: 1.8860e-05
		(Epoch 03/08) Block Loss: 1.8868e-05
		(Epoch 04/08) Block Loss: 1.8898e-05
		(Epoch 05/08) Block Loss: 1.8902e-05
		(Epoch 06/08) Block Loss: 1.8906e-05
		(Epoch 07/08) Block Loss: 1.8891e-05
		(Epoch 08/08) Block Loss: 1.8807e-05
	(1/3) Block 18/28, self_attn.k_proj | Tuning Non-Factorized Weights...
		(Epoch 01/08) Block Loss: 1.8551e-05
		(Epoch 02/08) Block Loss: 1.8217e-05
		(Epoch 03/08) Block Loss: 1.8042e-05
		(Epoch 04/08) Block Loss: 1.7927e-05
		(Epoch 05/08) Block Loss: 1.7838e-05
		(Epoch 06/08) Block Loss: 1.7778e-05
		(Epoch 07/08) Block Loss: 1.7740e-05
		(Epoch 08/08) Block Loss: 1.7724e-05
	(2/3) Block 18/28, self_attn.k_proj | Initialization via ADMM...
		ADMM weight recon error: raw=170.1899, norm=0.2818, per_el=1.6231e-04, out_err=0.0425, ADMM time=10.96s
	(3/3) Block 18/28, self_attn.k_proj | Tuning Factorized Weights...
		(Epoch 01/08) Block Loss: 1.8424e-05
		(Epoch 02/08) Block Loss: 1.8037e-05
		(Epoch 03/08) Block Loss: 1.7970e-05
		(Epoch 04/08) Block Loss: 1.7950e-05
		(Epoch 05/08) Block Loss: 1.7942e-05
		(Epoch 06/08) Block Loss: 1.7938e-05
		(Epoch 07/08) Block Loss: 1.7933e-05
		(Epoch 08/08) Block Loss: 1.7927e-05
	(1/3) Block 18/28, mlp.gate_proj | Tuning Non-Factorized Weights...
		(Epoch 01/08) Block Loss: 1.8026e-05
		(Epoch 02/08) Block Loss: 1.7872e-05
		(Epoch 03/08) Block Loss: 1.7775e-05
		(Epoch 04/08) Block Loss: 1.7706e-05
		(Epoch 05/08) Block Loss: 1.7646e-05
		(Epoch 06/08) Block Loss: 1.7603e-05
		(Epoch 07/08) Block Loss: 1.7575e-05
		(Epoch 08/08) Block Loss: 1.7561e-05
	(2/3) Block 18/28, mlp.gate_proj | Initialization via ADMM...
		ADMM weight recon error: raw=806.3364, norm=0.3272, per_el=2.5633e-04, out_err=0.0455, ADMM time=7.50s
	(3/3) Block 18/28, mlp.gate_proj | Tuning Factorized Weights...
		(Epoch 01/08) Block Loss: 1.9460e-05
		(Epoch 02/08) Block Loss: 1.9302e-05
		(Epoch 03/08) Block Loss: 1.9327e-05
		(Epoch 04/08) Block Loss: 1.9367e-05
		(Epoch 05/08) Block Loss: 1.9385e-05
		(Epoch 06/08) Block Loss: 1.9386e-05
		(Epoch 07/08) Block Loss: 1.9365e-05
		(Epoch 08/08) Block Loss: 1.9258e-05
	(1/3) Block 18/28, mlp.up_proj | Tuning Non-Factorized Weights...
		(Epoch 01/08) Block Loss: 1.8960e-05
		(Epoch 02/08) Block Loss: 1.8738e-05
		(Epoch 03/08) Block Loss: 1.8627e-05
		(Epoch 04/08) Block Loss: 1.8556e-05
		(Epoch 05/08) Block Loss: 1.8500e-05
		(Epoch 06/08) Block Loss: 1.8463e-05
		(Epoch 07/08) Block Loss: 1.8439e-05
		(Epoch 08/08) Block Loss: 1.8428e-05
	(2/3) Block 18/28, mlp.up_proj | Initialization via ADMM...
		ADMM weight recon error: raw=887.3905, norm=0.3601, per_el=2.8209e-04, out_err=0.0837, ADMM time=7.46s
	(3/3) Block 18/28, mlp.up_proj | Tuning Factorized Weights...
		(Epoch 01/08) Block Loss: 2.1469e-05
		(Epoch 02/08) Block Loss: 2.1226e-05
		(Epoch 03/08) Block Loss: 2.1249e-05
		(Epoch 04/08) Block Loss: 2.1287e-05
		(Epoch 05/08) Block Loss: 2.1299e-05
		(Epoch 06/08) Block Loss: 2.1300e-05
		(Epoch 07/08) Block Loss: 2.1261e-05
		(Epoch 08/08) Block Loss: 2.1110e-05
	(1/3) Block 18/28, mlp.down_proj | Tuning Non-Factorized Weights...
		(Epoch 01/08) Block Loss: 2.0590e-05
		(Epoch 02/08) Block Loss: 2.0327e-05
		(Epoch 03/08) Block Loss: 2.0204e-05
		(Epoch 04/08) Block Loss: 2.0131e-05
		(Epoch 05/08) Block Loss: 2.0080e-05
		(Epoch 06/08) Block Loss: 2.0049e-05
		(Epoch 07/08) Block Loss: 2.0031e-05
		(Epoch 08/08) Block Loss: 2.0023e-05
	(2/3) Block 18/28, mlp.down_proj | Initialization via ADMM...
		ADMM weight recon error: raw=697.4363, norm=0.3515, per_el=2.2171e-04, out_err=0.1505, ADMM time=7.79s
	(3/3) Block 18/28, mlp.down_proj | Tuning Factorized Weights...
		(Epoch 01/08) Block Loss: 2.4568e-05
		(Epoch 02/08) Block Loss: 2.4713e-05
		(Epoch 03/08) Block Loss: 2.4995e-05
		(Epoch 04/08) Block Loss: 2.5218e-05
		(Epoch 05/08) Block Loss: 2.5349e-05
		(Epoch 06/08) Block Loss: 2.5357e-05
		(Epoch 07/08) Block Loss: 2.5355e-05
		(Epoch 08/08) Block Loss: 2.5130e-05
		Block 17: relative block output error = 0.0221
Using sequence length: 2048 (model max: 2048)
		Block 17: Test Data PPL        = 21.911
	(1/3) Block 19/28, self_attn.q_proj | Tuning Non-Factorized Weights...
		(Epoch 01/08) Block Loss: 2.1770e-05
		(Epoch 02/08) Block Loss: 2.0481e-05
		(Epoch 03/08) Block Loss: 1.9852e-05
		(Epoch 04/08) Block Loss: 1.9455e-05
		(Epoch 05/08) Block Loss: 1.9188e-05
		(Epoch 06/08) Block Loss: 1.9025e-05
		(Epoch 07/08) Block Loss: 1.8931e-05
		(Epoch 08/08) Block Loss: 1.8894e-05
	(2/3) Block 19/28, self_attn.q_proj | Initialization via ADMM...
		ADMM weight recon error: raw=452.4158, norm=0.2271, per_el=2.1573e-04, out_err=0.0345, ADMM time=6.36s
	(3/3) Block 19/28, self_attn.q_proj | Tuning Factorized Weights...
		(Epoch 01/08) Block Loss: 1.9293e-05
		(Epoch 02/08) Block Loss: 1.9218e-05
		(Epoch 03/08) Block Loss: 1.9191e-05
		(Epoch 04/08) Block Loss: 1.9177e-05
		(Epoch 05/08) Block Loss: 1.9164e-05
		(Epoch 06/08) Block Loss: 1.9153e-05
		(Epoch 07/08) Block Loss: 1.9145e-05
		(Epoch 08/08) Block Loss: 1.9129e-05
	(1/3) Block 19/28, self_attn.v_proj | Tuning Non-Factorized Weights...
		(Epoch 01/08) Block Loss: 1.9216e-05
		(Epoch 02/08) Block Loss: 1.8812e-05
		(Epoch 03/08) Block Loss: 1.8547e-05
		(Epoch 04/08) Block Loss: 1.8357e-05
		(Epoch 05/08) Block Loss: 1.8211e-05
		(Epoch 06/08) Block Loss: 1.8116e-05
		(Epoch 07/08) Block Loss: 1.8055e-05
		(Epoch 08/08) Block Loss: 1.8030e-05
	(2/3) Block 19/28, self_attn.v_proj | Initialization via ADMM...
		ADMM weight recon error: raw=242.9512, norm=0.3491, per_el=2.3170e-04, out_err=0.1926, ADMM time=12.18s
	(3/3) Block 19/28, self_attn.v_proj | Tuning Factorized Weights...
		(Epoch 01/08) Block Loss: 2.0363e-05
		(Epoch 02/08) Block Loss: 1.9906e-05
		(Epoch 03/08) Block Loss: 1.9754e-05
		(Epoch 04/08) Block Loss: 1.9667e-05
		(Epoch 05/08) Block Loss: 1.9614e-05
		(Epoch 06/08) Block Loss: 1.9585e-05
		(Epoch 07/08) Block Loss: 1.9563e-05
		(Epoch 08/08) Block Loss: 1.9541e-05
	(1/3) Block 19/28, self_attn.o_proj | Tuning Non-Factorized Weights...
		(Epoch 01/08) Block Loss: 1.9263e-05
		(Epoch 02/08) Block Loss: 1.8807e-05
		(Epoch 03/08) Block Loss: 1.8576e-05
		(Epoch 04/08) Block Loss: 1.8425e-05
		(Epoch 05/08) Block Loss: 1.8308e-05
		(Epoch 06/08) Block Loss: 1.8229e-05
		(Epoch 07/08) Block Loss: 1.8179e-05
		(Epoch 08/08) Block Loss: 1.8157e-05
	(2/3) Block 19/28, self_attn.o_proj | Initialization via ADMM...
		ADMM weight recon error: raw=337.4011, norm=0.3219, per_el=1.6089e-04, out_err=0.0699, ADMM time=7.01s
	(3/3) Block 19/28, self_attn.o_proj | Tuning Factorized Weights...
		(Epoch 01/08) Block Loss: 1.9328e-05
		(Epoch 02/08) Block Loss: 1.9288e-05
		(Epoch 03/08) Block Loss: 1.9305e-05
		(Epoch 04/08) Block Loss: 1.9334e-05
		(Epoch 05/08) Block Loss: 1.9332e-05
		(Epoch 06/08) Block Loss: 1.9337e-05
		(Epoch 07/08) Block Loss: 1.9312e-05
		(Epoch 08/08) Block Loss: 1.9259e-05
	(1/3) Block 19/28, self_attn.k_proj | Tuning Non-Factorized Weights...
		(Epoch 01/08) Block Loss: 1.9099e-05
		(Epoch 02/08) Block Loss: 1.8807e-05
		(Epoch 03/08) Block Loss: 1.8650e-05
Token indices sequence length is longer than the specified maximum sequence length for this model (299078 > 131072). Running this sequence through the model will result in indexing errors
Compressing Layers:  68%|███████████████████████████████████████████████████████████████████████▉                                  | 19/28 [46:56<22:14, 148.26s/it]		(Epoch 04/08) Block Loss: 1.8545e-05
		(Epoch 05/08) Block Loss: 1.8461e-05
		(Epoch 06/08) Block Loss: 1.8403e-05
		(Epoch 07/08) Block Loss: 1.8366e-05
		(Epoch 08/08) Block Loss: 1.8349e-05
	(2/3) Block 19/28, self_attn.k_proj | Initialization via ADMM...
		ADMM weight recon error: raw=165.8622, norm=0.2900, per_el=1.5818e-04, out_err=0.0546, ADMM time=9.16s
	(3/3) Block 19/28, self_attn.k_proj | Tuning Factorized Weights...
		(Epoch 01/08) Block Loss: 1.9737e-05
		(Epoch 02/08) Block Loss: 1.8777e-05
		(Epoch 03/08) Block Loss: 1.8632e-05
		(Epoch 04/08) Block Loss: 1.8596e-05
		(Epoch 05/08) Block Loss: 1.8581e-05
		(Epoch 06/08) Block Loss: 1.8573e-05
		(Epoch 07/08) Block Loss: 1.8563e-05
		(Epoch 08/08) Block Loss: 1.8556e-05
	(1/3) Block 19/28, mlp.gate_proj | Tuning Non-Factorized Weights...
		(Epoch 01/08) Block Loss: 1.8660e-05
		(Epoch 02/08) Block Loss: 1.8506e-05
		(Epoch 03/08) Block Loss: 1.8409e-05
		(Epoch 04/08) Block Loss: 1.8341e-05
		(Epoch 05/08) Block Loss: 1.8281e-05
		(Epoch 06/08) Block Loss: 1.8238e-05
		(Epoch 07/08) Block Loss: 1.8209e-05
		(Epoch 08/08) Block Loss: 1.8195e-05
	(2/3) Block 19/28, mlp.gate_proj | Initialization via ADMM...
		ADMM weight recon error: raw=820.8761, norm=0.3331, per_el=2.6095e-04, out_err=0.0435, ADMM time=7.96s
	(3/3) Block 19/28, mlp.gate_proj | Tuning Factorized Weights...
		(Epoch 01/08) Block Loss: 2.0349e-05
		(Epoch 02/08) Block Loss: 2.0177e-05
		(Epoch 03/08) Block Loss: 2.0203e-05
		(Epoch 04/08) Block Loss: 2.0245e-05
		(Epoch 05/08) Block Loss: 2.0263e-05
		(Epoch 06/08) Block Loss: 2.0259e-05
		(Epoch 07/08) Block Loss: 2.0239e-05
		(Epoch 08/08) Block Loss: 2.0131e-05
	(1/3) Block 19/28, mlp.up_proj | Tuning Non-Factorized Weights...
		(Epoch 01/08) Block Loss: 1.9791e-05
		(Epoch 02/08) Block Loss: 1.9553e-05
		(Epoch 03/08) Block Loss: 1.9435e-05
		(Epoch 04/08) Block Loss: 1.9360e-05
		(Epoch 05/08) Block Loss: 1.9302e-05
		(Epoch 06/08) Block Loss: 1.9263e-05
		(Epoch 07/08) Block Loss: 1.9238e-05
		(Epoch 08/08) Block Loss: 1.9226e-05
	(2/3) Block 19/28, mlp.up_proj | Initialization via ADMM...
		ADMM weight recon error: raw=920.0339, norm=0.3686, per_el=2.9247e-04, out_err=0.0733, ADMM time=7.10s
	(3/3) Block 19/28, mlp.up_proj | Tuning Factorized Weights...
		(Epoch 01/08) Block Loss: 2.2626e-05
		(Epoch 02/08) Block Loss: 2.2324e-05
		(Epoch 03/08) Block Loss: 2.2343e-05
		(Epoch 04/08) Block Loss: 2.2401e-05
		(Epoch 05/08) Block Loss: 2.2404e-05
		(Epoch 06/08) Block Loss: 2.2404e-05
		(Epoch 07/08) Block Loss: 2.2378e-05
		(Epoch 08/08) Block Loss: 2.2214e-05
	(1/3) Block 19/28, mlp.down_proj | Tuning Non-Factorized Weights...
		(Epoch 01/08) Block Loss: 2.1614e-05
		(Epoch 02/08) Block Loss: 2.1314e-05
		(Epoch 03/08) Block Loss: 2.1176e-05
		(Epoch 04/08) Block Loss: 2.1097e-05
		(Epoch 05/08) Block Loss: 2.1042e-05
		(Epoch 06/08) Block Loss: 2.1008e-05
		(Epoch 07/08) Block Loss: 2.0989e-05
		(Epoch 08/08) Block Loss: 2.0981e-05
	(2/3) Block 19/28, mlp.down_proj | Initialization via ADMM...
		ADMM weight recon error: raw=758.6819, norm=0.3539, per_el=2.4118e-04, out_err=0.1554, ADMM time=7.79s
	(3/3) Block 19/28, mlp.down_proj | Tuning Factorized Weights...
		(Epoch 01/08) Block Loss: 2.6084e-05
		(Epoch 02/08) Block Loss: 2.6245e-05
		(Epoch 03/08) Block Loss: 2.6561e-05
		(Epoch 04/08) Block Loss: 2.6798e-05
		(Epoch 05/08) Block Loss: 2.6932e-05
		(Epoch 06/08) Block Loss: 2.6976e-05
		(Epoch 07/08) Block Loss: 2.6974e-05
		(Epoch 08/08) Block Loss: 2.6739e-05
		Block 18: relative block output error = 0.0281
Using sequence length: 2048 (model max: 2048)
		Block 18: Test Data PPL        = 22.228
	(1/3) Block 20/28, self_attn.q_proj | Tuning Non-Factorized Weights...
		(Epoch 01/08) Block Loss: 2.1205e-05
		(Epoch 02/08) Block Loss: 1.9881e-05
		(Epoch 03/08) Block Loss: 1.9236e-05
		(Epoch 04/08) Block Loss: 1.8835e-05
		(Epoch 05/08) Block Loss: 1.8561e-05
		(Epoch 06/08) Block Loss: 1.8393e-05
		(Epoch 07/08) Block Loss: 1.8297e-05
		(Epoch 08/08) Block Loss: 1.8259e-05
	(2/3) Block 20/28, self_attn.q_proj | Initialization via ADMM...
		ADMM weight recon error: raw=464.7145, norm=0.2136, per_el=2.2159e-04, out_err=0.0365, ADMM time=5.97s
	(3/3) Block 20/28, self_attn.q_proj | Tuning Factorized Weights...
		(Epoch 01/08) Block Loss: 1.8724e-05
		(Epoch 02/08) Block Loss: 1.8637e-05
		(Epoch 03/08) Block Loss: 1.8605e-05
		(Epoch 04/08) Block Loss: 1.8587e-05
		(Epoch 05/08) Block Loss: 1.8573e-05
		(Epoch 06/08) Block Loss: 1.8562e-05
		(Epoch 07/08) Block Loss: 1.8548e-05
		(Epoch 08/08) Block Loss: 1.8532e-05
	(1/3) Block 20/28, self_attn.v_proj | Tuning Non-Factorized Weights...
		(Epoch 01/08) Block Loss: 1.8620e-05
		(Epoch 02/08) Block Loss: 1.8209e-05
		(Epoch 03/08) Block Loss: 1.7939e-05
		(Epoch 04/08) Block Loss: 1.7747e-05
		(Epoch 05/08) Block Loss: 1.7599e-05
		(Epoch 06/08) Block Loss: 1.7501e-05
		(Epoch 07/08) Block Loss: 1.7440e-05
		(Epoch 08/08) Block Loss: 1.7413e-05
	(2/3) Block 20/28, self_attn.v_proj | Initialization via ADMM...
		ADMM weight recon error: raw=238.6838, norm=0.3334, per_el=2.2763e-04, out_err=0.1897, ADMM time=7.46s
	(3/3) Block 20/28, self_attn.v_proj | Tuning Factorized Weights...
		(Epoch 01/08) Block Loss: 1.9688e-05
		(Epoch 02/08) Block Loss: 1.9277e-05
		(Epoch 03/08) Block Loss: 1.9147e-05
		(Epoch 04/08) Block Loss: 1.9067e-05
		(Epoch 05/08) Block Loss: 1.9026e-05
		(Epoch 06/08) Block Loss: 1.9001e-05
		(Epoch 07/08) Block Loss: 1.8986e-05
		(Epoch 08/08) Block Loss: 1.8959e-05
	(1/3) Block 20/28, self_attn.o_proj | Tuning Non-Factorized Weights...
		(Epoch 01/08) Block Loss: 1.8705e-05
		(Epoch 02/08) Block Loss: 1.8255e-05
		(Epoch 03/08) Block Loss: 1.8025e-05
		(Epoch 04/08) Block Loss: 1.7871e-05
		(Epoch 05/08) Block Loss: 1.7751e-05
		(Epoch 06/08) Block Loss: 1.7671e-05
		(Epoch 07/08) Block Loss: 1.7620e-05
		(Epoch 08/08) Block Loss: 1.7598e-05
	(2/3) Block 20/28, self_attn.o_proj | Initialization via ADMM...
		ADMM weight recon error: raw=358.2191, norm=0.3067, per_el=1.7081e-04, out_err=0.0939, ADMM time=3.61s
	(3/3) Block 20/28, self_attn.o_proj | Tuning Factorized Weights...
		(Epoch 01/08) Block Loss: 1.9042e-05
		(Epoch 02/08) Block Loss: 1.8996e-05
		(Epoch 03/08) Block Loss: 1.9018e-05
		(Epoch 04/08) Block Loss: 1.9053e-05
		(Epoch 05/08) Block Loss: 1.9077e-05
		(Epoch 06/08) Block Loss: 1.9068e-05
		(Epoch 07/08) Block Loss: 1.9055e-05
		(Epoch 08/08) Block Loss: 1.8991e-05
	(1/3) Block 20/28, self_attn.k_proj | Tuning Non-Factorized Weights...
		(Epoch 01/08) Block Loss: 1.8754e-05
		(Epoch 02/08) Block Loss: 1.8422e-05
		(Epoch 03/08) Block Loss: 1.8251e-05
		(Epoch 04/08) Block Loss: 1.8138e-05
		(Epoch 05/08) Block Loss: 1.8048e-05
		(Epoch 06/08) Block Loss: 1.7987e-05
		(Epoch 07/08) Block Loss: 1.7948e-05
		(Epoch 08/08) Block Loss: 1.7931e-05
	(2/3) Block 20/28, self_attn.k_proj | Initialization via ADMM...
		ADMM weight recon error: raw=167.5951, norm=0.2890, per_el=1.5983e-04, out_err=0.0533, ADMM time=6.05s
	(3/3) Block 20/28, self_attn.k_proj | Tuning Factorized Weights...
		(Epoch 01/08) Block Loss: 1.9331e-05
		(Epoch 02/08) Block Loss: 1.8384e-05
		(Epoch 03/08) Block Loss: 1.8268e-05
		(Epoch 04/08) Block Loss: 1.8220e-05
		(Epoch 05/08) Block Loss: 1.8197e-05
		(Epoch 06/08) Block Loss: 1.8184e-05
		(Epoch 07/08) Block Loss: 1.8179e-05
		(Epoch 08/08) Block Loss: 1.8174e-05
	(1/3) Block 20/28, mlp.gate_proj | Tuning Non-Factorized Weights...
		(Epoch 01/08) Block Loss: 1.8289e-05
		(Epoch 02/08) Block Loss: 1.8127e-05
		(Epoch 03/08) Block Loss: 1.8028e-05
		(Epoch 04/08) Block Loss: 1.7957e-05
		(Epoch 05/08) Block Loss: 1.7895e-05
		(Epoch 06/08) Block Loss: 1.7850e-05
		(Epoch 07/08) Block Loss: 1.7820e-05
		(Epoch 08/08) Block Loss: 1.7805e-05
	(2/3) Block 20/28, mlp.gate_proj | Initialization via ADMM...
		ADMM weight recon error: raw=800.7208, norm=0.3336, per_el=2.5454e-04, out_err=0.0403, ADMM time=4.16s
	(3/3) Block 20/28, mlp.gate_proj | Tuning Factorized Weights...
		(Epoch 01/08) Block Loss: 2.0139e-05
		(Epoch 02/08) Block Loss: 1.9905e-05
		(Epoch 03/08) Block Loss: 1.9911e-05
		(Epoch 04/08) Block Loss: 1.9942e-05
Token indices sequence length is longer than the specified maximum sequence length for this model (299078 > 131072). Running this sequence through the model will result in indexing errors
Compressing Layers:  71%|███████████████████████████████████████████████████████████████████████████▋                              | 20/28 [49:00<18:48, 141.02s/it]		(Epoch 05/08) Block Loss: 1.9958e-05
		(Epoch 06/08) Block Loss: 1.9958e-05
		(Epoch 07/08) Block Loss: 1.9927e-05
		(Epoch 08/08) Block Loss: 1.9822e-05
	(1/3) Block 20/28, mlp.up_proj | Tuning Non-Factorized Weights...
		(Epoch 01/08) Block Loss: 1.9486e-05
		(Epoch 02/08) Block Loss: 1.9241e-05
		(Epoch 03/08) Block Loss: 1.9120e-05
		(Epoch 04/08) Block Loss: 1.9044e-05
		(Epoch 05/08) Block Loss: 1.8984e-05
		(Epoch 06/08) Block Loss: 1.8944e-05
		(Epoch 07/08) Block Loss: 1.8918e-05
		(Epoch 08/08) Block Loss: 1.8906e-05
	(2/3) Block 20/28, mlp.up_proj | Initialization via ADMM...
		ADMM weight recon error: raw=1010.4741, norm=0.3693, per_el=3.2122e-04, out_err=0.0708, ADMM time=5.80s
	(3/3) Block 20/28, mlp.up_proj | Tuning Factorized Weights...
		(Epoch 01/08) Block Loss: 2.3011e-05
		(Epoch 02/08) Block Loss: 2.2680e-05
		(Epoch 03/08) Block Loss: 2.2715e-05
		(Epoch 04/08) Block Loss: 2.2783e-05
		(Epoch 05/08) Block Loss: 2.2809e-05
		(Epoch 06/08) Block Loss: 2.2808e-05
		(Epoch 07/08) Block Loss: 2.2766e-05
		(Epoch 08/08) Block Loss: 2.2589e-05
	(1/3) Block 20/28, mlp.down_proj | Tuning Non-Factorized Weights...
		(Epoch 01/08) Block Loss: 2.1821e-05
		(Epoch 02/08) Block Loss: 2.1442e-05
		(Epoch 03/08) Block Loss: 2.1268e-05
		(Epoch 04/08) Block Loss: 2.1169e-05
		(Epoch 05/08) Block Loss: 2.1103e-05
		(Epoch 06/08) Block Loss: 2.1063e-05
		(Epoch 07/08) Block Loss: 2.1041e-05
		(Epoch 08/08) Block Loss: 2.1032e-05
	(2/3) Block 20/28, mlp.down_proj | Initialization via ADMM...
		ADMM weight recon error: raw=837.9344, norm=0.3491, per_el=2.6637e-04, out_err=0.1474, ADMM time=6.15s
	(3/3) Block 20/28, mlp.down_proj | Tuning Factorized Weights...
		(Epoch 01/08) Block Loss: 2.6946e-05
		(Epoch 02/08) Block Loss: 2.7090e-05
		(Epoch 03/08) Block Loss: 2.7436e-05
		(Epoch 04/08) Block Loss: 2.7746e-05
		(Epoch 05/08) Block Loss: 2.7866e-05
		(Epoch 06/08) Block Loss: 2.7938e-05
		(Epoch 07/08) Block Loss: 2.7975e-05
		(Epoch 08/08) Block Loss: 2.7696e-05
		Block 19: relative block output error = 0.0384
Using sequence length: 2048 (model max: 2048)
		Block 19: Test Data PPL        = 23.530
	(1/3) Block 21/28, self_attn.q_proj | Tuning Non-Factorized Weights...
		(Epoch 01/08) Block Loss: 2.7031e-05
		(Epoch 02/08) Block Loss: 2.5301e-05
		(Epoch 03/08) Block Loss: 2.4439e-05
		(Epoch 04/08) Block Loss: 2.3905e-05
		(Epoch 05/08) Block Loss: 2.3555e-05
		(Epoch 06/08) Block Loss: 2.3321e-05
		(Epoch 07/08) Block Loss: 2.3201e-05
		(Epoch 08/08) Block Loss: 2.3155e-05
	(2/3) Block 21/28, self_attn.q_proj | Initialization via ADMM...
		ADMM weight recon error: raw=510.2582, norm=0.2126, per_el=2.4331e-04, out_err=0.0423, ADMM time=4.98s
	(3/3) Block 21/28, self_attn.q_proj | Tuning Factorized Weights...
		(Epoch 01/08) Block Loss: 2.3811e-05
		(Epoch 02/08) Block Loss: 2.3653e-05
		(Epoch 03/08) Block Loss: 2.3604e-05
		(Epoch 04/08) Block Loss: 2.3581e-05
		(Epoch 05/08) Block Loss: 2.3559e-05
		(Epoch 06/08) Block Loss: 2.3545e-05
		(Epoch 07/08) Block Loss: 2.3532e-05
		(Epoch 08/08) Block Loss: 2.3513e-05
	(1/3) Block 21/28, self_attn.v_proj | Tuning Non-Factorized Weights...
		(Epoch 01/08) Block Loss: 2.3567e-05
		(Epoch 02/08) Block Loss: 2.3042e-05
		(Epoch 03/08) Block Loss: 2.2738e-05
		(Epoch 04/08) Block Loss: 2.2451e-05
		(Epoch 05/08) Block Loss: 2.2255e-05
		(Epoch 06/08) Block Loss: 2.2128e-05
		(Epoch 07/08) Block Loss: 2.2056e-05
		(Epoch 08/08) Block Loss: 2.2025e-05
	(2/3) Block 21/28, self_attn.v_proj | Initialization via ADMM...
		ADMM weight recon error: raw=255.8163, norm=0.3263, per_el=2.4397e-04, out_err=0.1908, ADMM time=8.55s
	(3/3) Block 21/28, self_attn.v_proj | Tuning Factorized Weights...
		(Epoch 01/08) Block Loss: 2.5039e-05
		(Epoch 02/08) Block Loss: 2.4194e-05
		(Epoch 03/08) Block Loss: 2.3976e-05
		(Epoch 04/08) Block Loss: 2.3856e-05
		(Epoch 05/08) Block Loss: 2.3787e-05
		(Epoch 06/08) Block Loss: 2.3748e-05
		(Epoch 07/08) Block Loss: 2.3718e-05
		(Epoch 08/08) Block Loss: 2.3689e-05
	(1/3) Block 21/28, self_attn.o_proj | Tuning Non-Factorized Weights...
		(Epoch 01/08) Block Loss: 2.3408e-05
		(Epoch 02/08) Block Loss: 2.2895e-05
		(Epoch 03/08) Block Loss: 2.2619e-05
		(Epoch 04/08) Block Loss: 2.2422e-05
		(Epoch 05/08) Block Loss: 2.2276e-05
		(Epoch 06/08) Block Loss: 2.2179e-05
		(Epoch 07/08) Block Loss: 2.2120e-05
		(Epoch 08/08) Block Loss: 2.2094e-05
	(2/3) Block 21/28, self_attn.o_proj | Initialization via ADMM...
		ADMM weight recon error: raw=443.2971, norm=0.3421, per_el=2.1138e-04, out_err=0.0739, ADMM time=4.94s
	(3/3) Block 21/28, self_attn.o_proj | Tuning Factorized Weights...
		(Epoch 01/08) Block Loss: 2.3586e-05
		(Epoch 02/08) Block Loss: 2.3530e-05
		(Epoch 03/08) Block Loss: 2.3549e-05
		(Epoch 04/08) Block Loss: 2.3589e-05
		(Epoch 05/08) Block Loss: 2.3637e-05
		(Epoch 06/08) Block Loss: 2.3538e-05
		(Epoch 07/08) Block Loss: 2.3540e-05
		(Epoch 08/08) Block Loss: 2.3469e-05
	(1/3) Block 21/28, self_attn.k_proj | Tuning Non-Factorized Weights...
		(Epoch 01/08) Block Loss: 2.3316e-05
		(Epoch 02/08) Block Loss: 2.2949e-05
		(Epoch 03/08) Block Loss: 2.2748e-05
		(Epoch 04/08) Block Loss: 2.2613e-05
		(Epoch 05/08) Block Loss: 2.2505e-05
		(Epoch 06/08) Block Loss: 2.2433e-05
		(Epoch 07/08) Block Loss: 2.2388e-05
		(Epoch 08/08) Block Loss: 2.2367e-05
	(2/3) Block 21/28, self_attn.k_proj | Initialization via ADMM...
		ADMM weight recon error: raw=203.7853, norm=0.3015, per_el=1.9434e-04, out_err=0.0707, ADMM time=8.76s
	(3/3) Block 21/28, self_attn.k_proj | Tuning Factorized Weights...
		(Epoch 01/08) Block Loss: 2.5433e-05
		(Epoch 02/08) Block Loss: 2.3141e-05
		(Epoch 03/08) Block Loss: 2.2785e-05
		(Epoch 04/08) Block Loss: 2.2709e-05
		(Epoch 05/08) Block Loss: 2.2680e-05
		(Epoch 06/08) Block Loss: 2.2661e-05
		(Epoch 07/08) Block Loss: 2.2652e-05
		(Epoch 08/08) Block Loss: 2.2642e-05
	(1/3) Block 21/28, mlp.gate_proj | Tuning Non-Factorized Weights...
		(Epoch 01/08) Block Loss: 2.2758e-05
		(Epoch 02/08) Block Loss: 2.2560e-05
		(Epoch 03/08) Block Loss: 2.2436e-05
		(Epoch 04/08) Block Loss: 2.2348e-05
		(Epoch 05/08) Block Loss: 2.2271e-05
		(Epoch 06/08) Block Loss: 2.2217e-05
		(Epoch 07/08) Block Loss: 2.2182e-05
		(Epoch 08/08) Block Loss: 2.2165e-05
	(2/3) Block 21/28, mlp.gate_proj | Initialization via ADMM...
		ADMM weight recon error: raw=855.7627, norm=0.3451, per_el=2.7204e-04, out_err=0.0480, ADMM time=6.13s
	(3/3) Block 21/28, mlp.gate_proj | Tuning Factorized Weights...
		(Epoch 01/08) Block Loss: 2.5136e-05
		(Epoch 02/08) Block Loss: 2.4781e-05
		(Epoch 03/08) Block Loss: 2.4752e-05
		(Epoch 04/08) Block Loss: 2.4759e-05
		(Epoch 05/08) Block Loss: 2.4771e-05
		(Epoch 06/08) Block Loss: 2.4761e-05
		(Epoch 07/08) Block Loss: 2.4728e-05
		(Epoch 08/08) Block Loss: 2.4606e-05
	(1/3) Block 21/28, mlp.up_proj | Tuning Non-Factorized Weights...
		(Epoch 01/08) Block Loss: 2.4246e-05
		(Epoch 02/08) Block Loss: 2.3948e-05
		(Epoch 03/08) Block Loss: 2.3796e-05
		(Epoch 04/08) Block Loss: 2.3700e-05
		(Epoch 05/08) Block Loss: 2.3626e-05
		(Epoch 06/08) Block Loss: 2.3577e-05
		(Epoch 07/08) Block Loss: 2.3546e-05
		(Epoch 08/08) Block Loss: 2.3533e-05
	(2/3) Block 21/28, mlp.up_proj | Initialization via ADMM...
		ADMM weight recon error: raw=1120.7048, norm=0.3667, per_el=3.5626e-04, out_err=0.0762, ADMM time=5.61s
	(3/3) Block 21/28, mlp.up_proj | Tuning Factorized Weights...
		(Epoch 01/08) Block Loss: 2.7714e-05
		(Epoch 02/08) Block Loss: 2.7313e-05
		(Epoch 03/08) Block Loss: 2.7290e-05
		(Epoch 04/08) Block Loss: 2.7315e-05
		(Epoch 05/08) Block Loss: 2.7334e-05
		(Epoch 06/08) Block Loss: 2.7318e-05
		(Epoch 07/08) Block Loss: 2.7297e-05
		(Epoch 08/08) Block Loss: 2.7100e-05
	(1/3) Block 21/28, mlp.down_proj | Tuning Non-Factorized Weights...
		(Epoch 01/08) Block Loss: 2.6475e-05
		(Epoch 02/08) Block Loss: 2.6117e-05
		(Epoch 03/08) Block Loss: 2.5946e-05
		(Epoch 04/08) Block Loss: 2.5848e-05
		(Epoch 05/08) Block Loss: 2.5780e-05
		(Epoch 06/08) Block Loss: 2.5738e-05
		(Epoch 07/08) Block Loss: 2.5715e-05
		(Epoch 08/08) Block Loss: 2.5706e-05
	(2/3) Block 21/28, mlp.down_proj | Initialization via ADMM...
Token indices sequence length is longer than the specified maximum sequence length for this model (299078 > 131072). Running this sequence through the model will result in indexing errors
Compressing Layers:  75%|███████████████████████████████████████████████████████████████████████████████▌                          | 21/28 [51:12<16:07, 138.22s/it]Token indices sequence length is longer than the specified maximum sequence length for this model (299078 > 131072). Running this sequence through the model will result in indexing errors
Compressing Layers:  79%|███████████████████████████████████████████████████████████████████████████████████▎                      | 22/28 [53:22<13:36, 136.00s/it]		ADMM weight recon error: raw=957.6626, norm=0.3542, per_el=3.0443e-04, out_err=0.1432, ADMM time=5.84s
	(3/3) Block 21/28, mlp.down_proj | Tuning Factorized Weights...
		(Epoch 01/08) Block Loss: 3.2601e-05
		(Epoch 02/08) Block Loss: 3.2764e-05
		(Epoch 03/08) Block Loss: 3.3174e-05
		(Epoch 04/08) Block Loss: 3.3598e-05
		(Epoch 05/08) Block Loss: 3.3832e-05
		(Epoch 06/08) Block Loss: 3.3714e-05
		(Epoch 07/08) Block Loss: 3.3718e-05
		(Epoch 08/08) Block Loss: 3.3333e-05
		Block 20: relative block output error = 0.0453
Using sequence length: 2048 (model max: 2048)
		Block 20: Test Data PPL        = 24.088
	(1/3) Block 22/28, self_attn.q_proj | Tuning Non-Factorized Weights...
		(Epoch 01/08) Block Loss: 2.8307e-05
		(Epoch 02/08) Block Loss: 2.6732e-05
		(Epoch 03/08) Block Loss: 2.5772e-05
		(Epoch 04/08) Block Loss: 2.5224e-05
		(Epoch 05/08) Block Loss: 2.4860e-05
		(Epoch 06/08) Block Loss: 2.4634e-05
		(Epoch 07/08) Block Loss: 2.4510e-05
		(Epoch 08/08) Block Loss: 2.4464e-05
	(2/3) Block 22/28, self_attn.q_proj | Initialization via ADMM...
		ADMM weight recon error: raw=586.8383, norm=0.2366, per_el=2.7983e-04, out_err=0.0574, ADMM time=4.61s
	(3/3) Block 22/28, self_attn.q_proj | Tuning Factorized Weights...
		(Epoch 01/08) Block Loss: 2.5097e-05
		(Epoch 02/08) Block Loss: 2.4951e-05
		(Epoch 03/08) Block Loss: 2.4901e-05
		(Epoch 04/08) Block Loss: 2.4868e-05
		(Epoch 05/08) Block Loss: 2.4848e-05
		(Epoch 06/08) Block Loss: 2.4829e-05
		(Epoch 07/08) Block Loss: 2.4813e-05
		(Epoch 08/08) Block Loss: 2.4798e-05
	(1/3) Block 22/28, self_attn.v_proj | Tuning Non-Factorized Weights...
		(Epoch 01/08) Block Loss: 2.4846e-05
		(Epoch 02/08) Block Loss: 2.4311e-05
		(Epoch 03/08) Block Loss: 2.3930e-05
		(Epoch 04/08) Block Loss: 2.3663e-05
		(Epoch 05/08) Block Loss: 2.3478e-05
		(Epoch 06/08) Block Loss: 2.3338e-05
		(Epoch 07/08) Block Loss: 2.3260e-05
		(Epoch 08/08) Block Loss: 2.3229e-05
	(2/3) Block 22/28, self_attn.v_proj | Initialization via ADMM...
		ADMM weight recon error: raw=269.7170, norm=0.3010, per_el=2.5722e-04, out_err=0.1796, ADMM time=7.61s
	(3/3) Block 22/28, self_attn.v_proj | Tuning Factorized Weights...
		(Epoch 01/08) Block Loss: 2.5784e-05
		(Epoch 02/08) Block Loss: 2.5150e-05
		(Epoch 03/08) Block Loss: 2.4970e-05
		(Epoch 04/08) Block Loss: 2.4875e-05
		(Epoch 05/08) Block Loss: 2.4822e-05
		(Epoch 06/08) Block Loss: 2.4783e-05
		(Epoch 07/08) Block Loss: 2.4761e-05
		(Epoch 08/08) Block Loss: 2.4728e-05
	(1/3) Block 22/28, self_attn.o_proj | Tuning Non-Factorized Weights...
		(Epoch 01/08) Block Loss: 2.4498e-05
		(Epoch 02/08) Block Loss: 2.3992e-05
		(Epoch 03/08) Block Loss: 2.3700e-05
		(Epoch 04/08) Block Loss: 2.3501e-05
		(Epoch 05/08) Block Loss: 2.3356e-05
		(Epoch 06/08) Block Loss: 2.3253e-05
		(Epoch 07/08) Block Loss: 2.3193e-05
		(Epoch 08/08) Block Loss: 2.3168e-05
	(2/3) Block 22/28, self_attn.o_proj | Initialization via ADMM...
		ADMM weight recon error: raw=440.8861, norm=0.3028, per_el=2.1023e-04, out_err=0.0909, ADMM time=4.95s
	(3/3) Block 22/28, self_attn.o_proj | Tuning Factorized Weights...
		(Epoch 01/08) Block Loss: 2.4746e-05
		(Epoch 02/08) Block Loss: 2.4698e-05
		(Epoch 03/08) Block Loss: 2.4724e-05
		(Epoch 04/08) Block Loss: 2.4807e-05
		(Epoch 05/08) Block Loss: 2.4765e-05
		(Epoch 06/08) Block Loss: 2.4763e-05
		(Epoch 07/08) Block Loss: 2.4780e-05
		(Epoch 08/08) Block Loss: 2.4704e-05
	(1/3) Block 22/28, self_attn.k_proj | Tuning Non-Factorized Weights...
		(Epoch 01/08) Block Loss: 2.4510e-05
		(Epoch 02/08) Block Loss: 2.4132e-05
		(Epoch 03/08) Block Loss: 2.3919e-05
		(Epoch 04/08) Block Loss: 2.3773e-05
		(Epoch 05/08) Block Loss: 2.3660e-05
		(Epoch 06/08) Block Loss: 2.3585e-05
		(Epoch 07/08) Block Loss: 2.3539e-05
		(Epoch 08/08) Block Loss: 2.3518e-05
	(2/3) Block 22/28, self_attn.k_proj | Initialization via ADMM...
		ADMM weight recon error: raw=198.5641, norm=0.2821, per_el=1.8937e-04, out_err=0.0796, ADMM time=8.70s
	(3/3) Block 22/28, self_attn.k_proj | Tuning Factorized Weights...
		(Epoch 01/08) Block Loss: 2.6306e-05
		(Epoch 02/08) Block Loss: 2.4147e-05
		(Epoch 03/08) Block Loss: 2.3946e-05
		(Epoch 04/08) Block Loss: 2.3863e-05
		(Epoch 05/08) Block Loss: 2.3823e-05
		(Epoch 06/08) Block Loss: 2.3804e-05
		(Epoch 07/08) Block Loss: 2.3797e-05
		(Epoch 08/08) Block Loss: 2.3790e-05
	(1/3) Block 22/28, mlp.gate_proj | Tuning Non-Factorized Weights...
		(Epoch 01/08) Block Loss: 2.3912e-05
		(Epoch 02/08) Block Loss: 2.3710e-05
		(Epoch 03/08) Block Loss: 2.3582e-05
		(Epoch 04/08) Block Loss: 2.3490e-05
		(Epoch 05/08) Block Loss: 2.3410e-05
		(Epoch 06/08) Block Loss: 2.3355e-05
		(Epoch 07/08) Block Loss: 2.3320e-05
		(Epoch 08/08) Block Loss: 2.3304e-05
	(2/3) Block 22/28, mlp.gate_proj | Initialization via ADMM...
		ADMM weight recon error: raw=894.5008, norm=0.3472, per_el=2.8435e-04, out_err=0.0506, ADMM time=5.37s
	(3/3) Block 22/28, mlp.gate_proj | Tuning Factorized Weights...
		(Epoch 01/08) Block Loss: 2.6367e-05
		(Epoch 02/08) Block Loss: 2.5973e-05
		(Epoch 03/08) Block Loss: 2.5920e-05
		(Epoch 04/08) Block Loss: 2.5928e-05
		(Epoch 05/08) Block Loss: 2.5937e-05
		(Epoch 06/08) Block Loss: 2.5904e-05
		(Epoch 07/08) Block Loss: 2.5876e-05
		(Epoch 08/08) Block Loss: 2.5751e-05
	(1/3) Block 22/28, mlp.up_proj | Tuning Non-Factorized Weights...
		(Epoch 01/08) Block Loss: 2.5418e-05
		(Epoch 02/08) Block Loss: 2.5123e-05
		(Epoch 03/08) Block Loss: 2.4968e-05
		(Epoch 04/08) Block Loss: 2.4869e-05
		(Epoch 05/08) Block Loss: 2.4793e-05
		(Epoch 06/08) Block Loss: 2.4743e-05
		(Epoch 07/08) Block Loss: 2.4712e-05
		(Epoch 08/08) Block Loss: 2.4699e-05
	(2/3) Block 22/28, mlp.up_proj | Initialization via ADMM...
		ADMM weight recon error: raw=1303.1779, norm=0.3719, per_el=4.1427e-04, out_err=0.0946, ADMM time=6.85s
	(3/3) Block 22/28, mlp.up_proj | Tuning Factorized Weights...
		(Epoch 01/08) Block Loss: 2.8561e-05
		(Epoch 02/08) Block Loss: 2.8219e-05
		(Epoch 03/08) Block Loss: 2.8189e-05
		(Epoch 04/08) Block Loss: 2.8205e-05
		(Epoch 05/08) Block Loss: 2.8222e-05
		(Epoch 06/08) Block Loss: 2.8184e-05
		(Epoch 07/08) Block Loss: 2.8159e-05
		(Epoch 08/08) Block Loss: 2.7976e-05
	(1/3) Block 22/28, mlp.down_proj | Tuning Non-Factorized Weights...
		(Epoch 01/08) Block Loss: 2.7457e-05
		(Epoch 02/08) Block Loss: 2.7142e-05
		(Epoch 03/08) Block Loss: 2.6986e-05
		(Epoch 04/08) Block Loss: 2.6893e-05
		(Epoch 05/08) Block Loss: 2.6828e-05
		(Epoch 06/08) Block Loss: 2.6788e-05
		(Epoch 07/08) Block Loss: 2.6765e-05
		(Epoch 08/08) Block Loss: 2.6756e-05
	(2/3) Block 22/28, mlp.down_proj | Initialization via ADMM...
		ADMM weight recon error: raw=1114.2611, norm=0.3553, per_el=3.5421e-04, out_err=0.1385, ADMM time=6.62s
	(3/3) Block 22/28, mlp.down_proj | Tuning Factorized Weights...
		(Epoch 01/08) Block Loss: 3.4028e-05
		(Epoch 02/08) Block Loss: 3.4172e-05
		(Epoch 03/08) Block Loss: 3.4591e-05
		(Epoch 04/08) Block Loss: 3.5023e-05
		(Epoch 05/08) Block Loss: 3.5070e-05
		(Epoch 06/08) Block Loss: 3.4929e-05
		(Epoch 07/08) Block Loss: 3.5124e-05
		(Epoch 08/08) Block Loss: 3.4675e-05
		Block 21: relative block output error = 0.0497
Using sequence length: 2048 (model max: 2048)
		Block 21: Test Data PPL        = 24.901
	(1/3) Block 23/28, self_attn.q_proj | Tuning Non-Factorized Weights...
		(Epoch 01/08) Block Loss: 3.1298e-05
		(Epoch 02/08) Block Loss: 2.9738e-05
		(Epoch 03/08) Block Loss: 2.8830e-05
		(Epoch 04/08) Block Loss: 2.8201e-05
		(Epoch 05/08) Block Loss: 2.7800e-05
		(Epoch 06/08) Block Loss: 2.7561e-05
		(Epoch 07/08) Block Loss: 2.7433e-05
		(Epoch 08/08) Block Loss: 2.7385e-05
	(2/3) Block 23/28, self_attn.q_proj | Initialization via ADMM...
		ADMM weight recon error: raw=619.7363, norm=0.2582, per_el=2.9551e-04, out_err=0.0586, ADMM time=5.32s
	(3/3) Block 23/28, self_attn.q_proj | Tuning Factorized Weights...
		(Epoch 01/08) Block Loss: 2.8033e-05
		(Epoch 02/08) Block Loss: 2.7853e-05
		(Epoch 03/08) Block Loss: 2.7794e-05
		(Epoch 04/08) Block Loss: 2.7761e-05
		(Epoch 05/08) Block Loss: 2.7739e-05
		(Epoch 06/08) Block Loss: 2.7719e-05
		(Epoch 07/08) Block Loss: 2.7706e-05
Token indices sequence length is longer than the specified maximum sequence length for this model (299078 > 131072). Running this sequence through the model will result in indexing errors
Compressing Layers:  82%|███████████████████████████████████████████████████████████████████████████████████████                   | 23/28 [55:30<11:07, 133.58s/it]		(Epoch 08/08) Block Loss: 2.7690e-05
	(1/3) Block 23/28, self_attn.v_proj | Tuning Non-Factorized Weights...
		(Epoch 01/08) Block Loss: 2.7709e-05
		(Epoch 02/08) Block Loss: 2.7105e-05
		(Epoch 03/08) Block Loss: 2.6710e-05
		(Epoch 04/08) Block Loss: 2.6416e-05
		(Epoch 05/08) Block Loss: 2.6198e-05
		(Epoch 06/08) Block Loss: 2.6056e-05
		(Epoch 07/08) Block Loss: 2.5976e-05
		(Epoch 08/08) Block Loss: 2.5944e-05
	(2/3) Block 23/28, self_attn.v_proj | Initialization via ADMM...
		ADMM weight recon error: raw=301.5803, norm=0.3366, per_el=2.8761e-04, out_err=0.1878, ADMM time=8.96s
	(3/3) Block 23/28, self_attn.v_proj | Tuning Factorized Weights...
		(Epoch 01/08) Block Loss: 2.7957e-05
		(Epoch 02/08) Block Loss: 2.7622e-05
		(Epoch 03/08) Block Loss: 2.7519e-05
		(Epoch 04/08) Block Loss: 2.7465e-05
		(Epoch 05/08) Block Loss: 2.7429e-05
		(Epoch 06/08) Block Loss: 2.7404e-05
		(Epoch 07/08) Block Loss: 2.7384e-05
		(Epoch 08/08) Block Loss: 2.7356e-05
	(1/3) Block 23/28, self_attn.o_proj | Tuning Non-Factorized Weights...
		(Epoch 01/08) Block Loss: 2.7154e-05
		(Epoch 02/08) Block Loss: 2.6631e-05
		(Epoch 03/08) Block Loss: 2.6343e-05
		(Epoch 04/08) Block Loss: 2.6127e-05
		(Epoch 05/08) Block Loss: 2.5966e-05
		(Epoch 06/08) Block Loss: 2.5860e-05
		(Epoch 07/08) Block Loss: 2.5797e-05
		(Epoch 08/08) Block Loss: 2.5771e-05
	(2/3) Block 23/28, self_attn.o_proj | Initialization via ADMM...
		ADMM weight recon error: raw=500.1363, norm=0.3416, per_el=2.3848e-04, out_err=0.0884, ADMM time=5.71s
	(3/3) Block 23/28, self_attn.o_proj | Tuning Factorized Weights...
		(Epoch 01/08) Block Loss: 2.7388e-05
		(Epoch 02/08) Block Loss: 2.7341e-05
		(Epoch 03/08) Block Loss: 2.7374e-05
		(Epoch 04/08) Block Loss: 2.7411e-05
		(Epoch 05/08) Block Loss: 2.7414e-05
		(Epoch 06/08) Block Loss: 2.7369e-05
		(Epoch 07/08) Block Loss: 2.7369e-05
		(Epoch 08/08) Block Loss: 2.7305e-05
	(1/3) Block 23/28, self_attn.k_proj | Tuning Non-Factorized Weights...
		(Epoch 01/08) Block Loss: 2.7121e-05
		(Epoch 02/08) Block Loss: 2.6726e-05
		(Epoch 03/08) Block Loss: 2.6506e-05
		(Epoch 04/08) Block Loss: 2.6352e-05
		(Epoch 05/08) Block Loss: 2.6235e-05
		(Epoch 06/08) Block Loss: 2.6157e-05
		(Epoch 07/08) Block Loss: 2.6110e-05
		(Epoch 08/08) Block Loss: 2.6090e-05
	(2/3) Block 23/28, self_attn.k_proj | Initialization via ADMM...
		ADMM weight recon error: raw=219.3232, norm=0.2980, per_el=2.0916e-04, out_err=0.0776, ADMM time=8.92s
	(3/3) Block 23/28, self_attn.k_proj | Tuning Factorized Weights...
		(Epoch 01/08) Block Loss: 2.9058e-05
		(Epoch 02/08) Block Loss: 2.6737e-05
		(Epoch 03/08) Block Loss: 2.6509e-05
		(Epoch 04/08) Block Loss: 2.6425e-05
		(Epoch 05/08) Block Loss: 2.6390e-05
		(Epoch 06/08) Block Loss: 2.6370e-05
		(Epoch 07/08) Block Loss: 2.6362e-05
		(Epoch 08/08) Block Loss: 2.6353e-05
	(1/3) Block 23/28, mlp.gate_proj | Tuning Non-Factorized Weights...
		(Epoch 01/08) Block Loss: 2.6460e-05
		(Epoch 02/08) Block Loss: 2.6244e-05
		(Epoch 03/08) Block Loss: 2.6107e-05
		(Epoch 04/08) Block Loss: 2.6005e-05
		(Epoch 05/08) Block Loss: 2.5921e-05
		(Epoch 06/08) Block Loss: 2.5862e-05
		(Epoch 07/08) Block Loss: 2.5826e-05
		(Epoch 08/08) Block Loss: 2.5809e-05
	(2/3) Block 23/28, mlp.gate_proj | Initialization via ADMM...
		ADMM weight recon error: raw=962.1931, norm=0.3537, per_el=3.0587e-04, out_err=0.0551, ADMM time=5.76s
	(3/3) Block 23/28, mlp.gate_proj | Tuning Factorized Weights...
		(Epoch 01/08) Block Loss: 2.9036e-05
		(Epoch 02/08) Block Loss: 2.8618e-05
		(Epoch 03/08) Block Loss: 2.8543e-05
		(Epoch 04/08) Block Loss: 2.8529e-05
		(Epoch 05/08) Block Loss: 2.8537e-05
		(Epoch 06/08) Block Loss: 2.8506e-05
		(Epoch 07/08) Block Loss: 2.8469e-05
		(Epoch 08/08) Block Loss: 2.8339e-05
	(1/3) Block 23/28, mlp.up_proj | Tuning Non-Factorized Weights...
		(Epoch 01/08) Block Loss: 2.8012e-05
		(Epoch 02/08) Block Loss: 2.7707e-05
		(Epoch 03/08) Block Loss: 2.7542e-05
		(Epoch 04/08) Block Loss: 2.7435e-05
		(Epoch 05/08) Block Loss: 2.7354e-05
		(Epoch 06/08) Block Loss: 2.7301e-05
		(Epoch 07/08) Block Loss: 2.7269e-05
		(Epoch 08/08) Block Loss: 2.7256e-05
	(2/3) Block 23/28, mlp.up_proj | Initialization via ADMM...
		ADMM weight recon error: raw=1408.8844, norm=0.3731, per_el=4.4787e-04, out_err=0.1084, ADMM time=5.13s
	(3/3) Block 23/28, mlp.up_proj | Tuning Factorized Weights...
		(Epoch 01/08) Block Loss: 3.0585e-05
		(Epoch 02/08) Block Loss: 3.0251e-05
		(Epoch 03/08) Block Loss: 3.0198e-05
		(Epoch 04/08) Block Loss: 3.0226e-05
		(Epoch 05/08) Block Loss: 3.0220e-05
		(Epoch 06/08) Block Loss: 3.0149e-05
		(Epoch 07/08) Block Loss: 3.0128e-05
		(Epoch 08/08) Block Loss: 2.9975e-05
	(1/3) Block 23/28, mlp.down_proj | Tuning Non-Factorized Weights...
		(Epoch 01/08) Block Loss: 2.9608e-05
		(Epoch 02/08) Block Loss: 2.9358e-05
		(Epoch 03/08) Block Loss: 2.9224e-05
		(Epoch 04/08) Block Loss: 2.9142e-05
		(Epoch 05/08) Block Loss: 2.9082e-05
		(Epoch 06/08) Block Loss: 2.9044e-05
		(Epoch 07/08) Block Loss: 2.9023e-05
		(Epoch 08/08) Block Loss: 2.9014e-05
	(2/3) Block 23/28, mlp.down_proj | Initialization via ADMM...
		ADMM weight recon error: raw=1205.7192, norm=0.3473, per_el=3.8329e-04, out_err=0.1299, ADMM time=3.90s
	(3/3) Block 23/28, mlp.down_proj | Tuning Factorized Weights...
		(Epoch 01/08) Block Loss: 3.5835e-05
		(Epoch 02/08) Block Loss: 3.5954e-05
		(Epoch 03/08) Block Loss: 3.6453e-05
		(Epoch 04/08) Block Loss: 3.6709e-05
		(Epoch 05/08) Block Loss: 3.6872e-05
		(Epoch 06/08) Block Loss: 3.6764e-05
		(Epoch 07/08) Block Loss: 3.6858e-05
		(Epoch 08/08) Block Loss: 3.6382e-05
		Block 22: relative block output error = 0.0486
Using sequence length: 2048 (model max: 2048)
		Block 22: Test Data PPL        = 25.609
	(1/3) Block 24/28, self_attn.q_proj | Tuning Non-Factorized Weights...
		(Epoch 01/08) Block Loss: 3.4432e-05
		(Epoch 02/08) Block Loss: 3.2811e-05
		(Epoch 03/08) Block Loss: 3.1921e-05
		(Epoch 04/08) Block Loss: 3.1317e-05
		(Epoch 05/08) Block Loss: 3.0919e-05
		(Epoch 06/08) Block Loss: 3.0673e-05
		(Epoch 07/08) Block Loss: 3.0542e-05
		(Epoch 08/08) Block Loss: 3.0493e-05
	(2/3) Block 24/28, self_attn.q_proj | Initialization via ADMM...
		ADMM weight recon error: raw=545.7927, norm=0.2751, per_el=2.6025e-04, out_err=0.0470, ADMM time=3.43s
	(3/3) Block 24/28, self_attn.q_proj | Tuning Factorized Weights...
		(Epoch 01/08) Block Loss: 3.0924e-05
		(Epoch 02/08) Block Loss: 3.0827e-05
		(Epoch 03/08) Block Loss: 3.0793e-05
		(Epoch 04/08) Block Loss: 3.0773e-05
		(Epoch 05/08) Block Loss: 3.0758e-05
		(Epoch 06/08) Block Loss: 3.0743e-05
		(Epoch 07/08) Block Loss: 3.0734e-05
		(Epoch 08/08) Block Loss: 3.0721e-05
	(1/3) Block 24/28, self_attn.v_proj | Tuning Non-Factorized Weights...
		(Epoch 01/08) Block Loss: 3.0728e-05
		(Epoch 02/08) Block Loss: 3.0115e-05
		(Epoch 03/08) Block Loss: 2.9699e-05
		(Epoch 04/08) Block Loss: 2.9392e-05
		(Epoch 05/08) Block Loss: 2.9169e-05
		(Epoch 06/08) Block Loss: 2.9025e-05
		(Epoch 07/08) Block Loss: 2.8942e-05
		(Epoch 08/08) Block Loss: 2.8909e-05
	(2/3) Block 24/28, self_attn.v_proj | Initialization via ADMM...
		ADMM weight recon error: raw=298.2899, norm=0.3501, per_el=2.8447e-04, out_err=0.2041, ADMM time=5.71s
	(3/3) Block 24/28, self_attn.v_proj | Tuning Factorized Weights...
		(Epoch 01/08) Block Loss: 3.1071e-05
		(Epoch 02/08) Block Loss: 3.0731e-05
		(Epoch 03/08) Block Loss: 3.0617e-05
		(Epoch 04/08) Block Loss: 3.0558e-05
		(Epoch 05/08) Block Loss: 3.0526e-05
		(Epoch 06/08) Block Loss: 3.0502e-05
		(Epoch 07/08) Block Loss: 3.0486e-05
		(Epoch 08/08) Block Loss: 3.0470e-05
	(1/3) Block 24/28, self_attn.o_proj | Tuning Non-Factorized Weights...
		(Epoch 01/08) Block Loss: 3.0248e-05
		(Epoch 02/08) Block Loss: 2.9690e-05
		(Epoch 03/08) Block Loss: 2.9365e-05
		(Epoch 04/08) Block Loss: 2.9140e-05
		(Epoch 05/08) Block Loss: 2.8970e-05
		(Epoch 06/08) Block Loss: 2.8859e-05
		(Epoch 07/08) Block Loss: 2.8794e-05
		(Epoch 08/08) Block Loss: 2.8768e-05
	(2/3) Block 24/28, self_attn.o_proj | Initialization via ADMM...
		ADMM weight recon error: raw=537.8528, norm=0.3615, per_el=2.5647e-04, out_err=0.1071, ADMM time=3.43s
Token indices sequence length is longer than the specified maximum sequence length for this model (299078 > 131072). Running this sequence through the model will result in indexing errors
Compressing Layers:  86%|██████████████████████████████████████████████████████████████████████████████████████████▊               | 24/28 [57:21<08:26, 126.71s/it]	(3/3) Block 24/28, self_attn.o_proj | Tuning Factorized Weights...
		(Epoch 01/08) Block Loss: 3.0200e-05
		(Epoch 02/08) Block Loss: 3.0163e-05
		(Epoch 03/08) Block Loss: 3.0170e-05
		(Epoch 04/08) Block Loss: 3.0220e-05
		(Epoch 05/08) Block Loss: 3.0268e-05
		(Epoch 06/08) Block Loss: 3.0162e-05
		(Epoch 07/08) Block Loss: 3.0193e-05
		(Epoch 08/08) Block Loss: 3.0108e-05
	(1/3) Block 24/28, self_attn.k_proj | Tuning Non-Factorized Weights...
		(Epoch 01/08) Block Loss: 2.9967e-05
		(Epoch 02/08) Block Loss: 2.9587e-05
		(Epoch 03/08) Block Loss: 2.9366e-05
		(Epoch 04/08) Block Loss: 2.9213e-05
		(Epoch 05/08) Block Loss: 2.9093e-05
		(Epoch 06/08) Block Loss: 2.9015e-05
		(Epoch 07/08) Block Loss: 2.8967e-05
		(Epoch 08/08) Block Loss: 2.8947e-05
	(2/3) Block 24/28, self_attn.k_proj | Initialization via ADMM...
		ADMM weight recon error: raw=221.7226, norm=0.3167, per_el=2.1145e-04, out_err=0.0698, ADMM time=5.76s
	(3/3) Block 24/28, self_attn.k_proj | Tuning Factorized Weights...
		(Epoch 01/08) Block Loss: 3.1662e-05
		(Epoch 02/08) Block Loss: 2.9555e-05
		(Epoch 03/08) Block Loss: 2.9300e-05
		(Epoch 04/08) Block Loss: 2.9222e-05
		(Epoch 05/08) Block Loss: 2.9189e-05
		(Epoch 06/08) Block Loss: 2.9177e-05
		(Epoch 07/08) Block Loss: 2.9169e-05
		(Epoch 08/08) Block Loss: 2.9164e-05
	(1/3) Block 24/28, mlp.gate_proj | Tuning Non-Factorized Weights...
		(Epoch 01/08) Block Loss: 2.9276e-05
		(Epoch 02/08) Block Loss: 2.9056e-05
		(Epoch 03/08) Block Loss: 2.8914e-05
		(Epoch 04/08) Block Loss: 2.8810e-05
		(Epoch 05/08) Block Loss: 2.8722e-05
		(Epoch 06/08) Block Loss: 2.8663e-05
		(Epoch 07/08) Block Loss: 2.8626e-05
		(Epoch 08/08) Block Loss: 2.8609e-05
	(2/3) Block 24/28, mlp.gate_proj | Initialization via ADMM...
		ADMM weight recon error: raw=1006.9790, norm=0.3536, per_el=3.2011e-04, out_err=0.0580, ADMM time=3.94s
	(3/3) Block 24/28, mlp.gate_proj | Tuning Factorized Weights...
		(Epoch 01/08) Block Loss: 3.2072e-05
		(Epoch 02/08) Block Loss: 3.1695e-05
		(Epoch 03/08) Block Loss: 3.1613e-05
		(Epoch 04/08) Block Loss: 3.1583e-05
		(Epoch 05/08) Block Loss: 3.1585e-05
		(Epoch 06/08) Block Loss: 3.1551e-05
		(Epoch 07/08) Block Loss: 3.1506e-05
		(Epoch 08/08) Block Loss: 3.1379e-05
	(1/3) Block 24/28, mlp.up_proj | Tuning Non-Factorized Weights...
		(Epoch 01/08) Block Loss: 3.1054e-05
		(Epoch 02/08) Block Loss: 3.0733e-05
		(Epoch 03/08) Block Loss: 3.0554e-05
		(Epoch 04/08) Block Loss: 3.0438e-05
		(Epoch 05/08) Block Loss: 3.0349e-05
		(Epoch 06/08) Block Loss: 3.0292e-05
		(Epoch 07/08) Block Loss: 3.0259e-05
		(Epoch 08/08) Block Loss: 3.0245e-05
	(2/3) Block 24/28, mlp.up_proj | Initialization via ADMM...
		ADMM weight recon error: raw=1443.6099, norm=0.3698, per_el=4.5891e-04, out_err=0.1147, ADMM time=3.94s
	(3/3) Block 24/28, mlp.up_proj | Tuning Factorized Weights...
		(Epoch 01/08) Block Loss: 3.3524e-05
		(Epoch 02/08) Block Loss: 3.3199e-05
		(Epoch 03/08) Block Loss: 3.3101e-05
		(Epoch 04/08) Block Loss: 3.3070e-05
		(Epoch 05/08) Block Loss: 3.3067e-05
		(Epoch 06/08) Block Loss: 3.3012e-05
		(Epoch 07/08) Block Loss: 3.2980e-05
		(Epoch 08/08) Block Loss: 3.2845e-05
	(1/3) Block 24/28, mlp.down_proj | Tuning Non-Factorized Weights...
		(Epoch 01/08) Block Loss: 3.2550e-05
		(Epoch 02/08) Block Loss: 3.2320e-05
		(Epoch 03/08) Block Loss: 3.2190e-05
		(Epoch 04/08) Block Loss: 3.2107e-05
		(Epoch 05/08) Block Loss: 3.2046e-05
		(Epoch 06/08) Block Loss: 3.2007e-05
		(Epoch 07/08) Block Loss: 3.1986e-05
		(Epoch 08/08) Block Loss: 3.1977e-05
	(2/3) Block 24/28, mlp.down_proj | Initialization via ADMM...
		ADMM weight recon error: raw=1240.3658, norm=0.3385, per_el=3.9430e-04, out_err=0.1380, ADMM time=3.93s
	(3/3) Block 24/28, mlp.down_proj | Tuning Factorized Weights...
		(Epoch 01/08) Block Loss: 3.7948e-05
		(Epoch 02/08) Block Loss: 3.8043e-05
		(Epoch 03/08) Block Loss: 3.8423e-05
		(Epoch 04/08) Block Loss: 3.8663e-05
		(Epoch 05/08) Block Loss: 3.8949e-05
		(Epoch 06/08) Block Loss: 3.8740e-05
		(Epoch 07/08) Block Loss: 3.8742e-05
		(Epoch 08/08) Block Loss: 3.8357e-05
		Block 23: relative block output error = 0.0490
Using sequence length: 2048 (model max: 2048)
		Block 23: Test Data PPL        = 26.326
	(1/3) Block 25/28, self_attn.q_proj | Tuning Non-Factorized Weights...
		(Epoch 01/08) Block Loss: 3.7771e-05
		(Epoch 02/08) Block Loss: 3.6148e-05
		(Epoch 03/08) Block Loss: 3.5239e-05
		(Epoch 04/08) Block Loss: 3.4640e-05
		(Epoch 05/08) Block Loss: 3.4235e-05
		(Epoch 06/08) Block Loss: 3.3984e-05
		(Epoch 07/08) Block Loss: 3.3849e-05
		(Epoch 08/08) Block Loss: 3.3798e-05
	(2/3) Block 25/28, self_attn.q_proj | Initialization via ADMM...
		ADMM weight recon error: raw=558.7247, norm=0.2425, per_el=2.6642e-04, out_err=0.0385, ADMM time=3.43s
	(3/3) Block 25/28, self_attn.q_proj | Tuning Factorized Weights...
		(Epoch 01/08) Block Loss: 3.4146e-05
		(Epoch 02/08) Block Loss: 3.4069e-05
		(Epoch 03/08) Block Loss: 3.4041e-05
		(Epoch 04/08) Block Loss: 3.4024e-05
		(Epoch 05/08) Block Loss: 3.4010e-05
		(Epoch 06/08) Block Loss: 3.3996e-05
		(Epoch 07/08) Block Loss: 3.3986e-05
		(Epoch 08/08) Block Loss: 3.3974e-05
	(1/3) Block 25/28, self_attn.v_proj | Tuning Non-Factorized Weights...
		(Epoch 01/08) Block Loss: 3.4004e-05
		(Epoch 02/08) Block Loss: 3.3371e-05
		(Epoch 03/08) Block Loss: 3.2941e-05
		(Epoch 04/08) Block Loss: 3.2616e-05
		(Epoch 05/08) Block Loss: 3.2382e-05
		(Epoch 06/08) Block Loss: 3.2233e-05
		(Epoch 07/08) Block Loss: 3.2146e-05
		(Epoch 08/08) Block Loss: 3.2112e-05
	(2/3) Block 25/28, self_attn.v_proj | Initialization via ADMM...
		ADMM weight recon error: raw=274.7455, norm=0.3286, per_el=2.6202e-04, out_err=0.1872, ADMM time=5.69s
	(3/3) Block 25/28, self_attn.v_proj | Tuning Factorized Weights...
		(Epoch 01/08) Block Loss: 3.5031e-05
		(Epoch 02/08) Block Loss: 3.4277e-05
		(Epoch 03/08) Block Loss: 3.4056e-05
		(Epoch 04/08) Block Loss: 3.3931e-05
		(Epoch 05/08) Block Loss: 3.3862e-05
		(Epoch 06/08) Block Loss: 3.3825e-05
		(Epoch 07/08) Block Loss: 3.3804e-05
		(Epoch 08/08) Block Loss: 3.3783e-05
	(1/3) Block 25/28, self_attn.o_proj | Tuning Non-Factorized Weights...
		(Epoch 01/08) Block Loss: 3.3510e-05
		(Epoch 02/08) Block Loss: 3.2899e-05
		(Epoch 03/08) Block Loss: 3.2546e-05
		(Epoch 04/08) Block Loss: 3.2301e-05
		(Epoch 05/08) Block Loss: 3.2119e-05
		(Epoch 06/08) Block Loss: 3.2000e-05
		(Epoch 07/08) Block Loss: 3.1931e-05
		(Epoch 08/08) Block Loss: 3.1902e-05
	(2/3) Block 25/28, self_attn.o_proj | Initialization via ADMM...
		ADMM weight recon error: raw=536.3743, norm=0.3566, per_el=2.5576e-04, out_err=0.0754, ADMM time=3.43s
	(3/3) Block 25/28, self_attn.o_proj | Tuning Factorized Weights...
		(Epoch 01/08) Block Loss: 3.3497e-05
		(Epoch 02/08) Block Loss: 3.3460e-05
		(Epoch 03/08) Block Loss: 3.3501e-05
		(Epoch 04/08) Block Loss: 3.3515e-05
		(Epoch 05/08) Block Loss: 3.3573e-05
		(Epoch 06/08) Block Loss: 3.3478e-05
		(Epoch 07/08) Block Loss: 3.3513e-05
		(Epoch 08/08) Block Loss: 3.3407e-05
	(1/3) Block 25/28, self_attn.k_proj | Tuning Non-Factorized Weights...
		(Epoch 01/08) Block Loss: 3.3297e-05
		(Epoch 02/08) Block Loss: 3.2908e-05
		(Epoch 03/08) Block Loss: 3.2677e-05
		(Epoch 04/08) Block Loss: 3.2515e-05
		(Epoch 05/08) Block Loss: 3.2387e-05
		(Epoch 06/08) Block Loss: 3.2304e-05
		(Epoch 07/08) Block Loss: 3.2253e-05
		(Epoch 08/08) Block Loss: 3.2232e-05
	(2/3) Block 25/28, self_attn.k_proj | Initialization via ADMM...
		ADMM weight recon error: raw=203.8646, norm=0.2896, per_el=1.9442e-04, out_err=0.0583, ADMM time=5.77s
	(3/3) Block 25/28, self_attn.k_proj | Tuning Factorized Weights...
		(Epoch 01/08) Block Loss: 3.4847e-05
		(Epoch 02/08) Block Loss: 3.2789e-05
		(Epoch 03/08) Block Loss: 3.2576e-05
		(Epoch 04/08) Block Loss: 3.2501e-05
		(Epoch 05/08) Block Loss: 3.2466e-05
		(Epoch 06/08) Block Loss: 3.2450e-05
		(Epoch 07/08) Block Loss: 3.2442e-05
		(Epoch 08/08) Block Loss: 3.2437e-05
	(1/3) Block 25/28, mlp.gate_proj | Tuning Non-Factorized Weights...
		(Epoch 01/08) Block Loss: 3.2557e-05
		(Epoch 02/08) Block Loss: 3.2319e-05
		(Epoch 03/08) Block Loss: 3.2166e-05
		(Epoch 04/08) Block Loss: 3.2053e-05
Token indices sequence length is longer than the specified maximum sequence length for this model (299078 > 131072). Running this sequence through the model will result in indexing errors
Compressing Layers:  89%|██████████████████████████████████████████████████████████████████████████████████████████████▋           | 25/28 [59:11<06:05, 121.79s/it]		(Epoch 05/08) Block Loss: 3.1958e-05
		(Epoch 06/08) Block Loss: 3.1894e-05
		(Epoch 07/08) Block Loss: 3.1854e-05
		(Epoch 08/08) Block Loss: 3.1836e-05
	(2/3) Block 25/28, mlp.gate_proj | Initialization via ADMM...
		ADMM weight recon error: raw=990.3010, norm=0.3557, per_el=3.1481e-04, out_err=0.0655, ADMM time=3.92s
	(3/3) Block 25/28, mlp.gate_proj | Tuning Factorized Weights...
		(Epoch 01/08) Block Loss: 3.5442e-05
		(Epoch 02/08) Block Loss: 3.5161e-05
		(Epoch 03/08) Block Loss: 3.5094e-05
		(Epoch 04/08) Block Loss: 3.5063e-05
		(Epoch 05/08) Block Loss: 3.5071e-05
		(Epoch 06/08) Block Loss: 3.5038e-05
		(Epoch 07/08) Block Loss: 3.5007e-05
		(Epoch 08/08) Block Loss: 3.4861e-05
	(1/3) Block 25/28, mlp.up_proj | Tuning Non-Factorized Weights...
		(Epoch 01/08) Block Loss: 3.4528e-05
		(Epoch 02/08) Block Loss: 3.4180e-05
		(Epoch 03/08) Block Loss: 3.3983e-05
		(Epoch 04/08) Block Loss: 3.3854e-05
		(Epoch 05/08) Block Loss: 3.3755e-05
		(Epoch 06/08) Block Loss: 3.3693e-05
		(Epoch 07/08) Block Loss: 3.3656e-05
		(Epoch 08/08) Block Loss: 3.3641e-05
	(2/3) Block 25/28, mlp.up_proj | Initialization via ADMM...
		ADMM weight recon error: raw=1466.0271, norm=0.3695, per_el=4.6604e-04, out_err=0.1294, ADMM time=3.93s
	(3/3) Block 25/28, mlp.up_proj | Tuning Factorized Weights...
		(Epoch 01/08) Block Loss: 3.7219e-05
		(Epoch 02/08) Block Loss: 3.6908e-05
		(Epoch 03/08) Block Loss: 3.6806e-05
		(Epoch 04/08) Block Loss: 3.6765e-05
		(Epoch 05/08) Block Loss: 3.6766e-05
		(Epoch 06/08) Block Loss: 3.6679e-05
		(Epoch 07/08) Block Loss: 3.6640e-05
		(Epoch 08/08) Block Loss: 3.6527e-05
	(1/3) Block 25/28, mlp.down_proj | Tuning Non-Factorized Weights...
		(Epoch 01/08) Block Loss: 3.6211e-05
		(Epoch 02/08) Block Loss: 3.5966e-05
		(Epoch 03/08) Block Loss: 3.5822e-05
		(Epoch 04/08) Block Loss: 3.5728e-05
		(Epoch 05/08) Block Loss: 3.5658e-05
		(Epoch 06/08) Block Loss: 3.5615e-05
		(Epoch 07/08) Block Loss: 3.5590e-05
		(Epoch 08/08) Block Loss: 3.5581e-05
	(2/3) Block 25/28, mlp.down_proj | Initialization via ADMM...
		ADMM weight recon error: raw=1258.6860, norm=0.3362, per_el=4.0013e-04, out_err=0.1295, ADMM time=3.94s
	(3/3) Block 25/28, mlp.down_proj | Tuning Factorized Weights...
		(Epoch 01/08) Block Loss: 4.1176e-05
		(Epoch 02/08) Block Loss: 4.1225e-05
		(Epoch 03/08) Block Loss: 4.1584e-05
		(Epoch 04/08) Block Loss: 4.1780e-05
		(Epoch 05/08) Block Loss: 4.1880e-05
		(Epoch 06/08) Block Loss: 4.1594e-05
		(Epoch 07/08) Block Loss: 4.1761e-05
		(Epoch 08/08) Block Loss: 4.1410e-05
		Block 24: relative block output error = 0.0445
Using sequence length: 2048 (model max: 2048)
		Block 24: Test Data PPL        = 27.057
	(1/3) Block 26/28, self_attn.q_proj | Tuning Non-Factorized Weights...
		(Epoch 01/08) Block Loss: 4.5794e-05
		(Epoch 02/08) Block Loss: 4.3900e-05
		(Epoch 03/08) Block Loss: 4.2851e-05
		(Epoch 04/08) Block Loss: 4.2117e-05
		(Epoch 05/08) Block Loss: 4.1622e-05
		(Epoch 06/08) Block Loss: 4.1320e-05
		(Epoch 07/08) Block Loss: 4.1154e-05
		(Epoch 08/08) Block Loss: 4.1093e-05
	(2/3) Block 26/28, self_attn.q_proj | Initialization via ADMM...
		ADMM weight recon error: raw=546.1808, norm=0.2307, per_el=2.6044e-04, out_err=0.0393, ADMM time=3.42s
	(3/3) Block 26/28, self_attn.q_proj | Tuning Factorized Weights...
		(Epoch 01/08) Block Loss: 4.1642e-05
		(Epoch 02/08) Block Loss: 4.1512e-05
		(Epoch 03/08) Block Loss: 4.1465e-05
		(Epoch 04/08) Block Loss: 4.1441e-05
		(Epoch 05/08) Block Loss: 4.1422e-05
		(Epoch 06/08) Block Loss: 4.1404e-05
		(Epoch 07/08) Block Loss: 4.1390e-05
		(Epoch 08/08) Block Loss: 4.1371e-05
	(1/3) Block 26/28, self_attn.v_proj | Tuning Non-Factorized Weights...
		(Epoch 01/08) Block Loss: 4.1428e-05
		(Epoch 02/08) Block Loss: 4.0641e-05
		(Epoch 03/08) Block Loss: 4.0104e-05
		(Epoch 04/08) Block Loss: 3.9707e-05
		(Epoch 05/08) Block Loss: 3.9411e-05
		(Epoch 06/08) Block Loss: 3.9222e-05
		(Epoch 07/08) Block Loss: 3.9113e-05
		(Epoch 08/08) Block Loss: 3.9070e-05
	(2/3) Block 26/28, self_attn.v_proj | Initialization via ADMM...
		ADMM weight recon error: raw=326.7739, norm=0.3216, per_el=3.1164e-04, out_err=0.1673, ADMM time=5.69s
	(3/3) Block 26/28, self_attn.v_proj | Tuning Factorized Weights...
		(Epoch 01/08) Block Loss: 4.3588e-05
		(Epoch 02/08) Block Loss: 4.2278e-05
		(Epoch 03/08) Block Loss: 4.1894e-05
		(Epoch 04/08) Block Loss: 4.1713e-05
		(Epoch 05/08) Block Loss: 4.1602e-05
		(Epoch 06/08) Block Loss: 4.1537e-05
		(Epoch 07/08) Block Loss: 4.1495e-05
		(Epoch 08/08) Block Loss: 4.1467e-05
	(1/3) Block 26/28, self_attn.o_proj | Tuning Non-Factorized Weights...
		(Epoch 01/08) Block Loss: 4.1003e-05
		(Epoch 02/08) Block Loss: 4.0175e-05
		(Epoch 03/08) Block Loss: 3.9718e-05
		(Epoch 04/08) Block Loss: 3.9406e-05
		(Epoch 05/08) Block Loss: 3.9172e-05
		(Epoch 06/08) Block Loss: 3.9020e-05
		(Epoch 07/08) Block Loss: 3.8932e-05
		(Epoch 08/08) Block Loss: 3.8896e-05
	(2/3) Block 26/28, self_attn.o_proj | Initialization via ADMM...
		ADMM weight recon error: raw=584.4593, norm=0.3512, per_el=2.7869e-04, out_err=0.0791, ADMM time=3.42s
	(3/3) Block 26/28, self_attn.o_proj | Tuning Factorized Weights...
		(Epoch 01/08) Block Loss: 4.0852e-05
		(Epoch 02/08) Block Loss: 4.0774e-05
		(Epoch 03/08) Block Loss: 4.0784e-05
		(Epoch 04/08) Block Loss: 4.0781e-05
		(Epoch 05/08) Block Loss: 4.0840e-05
		(Epoch 06/08) Block Loss: 4.0755e-05
		(Epoch 07/08) Block Loss: 4.0746e-05
		(Epoch 08/08) Block Loss: 4.0659e-05
	(1/3) Block 26/28, self_attn.k_proj | Tuning Non-Factorized Weights...
		(Epoch 01/08) Block Loss: 4.0548e-05
		(Epoch 02/08) Block Loss: 4.0058e-05
		(Epoch 03/08) Block Loss: 3.9764e-05
		(Epoch 04/08) Block Loss: 3.9557e-05
		(Epoch 05/08) Block Loss: 3.9394e-05
		(Epoch 06/08) Block Loss: 3.9286e-05
		(Epoch 07/08) Block Loss: 3.9223e-05
		(Epoch 08/08) Block Loss: 3.9196e-05
	(2/3) Block 26/28, self_attn.k_proj | Initialization via ADMM...
		ADMM weight recon error: raw=178.4922, norm=0.2879, per_el=1.7022e-04, out_err=0.0586, ADMM time=5.77s
	(3/3) Block 26/28, self_attn.k_proj | Tuning Factorized Weights...
		(Epoch 01/08) Block Loss: 4.1892e-05
		(Epoch 02/08) Block Loss: 3.9864e-05
		(Epoch 03/08) Block Loss: 3.9620e-05
		(Epoch 04/08) Block Loss: 3.9530e-05
		(Epoch 05/08) Block Loss: 3.9493e-05
		(Epoch 06/08) Block Loss: 3.9476e-05
		(Epoch 07/08) Block Loss: 3.9468e-05
		(Epoch 08/08) Block Loss: 3.9459e-05
	(1/3) Block 26/28, mlp.gate_proj | Tuning Non-Factorized Weights...
		(Epoch 01/08) Block Loss: 3.9601e-05
		(Epoch 02/08) Block Loss: 3.9298e-05
		(Epoch 03/08) Block Loss: 3.9102e-05
		(Epoch 04/08) Block Loss: 3.8956e-05
		(Epoch 05/08) Block Loss: 3.8835e-05
		(Epoch 06/08) Block Loss: 3.8753e-05
		(Epoch 07/08) Block Loss: 3.8702e-05
		(Epoch 08/08) Block Loss: 3.8680e-05
	(2/3) Block 26/28, mlp.gate_proj | Initialization via ADMM...
		ADMM weight recon error: raw=941.9409, norm=0.3525, per_el=2.9943e-04, out_err=0.0689, ADMM time=3.91s
	(3/3) Block 26/28, mlp.gate_proj | Tuning Factorized Weights...
		(Epoch 01/08) Block Loss: 4.2851e-05
		(Epoch 02/08) Block Loss: 4.2606e-05
		(Epoch 03/08) Block Loss: 4.2550e-05
		(Epoch 04/08) Block Loss: 4.2526e-05
		(Epoch 05/08) Block Loss: 4.2538e-05
		(Epoch 06/08) Block Loss: 4.2507e-05
		(Epoch 07/08) Block Loss: 4.2453e-05
		(Epoch 08/08) Block Loss: 4.2295e-05
	(1/3) Block 26/28, mlp.up_proj | Tuning Non-Factorized Weights...
		(Epoch 01/08) Block Loss: 4.1905e-05
		(Epoch 02/08) Block Loss: 4.1487e-05
		(Epoch 03/08) Block Loss: 4.1246e-05
		(Epoch 04/08) Block Loss: 4.1088e-05
		(Epoch 05/08) Block Loss: 4.0966e-05
		(Epoch 06/08) Block Loss: 4.0889e-05
		(Epoch 07/08) Block Loss: 4.0844e-05
		(Epoch 08/08) Block Loss: 4.0825e-05
	(2/3) Block 26/28, mlp.up_proj | Initialization via ADMM...
		ADMM weight recon error: raw=1469.7463, norm=0.3674, per_el=4.6722e-04, out_err=0.1227, ADMM time=3.90s
	(3/3) Block 26/28, mlp.up_proj | Tuning Factorized Weights...
		(Epoch 01/08) Block Loss: 4.5369e-05
		(Epoch 02/08) Block Loss: 4.5006e-05
		(Epoch 03/08) Block Loss: 4.4866e-05
		(Epoch 04/08) Block Loss: 4.4792e-05
		(Epoch 05/08) Block Loss: 4.4765e-05
Token indices sequence length is longer than the specified maximum sequence length for this model (299078 > 131072). Running this sequence through the model will result in indexing errors
Compressing Layers:  93%|████████████████████████████████████████████████████████████████████████████████████████████████▌       | 26/28 [1:01:00<03:55, 117.98s/it]Token indices sequence length is longer than the specified maximum sequence length for this model (299078 > 131072). Running this sequence through the model will result in indexing errors
Compressing Layers:  96%|████████████████████████████████████████████████████████████████████████████████████████████████████▎   | 27/28 [1:02:55<01:56, 116.87s/it]		(Epoch 06/08) Block Loss: 4.4711e-05
		(Epoch 07/08) Block Loss: 4.4665e-05
		(Epoch 08/08) Block Loss: 4.4523e-05
	(1/3) Block 26/28, mlp.down_proj | Tuning Non-Factorized Weights...
		(Epoch 01/08) Block Loss: 4.4166e-05
		(Epoch 02/08) Block Loss: 4.3859e-05
		(Epoch 03/08) Block Loss: 4.3676e-05
		(Epoch 04/08) Block Loss: 4.3556e-05
		(Epoch 05/08) Block Loss: 4.3466e-05
		(Epoch 06/08) Block Loss: 4.3410e-05
		(Epoch 07/08) Block Loss: 4.3379e-05
		(Epoch 08/08) Block Loss: 4.3367e-05
	(2/3) Block 26/28, mlp.down_proj | Initialization via ADMM...
		ADMM weight recon error: raw=1268.2264, norm=0.3446, per_el=4.0316e-04, out_err=0.1460, ADMM time=3.91s
	(3/3) Block 26/28, mlp.down_proj | Tuning Factorized Weights...
		(Epoch 01/08) Block Loss: 4.9736e-05
		(Epoch 02/08) Block Loss: 4.9745e-05
		(Epoch 03/08) Block Loss: 4.9999e-05
		(Epoch 04/08) Block Loss: 5.0291e-05
		(Epoch 05/08) Block Loss: 5.0417e-05
		(Epoch 06/08) Block Loss: 5.0226e-05
		(Epoch 07/08) Block Loss: 5.0063e-05
		(Epoch 08/08) Block Loss: 5.0009e-05
		Block 25: relative block output error = 0.0445
Using sequence length: 2048 (model max: 2048)
		Block 25: Test Data PPL        = 28.240
	(1/3) Block 27/28, self_attn.q_proj | Tuning Non-Factorized Weights...
		(Epoch 01/08) Block Loss: 5.6837e-05
		(Epoch 02/08) Block Loss: 5.4398e-05
		(Epoch 03/08) Block Loss: 5.3037e-05
		(Epoch 04/08) Block Loss: 5.2074e-05
		(Epoch 05/08) Block Loss: 5.1460e-05
		(Epoch 06/08) Block Loss: 5.1058e-05
		(Epoch 07/08) Block Loss: 5.0841e-05
		(Epoch 08/08) Block Loss: 5.0761e-05
	(2/3) Block 27/28, self_attn.q_proj | Initialization via ADMM...
		ADMM weight recon error: raw=676.1090, norm=0.2443, per_el=3.2239e-04, out_err=0.0691, ADMM time=3.43s
	(3/3) Block 27/28, self_attn.q_proj | Tuning Factorized Weights...
		(Epoch 01/08) Block Loss: 5.2079e-05
		(Epoch 02/08) Block Loss: 5.1542e-05
		(Epoch 03/08) Block Loss: 5.1433e-05
		(Epoch 04/08) Block Loss: 5.1368e-05
		(Epoch 05/08) Block Loss: 5.1330e-05
		(Epoch 06/08) Block Loss: 5.1295e-05
		(Epoch 07/08) Block Loss: 5.1274e-05
		(Epoch 08/08) Block Loss: 5.1250e-05
	(1/3) Block 27/28, self_attn.v_proj | Tuning Non-Factorized Weights...
		(Epoch 01/08) Block Loss: 5.1432e-05
		(Epoch 02/08) Block Loss: 5.0428e-05
		(Epoch 03/08) Block Loss: 4.9736e-05
		(Epoch 04/08) Block Loss: 4.9186e-05
		(Epoch 05/08) Block Loss: 4.8801e-05
		(Epoch 06/08) Block Loss: 4.8552e-05
		(Epoch 07/08) Block Loss: 4.8408e-05
		(Epoch 08/08) Block Loss: 4.8350e-05
	(2/3) Block 27/28, self_attn.v_proj | Initialization via ADMM...
		ADMM weight recon error: raw=316.3383, norm=0.3365, per_el=3.0168e-04, out_err=0.1603, ADMM time=5.76s
	(3/3) Block 27/28, self_attn.v_proj | Tuning Factorized Weights...
		(Epoch 01/08) Block Loss: 5.2667e-05
		(Epoch 02/08) Block Loss: 5.1960e-05
		(Epoch 03/08) Block Loss: 5.1707e-05
		(Epoch 04/08) Block Loss: 5.1562e-05
		(Epoch 05/08) Block Loss: 5.1482e-05
		(Epoch 06/08) Block Loss: 5.1419e-05
		(Epoch 07/08) Block Loss: 5.1387e-05
		(Epoch 08/08) Block Loss: 5.1350e-05
	(1/3) Block 27/28, self_attn.o_proj | Tuning Non-Factorized Weights...
		(Epoch 01/08) Block Loss: 5.0889e-05
		(Epoch 02/08) Block Loss: 4.9730e-05
		(Epoch 03/08) Block Loss: 4.9105e-05
		(Epoch 04/08) Block Loss: 4.8668e-05
		(Epoch 05/08) Block Loss: 4.8351e-05
		(Epoch 06/08) Block Loss: 4.8140e-05
		(Epoch 07/08) Block Loss: 4.8018e-05
		(Epoch 08/08) Block Loss: 4.7968e-05
	(2/3) Block 27/28, self_attn.o_proj | Initialization via ADMM...
		ADMM weight recon error: raw=554.8227, norm=0.3400, per_el=2.6456e-04, out_err=0.0650, ADMM time=3.43s
	(3/3) Block 27/28, self_attn.o_proj | Tuning Factorized Weights...
		(Epoch 01/08) Block Loss: 5.1150e-05
		(Epoch 02/08) Block Loss: 5.1083e-05
		(Epoch 03/08) Block Loss: 5.1113e-05
		(Epoch 04/08) Block Loss: 5.1168e-05
		(Epoch 05/08) Block Loss: 5.1241e-05
		(Epoch 06/08) Block Loss: 5.1204e-05
		(Epoch 07/08) Block Loss: 5.1179e-05
		(Epoch 08/08) Block Loss: 5.1097e-05
	(1/3) Block 27/28, self_attn.k_proj | Tuning Non-Factorized Weights...
		(Epoch 01/08) Block Loss: 5.0776e-05
		(Epoch 02/08) Block Loss: 5.0023e-05
		(Epoch 03/08) Block Loss: 4.9592e-05
		(Epoch 04/08) Block Loss: 4.9281e-05
		(Epoch 05/08) Block Loss: 4.9046e-05
		(Epoch 06/08) Block Loss: 4.8889e-05
		(Epoch 07/08) Block Loss: 4.8797e-05
		(Epoch 08/08) Block Loss: 4.8758e-05
	(2/3) Block 27/28, self_attn.k_proj | Initialization via ADMM...
		ADMM weight recon error: raw=172.2410, norm=0.2890, per_el=1.6426e-04, out_err=0.0620, ADMM time=5.75s
	(3/3) Block 27/28, self_attn.k_proj | Tuning Factorized Weights...
		(Epoch 01/08) Block Loss: 5.1516e-05
		(Epoch 02/08) Block Loss: 4.9488e-05
		(Epoch 03/08) Block Loss: 4.9281e-05
		(Epoch 04/08) Block Loss: 4.9178e-05
		(Epoch 05/08) Block Loss: 4.9126e-05
		(Epoch 06/08) Block Loss: 4.9102e-05
		(Epoch 07/08) Block Loss: 4.9090e-05
		(Epoch 08/08) Block Loss: 4.9079e-05
	(1/3) Block 27/28, mlp.gate_proj | Tuning Non-Factorized Weights...
		(Epoch 01/08) Block Loss: 4.9289e-05
		(Epoch 02/08) Block Loss: 4.8856e-05
		(Epoch 03/08) Block Loss: 4.8571e-05
		(Epoch 04/08) Block Loss: 4.8357e-05
		(Epoch 05/08) Block Loss: 4.8184e-05
		(Epoch 06/08) Block Loss: 4.8065e-05
		(Epoch 07/08) Block Loss: 4.7992e-05
		(Epoch 08/08) Block Loss: 4.7959e-05
	(2/3) Block 27/28, mlp.gate_proj | Initialization via ADMM...
		ADMM weight recon error: raw=898.1431, norm=0.3465, per_el=2.8551e-04, out_err=0.0550, ADMM time=3.92s
	(3/3) Block 27/28, mlp.gate_proj | Tuning Factorized Weights...
		(Epoch 01/08) Block Loss: 5.3706e-05
		(Epoch 02/08) Block Loss: 5.3357e-05
		(Epoch 03/08) Block Loss: 5.3242e-05
		(Epoch 04/08) Block Loss: 5.3169e-05
		(Epoch 05/08) Block Loss: 5.3157e-05
		(Epoch 06/08) Block Loss: 5.3103e-05
		(Epoch 07/08) Block Loss: 5.3030e-05
		(Epoch 08/08) Block Loss: 5.2869e-05
	(1/3) Block 27/28, mlp.up_proj | Tuning Non-Factorized Weights...
		(Epoch 01/08) Block Loss: 5.2389e-05
		(Epoch 02/08) Block Loss: 5.1771e-05
		(Epoch 03/08) Block Loss: 5.1420e-05
		(Epoch 04/08) Block Loss: 5.1190e-05
		(Epoch 05/08) Block Loss: 5.1015e-05
		(Epoch 06/08) Block Loss: 5.0902e-05
		(Epoch 07/08) Block Loss: 5.0836e-05
		(Epoch 08/08) Block Loss: 5.0809e-05
	(2/3) Block 27/28, mlp.up_proj | Initialization via ADMM...
		ADMM weight recon error: raw=1425.3806, norm=0.3681, per_el=4.5312e-04, out_err=0.0851, ADMM time=3.89s
	(3/3) Block 27/28, mlp.up_proj | Tuning Factorized Weights...
		(Epoch 01/08) Block Loss: 5.7576e-05
		(Epoch 02/08) Block Loss: 5.7018e-05
		(Epoch 03/08) Block Loss: 5.6779e-05
		(Epoch 04/08) Block Loss: 5.6629e-05
		(Epoch 05/08) Block Loss: 5.6575e-05
		(Epoch 06/08) Block Loss: 5.6508e-05
		(Epoch 07/08) Block Loss: 5.6439e-05
		(Epoch 08/08) Block Loss: 5.6287e-05
	(1/3) Block 27/28, mlp.down_proj | Tuning Non-Factorized Weights...
		(Epoch 01/08) Block Loss: 5.5812e-05
		(Epoch 02/08) Block Loss: 5.5315e-05
		(Epoch 03/08) Block Loss: 5.5021e-05
		(Epoch 04/08) Block Loss: 5.4829e-05
		(Epoch 05/08) Block Loss: 5.4687e-05
		(Epoch 06/08) Block Loss: 5.4599e-05
		(Epoch 07/08) Block Loss: 5.4549e-05
		(Epoch 08/08) Block Loss: 5.4530e-05
	(2/3) Block 27/28, mlp.down_proj | Initialization via ADMM...
		ADMM weight recon error: raw=1197.9805, norm=0.3565, per_el=3.8083e-04, out_err=0.1269, ADMM time=3.93s
	(3/3) Block 27/28, mlp.down_proj | Tuning Factorized Weights...
		(Epoch 01/08) Block Loss: 6.3473e-05
		(Epoch 02/08) Block Loss: 6.3381e-05
		(Epoch 03/08) Block Loss: 6.3389e-05
		(Epoch 04/08) Block Loss: 6.3437e-05
		(Epoch 05/08) Block Loss: 6.3535e-05
		(Epoch 06/08) Block Loss: 6.3494e-05
		(Epoch 07/08) Block Loss: 6.3626e-05
		(Epoch 08/08) Block Loss: 6.3219e-05
		Block 26: relative block output error = 0.0423
Using sequence length: 2048 (model max: 2048)
		Block 26: Test Data PPL        = 30.036
	(1/3) Block 28/28, self_attn.q_proj | Tuning Non-Factorized Weights...
		(Epoch 01/08) Block Loss: 1.0231e-04
		(Epoch 02/08) Block Loss: 9.7695e-05
		(Epoch 03/08) Block Loss: 9.5131e-05
		(Epoch 04/08) Block Loss: 9.3460e-05
		(Epoch 05/08) Block Loss: 9.2339e-05
		(Epoch 06/08) Block Loss: 9.1629e-05
		(Epoch 07/08) Block Loss: 9.1237e-05
Token indices sequence length is longer than the specified maximum sequence length for this model (299078 > 131072). Running this sequence through the model will result in indexing errors
Compressing Layers:  96%|████████████████████████████████████████████████████████████████████████████████████████████████████▎   | 27/28 [1:04:44<02:23, 143.88s/it]
		(Epoch 08/08) Block Loss: 9.1086e-05
	(2/3) Block 28/28, self_attn.q_proj | Initialization via ADMM...
		ADMM weight recon error: raw=670.7136, norm=0.3301, per_el=3.1982e-04, out_err=0.0424, ADMM time=3.43s
	(3/3) Block 28/28, self_attn.q_proj | Tuning Factorized Weights...
		(Epoch 01/08) Block Loss: 9.1941e-05
		(Epoch 02/08) Block Loss: 9.1678e-05
		(Epoch 03/08) Block Loss: 9.1577e-05
		(Epoch 04/08) Block Loss: 9.1505e-05
		(Epoch 05/08) Block Loss: 9.1463e-05
		(Epoch 06/08) Block Loss: 9.1419e-05
		(Epoch 07/08) Block Loss: 9.1395e-05
		(Epoch 08/08) Block Loss: 9.1377e-05
	(1/3) Block 28/28, self_attn.v_proj | Tuning Non-Factorized Weights...
		(Epoch 01/08) Block Loss: 9.1952e-05
		(Epoch 02/08) Block Loss: 9.0264e-05
		(Epoch 03/08) Block Loss: 8.9588e-05
		(Epoch 04/08) Block Loss: 8.8059e-05
		(Epoch 05/08) Block Loss: 8.7254e-05
		(Epoch 06/08) Block Loss: 8.6805e-05
		(Epoch 07/08) Block Loss: 8.6545e-05
		(Epoch 08/08) Block Loss: 8.6439e-05
	(2/3) Block 28/28, self_attn.v_proj | Initialization via ADMM...
		ADMM weight recon error: raw=430.0442, norm=0.3840, per_el=4.1012e-04, out_err=0.2288, ADMM time=5.69s
	(3/3) Block 28/28, self_attn.v_proj | Tuning Factorized Weights...
		(Epoch 01/08) Block Loss: 9.4393e-05
		(Epoch 02/08) Block Loss: 9.2906e-05
		(Epoch 03/08) Block Loss: 9.2475e-05
		(Epoch 04/08) Block Loss: 9.2258e-05
		(Epoch 05/08) Block Loss: 9.2120e-05
		(Epoch 06/08) Block Loss: 9.2038e-05
		(Epoch 07/08) Block Loss: 9.1997e-05
		(Epoch 08/08) Block Loss: 9.1949e-05
	(1/3) Block 28/28, self_attn.o_proj | Tuning Non-Factorized Weights...
		(Epoch 01/08) Block Loss: 9.1693e-05
		(Epoch 02/08) Block Loss: 8.9930e-05
		(Epoch 03/08) Block Loss: 8.8708e-05
		(Epoch 04/08) Block Loss: 8.7880e-05
		(Epoch 05/08) Block Loss: 8.7273e-05
		(Epoch 06/08) Block Loss: 8.6870e-05
		(Epoch 07/08) Block Loss: 8.6638e-05
		(Epoch 08/08) Block Loss: 8.6540e-05
	(2/3) Block 28/28, self_attn.o_proj | Initialization via ADMM...
		ADMM weight recon error: raw=687.2051, norm=0.3768, per_el=3.2768e-04, out_err=0.1331, ADMM time=3.42s
	(3/3) Block 28/28, self_attn.o_proj | Tuning Factorized Weights...
		(Epoch 01/08) Block Loss: 9.0913e-05
		(Epoch 02/08) Block Loss: 9.0639e-05
		(Epoch 03/08) Block Loss: 9.0525e-05
		(Epoch 04/08) Block Loss: 9.0516e-05
		(Epoch 05/08) Block Loss: 9.0516e-05
		(Epoch 06/08) Block Loss: 9.0353e-05
		(Epoch 07/08) Block Loss: 9.0334e-05
		(Epoch 08/08) Block Loss: 9.0213e-05
	(1/3) Block 28/28, self_attn.k_proj | Tuning Non-Factorized Weights...
		(Epoch 01/08) Block Loss: 9.0076e-05
		(Epoch 02/08) Block Loss: 8.8750e-05
		(Epoch 03/08) Block Loss: 8.7895e-05
		(Epoch 04/08) Block Loss: 8.7308e-05
		(Epoch 05/08) Block Loss: 8.6853e-05
		(Epoch 06/08) Block Loss: 8.6531e-05
		(Epoch 07/08) Block Loss: 8.6349e-05
		(Epoch 08/08) Block Loss: 8.6271e-05
	(2/3) Block 28/28, self_attn.k_proj | Initialization via ADMM...
		ADMM weight recon error: raw=319.5029, norm=0.3598, per_el=3.0470e-04, out_err=0.0330, ADMM time=5.71s
	(3/3) Block 28/28, self_attn.k_proj | Tuning Factorized Weights...
		(Epoch 01/08) Block Loss: 8.8915e-05
		(Epoch 02/08) Block Loss: 8.7176e-05
		(Epoch 03/08) Block Loss: 8.6855e-05
		(Epoch 04/08) Block Loss: 8.6740e-05
		(Epoch 05/08) Block Loss: 8.6693e-05
		(Epoch 06/08) Block Loss: 8.6668e-05
		(Epoch 07/08) Block Loss: 8.6653e-05
		(Epoch 08/08) Block Loss: 8.6644e-05
	(1/3) Block 28/28, mlp.gate_proj | Tuning Non-Factorized Weights...
		(Epoch 01/08) Block Loss: 8.7049e-05
		(Epoch 02/08) Block Loss: 8.6210e-05
		(Epoch 03/08) Block Loss: 8.5636e-05
		(Epoch 04/08) Block Loss: 8.5200e-05
		(Epoch 05/08) Block Loss: 8.4840e-05
		(Epoch 06/08) Block Loss: 8.4587e-05
		(Epoch 07/08) Block Loss: 8.4440e-05
		(Epoch 08/08) Block Loss: 8.4373e-05
	(2/3) Block 28/28, mlp.gate_proj | Initialization via ADMM...
		ADMM weight recon error: raw=1033.1263, norm=0.3328, per_el=3.2842e-04, out_err=0.0195, ADMM time=3.92s
	(3/3) Block 28/28, mlp.gate_proj | Tuning Factorized Weights...
		(Epoch 01/08) Block Loss: 9.7451e-05
		(Epoch 02/08) Block Loss: 9.5564e-05
		(Epoch 03/08) Block Loss: 9.4887e-05
		(Epoch 04/08) Block Loss: 9.4444e-05
		(Epoch 05/08) Block Loss: 9.4160e-05
		(Epoch 06/08) Block Loss: 9.4042e-05
		(Epoch 07/08) Block Loss: 9.3923e-05
		(Epoch 08/08) Block Loss: 9.3809e-05
	(1/3) Block 28/28, mlp.up_proj | Tuning Non-Factorized Weights...
		(Epoch 01/08) Block Loss: 9.3066e-05
		(Epoch 02/08) Block Loss: 9.1704e-05
		(Epoch 03/08) Block Loss: 9.0955e-05
		(Epoch 04/08) Block Loss: 9.0453e-05
		(Epoch 05/08) Block Loss: 9.0083e-05
		(Epoch 06/08) Block Loss: 8.9843e-05
		(Epoch 07/08) Block Loss: 8.9709e-05
		(Epoch 08/08) Block Loss: 8.9649e-05
	(2/3) Block 28/28, mlp.up_proj | Initialization via ADMM...
		ADMM weight recon error: raw=1279.8706, norm=0.3539, per_el=4.0686e-04, out_err=0.0502, ADMM time=3.94s
	(3/3) Block 28/28, mlp.up_proj | Tuning Factorized Weights...
		(Epoch 01/08) Block Loss: 1.0455e-04
		(Epoch 02/08) Block Loss: 9.9280e-05
		(Epoch 03/08) Block Loss: 9.7725e-05
		(Epoch 04/08) Block Loss: 9.7346e-05
		(Epoch 05/08) Block Loss: 9.7154e-05
		(Epoch 06/08) Block Loss: 9.7012e-05
		(Epoch 07/08) Block Loss: 9.6997e-05
		(Epoch 08/08) Block Loss: 9.6882e-05
	(1/3) Block 28/28, mlp.down_proj | Tuning Non-Factorized Weights...
		(Epoch 01/08) Block Loss: 9.6101e-05
		(Epoch 02/08) Block Loss: 9.5238e-05
		(Epoch 03/08) Block Loss: 9.4754e-05
		(Epoch 04/08) Block Loss: 9.4423e-05
		(Epoch 05/08) Block Loss: 9.4181e-05
		(Epoch 06/08) Block Loss: 9.4020e-05
		(Epoch 07/08) Block Loss: 9.3934e-05
		(Epoch 08/08) Block Loss: 9.3893e-05
	(2/3) Block 28/28, mlp.down_proj | Initialization via ADMM...
		ADMM weight recon error: raw=817.2072, norm=0.3338, per_el=2.5978e-04, out_err=0.0186, ADMM time=3.95s
	(3/3) Block 28/28, mlp.down_proj | Tuning Factorized Weights...
		(Epoch 01/08) Block Loss: 1.0853e-04
		(Epoch 02/08) Block Loss: 1.0820e-04
		(Epoch 03/08) Block Loss: 1.0804e-04
		(Epoch 04/08) Block Loss: 1.0786e-04
		(Epoch 05/08) Block Loss: 1.0776e-04
		(Epoch 06/08) Block Loss: 1.0764e-04
		(Epoch 07/08) Block Loss: 1.0753e-04
		(Epoch 08/08) Block Loss: 1.0736e-04
		Block 27: relative block output error = 0.0619
Using sequence length: 2048 (model max: 2048)
		Block 27: Test Data PPL        = 34.119
Stopping after block 27 (block_indices=None)
mean weight err 0.3287 | mean out err 0.0977
Precomputing teacher logits (FP model):   0%|                                                                                               | 0/128 [00:00<?, ?it/s]Precomputing teacher logits (FP model):   1%|▋                                                                                      | 1/128 [00:00<00:50,  2.53it/s]Precomputing teacher logits (FP model):   2%|█▎                                                                                     | 2/128 [00:00<00:49,  2.52it/s]Precomputing teacher logits (FP model):   2%|██                                                                                     | 3/128 [00:01<00:49,  2.52it/s]Precomputing teacher logits (FP model):   3%|██▋                                                                                    | 4/128 [00:01<00:50,  2.48it/s]Precomputing teacher logits (FP model):   4%|███▍                                                                                   | 5/128 [00:02<00:49,  2.48it/s]Precomputing teacher logits (FP model):   5%|████                                                                                   | 6/128 [00:02<00:49,  2.48it/s]Precomputing teacher logits (FP model):   5%|████▊                                                                                  | 7/128 [00:02<00:48,  2.49it/s]Precomputing teacher logits (FP model):   6%|█████▍                                                                                 | 8/128 [00:03<00:48,  2.48it/s]Precomputing teacher logits (FP model):   7%|██████                                                                                 | 9/128 [00:03<00:48,  2.47it/s]Precomputing teacher logits (FP model):   8%|██████▋                                                                               | 10/128 [00:04<00:47,  2.47it/s]Precomputing teacher logits (FP model):   9%|███████▍                                                                              | 11/128 [00:04<00:47,  2.48it/s]Precomputing teacher logits (FP model):   9%|████████                                                                              | 12/128 [00:04<00:46,  2.47it/s]Precomputing teacher logits (FP model):  10%|████████▋                                                                             | 13/128 [00:05<00:46,  2.47it/s]Precomputing teacher logits (FP model):  11%|█████████▍                                                                            | 14/128 [00:05<00:46,  2.47it/s]Precomputing teacher logits (FP model):  12%|██████████                                                                            | 15/128 [00:06<00:45,  2.48it/s]Precomputing teacher logits (FP model):  12%|██████████▊                                                                           | 16/128 [00:06<00:45,  2.49it/s]Precomputing teacher logits (FP model):  13%|███████████▍                                                                          | 17/128 [00:06<00:44,  2.48it/s]Precomputing teacher logits (FP model):  14%|████████████                                                                          | 18/128 [00:07<00:44,  2.47it/s]Precomputing teacher logits (FP model):  15%|████████████▊                                                                         | 19/128 [00:07<00:43,  2.48it/s]Precomputing teacher logits (FP model):  16%|█████████████▍                                                                        | 20/128 [00:08<00:43,  2.49it/s]Precomputing teacher logits (FP model):  16%|██████████████                                                                        | 21/128 [00:08<00:42,  2.49it/s]Precomputing teacher logits (FP model):  17%|██████████████▊                                                                       | 22/128 [00:08<00:42,  2.48it/s]Precomputing teacher logits (FP model):  18%|███████████████▍                                                                      | 23/128 [00:09<00:42,  2.48it/s]Precomputing teacher logits (FP model):  19%|████████████████▏                                                                     | 24/128 [00:09<00:41,  2.49it/s]Precomputing teacher logits (FP model):  20%|████████████████▊                                                                     | 25/128 [00:10<00:41,  2.49it/s]Precomputing teacher logits (FP model):  20%|█████████████████▍                                                                    | 26/128 [00:10<00:41,  2.48it/s]Precomputing teacher logits (FP model):  21%|██████████████████▏                                                                   | 27/128 [00:10<00:40,  2.47it/s]Precomputing teacher logits (FP model):  22%|██████████████████▊                                                                   | 28/128 [00:11<00:40,  2.48it/s]Precomputing teacher logits (FP model):  23%|███████████████████▍                                                                  | 29/128 [00:11<00:39,  2.49it/s]Precomputing teacher logits (FP model):  23%|████████████████████▏                                                                 | 30/128 [00:12<00:39,  2.49it/s]Precomputing teacher logits (FP model):  24%|████████████████████▊                                                                 | 31/128 [00:12<00:39,  2.48it/s]Precomputing teacher logits (FP model):  25%|█████████████████████▌                                                                | 32/128 [00:12<00:38,  2.48it/s]Precomputing teacher logits (FP model):  26%|██████████████████████▏                                                               | 33/128 [00:13<00:38,  2.48it/s]Precomputing teacher logits (FP model):  27%|██████████████████████▊                                                               | 34/128 [00:13<00:37,  2.49it/s]Precomputing teacher logits (FP model):  27%|███████████████████████▌                                                              | 35/128 [00:14<00:37,  2.49it/s]Precomputing teacher logits (FP model):  28%|████████████████████████▏                                                             | 36/128 [00:14<00:37,  2.47it/s]Precomputing teacher logits (FP model):  29%|████████████████████████▊                                                             | 37/128 [00:14<00:36,  2.48it/s]Precomputing teacher logits (FP model):  30%|█████████████████████████▌                                                            | 38/128 [00:15<00:36,  2.50it/s]Precomputing teacher logits (FP model):  30%|██████████████████████████▏                                                           | 39/128 [00:15<00:35,  2.50it/s]Precomputing teacher logits (FP model):  31%|██████████████████████████▉                                                           | 40/128 [00:16<00:35,  2.50it/s]Precomputing teacher logits (FP model):  32%|███████████████████████████▌                                                          | 41/128 [00:16<00:34,  2.50it/s]Precomputing teacher logits (FP model):  33%|████████████████████████████▏                                                         | 42/128 [00:16<00:34,  2.52it/s]Precomputing teacher logits (FP model):  34%|████████████████████████████▉                                                         | 43/128 [00:17<00:33,  2.53it/s]Precomputing teacher logits (FP model):  34%|█████████████████████████████▌                                                        | 44/128 [00:17<00:33,  2.54it/s]Precomputing teacher logits (FP model):  35%|██████████████████████████████▏                                                       | 45/128 [00:18<00:32,  2.55it/s]Precomputing teacher logits (FP model):  36%|██████████████████████████████▉                                                       | 46/128 [00:18<00:32,  2.55it/s]Precomputing teacher logits (FP model):  37%|███████████████████████████████▌                                                      | 47/128 [00:18<00:31,  2.55it/s]Precomputing teacher logits (FP model):  38%|████████████████████████████████▎                                                     | 48/128 [00:19<00:31,  2.56it/s]Precomputing teacher logits (FP model):  38%|████████████████████████████████▉                                                     | 49/128 [00:19<00:30,  2.56it/s]Precomputing teacher logits (FP model):  39%|█████████████████████████████████▌                                                    | 50/128 [00:20<00:30,  2.54it/s]Precomputing teacher logits (FP model):  40%|██████████████████████████████████▎                                                   | 51/128 [00:20<00:30,  2.55it/s]Precomputing teacher logits (FP model):  41%|██████████████████████████████████▉                                                   | 52/128 [00:20<00:29,  2.55it/s]Precomputing teacher logits (FP model):  41%|███████████████████████████████████▌                                                  | 53/128 [00:21<00:29,  2.55it/s]Precomputing teacher logits (FP model):  42%|████████████████████████████████████▎                                                 | 54/128 [00:21<00:29,  2.52it/s]Precomputing teacher logits (FP model):  43%|████████████████████████████████████▉                                                 | 55/128 [00:22<00:29,  2.50it/s]Precomputing teacher logits (FP model):  44%|█████████████████████████████████████▋                                                | 56/128 [00:22<00:28,  2.50it/s]Precomputing teacher logits (FP model):  45%|██████████████████████████████████████▎                                               | 57/128 [00:22<00:28,  2.50it/s]Precomputing teacher logits (FP model):  45%|██████████████████████████████████████▉                                               | 58/128 [00:23<00:28,  2.49it/s]Precomputing teacher logits (FP model):  46%|███████████████████████████████████████▋                                              | 59/128 [00:23<00:27,  2.51it/s]Precomputing teacher logits (FP model):  47%|████████████████████████████████████████▎                                             | 60/128 [00:23<00:26,  2.52it/s]Precomputing teacher logits (FP model):  48%|████████████████████████████████████████▉                                             | 61/128 [00:24<00:26,  2.53it/s]Precomputing teacher logits (FP model):  48%|█████████████████████████████████████████▋                                            | 62/128 [00:24<00:25,  2.54it/s]Precomputing teacher logits (FP model):  49%|██████████████████████████████████████████▎                                           | 63/128 [00:25<00:25,  2.54it/s]Precomputing teacher logits (FP model):  50%|███████████████████████████████████████████                                           | 64/128 [00:25<00:25,  2.54it/s]Precomputing teacher logits (FP model):  51%|███████████████████████████████████████████▋                                          | 65/128 [00:25<00:24,  2.54it/s]Precomputing teacher logits (FP model):  52%|████████████████████████████████████████████▎                                         | 66/128 [00:26<00:24,  2.54it/s]Precomputing teacher logits (FP model):  52%|█████████████████████████████████████████████                                         | 67/128 [00:26<00:23,  2.55it/s]Precomputing teacher logits (FP model):  53%|█████████████████████████████████████████████▋                                        | 68/128 [00:27<00:23,  2.54it/s]Precomputing teacher logits (FP model):  54%|██████████████████████████████████████████████▎                                       | 69/128 [00:27<00:23,  2.54it/s]Precomputing teacher logits (FP model):  55%|███████████████████████████████████████████████                                       | 70/128 [00:27<00:22,  2.54it/s]Precomputing teacher logits (FP model):  55%|███████████████████████████████████████████████▋                                      | 71/128 [00:28<00:22,  2.55it/s]Precomputing teacher logits (FP model):  56%|████████████████████████████████████████████████▍                                     | 72/128 [00:28<00:22,  2.54it/s]Precomputing teacher logits (FP model):  57%|█████████████████████████████████████████████████                                     | 73/128 [00:29<00:21,  2.53it/s]Precomputing teacher logits (FP model):  58%|█████████████████████████████████████████████████▋                                    | 74/128 [00:29<00:21,  2.54it/s]Precomputing teacher logits (FP model):  59%|██████████████████████████████████████████████████▍                                   | 75/128 [00:29<00:20,  2.54it/s]Precomputing teacher logits (FP model):  59%|███████████████████████████████████████████████████                                   | 76/128 [00:30<00:20,  2.55it/s]Precomputing teacher logits (FP model):  60%|███████████████████████████████████████████████████▋                                  | 77/128 [00:30<00:20,  2.53it/s]Precomputing teacher logits (FP model):  61%|████████████████████████████████████████████████████▍                                 | 78/128 [00:31<00:19,  2.54it/s]Precomputing teacher logits (FP model):  62%|█████████████████████████████████████████████████████                                 | 79/128 [00:31<00:19,  2.55it/s]Precomputing teacher logits (FP model):  62%|█████████████████████████████████████████████████████▊                                | 80/128 [00:31<00:18,  2.55it/s]Precomputing teacher logits (FP model):  63%|██████████████████████████████████████████████████████▍                               | 81/128 [00:32<00:18,  2.53it/s]Precomputing teacher logits (FP model):  64%|███████████████████████████████████████████████████████                               | 82/128 [00:32<00:18,  2.54it/s]Precomputing teacher logits (FP model):  65%|███████████████████████████████████████████████████████▊                              | 83/128 [00:33<00:17,  2.55it/s]Precomputing teacher logits (FP model):  66%|████████████████████████████████████████████████████████▍                             | 84/128 [00:33<00:17,  2.56it/s]Precomputing teacher logits (FP model):  66%|█████████████████████████████████████████████████████████                             | 85/128 [00:33<00:16,  2.56it/s]Precomputing teacher logits (FP model):  67%|█████████████████████████████████████████████████████████▊                            | 86/128 [00:34<00:16,  2.56it/s]Precomputing teacher logits (FP model):  68%|██████████████████████████████████████████████████████████▍                           | 87/128 [00:34<00:16,  2.56it/s]Precomputing teacher logits (FP model):  69%|███████████████████████████████████████████████████████████▏                          | 88/128 [00:34<00:15,  2.56it/s]Precomputing teacher logits (FP model):  70%|███████████████████████████████████████████████████████████▊                          | 89/128 [00:35<00:15,  2.56it/s]Precomputing teacher logits (FP model):  70%|████████████████████████████████████████████████████████████▍                         | 90/128 [00:35<00:14,  2.55it/s]Precomputing teacher logits (FP model):  71%|█████████████████████████████████████████████████████████████▏                        | 91/128 [00:36<00:14,  2.55it/s]Precomputing teacher logits (FP model):  72%|█████████████████████████████████████████████████████████████▊                        | 92/128 [00:36<00:14,  2.55it/s]Precomputing teacher logits (FP model):  73%|██████████████████████████████████████████████████████████████▍                       | 93/128 [00:36<00:13,  2.56it/s]Precomputing teacher logits (FP model):  73%|███████████████████████████████████████████████████████████████▏                      | 94/128 [00:37<00:13,  2.56it/s]Precomputing teacher logits (FP model):  74%|███████████████████████████████████████████████████████████████▊                      | 95/128 [00:37<00:12,  2.56it/s]Precomputing teacher logits (FP model):  75%|████████████████████████████████████████████████████████████████▌                     | 96/128 [00:38<00:12,  2.56it/s]Precomputing teacher logits (FP model):  76%|█████████████████████████████████████████████████████████████████▏                    | 97/128 [00:38<00:12,  2.55it/s]Precomputing teacher logits (FP model):  77%|█████████████████████████████████████████████████████████████████▊                    | 98/128 [00:38<00:11,  2.55it/s]Precomputing teacher logits (FP model):  77%|██████████████████████████████████████████████████████████████████▌                   | 99/128 [00:39<00:11,  2.55it/s]Precomputing teacher logits (FP model):  78%|██████████████████████████████████████████████████████████████████▍                  | 100/128 [00:39<00:10,  2.55it/s]Precomputing teacher logits (FP model):  79%|███████████████████████████████████████████████████████████████████                  | 101/128 [00:40<00:10,  2.54it/s]Precomputing teacher logits (FP model):  80%|███████████████████████████████████████████████████████████████████▋                 | 102/128 [00:40<00:10,  2.53it/s]Precomputing teacher logits (FP model):  80%|████████████████████████████████████████████████████████████████████▍                | 103/128 [00:40<00:09,  2.54it/s]Precomputing teacher logits (FP model):  81%|█████████████████████████████████████████████████████████████████████                | 104/128 [00:41<00:09,  2.54it/s]Precomputing teacher logits (FP model):  82%|█████████████████████████████████████████████████████████████████████▋               | 105/128 [00:41<00:09,  2.55it/s]Precomputing teacher logits (FP model):  83%|██████████████████████████████████████████████████████████████████████▍              | 106/128 [00:42<00:08,  2.55it/s]Precomputing teacher logits (FP model):  84%|███████████████████████████████████████████████████████████████████████              | 107/128 [00:42<00:08,  2.55it/s]Precomputing teacher logits (FP model):  84%|███████████████████████████████████████████████████████████████████████▋             | 108/128 [00:42<00:07,  2.55it/s]Precomputing teacher logits (FP model):  85%|████████████████████████████████████████████████████████████████████████▍            | 109/128 [00:43<00:07,  2.54it/s]Precomputing teacher logits (FP model):  86%|█████████████████████████████████████████████████████████████████████████            | 110/128 [00:43<00:07,  2.53it/s]Precomputing teacher logits (FP model):  87%|█████████████████████████████████████████████████████████████████████████▋           | 111/128 [00:44<00:06,  2.54it/s]Precomputing teacher logits (FP model):  88%|██████████████████████████████████████████████████████████████████████████▍          | 112/128 [00:44<00:06,  2.54it/s]Precomputing teacher logits (FP model):  88%|███████████████████████████████████████████████████████████████████████████          | 113/128 [00:44<00:05,  2.54it/s]Precomputing teacher logits (FP model):  89%|███████████████████████████████████████████████████████████████████████████▋         | 114/128 [00:45<00:05,  2.52it/s]Precomputing teacher logits (FP model):  90%|████████████████████████████████████████████████████████████████████████████▎        | 115/128 [00:45<00:05,  2.53it/s]Precomputing teacher logits (FP model):  91%|█████████████████████████████████████████████████████████████████████████████        | 116/128 [00:45<00:04,  2.54it/s]Precomputing teacher logits (FP model):  91%|█████████████████████████████████████████████████████████████████████████████▋       | 117/128 [00:46<00:04,  2.54it/s]Precomputing teacher logits (FP model):  92%|██████████████████████████████████████████████████████████████████████████████▎      | 118/128 [00:46<00:03,  2.53it/s]Precomputing teacher logits (FP model):  93%|███████████████████████████████████████████████████████████████████████████████      | 119/128 [00:47<00:03,  2.53it/s]Precomputing teacher logits (FP model):  94%|███████████████████████████████████████████████████████████████████████████████▋     | 120/128 [00:47<00:03,  2.53it/s]Precomputing teacher logits (FP model):  95%|████████████████████████████████████████████████████████████████████████████████▎    | 121/128 [00:47<00:02,  2.54it/s]Precomputing teacher logits (FP model):  95%|█████████████████████████████████████████████████████████████████████████████████    | 122/128 [00:48<00:02,  2.54it/s]Precomputing teacher logits (FP model):  96%|█████████████████████████████████████████████████████████████████████████████████▋   | 123/128 [00:48<00:01,  2.53it/s]Precomputing teacher logits (FP model):  97%|██████████████████████████████████████████████████████████████████████████████████▎  | 124/128 [00:49<00:01,  2.52it/s]Precomputing teacher logits (FP model):  98%|███████████████████████████████████████████████████████████████████████████████████  | 125/128 [00:49<00:01,  2.53it/s]Precomputing teacher logits (FP model):  98%|███████████████████████████████████████████████████████████████████████████████████▋ | 126/128 [00:49<00:00,  2.54it/s]Precomputing teacher logits (FP model):  99%|████████████████████████████████████████████████████████████████████████████████████▎| 127/128 [00:50<00:00,  2.54it/s]Precomputing teacher logits (FP model): 100%|█████████████████████████████████████████████████████████████████████████████████████| 128/128 [00:50<00:00,  2.53it/s]Precomputing teacher logits (FP model): 100%|█████████████████████████████████████████████████████████████████████████████████████| 128/128 [00:50<00:00,  2.52it/s]
Token indices sequence length is longer than the specified maximum sequence length for this model (299078 > 131072). Running this sequence through the model will result in indexing errors
GPU memory (from _compute_teacher_logits_cache): 5.00 -> 1.78 GiB (-3.21 GiB)
Total number of scale parameters to tune: 392
Epoch 1 - Loss: 2.8938
Epoch 2 - Loss: 2.8528
Epoch 3 - Loss: 2.8370
Epoch 4 - Loss: 2.8228
Epoch 5 - Loss: 2.8153
Epoch 6 - Loss: 2.8101
Epoch 7 - Loss: 2.8077
Epoch 8 - Loss: 2.8063
GPU memory (from compress_model_recon): 9.44 -> 6.04 GiB (-3.40 GiB)
Using sequence length: 2048 (model max: 2048)
Evaluating perplexity on wikitext2 - num_samples=146, seqlen=2048
Evaluating PPL for wikitext2 (PPL: N/A):   0%|                                                                                              | 0/146 [00:00<?, ?it/s]Evaluating PPL for wikitext2 (PPL: 18.2881):   0%|                                                                                          | 0/146 [00:00<?, ?it/s]Evaluating PPL for wikitext2 (PPL: 22.2327):   0%|                                                                                          | 0/146 [00:00<?, ?it/s]Evaluating PPL for wikitext2 (PPL: 27.8860):   0%|                                                                                          | 0/146 [00:00<?, ?it/s]Evaluating PPL for wikitext2 (PPL: 27.8860):   2%|█▋                                                                                | 3/146 [00:00<00:05, 27.03it/s]Evaluating PPL for wikitext2 (PPL: 30.0344):   2%|█▋                                                                                | 3/146 [00:00<00:05, 27.03it/s]Evaluating PPL for wikitext2 (PPL: 35.5833):   2%|█▋                                                                                | 3/146 [00:00<00:05, 27.03it/s]Evaluating PPL for wikitext2 (PPL: 30.7066):   2%|█▋                                                                                | 3/146 [00:00<00:05, 27.03it/s]Evaluating PPL for wikitext2 (PPL: 30.7066):   4%|███▎                                                                              | 6/146 [00:00<00:04, 28.13it/s]Evaluating PPL for wikitext2 (PPL: 28.5792):   4%|███▎                                                                              | 6/146 [00:00<00:04, 28.13it/s]Evaluating PPL for wikitext2 (PPL: 27.5611):   4%|███▎                                                                              | 6/146 [00:00<00:04, 28.13it/s]Evaluating PPL for wikitext2 (PPL: 27.5970):   4%|███▎                                                                              | 6/146 [00:00<00:04, 28.13it/s]Evaluating PPL for wikitext2 (PPL: 27.5970):   6%|█████                                                                             | 9/146 [00:00<00:04, 28.38it/s]Evaluating PPL for wikitext2 (PPL: 27.9296):   6%|█████                                                                             | 9/146 [00:00<00:04, 28.38it/s]Evaluating PPL for wikitext2 (PPL: 27.5318):   6%|█████                                                                             | 9/146 [00:00<00:04, 28.38it/s]Evaluating PPL for wikitext2 (PPL: 27.2755):   6%|█████                                                                             | 9/146 [00:00<00:04, 28.38it/s]Evaluating PPL for wikitext2 (PPL: 27.2755):   8%|██████▋                                                                          | 12/146 [00:00<00:04, 28.63it/s]Evaluating PPL for wikitext2 (PPL: 26.4178):   8%|██████▋                                                                          | 12/146 [00:00<00:04, 28.63it/s]Evaluating PPL for wikitext2 (PPL: 26.1965):   8%|██████▋                                                                          | 12/146 [00:00<00:04, 28.63it/s]Evaluating PPL for wikitext2 (PPL: 25.7367):   8%|██████▋                                                                          | 12/146 [00:00<00:04, 28.63it/s]Evaluating PPL for wikitext2 (PPL: 25.7367):  10%|████████▎                                                                        | 15/146 [00:00<00:04, 28.63it/s]Evaluating PPL for wikitext2 (PPL: 25.7652):  10%|████████▎                                                                        | 15/146 [00:00<00:04, 28.63it/s]Evaluating PPL for wikitext2 (PPL: 25.9091):  10%|████████▎                                                                        | 15/146 [00:00<00:04, 28.63it/s]Evaluating PPL for wikitext2 (PPL: 25.7233):  10%|████████▎                                                                        | 15/146 [00:00<00:04, 28.63it/s]Evaluating PPL for wikitext2 (PPL: 25.7233):  12%|█████████▉                                                                       | 18/146 [00:00<00:04, 28.77it/s]Evaluating PPL for wikitext2 (PPL: 25.3696):  12%|█████████▉                                                                       | 18/146 [00:00<00:04, 28.77it/s]Evaluating PPL for wikitext2 (PPL: 24.8994):  12%|█████████▉                                                                       | 18/146 [00:00<00:04, 28.77it/s]Evaluating PPL for wikitext2 (PPL: 24.8116):  12%|█████████▉                                                                       | 18/146 [00:00<00:04, 28.77it/s]Evaluating PPL for wikitext2 (PPL: 24.8116):  14%|███████████▋                                                                     | 21/146 [00:00<00:04, 28.83it/s]Evaluating PPL for wikitext2 (PPL: 25.1929):  14%|███████████▋                                                                     | 21/146 [00:00<00:04, 28.83it/s]Evaluating PPL for wikitext2 (PPL: 25.1844):  14%|███████████▋                                                                     | 21/146 [00:00<00:04, 28.83it/s]Evaluating PPL for wikitext2 (PPL: 25.3575):  14%|███████████▋                                                                     | 21/146 [00:00<00:04, 28.83it/s]Evaluating PPL for wikitext2 (PPL: 25.3575):  16%|█████████████▎                                                                   | 24/146 [00:00<00:04, 28.76it/s]Evaluating PPL for wikitext2 (PPL: 25.4541):  16%|█████████████▎                                                                   | 24/146 [00:00<00:04, 28.76it/s]Evaluating PPL for wikitext2 (PPL: 25.6666):  16%|█████████████▎                                                                   | 24/146 [00:00<00:04, 28.76it/s]Evaluating PPL for wikitext2 (PPL: 25.8501):  16%|█████████████▎                                                                   | 24/146 [00:00<00:04, 28.76it/s]Evaluating PPL for wikitext2 (PPL: 25.8501):  18%|██████████████▉                                                                  | 27/146 [00:00<00:04, 28.82it/s]Evaluating PPL for wikitext2 (PPL: 36.0469):  18%|██████████████▉                                                                  | 27/146 [00:00<00:04, 28.82it/s]Evaluating PPL for wikitext2 (PPL: 36.1358):  18%|██████████████▉                                                                  | 27/146 [00:01<00:04, 28.82it/s]Evaluating PPL for wikitext2 (PPL: 35.7132):  18%|██████████████▉                                                                  | 27/146 [00:01<00:04, 28.82it/s]Evaluating PPL for wikitext2 (PPL: 35.7132):  21%|████████████████▋                                                                | 30/146 [00:01<00:04, 28.81it/s]Evaluating PPL for wikitext2 (PPL: 35.2512):  21%|████████████████▋                                                                | 30/146 [00:01<00:04, 28.81it/s]Evaluating PPL for wikitext2 (PPL: 34.9086):  21%|████████████████▋                                                                | 30/146 [00:01<00:04, 28.81it/s]Evaluating PPL for wikitext2 (PPL: 34.3288):  21%|████████████████▋                                                                | 30/146 [00:01<00:04, 28.81it/s]Evaluating PPL for wikitext2 (PPL: 34.3288):  23%|██████████████████▎                                                              | 33/146 [00:01<00:03, 28.82it/s]Evaluating PPL for wikitext2 (PPL: 34.4030):  23%|██████████████████▎                                                              | 33/146 [00:01<00:03, 28.82it/s]Evaluating PPL for wikitext2 (PPL: 35.2355):  23%|██████████████████▎                                                              | 33/146 [00:01<00:03, 28.82it/s]Evaluating PPL for wikitext2 (PPL: 35.0377):  23%|██████████████████▎                                                              | 33/146 [00:01<00:03, 28.82it/s]Evaluating PPL for wikitext2 (PPL: 35.0377):  25%|███████████████████▉                                                             | 36/146 [00:01<00:03, 28.28it/s]Evaluating PPL for wikitext2 (PPL: 34.4564):  25%|███████████████████▉                                                             | 36/146 [00:01<00:03, 28.28it/s]Evaluating PPL for wikitext2 (PPL: 33.6646):  25%|███████████████████▉                                                             | 36/146 [00:01<00:03, 28.28it/s]Evaluating PPL for wikitext2 (PPL: 33.1287):  25%|███████████████████▉                                                             | 36/146 [00:01<00:03, 28.28it/s]Evaluating PPL for wikitext2 (PPL: 33.1287):  27%|█████████████████████▋                                                           | 39/146 [00:01<00:03, 28.41it/s]Evaluating PPL for wikitext2 (PPL: 32.4242):  27%|█████████████████████▋                                                           | 39/146 [00:01<00:03, 28.41it/s]Evaluating PPL for wikitext2 (PPL: 32.0355):  27%|█████████████████████▋                                                           | 39/146 [00:01<00:03, 28.41it/s]Evaluating PPL for wikitext2 (PPL: 31.8587):  27%|█████████████████████▋                                                           | 39/146 [00:01<00:03, 28.41it/s]Evaluating PPL for wikitext2 (PPL: 31.8587):  29%|███████████████████████▎                                                         | 42/146 [00:01<00:03, 28.51it/s]Evaluating PPL for wikitext2 (PPL: 32.0383):  29%|███████████████████████▎                                                         | 42/146 [00:01<00:03, 28.51it/s]Evaluating PPL for wikitext2 (PPL: 32.3139):  29%|███████████████████████▎                                                         | 42/146 [00:01<00:03, 28.51it/s]Evaluating PPL for wikitext2 (PPL: 32.5342):  29%|███████████████████████▎                                                         | 42/146 [00:01<00:03, 28.51it/s]Evaluating PPL for wikitext2 (PPL: 32.5342):  31%|████████████████████████▉                                                        | 45/146 [00:01<00:03, 28.64it/s]Evaluating PPL for wikitext2 (PPL: 32.7463):  31%|████████████████████████▉                                                        | 45/146 [00:01<00:03, 28.64it/s]Evaluating PPL for wikitext2 (PPL: 32.8305):  31%|████████████████████████▉                                                        | 45/146 [00:01<00:03, 28.64it/s]Evaluating PPL for wikitext2 (PPL: 32.8043):  31%|████████████████████████▉                                                        | 45/146 [00:01<00:03, 28.64it/s]Evaluating PPL for wikitext2 (PPL: 32.8043):  33%|██████████████████████████▋                                                      | 48/146 [00:01<00:03, 28.17it/s]Evaluating PPL for wikitext2 (PPL: 32.7479):  33%|██████████████████████████▋                                                      | 48/146 [00:01<00:03, 28.17it/s]Evaluating PPL for wikitext2 (PPL: 32.4597):  33%|██████████████████████████▋                                                      | 48/146 [00:01<00:03, 28.17it/s]Evaluating PPL for wikitext2 (PPL: 32.4227):  33%|██████████████████████████▋                                                      | 48/146 [00:01<00:03, 28.17it/s]Evaluating PPL for wikitext2 (PPL: 32.4227):  35%|████████████████████████████▎                                                    | 51/146 [00:01<00:03, 28.36it/s]Evaluating PPL for wikitext2 (PPL: 32.0677):  35%|████████████████████████████▎                                                    | 51/146 [00:01<00:03, 28.36it/s]Evaluating PPL for wikitext2 (PPL: 31.7577):  35%|████████████████████████████▎                                                    | 51/146 [00:01<00:03, 28.36it/s]Evaluating PPL for wikitext2 (PPL: 31.3259):  35%|████████████████████████████▎                                                    | 51/146 [00:01<00:03, 28.36it/s]Evaluating PPL for wikitext2 (PPL: 31.3259):  37%|█████████████████████████████▉                                                   | 54/146 [00:01<00:03, 28.57it/s]Evaluating PPL for wikitext2 (PPL: 30.8714):  37%|█████████████████████████████▉                                                   | 54/146 [00:01<00:03, 28.57it/s]Evaluating PPL for wikitext2 (PPL: 30.4904):  37%|█████████████████████████████▉                                                   | 54/146 [00:01<00:03, 28.57it/s]Evaluating PPL for wikitext2 (PPL: 29.9953):  37%|█████████████████████████████▉                                                   | 54/146 [00:01<00:03, 28.57it/s]Evaluating PPL for wikitext2 (PPL: 29.9953):  39%|███████████████████████████████▌                                                 | 57/146 [00:01<00:03, 28.45it/s]Evaluating PPL for wikitext2 (PPL: 29.4535):  39%|███████████████████████████████▌                                                 | 57/146 [00:02<00:03, 28.45it/s]Evaluating PPL for wikitext2 (PPL: 29.1856):  39%|███████████████████████████████▌                                                 | 57/146 [00:02<00:03, 28.45it/s]Evaluating PPL for wikitext2 (PPL: 29.1331):  39%|███████████████████████████████▌                                                 | 57/146 [00:02<00:03, 28.45it/s]Evaluating PPL for wikitext2 (PPL: 29.1331):  41%|█████████████████████████████████▎                                               | 60/146 [00:02<00:03, 28.57it/s]Evaluating PPL for wikitext2 (PPL: 31.2689):  41%|█████████████████████████████████▎                                               | 60/146 [00:02<00:03, 28.57it/s]Evaluating PPL for wikitext2 (PPL: 31.3136):  41%|█████████████████████████████████▎                                               | 60/146 [00:02<00:03, 28.57it/s]Evaluating PPL for wikitext2 (PPL: 31.3414):  41%|█████████████████████████████████▎                                               | 60/146 [00:02<00:03, 28.57it/s]Evaluating PPL for wikitext2 (PPL: 31.3414):  43%|██████████████████████████████████▉                                              | 63/146 [00:02<00:02, 28.63it/s]Evaluating PPL for wikitext2 (PPL: 31.4988):  43%|██████████████████████████████████▉                                              | 63/146 [00:02<00:02, 28.63it/s]Evaluating PPL for wikitext2 (PPL: 31.3719):  43%|██████████████████████████████████▉                                              | 63/146 [00:02<00:02, 28.63it/s]Evaluating PPL for wikitext2 (PPL: 31.2789):  43%|██████████████████████████████████▉                                              | 63/146 [00:02<00:02, 28.63it/s]Evaluating PPL for wikitext2 (PPL: 31.2789):  45%|████████████████████████████████████▌                                            | 66/146 [00:02<00:02, 28.73it/s]Evaluating PPL for wikitext2 (PPL: 31.3494):  45%|████████████████████████████████████▌                                            | 66/146 [00:02<00:02, 28.73it/s]Evaluating PPL for wikitext2 (PPL: 31.2811):  45%|████████████████████████████████████▌                                            | 66/146 [00:02<00:02, 28.73it/s]Evaluating PPL for wikitext2 (PPL: 31.2362):  45%|████████████████████████████████████▌                                            | 66/146 [00:02<00:02, 28.73it/s]Evaluating PPL for wikitext2 (PPL: 31.2362):  47%|██████████████████████████████████████▎                                          | 69/146 [00:02<00:02, 28.76it/s]Evaluating PPL for wikitext2 (PPL: 31.1230):  47%|██████████████████████████████████████▎                                          | 69/146 [00:02<00:02, 28.76it/s]Evaluating PPL for wikitext2 (PPL: 30.9656):  47%|██████████████████████████████████████▎                                          | 69/146 [00:02<00:02, 28.76it/s]Evaluating PPL for wikitext2 (PPL: 31.2783):  47%|██████████████████████████████████████▎                                          | 69/146 [00:02<00:02, 28.76it/s]Evaluating PPL for wikitext2 (PPL: 31.2783):  49%|███████████████████████████████████████▉                                         | 72/146 [00:02<00:02, 28.84it/s]Evaluating PPL for wikitext2 (PPL: 31.3631):  49%|███████████████████████████████████████▉                                         | 72/146 [00:02<00:02, 28.84it/s]Evaluating PPL for wikitext2 (PPL: 31.4658):  49%|███████████████████████████████████████▉                                         | 72/146 [00:02<00:02, 28.84it/s]Evaluating PPL for wikitext2 (PPL: 31.4087):  49%|███████████████████████████████████████▉                                         | 72/146 [00:02<00:02, 28.84it/s]Evaluating PPL for wikitext2 (PPL: 31.4087):  51%|█████████████████████████████████████████▌                                       | 75/146 [00:02<00:02, 28.88it/s]Evaluating PPL for wikitext2 (PPL: 31.2437):  51%|█████████████████████████████████████████▌                                       | 75/146 [00:02<00:02, 28.88it/s]Evaluating PPL for wikitext2 (PPL: 31.0838):  51%|█████████████████████████████████████████▌                                       | 75/146 [00:02<00:02, 28.88it/s]Evaluating PPL for wikitext2 (PPL: 30.9103):  51%|█████████████████████████████████████████▌                                       | 75/146 [00:02<00:02, 28.88it/s]Evaluating PPL for wikitext2 (PPL: 30.9103):  53%|███████████████████████████████████████████▎                                     | 78/146 [00:02<00:02, 28.64it/s]Evaluating PPL for wikitext2 (PPL: 30.8517):  53%|███████████████████████████████████████████▎                                     | 78/146 [00:02<00:02, 28.64it/s]Evaluating PPL for wikitext2 (PPL: 30.8489):  53%|███████████████████████████████████████████▎                                     | 78/146 [00:02<00:02, 28.64it/s]Evaluating PPL for wikitext2 (PPL: 30.7927):  53%|███████████████████████████████████████████▎                                     | 78/146 [00:02<00:02, 28.64it/s]Evaluating PPL for wikitext2 (PPL: 30.7927):  55%|████████████████████████████████████████████▉                                    | 81/146 [00:02<00:02, 28.68it/s]Evaluating PPL for wikitext2 (PPL: 30.7028):  55%|████████████████████████████████████████████▉                                    | 81/146 [00:02<00:02, 28.68it/s]Evaluating PPL for wikitext2 (PPL: 30.3627):  55%|████████████████████████████████████████████▉                                    | 81/146 [00:02<00:02, 28.68it/s]Evaluating PPL for wikitext2 (PPL: 30.1127):  55%|████████████████████████████████████████████▉                                    | 81/146 [00:02<00:02, 28.68it/s]Evaluating PPL for wikitext2 (PPL: 30.1127):  58%|██████████████████████████████████████████████▌                                  | 84/146 [00:02<00:02, 28.77it/s]Evaluating PPL for wikitext2 (PPL: 29.9476):  58%|██████████████████████████████████████████████▌                                  | 84/146 [00:02<00:02, 28.77it/s]Evaluating PPL for wikitext2 (PPL: 29.9064):  58%|██████████████████████████████████████████████▌                                  | 84/146 [00:03<00:02, 28.77it/s]Evaluating PPL for wikitext2 (PPL: 29.8234):  58%|██████████████████████████████████████████████▌                                  | 84/146 [00:03<00:02, 28.77it/s]Evaluating PPL for wikitext2 (PPL: 29.8234):  60%|████████████████████████████████████████████████▎                                | 87/146 [00:03<00:02, 28.62it/s]Evaluating PPL for wikitext2 (PPL: 31.4479):  60%|████████████████████████████████████████████████▎                                | 87/146 [00:03<00:02, 28.62it/s]Evaluating PPL for wikitext2 (PPL: 31.4882):  60%|████████████████████████████████████████████████▎                                | 87/146 [00:03<00:02, 28.62it/s]Evaluating PPL for wikitext2 (PPL: 31.4676):  60%|████████████████████████████████████████████████▎                                | 87/146 [00:03<00:02, 28.62it/s]Evaluating PPL for wikitext2 (PPL: 31.4676):  62%|█████████████████████████████████████████████████▉                               | 90/146 [00:03<00:01, 28.10it/s]Evaluating PPL for wikitext2 (PPL: 31.5556):  62%|█████████████████████████████████████████████████▉                               | 90/146 [00:03<00:01, 28.10it/s]Evaluating PPL for wikitext2 (PPL: 31.7550):  62%|█████████████████████████████████████████████████▉                               | 90/146 [00:03<00:01, 28.10it/s]Evaluating PPL for wikitext2 (PPL: 31.9352):  62%|█████████████████████████████████████████████████▉                               | 90/146 [00:03<00:01, 28.10it/s]Evaluating PPL for wikitext2 (PPL: 31.9352):  64%|███████████████████████████████████████████████████▌                             | 93/146 [00:03<00:01, 27.81it/s]Evaluating PPL for wikitext2 (PPL: 32.0167):  64%|███████████████████████████████████████████████████▌                             | 93/146 [00:03<00:01, 27.81it/s]Evaluating PPL for wikitext2 (PPL: 32.7202):  64%|███████████████████████████████████████████████████▌                             | 93/146 [00:03<00:01, 27.81it/s]Evaluating PPL for wikitext2 (PPL: 32.8257):  64%|███████████████████████████████████████████████████▌                             | 93/146 [00:03<00:01, 27.81it/s]Evaluating PPL for wikitext2 (PPL: 32.8257):  66%|█████████████████████████████████████████████████████▎                           | 96/146 [00:03<00:01, 27.96it/s]Evaluating PPL for wikitext2 (PPL: 32.7389):  66%|█████████████████████████████████████████████████████▎                           | 96/146 [00:03<00:01, 27.96it/s]Evaluating PPL for wikitext2 (PPL: 32.8316):  66%|█████████████████████████████████████████████████████▎                           | 96/146 [00:03<00:01, 27.96it/s]Evaluating PPL for wikitext2 (PPL: 32.7619):  66%|█████████████████████████████████████████████████████▎                           | 96/146 [00:03<00:01, 27.96it/s]Evaluating PPL for wikitext2 (PPL: 32.7619):  68%|██████████████████████████████████████████████████████▉                          | 99/146 [00:03<00:01, 28.20it/s]Evaluating PPL for wikitext2 (PPL: 32.7706):  68%|██████████████████████████████████████████████████████▉                          | 99/146 [00:03<00:01, 28.20it/s]Evaluating PPL for wikitext2 (PPL: 32.7284):  68%|██████████████████████████████████████████████████████▉                          | 99/146 [00:03<00:01, 28.20it/s]Evaluating PPL for wikitext2 (PPL: 32.6820):  68%|██████████████████████████████████████████████████████▉                          | 99/146 [00:03<00:01, 28.20it/s]Evaluating PPL for wikitext2 (PPL: 32.6820):  70%|███████████████████████████████████████████████████████▉                        | 102/146 [00:03<00:01, 28.25it/s]Evaluating PPL for wikitext2 (PPL: 32.6714):  70%|███████████████████████████████████████████████████████▉                        | 102/146 [00:03<00:01, 28.25it/s]Evaluating PPL for wikitext2 (PPL: 32.6560):  70%|███████████████████████████████████████████████████████▉                        | 102/146 [00:03<00:01, 28.25it/s]Evaluating PPL for wikitext2 (PPL: 32.6992):  70%|███████████████████████████████████████████████████████▉                        | 102/146 [00:03<00:01, 28.25it/s]Evaluating PPL for wikitext2 (PPL: 32.6992):  72%|█████████████████████████████████████████████████████████▌                      | 105/146 [00:03<00:01, 28.27it/s]Evaluating PPL for wikitext2 (PPL: 32.7176):  72%|█████████████████████████████████████████████████████████▌                      | 105/146 [00:03<00:01, 28.27it/s]Evaluating PPL for wikitext2 (PPL: 32.8362):  72%|█████████████████████████████████████████████████████████▌                      | 105/146 [00:03<00:01, 28.27it/s]Evaluating PPL for wikitext2 (PPL: 32.8102):  72%|█████████████████████████████████████████████████████████▌                      | 105/146 [00:03<00:01, 28.27it/s]Evaluating PPL for wikitext2 (PPL: 32.8102):  74%|███████████████████████████████████████████████████████████▏                    | 108/146 [00:03<00:01, 28.43it/s]Evaluating PPL for wikitext2 (PPL: 32.6863):  74%|███████████████████████████████████████████████████████████▏                    | 108/146 [00:03<00:01, 28.43it/s]Evaluating PPL for wikitext2 (PPL: 32.6669):  74%|███████████████████████████████████████████████████████████▏                    | 108/146 [00:03<00:01, 28.43it/s]Evaluating PPL for wikitext2 (PPL: 32.6250):  74%|███████████████████████████████████████████████████████████▏                    | 108/146 [00:03<00:01, 28.43it/s]Evaluating PPL for wikitext2 (PPL: 32.6250):  76%|████████████████████████████████████████████████████████████▊                   | 111/146 [00:03<00:01, 28.39it/s]Evaluating PPL for wikitext2 (PPL: 32.5475):  76%|████████████████████████████████████████████████████████████▊                   | 111/146 [00:03<00:01, 28.39it/s]Evaluating PPL for wikitext2 (PPL: 32.5300):  76%|████████████████████████████████████████████████████████████▊                   | 111/146 [00:03<00:01, 28.39it/s]Evaluating PPL for wikitext2 (PPL: 32.4950):  76%|████████████████████████████████████████████████████████████▊                   | 111/146 [00:04<00:01, 28.39it/s]Evaluating PPL for wikitext2 (PPL: 32.4950):  78%|██████████████████████████████████████████████████████████████▍                 | 114/146 [00:04<00:01, 28.48it/s]Evaluating PPL for wikitext2 (PPL: 32.4430):  78%|██████████████████████████████████████████████████████████████▍                 | 114/146 [00:04<00:01, 28.48it/s]Evaluating PPL for wikitext2 (PPL: 32.4706):  78%|██████████████████████████████████████████████████████████████▍                 | 114/146 [00:04<00:01, 28.48it/s]Evaluating PPL for wikitext2 (PPL: 32.5107):  78%|██████████████████████████████████████████████████████████████▍                 | 114/146 [00:04<00:01, 28.48it/s]Evaluating PPL for wikitext2 (PPL: 32.5107):  80%|████████████████████████████████████████████████████████████████                | 117/146 [00:04<00:01, 28.53it/s]Evaluating PPL for wikitext2 (PPL: 32.4814):  80%|████████████████████████████████████████████████████████████████                | 117/146 [00:04<00:01, 28.53it/s]Evaluating PPL for wikitext2 (PPL: 32.3207):  80%|████████████████████████████████████████████████████████████████                | 117/146 [00:04<00:01, 28.53it/s]Evaluating PPL for wikitext2 (PPL: 32.1929):  80%|████████████████████████████████████████████████████████████████                | 117/146 [00:04<00:01, 28.53it/s]Evaluating PPL for wikitext2 (PPL: 32.1929):  82%|█████████████████████████████████████████████████████████████████▊              | 120/146 [00:04<00:00, 28.65it/s]Evaluating PPL for wikitext2 (PPL: 32.2087):  82%|█████████████████████████████████████████████████████████████████▊              | 120/146 [00:04<00:00, 28.65it/s]Evaluating PPL for wikitext2 (PPL: 32.0719):  82%|█████████████████████████████████████████████████████████████████▊              | 120/146 [00:04<00:00, 28.65it/s]Evaluating PPL for wikitext2 (PPL: 31.9258):  82%|█████████████████████████████████████████████████████████████████▊              | 120/146 [00:04<00:00, 28.65it/s]Evaluating PPL for wikitext2 (PPL: 31.9258):  84%|███████████████████████████████████████████████████████████████████▍            | 123/146 [00:04<00:00, 28.72it/s]Evaluating PPL for wikitext2 (PPL: 31.8107):  84%|███████████████████████████████████████████████████████████████████▍            | 123/146 [00:04<00:00, 28.72it/s]Evaluating PPL for wikitext2 (PPL: 31.7852):  84%|███████████████████████████████████████████████████████████████████▍            | 123/146 [00:04<00:00, 28.72it/s]Evaluating PPL for wikitext2 (PPL: 31.8034):  84%|███████████████████████████████████████████████████████████████████▍            | 123/146 [00:04<00:00, 28.72it/s]Evaluating PPL for wikitext2 (PPL: 31.8034):  86%|█████████████████████████████████████████████████████████████████████           | 126/146 [00:04<00:00, 28.78it/s]Evaluating PPL for wikitext2 (PPL: 31.7314):  86%|█████████████████████████████████████████████████████████████████████           | 126/146 [00:04<00:00, 28.78it/s]Evaluating PPL for wikitext2 (PPL: 31.6646):  86%|█████████████████████████████████████████████████████████████████████           | 126/146 [00:04<00:00, 28.78it/s]Evaluating PPL for wikitext2 (PPL: 31.4882):  86%|█████████████████████████████████████████████████████████████████████           | 126/146 [00:04<00:00, 28.78it/s]Evaluating PPL for wikitext2 (PPL: 31.4882):  88%|██████████████████████████████████████████████████████████████████████▋         | 129/146 [00:04<00:00, 28.78it/s]Evaluating PPL for wikitext2 (PPL: 31.3531):  88%|██████████████████████████████████████████████████████████████████████▋         | 129/146 [00:04<00:00, 28.78it/s]Evaluating PPL for wikitext2 (PPL: 31.2430):  88%|██████████████████████████████████████████████████████████████████████▋         | 129/146 [00:04<00:00, 28.78it/s]Evaluating PPL for wikitext2 (PPL: 31.1902):  88%|██████████████████████████████████████████████████████████████████████▋         | 129/146 [00:04<00:00, 28.78it/s]Evaluating PPL for wikitext2 (PPL: 31.1902):  90%|████████████████████████████████████████████████████████████████████████▎       | 132/146 [00:04<00:00, 28.73it/s]Evaluating PPL for wikitext2 (PPL: 31.1457):  90%|████████████████████████████████████████████████████████████████████████▎       | 132/146 [00:04<00:00, 28.73it/s]Evaluating PPL for wikitext2 (PPL: 31.0439):  90%|████████████████████████████████████████████████████████████████████████▎       | 132/146 [00:04<00:00, 28.73it/s]Evaluating PPL for wikitext2 (PPL: 31.0731):  90%|████████████████████████████████████████████████████████████████████████▎       | 132/146 [00:04<00:00, 28.73it/s]Evaluating PPL for wikitext2 (PPL: 31.0731):  92%|█████████████████████████████████████████████████████████████████████████▉      | 135/146 [00:04<00:00, 28.71it/s]Evaluating PPL for wikitext2 (PPL: 31.0413):  92%|█████████████████████████████████████████████████████████████████████████▉      | 135/146 [00:04<00:00, 28.71it/s]Evaluating PPL for wikitext2 (PPL: 30.9075):  92%|█████████████████████████████████████████████████████████████████████████▉      | 135/146 [00:04<00:00, 28.71it/s]Evaluating PPL for wikitext2 (PPL: 30.7171):  92%|█████████████████████████████████████████████████████████████████████████▉      | 135/146 [00:04<00:00, 28.71it/s]Evaluating PPL for wikitext2 (PPL: 30.7171):  95%|███████████████████████████████████████████████████████████████████████████▌    | 138/146 [00:04<00:00, 28.17it/s]Evaluating PPL for wikitext2 (PPL: 30.5580):  95%|███████████████████████████████████████████████████████████████████████████▌    | 138/146 [00:04<00:00, 28.17it/s]Evaluating PPL for wikitext2 (PPL: 30.6097):  95%|███████████████████████████████████████████████████████████████████████████▌    | 138/146 [00:04<00:00, 28.17it/s]Evaluating PPL for wikitext2 (PPL: 30.6438):  95%|███████████████████████████████████████████████████████████████████████████▌    | 138/146 [00:04<00:00, 28.17it/s]Evaluating PPL for wikitext2 (PPL: 30.6438):  97%|█████████████████████████████████████████████████████████████████████████████▎  | 141/146 [00:04<00:00, 28.29it/s]Evaluating PPL for wikitext2 (PPL: 30.6774):  97%|█████████████████████████████████████████████████████████████████████████████▎  | 141/146 [00:04<00:00, 28.29it/s]Evaluating PPL for wikitext2 (PPL: 30.7341):  97%|█████████████████████████████████████████████████████████████████████████████▎  | 141/146 [00:05<00:00, 28.29it/s]Evaluating PPL for wikitext2 (PPL: 30.7600):  97%|█████████████████████████████████████████████████████████████████████████████▎  | 141/146 [00:05<00:00, 28.29it/s]Evaluating PPL for wikitext2 (PPL: 30.7600):  99%|██████████████████████████████████████████████████████████████████████████████▉ | 144/146 [00:05<00:00, 28.48it/s]Evaluating PPL for wikitext2 (PPL: 30.8022):  99%|██████████████████████████████████████████████████████████████████████████████▉ | 144/146 [00:05<00:00, 28.48it/s]Evaluating PPL for wikitext2 (PPL: 30.8175):  99%|██████████████████████████████████████████████████████████████████████████████▉ | 144/146 [00:05<00:00, 28.48it/s]Evaluating PPL for wikitext2 (PPL: 30.8175): 100%|████████████████████████████████████████████████████████████████████████████████| 146/146 [00:05<00:00, 28.52it/s]
Perplexity on wikitext2: 30.8175
{
 "arm": "cov",
 "eval": {
  "wikitext2": {
   "ppl": 30.817485809326172
  }
 },
 "mean_out_err": 0.09774145048227928,
 "mean_weight_err": 0.3287057554549498,
 "total_time": 4288.4143924713135
}
