Token indices sequence length is longer than the specified maximum sequence length for this model (2518423 > 131072). Running this sequence through the model will result in indexing errors
Loading model 'Qwen/Qwen3-0.6B-Base'...
Qwen3ForCausalLM(
  (model): Qwen3Model(
    (embed_tokens): Embedding(151936, 1024)
    (layers): ModuleList(
      (0-27): 28 x Qwen3DecoderLayer(
        (self_attn): Qwen3Attention(
          (q_proj): Linear(in_features=1024, out_features=2048, bias=False)
          (k_proj): Linear(in_features=1024, out_features=1024, bias=False)
          (v_proj): Linear(in_features=1024, out_features=1024, bias=False)
          (o_proj): Linear(in_features=2048, out_features=1024, bias=False)
          (q_norm): Qwen3RMSNorm((128,), eps=1e-06)
          (k_norm): Qwen3RMSNorm((128,), eps=1e-06)
        )
        (mlp): Qwen3MLP(
          (gate_proj): Linear(in_features=1024, out_features=3072, bias=False)
          (up_proj): Linear(in_features=1024, out_features=3072, bias=False)
          (down_proj): Linear(in_features=3072, out_features=1024, bias=False)
          (act_fn): SiLUActivation()
        )
        (input_layernorm): Qwen3RMSNorm((1024,), eps=1e-06)
        (post_attention_layernorm): Qwen3RMSNorm((1024,), eps=1e-06)
      )
    )
    (norm): Qwen3RMSNorm((1024,), eps=1e-06)
    (rotary_emb): Qwen3RotaryEmbedding()
  )
  (lm_head): Linear(in_features=1024, out_features=151936, bias=False)
)
Rank calculation: Bits = (1.00), Scales: 2
factorized bpw = 0.9729
Loading model 'Qwen/Qwen3-0.6B-Base'...
Qwen3ForCausalLM(
  (model): Qwen3Model(
    (embed_tokens): Embedding(151936, 1024)
    (layers): ModuleList(
      (0-27): 28 x Qwen3DecoderLayer(
        (self_attn): Qwen3Attention(
          (q_proj): Linear(in_features=1024, out_features=2048, bias=False)
          (k_proj): Linear(in_features=1024, out_features=1024, bias=False)
          (v_proj): Linear(in_features=1024, out_features=1024, bias=False)
          (o_proj): Linear(in_features=2048, out_features=1024, bias=False)
          (q_norm): Qwen3RMSNorm((128,), eps=1e-06)
          (k_norm): Qwen3RMSNorm((128,), eps=1e-06)
        )
        (mlp): Qwen3MLP(
          (gate_proj): Linear(in_features=1024, out_features=3072, bias=False)
          (up_proj): Linear(in_features=1024, out_features=3072, bias=False)
          (down_proj): Linear(in_features=3072, out_features=1024, bias=False)
          (act_fn): SiLUActivation()
        )
        (input_layernorm): Qwen3RMSNorm((1024,), eps=1e-06)
        (post_attention_layernorm): Qwen3RMSNorm((1024,), eps=1e-06)
      )
    )
    (norm): Qwen3RMSNorm((1024,), eps=1e-06)
    (rotary_emb): Qwen3RotaryEmbedding()
  )
  (lm_head): Linear(in_features=1024, out_features=151936, bias=False)
)

Processing dataset: Salesforce/wikitext (config: wikitext-2-raw-v1)
Attempting to generate 128 samples...
Applying special handling for wikitext: concatenating all documents.
Slicing concatenated wikitext:   0%|                                                                                                        | 0/128 [00:00<?, ?it/s]Slicing concatenated wikitext:  30%|████████████████████████████▋                                                                 | 39/128 [00:00<00:00, 388.67it/s]Slicing concatenated wikitext: 100%|████████████████████████████████████████████████████████████████████████████████████████████| 128/128 [00:00<00:00, 1075.84it/s]

Shuffling the final combined dataset (128 samples)...

Creating Hugging Face Dataset...
Calibration dataloader created with shape: torch.Size([128, 2048])
Loading cached calibration statistics from stats_q06.pt
Applying covariance shrinkage (strength: 0.4)...
Attaching statistics to 196 layers...
Registered i_norm and o_norm buffers to 196 layers
Rank calculation: Bits = (1.00), Scales: 2
Caching initial inputs & kwargs using Catcher...
Capturing inputs...
Initial input caching finished.
Compressing Layers:   0%|                                                                                                                    | 0/28 [00:00<?, ?it/s]Token indices sequence length is longer than the specified maximum sequence length for this model (299078 > 131072). Running this sequence through the model will result in indexing errors
Compressing Layers:   4%|███▊                                                                                                     | 1/28 [04:05<1:50:33, 245.68s/it]	(1/3) Block 1/28, self_attn.q_proj | Tuning Non-Factorized Weights...
		(Epoch 01/08) Block Loss: 0.0000e+00
		(Epoch 02/08) Block Loss: 0.0000e+00
		(Epoch 03/08) Block Loss: 0.0000e+00
		(Epoch 04/08) Block Loss: 0.0000e+00
		(Epoch 05/08) Block Loss: 0.0000e+00
		(Epoch 06/08) Block Loss: 0.0000e+00
		(Epoch 07/08) Block Loss: 0.0000e+00
		(Epoch 08/08) Block Loss: 0.0000e+00
	(2/3) Block 1/28, self_attn.q_proj | Initialization via ADMM...
		ADMM weight recon error: raw=693.0739, norm=0.3282, per_el=3.3048e-04, out_err=0.0359, ADMM time=10.92s
	(3/3) Block 1/28, self_attn.q_proj | Tuning Factorized Weights...
		(Epoch 01/08) Block Loss: 3.0370e-06
		(Epoch 02/08) Block Loss: 2.2453e-06
		(Epoch 03/08) Block Loss: 1.8605e-06
		(Epoch 04/08) Block Loss: 1.6385e-06
		(Epoch 05/08) Block Loss: 1.4973e-06
		(Epoch 06/08) Block Loss: 1.3996e-06
		(Epoch 07/08) Block Loss: 1.3377e-06
		(Epoch 08/08) Block Loss: 1.2931e-06
	(1/3) Block 1/28, self_attn.v_proj | Tuning Non-Factorized Weights...
		(Epoch 01/08) Block Loss: 1.7146e-06
		(Epoch 02/08) Block Loss: 1.1968e-06
		(Epoch 03/08) Block Loss: 1.0162e-06
		(Epoch 04/08) Block Loss: 8.4653e-07
		(Epoch 05/08) Block Loss: 7.2275e-07
		(Epoch 06/08) Block Loss: 6.4233e-07
		(Epoch 07/08) Block Loss: 6.0563e-07
		(Epoch 08/08) Block Loss: 5.9382e-07
	(2/3) Block 1/28, self_attn.v_proj | Initialization via ADMM...
		ADMM weight recon error: raw=296.7600, norm=0.3884, per_el=2.8301e-04, out_err=0.1928, ADMM time=10.91s
	(3/3) Block 1/28, self_attn.v_proj | Tuning Factorized Weights...
		(Epoch 01/08) Block Loss: 6.7067e-05
		(Epoch 02/08) Block Loss: 6.3754e-05
		(Epoch 03/08) Block Loss: 6.3683e-05
		(Epoch 04/08) Block Loss: 6.4689e-05
		(Epoch 05/08) Block Loss: 6.6262e-05
		(Epoch 06/08) Block Loss: 6.6236e-05
		(Epoch 07/08) Block Loss: 6.6752e-05
		(Epoch 08/08) Block Loss: 6.4636e-05
	(1/3) Block 1/28, self_attn.o_proj | Tuning Non-Factorized Weights...
		(Epoch 01/08) Block Loss: 4.7378e-05
		(Epoch 02/08) Block Loss: 3.4634e-05
		(Epoch 03/08) Block Loss: 2.9227e-05
		(Epoch 04/08) Block Loss: 2.6311e-05
		(Epoch 05/08) Block Loss: 2.4558e-05
		(Epoch 06/08) Block Loss: 2.3575e-05
		(Epoch 07/08) Block Loss: 2.3085e-05
		(Epoch 08/08) Block Loss: 2.2920e-05
	(2/3) Block 1/28, self_attn.o_proj | Initialization via ADMM...
		ADMM weight recon error: raw=585.1783, norm=0.4064, per_el=2.7903e-04, out_err=0.1033, ADMM time=10.42s
	(3/3) Block 1/28, self_attn.o_proj | Tuning Factorized Weights...
		(Epoch 01/08) Block Loss: 7.3138e-05
		(Epoch 02/08) Block Loss: 6.8243e-05
		(Epoch 03/08) Block Loss: 6.6545e-05
		(Epoch 04/08) Block Loss: 6.6311e-05
		(Epoch 05/08) Block Loss: 6.6584e-05
		(Epoch 06/08) Block Loss: 6.6808e-05
		(Epoch 07/08) Block Loss: 6.6741e-05
		(Epoch 08/08) Block Loss: 6.5371e-05
	(1/3) Block 1/28, self_attn.k_proj | Tuning Non-Factorized Weights...
		(Epoch 01/08) Block Loss: 5.3259e-05
		(Epoch 02/08) Block Loss: 4.3821e-05
		(Epoch 03/08) Block Loss: 3.9306e-05
		(Epoch 04/08) Block Loss: 3.6697e-05
		(Epoch 05/08) Block Loss: 3.5068e-05
		(Epoch 06/08) Block Loss: 3.4138e-05
		(Epoch 07/08) Block Loss: 3.3673e-05
		(Epoch 08/08) Block Loss: 3.3518e-05
	(2/3) Block 1/28, self_attn.k_proj | Initialization via ADMM...
		ADMM weight recon error: raw=314.2794, norm=0.3106, per_el=2.9972e-04, out_err=0.0266, ADMM time=10.05s
	(3/3) Block 1/28, self_attn.k_proj | Tuning Factorized Weights...
		(Epoch 01/08) Block Loss: 3.5924e-05
		(Epoch 02/08) Block Loss: 3.5458e-05
		(Epoch 03/08) Block Loss: 3.5197e-05
		(Epoch 04/08) Block Loss: 3.5024e-05
		(Epoch 05/08) Block Loss: 3.4911e-05
		(Epoch 06/08) Block Loss: 3.4841e-05
		(Epoch 07/08) Block Loss: 3.4798e-05
		(Epoch 08/08) Block Loss: 3.4775e-05
	(1/3) Block 1/28, mlp.gate_proj | Tuning Non-Factorized Weights...
		(Epoch 01/08) Block Loss: 3.4112e-05
		(Epoch 02/08) Block Loss: 3.1887e-05
		(Epoch 03/08) Block Loss: 3.0418e-05
		(Epoch 04/08) Block Loss: 2.9438e-05
		(Epoch 05/08) Block Loss: 2.8739e-05
		(Epoch 06/08) Block Loss: 2.8315e-05
		(Epoch 07/08) Block Loss: 2.8087e-05
		(Epoch 08/08) Block Loss: 2.8002e-05
	(2/3) Block 1/28, mlp.gate_proj | Initialization via ADMM...
		ADMM weight recon error: raw=1457.8910, norm=0.3325, per_el=4.6345e-04, out_err=0.0433, ADMM time=11.36s
	(3/3) Block 1/28, mlp.gate_proj | Tuning Factorized Weights...
		(Epoch 01/08) Block Loss: 4.1420e-05
		(Epoch 02/08) Block Loss: 3.8117e-05
		(Epoch 03/08) Block Loss: 3.7382e-05
		(Epoch 04/08) Block Loss: 3.7137e-05
		(Epoch 05/08) Block Loss: 3.7040e-05
		(Epoch 06/08) Block Loss: 3.6928e-05
		(Epoch 07/08) Block Loss: 3.6793e-05
		(Epoch 08/08) Block Loss: 3.6368e-05
	(1/3) Block 1/28, mlp.up_proj | Tuning Non-Factorized Weights...
		(Epoch 01/08) Block Loss: 3.4102e-05
		(Epoch 02/08) Block Loss: 3.2296e-05
		(Epoch 03/08) Block Loss: 3.1336e-05
		(Epoch 04/08) Block Loss: 3.0728e-05
		(Epoch 05/08) Block Loss: 3.0285e-05
		(Epoch 06/08) Block Loss: 3.0014e-05
		(Epoch 07/08) Block Loss: 2.9864e-05
		(Epoch 08/08) Block Loss: 2.9805e-05
	(2/3) Block 1/28, mlp.up_proj | Initialization via ADMM...
		ADMM weight recon error: raw=824.1125, norm=0.3577, per_el=2.6198e-04, out_err=0.1669, ADMM time=11.56s
	(3/3) Block 1/28, mlp.up_proj | Tuning Factorized Weights...
		(Epoch 01/08) Block Loss: 5.2329e-05
		(Epoch 02/08) Block Loss: 4.8250e-05
		(Epoch 03/08) Block Loss: 4.7285e-05
		(Epoch 04/08) Block Loss: 4.7077e-05
		(Epoch 05/08) Block Loss: 4.7204e-05
		(Epoch 06/08) Block Loss: 4.6688e-05
		(Epoch 07/08) Block Loss: 4.6529e-05
		(Epoch 08/08) Block Loss: 4.5559e-05
	(1/3) Block 1/28, mlp.down_proj | Tuning Non-Factorized Weights...
		(Epoch 01/08) Block Loss: 4.1571e-05
		(Epoch 02/08) Block Loss: 3.9369e-05
		(Epoch 03/08) Block Loss: 3.8299e-05
		(Epoch 04/08) Block Loss: 3.7675e-05
		(Epoch 05/08) Block Loss: 3.7267e-05
		(Epoch 06/08) Block Loss: 3.7031e-05
		(Epoch 07/08) Block Loss: 3.6908e-05
		(Epoch 08/08) Block Loss: 3.6864e-05
	(2/3) Block 1/28, mlp.down_proj | Initialization via ADMM...
		ADMM weight recon error: raw=879.1116, norm=0.3615, per_el=2.7946e-04, out_err=0.1669, ADMM time=11.88s
	(3/3) Block 1/28, mlp.down_proj | Tuning Factorized Weights...
		(Epoch 01/08) Block Loss: 7.0886e-05
		(Epoch 02/08) Block Loss: 6.9753e-05
		(Epoch 03/08) Block Loss: 7.0117e-05
		(Epoch 04/08) Block Loss: 7.0739e-05
		(Epoch 05/08) Block Loss: 7.1972e-05
		(Epoch 06/08) Block Loss: 7.0864e-05
		(Epoch 07/08) Block Loss: 7.1177e-05
		(Epoch 08/08) Block Loss: 7.0010e-05
		Block 0: relative block output error = 0.1120
Using sequence length: 2048 (model max: 2048)
		Block 0: Test Data PPL        = 16.195
	(1/3) Block 2/28, self_attn.q_proj | Tuning Non-Factorized Weights...
		(Epoch 01/08) Block Loss: 2.8541e-05
		(Epoch 02/08) Block Loss: 2.4493e-05
		(Epoch 03/08) Block Loss: 2.2621e-05
		(Epoch 04/08) Block Loss: 2.1513e-05
		(Epoch 05/08) Block Loss: 2.0822e-05
		(Epoch 06/08) Block Loss: 2.0385e-05
		(Epoch 07/08) Block Loss: 2.0167e-05
		(Epoch 08/08) Block Loss: 2.0090e-05
	(2/3) Block 2/28, self_attn.q_proj | Initialization via ADMM...
		ADMM weight recon error: raw=583.2124, norm=0.2870, per_el=2.7810e-04, out_err=0.0532, ADMM time=9.36s
	(3/3) Block 2/28, self_attn.q_proj | Tuning Factorized Weights...
		(Epoch 01/08) Block Loss: 2.0670e-05
		(Epoch 02/08) Block Loss: 2.0497e-05
		(Epoch 03/08) Block Loss: 2.0425e-05
		(Epoch 04/08) Block Loss: 2.0380e-05
		(Epoch 05/08) Block Loss: 2.0350e-05
		(Epoch 06/08) Block Loss: 2.0328e-05
		(Epoch 07/08) Block Loss: 2.0312e-05
		(Epoch 08/08) Block Loss: 2.0296e-05
	(1/3) Block 2/28, self_attn.v_proj | Tuning Non-Factorized Weights...
		(Epoch 01/08) Block Loss: 2.0224e-05
		(Epoch 02/08) Block Loss: 1.9237e-05
		(Epoch 03/08) Block Loss: 1.8628e-05
		(Epoch 04/08) Block Loss: 1.8129e-05
		(Epoch 05/08) Block Loss: 1.7793e-05
		(Epoch 06/08) Block Loss: 1.7573e-05
		(Epoch 07/08) Block Loss: 1.7454e-05
		(Epoch 08/08) Block Loss: 1.7408e-05
	(2/3) Block 2/28, self_attn.v_proj | Initialization via ADMM...
		ADMM weight recon error: raw=315.2114, norm=0.3598, per_el=3.0061e-04, out_err=0.1629, ADMM time=12.99s
	(3/3) Block 2/28, self_attn.v_proj | Tuning Factorized Weights...
Token indices sequence length is longer than the specified maximum sequence length for this model (299078 > 131072). Running this sequence through the model will result in indexing errors
Compressing Layers:   7%|███████▌                                                                                                 | 2/28 [08:04<1:44:35, 241.37s/it]		(Epoch 01/08) Block Loss: 1.9517e-05
		(Epoch 02/08) Block Loss: 1.9260e-05
		(Epoch 03/08) Block Loss: 1.9215e-05
		(Epoch 04/08) Block Loss: 1.9242e-05
		(Epoch 05/08) Block Loss: 1.9206e-05
		(Epoch 06/08) Block Loss: 1.9215e-05
		(Epoch 07/08) Block Loss: 1.9221e-05
		(Epoch 08/08) Block Loss: 1.9103e-05
	(1/3) Block 2/28, self_attn.o_proj | Tuning Non-Factorized Weights...
		(Epoch 01/08) Block Loss: 1.8724e-05
		(Epoch 02/08) Block Loss: 1.7986e-05
		(Epoch 03/08) Block Loss: 1.7562e-05
		(Epoch 04/08) Block Loss: 1.7252e-05
		(Epoch 05/08) Block Loss: 1.7027e-05
		(Epoch 06/08) Block Loss: 1.6864e-05
		(Epoch 07/08) Block Loss: 1.6776e-05
		(Epoch 08/08) Block Loss: 1.6739e-05
	(2/3) Block 2/28, self_attn.o_proj | Initialization via ADMM...
		ADMM weight recon error: raw=485.6242, norm=0.3113, per_el=2.3156e-04, out_err=0.0847, ADMM time=9.59s
	(3/3) Block 2/28, self_attn.o_proj | Tuning Factorized Weights...
		(Epoch 01/08) Block Loss: 1.8903e-05
		(Epoch 02/08) Block Loss: 1.8769e-05
		(Epoch 03/08) Block Loss: 1.8808e-05
		(Epoch 04/08) Block Loss: 1.8869e-05
		(Epoch 05/08) Block Loss: 1.8896e-05
		(Epoch 06/08) Block Loss: 1.8864e-05
		(Epoch 07/08) Block Loss: 1.8846e-05
		(Epoch 08/08) Block Loss: 1.8725e-05
	(1/3) Block 2/28, self_attn.k_proj | Tuning Non-Factorized Weights...
		(Epoch 01/08) Block Loss: 1.8200e-05
		(Epoch 02/08) Block Loss: 1.7567e-05
		(Epoch 03/08) Block Loss: 1.7233e-05
		(Epoch 04/08) Block Loss: 1.7011e-05
		(Epoch 05/08) Block Loss: 1.6836e-05
		(Epoch 06/08) Block Loss: 1.6721e-05
		(Epoch 07/08) Block Loss: 1.6653e-05
		(Epoch 08/08) Block Loss: 1.6624e-05
	(2/3) Block 2/28, self_attn.k_proj | Initialization via ADMM...
		ADMM weight recon error: raw=279.7501, norm=0.3081, per_el=2.6679e-04, out_err=0.0433, ADMM time=11.87s
	(3/3) Block 2/28, self_attn.k_proj | Tuning Factorized Weights...
		(Epoch 01/08) Block Loss: 1.7140e-05
		(Epoch 02/08) Block Loss: 1.7027e-05
		(Epoch 03/08) Block Loss: 1.6980e-05
		(Epoch 04/08) Block Loss: 1.6954e-05
		(Epoch 05/08) Block Loss: 1.6937e-05
		(Epoch 06/08) Block Loss: 1.6927e-05
		(Epoch 07/08) Block Loss: 1.6917e-05
		(Epoch 08/08) Block Loss: 1.6908e-05
	(1/3) Block 2/28, mlp.gate_proj | Tuning Non-Factorized Weights...
		(Epoch 01/08) Block Loss: 1.7039e-05
		(Epoch 02/08) Block Loss: 1.6728e-05
		(Epoch 03/08) Block Loss: 1.6518e-05
		(Epoch 04/08) Block Loss: 1.6372e-05
		(Epoch 05/08) Block Loss: 1.6246e-05
		(Epoch 06/08) Block Loss: 1.6160e-05
		(Epoch 07/08) Block Loss: 1.6106e-05
		(Epoch 08/08) Block Loss: 1.6082e-05
	(2/3) Block 2/28, mlp.gate_proj | Initialization via ADMM...
		ADMM weight recon error: raw=2160.0645, norm=0.3516, per_el=6.8667e-04, out_err=0.0198, ADMM time=10.87s
	(3/3) Block 2/28, mlp.gate_proj | Tuning Factorized Weights...
		(Epoch 01/08) Block Loss: 2.3525e-05
		(Epoch 02/08) Block Loss: 2.1770e-05
		(Epoch 03/08) Block Loss: 2.1288e-05
		(Epoch 04/08) Block Loss: 2.1100e-05
		(Epoch 05/08) Block Loss: 2.1016e-05
		(Epoch 06/08) Block Loss: 2.0943e-05
		(Epoch 07/08) Block Loss: 2.0883e-05
		(Epoch 08/08) Block Loss: 2.0736e-05
	(1/3) Block 2/28, mlp.up_proj | Tuning Non-Factorized Weights...
		(Epoch 01/08) Block Loss: 1.9900e-05
		(Epoch 02/08) Block Loss: 1.9177e-05
		(Epoch 03/08) Block Loss: 1.8843e-05
		(Epoch 04/08) Block Loss: 1.8646e-05
		(Epoch 05/08) Block Loss: 1.8498e-05
		(Epoch 06/08) Block Loss: 1.8404e-05
		(Epoch 07/08) Block Loss: 1.8349e-05
		(Epoch 08/08) Block Loss: 1.8325e-05
	(2/3) Block 2/28, mlp.up_proj | Initialization via ADMM...
		ADMM weight recon error: raw=672.1541, norm=0.3560, per_el=2.1367e-04, out_err=0.1771, ADMM time=10.80s
	(3/3) Block 2/28, mlp.up_proj | Tuning Factorized Weights...
		(Epoch 01/08) Block Loss: 2.8615e-05
		(Epoch 02/08) Block Loss: 2.6977e-05
		(Epoch 03/08) Block Loss: 2.6486e-05
		(Epoch 04/08) Block Loss: 2.6304e-05
		(Epoch 05/08) Block Loss: 2.6244e-05
		(Epoch 06/08) Block Loss: 2.6134e-05
		(Epoch 07/08) Block Loss: 2.6026e-05
		(Epoch 08/08) Block Loss: 2.5708e-05
	(1/3) Block 2/28, mlp.down_proj | Tuning Non-Factorized Weights...
		(Epoch 01/08) Block Loss: 2.4181e-05
		(Epoch 02/08) Block Loss: 2.3264e-05
		(Epoch 03/08) Block Loss: 2.2834e-05
		(Epoch 04/08) Block Loss: 2.2591e-05
		(Epoch 05/08) Block Loss: 2.2431e-05
		(Epoch 06/08) Block Loss: 2.2338e-05
		(Epoch 07/08) Block Loss: 2.2289e-05
		(Epoch 08/08) Block Loss: 2.2270e-05
	(2/3) Block 2/28, mlp.down_proj | Initialization via ADMM...
		ADMM weight recon error: raw=662.7461, norm=0.3602, per_el=2.1068e-04, out_err=0.1548, ADMM time=10.30s
	(3/3) Block 2/28, mlp.down_proj | Tuning Factorized Weights...
		(Epoch 01/08) Block Loss: 3.4349e-05
		(Epoch 02/08) Block Loss: 3.4251e-05
		(Epoch 03/08) Block Loss: 3.4689e-05
		(Epoch 04/08) Block Loss: 3.4879e-05
		(Epoch 05/08) Block Loss: 3.5391e-05
		(Epoch 06/08) Block Loss: 3.5298e-05
		(Epoch 07/08) Block Loss: 3.5079e-05
		(Epoch 08/08) Block Loss: 3.4566e-05
		Block 1: relative block output error = 0.0881
Using sequence length: 2048 (model max: 2048)
		Block 1: Test Data PPL        = 14.178
	(1/3) Block 3/28, self_attn.q_proj | Tuning Non-Factorized Weights...
		(Epoch 01/08) Block Loss: 4.7502e-05
		(Epoch 02/08) Block Loss: 3.0328e-05
		(Epoch 03/08) Block Loss: 2.5376e-05
		(Epoch 04/08) Block Loss: 2.4216e-05
		(Epoch 05/08) Block Loss: 2.2793e-05
		(Epoch 06/08) Block Loss: 2.2127e-05
		(Epoch 07/08) Block Loss: 2.1646e-05
		(Epoch 08/08) Block Loss: 2.1359e-05
	(2/3) Block 3/28, self_attn.q_proj | Initialization via ADMM...
		ADMM weight recon error: raw=540.6404, norm=0.2781, per_el=2.5780e-04, out_err=0.0534, ADMM time=7.63s
	(3/3) Block 3/28, self_attn.q_proj | Tuning Factorized Weights...
		(Epoch 01/08) Block Loss: 2.2033e-05
		(Epoch 02/08) Block Loss: 2.1877e-05
		(Epoch 03/08) Block Loss: 2.1818e-05
		(Epoch 04/08) Block Loss: 2.1781e-05
		(Epoch 05/08) Block Loss: 2.1756e-05
		(Epoch 06/08) Block Loss: 2.1737e-05
		(Epoch 07/08) Block Loss: 2.1721e-05
		(Epoch 08/08) Block Loss: 2.1706e-05
	(1/3) Block 3/28, self_attn.v_proj | Tuning Non-Factorized Weights...
		(Epoch 01/08) Block Loss: 2.7860e-05
		(Epoch 02/08) Block Loss: 2.5620e-05
		(Epoch 03/08) Block Loss: 2.3307e-05
		(Epoch 04/08) Block Loss: 2.1944e-05
		(Epoch 05/08) Block Loss: 2.0429e-05
		(Epoch 06/08) Block Loss: 1.9679e-05
		(Epoch 07/08) Block Loss: 1.9342e-05
		(Epoch 08/08) Block Loss: 1.9180e-05
	(2/3) Block 3/28, self_attn.v_proj | Initialization via ADMM...
		ADMM weight recon error: raw=291.8911, norm=0.3508, per_el=2.7837e-04, out_err=0.1616, ADMM time=15.50s
	(3/3) Block 3/28, self_attn.v_proj | Tuning Factorized Weights...
		(Epoch 01/08) Block Loss: 7.2576e-05
		(Epoch 02/08) Block Loss: 2.5345e-05
		(Epoch 03/08) Block Loss: 2.2981e-05
		(Epoch 04/08) Block Loss: 2.2125e-05
		(Epoch 05/08) Block Loss: 2.1750e-05
		(Epoch 06/08) Block Loss: 2.1591e-05
		(Epoch 07/08) Block Loss: 2.1533e-05
		(Epoch 08/08) Block Loss: 2.1450e-05
	(1/3) Block 3/28, self_attn.o_proj | Tuning Non-Factorized Weights...
		(Epoch 01/08) Block Loss: 2.4206e-05
		(Epoch 02/08) Block Loss: 2.2316e-05
		(Epoch 03/08) Block Loss: 2.0394e-05
		(Epoch 04/08) Block Loss: 2.0001e-05
		(Epoch 05/08) Block Loss: 1.9468e-05
		(Epoch 06/08) Block Loss: 1.8995e-05
		(Epoch 07/08) Block Loss: 1.8867e-05
		(Epoch 08/08) Block Loss: 1.8740e-05
	(2/3) Block 3/28, self_attn.o_proj | Initialization via ADMM...
		ADMM weight recon error: raw=436.2711, norm=0.3081, per_el=2.0803e-04, out_err=0.0912, ADMM time=8.09s
	(3/3) Block 3/28, self_attn.o_proj | Tuning Factorized Weights...
		(Epoch 01/08) Block Loss: 2.2304e-05
		(Epoch 02/08) Block Loss: 2.1336e-05
		(Epoch 03/08) Block Loss: 2.1167e-05
		(Epoch 04/08) Block Loss: 2.1075e-05
		(Epoch 05/08) Block Loss: 2.0911e-05
		(Epoch 06/08) Block Loss: 2.0858e-05
		(Epoch 07/08) Block Loss: 2.0754e-05
		(Epoch 08/08) Block Loss: 2.0690e-05
	(1/3) Block 3/28, self_attn.k_proj | Tuning Non-Factorized Weights...
		(Epoch 01/08) Block Loss: 2.0544e-05
		(Epoch 02/08) Block Loss: 1.9680e-05
		(Epoch 03/08) Block Loss: 1.9323e-05
		(Epoch 04/08) Block Loss: 1.8966e-05
		(Epoch 05/08) Block Loss: 1.8838e-05
		(Epoch 06/08) Block Loss: 1.8672e-05
Token indices sequence length is longer than the specified maximum sequence length for this model (299078 > 131072). Running this sequence through the model will result in indexing errors
Compressing Layers:  11%|███████████▎                                                                                             | 3/28 [12:01<1:39:49, 239.58s/it]		(Epoch 07/08) Block Loss: 1.8596e-05
		(Epoch 08/08) Block Loss: 1.8530e-05
	(2/3) Block 3/28, self_attn.k_proj | Initialization via ADMM...
		ADMM weight recon error: raw=260.3975, norm=0.3028, per_el=2.4833e-04, out_err=0.0420, ADMM time=18.09s
	(3/3) Block 3/28, self_attn.k_proj | Tuning Factorized Weights...
		(Epoch 01/08) Block Loss: 1.9066e-05
		(Epoch 02/08) Block Loss: 1.8962e-05
		(Epoch 03/08) Block Loss: 1.8916e-05
		(Epoch 04/08) Block Loss: 1.8889e-05
		(Epoch 05/08) Block Loss: 1.8874e-05
		(Epoch 06/08) Block Loss: 1.8863e-05
		(Epoch 07/08) Block Loss: 1.8855e-05
		(Epoch 08/08) Block Loss: 1.8847e-05
	(1/3) Block 3/28, mlp.gate_proj | Tuning Non-Factorized Weights...
		(Epoch 01/08) Block Loss: 1.9356e-05
		(Epoch 02/08) Block Loss: 1.8798e-05
		(Epoch 03/08) Block Loss: 1.8575e-05
		(Epoch 04/08) Block Loss: 1.8380e-05
		(Epoch 05/08) Block Loss: 1.8297e-05
		(Epoch 06/08) Block Loss: 1.8125e-05
		(Epoch 07/08) Block Loss: 1.8057e-05
		(Epoch 08/08) Block Loss: 1.8014e-05
	(2/3) Block 3/28, mlp.gate_proj | Initialization via ADMM...
		ADMM weight recon error: raw=1706.9425, norm=0.3334, per_el=5.4262e-04, out_err=0.0292, ADMM time=9.90s
	(3/3) Block 3/28, mlp.gate_proj | Tuning Factorized Weights...
		(Epoch 01/08) Block Loss: 9.2241e-05
		(Epoch 02/08) Block Loss: 2.5312e-05
		(Epoch 03/08) Block Loss: 2.4772e-05
		(Epoch 04/08) Block Loss: 2.4245e-05
		(Epoch 05/08) Block Loss: 2.4032e-05
		(Epoch 06/08) Block Loss: 2.3980e-05
		(Epoch 07/08) Block Loss: 2.3838e-05
		(Epoch 08/08) Block Loss: 2.3665e-05
	(1/3) Block 3/28, mlp.up_proj | Tuning Non-Factorized Weights...
		(Epoch 01/08) Block Loss: 2.3112e-05
		(Epoch 02/08) Block Loss: 2.2123e-05
		(Epoch 03/08) Block Loss: 2.1643e-05
		(Epoch 04/08) Block Loss: 2.1422e-05
		(Epoch 05/08) Block Loss: 2.1200e-05
		(Epoch 06/08) Block Loss: 2.1091e-05
		(Epoch 07/08) Block Loss: 2.1027e-05
		(Epoch 08/08) Block Loss: 2.0996e-05
	(2/3) Block 3/28, mlp.up_proj | Initialization via ADMM...
		ADMM weight recon error: raw=671.8027, norm=0.3499, per_el=2.1356e-04, out_err=0.1881, ADMM time=10.55s
	(3/3) Block 3/28, mlp.up_proj | Tuning Factorized Weights...
		(Epoch 01/08) Block Loss: 4.4830e-05
		(Epoch 02/08) Block Loss: 3.0759e-05
		(Epoch 03/08) Block Loss: 3.0093e-05
		(Epoch 04/08) Block Loss: 2.9693e-05
		(Epoch 05/08) Block Loss: 2.9635e-05
		(Epoch 06/08) Block Loss: 2.9507e-05
		(Epoch 07/08) Block Loss: 2.9348e-05
		(Epoch 08/08) Block Loss: 2.9091e-05
	(1/3) Block 3/28, mlp.down_proj | Tuning Non-Factorized Weights...
		(Epoch 01/08) Block Loss: 2.7895e-05
		(Epoch 02/08) Block Loss: 2.6841e-05
		(Epoch 03/08) Block Loss: 2.6375e-05
		(Epoch 04/08) Block Loss: 2.6096e-05
		(Epoch 05/08) Block Loss: 2.5914e-05
		(Epoch 06/08) Block Loss: 2.5807e-05
		(Epoch 07/08) Block Loss: 2.5744e-05
		(Epoch 08/08) Block Loss: 2.5716e-05
	(2/3) Block 3/28, mlp.down_proj | Initialization via ADMM...
		ADMM weight recon error: raw=702.9904, norm=0.3529, per_el=2.2347e-04, out_err=0.1871, ADMM time=10.56s
	(3/3) Block 3/28, mlp.down_proj | Tuning Factorized Weights...
		(Epoch 01/08) Block Loss: 7.4272e-04
		(Epoch 02/08) Block Loss: 6.3553e-04
		(Epoch 03/08) Block Loss: 5.4926e-04
		(Epoch 04/08) Block Loss: 4.8480e-04
		(Epoch 05/08) Block Loss: 4.4536e-04
		(Epoch 06/08) Block Loss: 4.2404e-04
		(Epoch 07/08) Block Loss: 4.1107e-04
		(Epoch 08/08) Block Loss: 4.0773e-04
		Block 2: relative block output error = 0.0079
Using sequence length: 2048 (model max: 2048)
		Block 2: Test Data PPL        = 16.627
	(1/3) Block 4/28, self_attn.q_proj | Tuning Non-Factorized Weights...
		(Epoch 01/08) Block Loss: 2.7187e-04
		(Epoch 02/08) Block Loss: 2.6454e-04
		(Epoch 03/08) Block Loss: 2.4944e-04
		(Epoch 04/08) Block Loss: 2.2222e-04
		(Epoch 05/08) Block Loss: 1.9594e-04
		(Epoch 06/08) Block Loss: 1.7805e-04
		(Epoch 07/08) Block Loss: 1.6971e-04
		(Epoch 08/08) Block Loss: 1.6731e-04
	(2/3) Block 4/28, self_attn.q_proj | Initialization via ADMM...
		ADMM weight recon error: raw=566.6299, norm=0.2891, per_el=2.7019e-04, out_err=0.0427, ADMM time=7.12s
	(3/3) Block 4/28, self_attn.q_proj | Tuning Factorized Weights...
		(Epoch 01/08) Block Loss: 1.6856e-04
		(Epoch 02/08) Block Loss: 1.6810e-04
		(Epoch 03/08) Block Loss: 1.6790e-04
		(Epoch 04/08) Block Loss: 1.6778e-04
		(Epoch 05/08) Block Loss: 1.6764e-04
		(Epoch 06/08) Block Loss: 1.6756e-04
		(Epoch 07/08) Block Loss: 1.6751e-04
		(Epoch 08/08) Block Loss: 1.6749e-04
	(1/3) Block 4/28, self_attn.v_proj | Tuning Non-Factorized Weights...
		(Epoch 01/08) Block Loss: 1.5338e-04
		(Epoch 02/08) Block Loss: 1.3247e-04
		(Epoch 03/08) Block Loss: 1.1620e-04
		(Epoch 04/08) Block Loss: 1.0264e-04
		(Epoch 05/08) Block Loss: 9.3772e-05
		(Epoch 06/08) Block Loss: 8.7540e-05
		(Epoch 07/08) Block Loss: 8.4632e-05
		(Epoch 08/08) Block Loss: 8.3702e-05
	(2/3) Block 4/28, self_attn.v_proj | Initialization via ADMM...
		ADMM weight recon error: raw=344.5652, norm=0.3288, per_el=3.2860e-04, out_err=0.1689, ADMM time=19.41s
	(3/3) Block 4/28, self_attn.v_proj | Tuning Factorized Weights...
		(Epoch 01/08) Block Loss: 8.4065e-05
		(Epoch 02/08) Block Loss: 7.3229e-05
		(Epoch 03/08) Block Loss: 6.8411e-05
		(Epoch 04/08) Block Loss: 6.5890e-05
		(Epoch 05/08) Block Loss: 6.4111e-05
		(Epoch 06/08) Block Loss: 6.3154e-05
		(Epoch 07/08) Block Loss: 6.2538e-05
		(Epoch 08/08) Block Loss: 6.2329e-05
	(1/3) Block 4/28, self_attn.o_proj | Tuning Non-Factorized Weights...
		(Epoch 01/08) Block Loss: 1.1670e-04
		(Epoch 02/08) Block Loss: 8.6295e-05
		(Epoch 03/08) Block Loss: 7.9119e-05
		(Epoch 04/08) Block Loss: 7.4372e-05
		(Epoch 05/08) Block Loss: 7.0947e-05
		(Epoch 06/08) Block Loss: 6.8850e-05
		(Epoch 07/08) Block Loss: 6.7792e-05
		(Epoch 08/08) Block Loss: 6.7454e-05
	(2/3) Block 4/28, self_attn.o_proj | Initialization via ADMM...
		ADMM weight recon error: raw=532.6802, norm=0.2920, per_el=2.5400e-04, out_err=0.0907, ADMM time=7.49s
	(3/3) Block 4/28, self_attn.o_proj | Tuning Factorized Weights...
		(Epoch 01/08) Block Loss: 1.0628e-04
		(Epoch 02/08) Block Loss: 7.5715e-05
		(Epoch 03/08) Block Loss: 6.3972e-05
		(Epoch 04/08) Block Loss: 5.8117e-05
		(Epoch 05/08) Block Loss: 5.5280e-05
		(Epoch 06/08) Block Loss: 5.3629e-05
		(Epoch 07/08) Block Loss: 5.2777e-05
		(Epoch 08/08) Block Loss: 5.2425e-05
	(1/3) Block 4/28, self_attn.k_proj | Tuning Non-Factorized Weights...
		(Epoch 01/08) Block Loss: 5.5053e-05
		(Epoch 02/08) Block Loss: 4.6143e-05
		(Epoch 03/08) Block Loss: 4.3101e-05
		(Epoch 04/08) Block Loss: 4.1440e-05
		(Epoch 05/08) Block Loss: 4.0487e-05
		(Epoch 06/08) Block Loss: 3.9920e-05
		(Epoch 07/08) Block Loss: 3.9634e-05
		(Epoch 08/08) Block Loss: 3.9525e-05
	(2/3) Block 4/28, self_attn.k_proj | Initialization via ADMM...
		ADMM weight recon error: raw=272.1057, norm=0.3051, per_el=2.5950e-04, out_err=0.0660, ADMM time=18.72s
	(3/3) Block 4/28, self_attn.k_proj | Tuning Factorized Weights...
		(Epoch 01/08) Block Loss: 4.9265e-05
		(Epoch 02/08) Block Loss: 4.1924e-05
		(Epoch 03/08) Block Loss: 4.1264e-05
		(Epoch 04/08) Block Loss: 4.0926e-05
		(Epoch 05/08) Block Loss: 4.0780e-05
		(Epoch 06/08) Block Loss: 4.0659e-05
		(Epoch 07/08) Block Loss: 4.0579e-05
		(Epoch 08/08) Block Loss: 4.0544e-05
	(1/3) Block 4/28, mlp.gate_proj | Tuning Non-Factorized Weights...
		(Epoch 01/08) Block Loss: 4.0742e-05
		(Epoch 02/08) Block Loss: 3.8604e-05
		(Epoch 03/08) Block Loss: 3.7328e-05
		(Epoch 04/08) Block Loss: 3.6371e-05
		(Epoch 05/08) Block Loss: 3.5660e-05
		(Epoch 06/08) Block Loss: 3.5210e-05
		(Epoch 07/08) Block Loss: 3.4966e-05
		(Epoch 08/08) Block Loss: 3.4874e-05
	(2/3) Block 4/28, mlp.gate_proj | Initialization via ADMM...
		ADMM weight recon error: raw=1879.3987, norm=0.3435, per_el=5.9744e-04, out_err=0.0314, ADMM time=10.93s
	(3/3) Block 4/28, mlp.gate_proj | Tuning Factorized Weights...
		(Epoch 01/08) Block Loss: 4.6745e-05
		(Epoch 02/08) Block Loss: 4.0440e-05
		(Epoch 03/08) Block Loss: 3.8660e-05
		(Epoch 04/08) Block Loss: 3.8121e-05
		(Epoch 05/08) Block Loss: 3.7906e-05
		(Epoch 06/08) Block Loss: 3.7806e-05
		(Epoch 07/08) Block Loss: 3.7682e-05
		(Epoch 08/08) Block Loss: 3.7518e-05
Token indices sequence length is longer than the specified maximum sequence length for this model (299078 > 131072). Running this sequence through the model will result in indexing errors
Compressing Layers:  14%|███████████████                                                                                          | 4/28 [16:03<1:36:13, 240.58s/it]	(1/3) Block 4/28, mlp.up_proj | Tuning Non-Factorized Weights...
		(Epoch 01/08) Block Loss: 3.7339e-05
		(Epoch 02/08) Block Loss: 3.5980e-05
		(Epoch 03/08) Block Loss: 3.5321e-05
		(Epoch 04/08) Block Loss: 3.4891e-05
		(Epoch 05/08) Block Loss: 3.4574e-05
		(Epoch 06/08) Block Loss: 3.4370e-05
		(Epoch 07/08) Block Loss: 3.4253e-05
		(Epoch 08/08) Block Loss: 3.4205e-05
	(2/3) Block 4/28, mlp.up_proj | Initialization via ADMM...
		ADMM weight recon error: raw=755.3824, norm=0.3372, per_el=2.4013e-04, out_err=0.1132, ADMM time=9.23s
	(3/3) Block 4/28, mlp.up_proj | Tuning Factorized Weights...
		(Epoch 01/08) Block Loss: 4.7621e-05
		(Epoch 02/08) Block Loss: 4.2875e-05
		(Epoch 03/08) Block Loss: 4.2519e-05
		(Epoch 04/08) Block Loss: 4.2385e-05
		(Epoch 05/08) Block Loss: 4.2255e-05
		(Epoch 06/08) Block Loss: 4.2161e-05
		(Epoch 07/08) Block Loss: 4.1953e-05
		(Epoch 08/08) Block Loss: 4.1548e-05
	(1/3) Block 4/28, mlp.down_proj | Tuning Non-Factorized Weights...
		(Epoch 01/08) Block Loss: 4.0191e-05
		(Epoch 02/08) Block Loss: 3.9201e-05
		(Epoch 03/08) Block Loss: 3.8666e-05
		(Epoch 04/08) Block Loss: 3.8342e-05
		(Epoch 05/08) Block Loss: 3.8118e-05
		(Epoch 06/08) Block Loss: 3.7973e-05
		(Epoch 07/08) Block Loss: 3.7900e-05
		(Epoch 08/08) Block Loss: 3.7873e-05
	(2/3) Block 4/28, mlp.down_proj | Initialization via ADMM...
		ADMM weight recon error: raw=784.8040, norm=0.3360, per_el=2.4948e-04, out_err=0.1562, ADMM time=10.20s
	(3/3) Block 4/28, mlp.down_proj | Tuning Factorized Weights...
		(Epoch 01/08) Block Loss: 5.3114e-05
		(Epoch 02/08) Block Loss: 4.9159e-05
		(Epoch 03/08) Block Loss: 4.8711e-05
		(Epoch 04/08) Block Loss: 4.9016e-05
		(Epoch 05/08) Block Loss: 4.9006e-05
		(Epoch 06/08) Block Loss: 4.9067e-05
		(Epoch 07/08) Block Loss: 4.8962e-05
		(Epoch 08/08) Block Loss: 4.8357e-05
		Block 3: relative block output error = 0.0014
Using sequence length: 2048 (model max: 2048)
		Block 3: Test Data PPL        = 17.897
	(1/3) Block 5/28, self_attn.q_proj | Tuning Non-Factorized Weights...
		(Epoch 01/08) Block Loss: 3.6797e-05
		(Epoch 02/08) Block Loss: 3.3219e-05
		(Epoch 03/08) Block Loss: 3.1196e-05
		(Epoch 04/08) Block Loss: 3.0013e-05
		(Epoch 05/08) Block Loss: 2.9217e-05
		(Epoch 06/08) Block Loss: 2.8737e-05
		(Epoch 07/08) Block Loss: 2.8485e-05
		(Epoch 08/08) Block Loss: 2.8392e-05
	(2/3) Block 5/28, self_attn.q_proj | Initialization via ADMM...
		ADMM weight recon error: raw=586.4741, norm=0.3160, per_el=2.7965e-04, out_err=0.0509, ADMM time=7.77s
	(3/3) Block 5/28, self_attn.q_proj | Tuning Factorized Weights...
		(Epoch 01/08) Block Loss: 2.9464e-05
		(Epoch 02/08) Block Loss: 2.9142e-05
		(Epoch 03/08) Block Loss: 2.9029e-05
		(Epoch 04/08) Block Loss: 2.8957e-05
		(Epoch 05/08) Block Loss: 2.8909e-05
		(Epoch 06/08) Block Loss: 2.8876e-05
		(Epoch 07/08) Block Loss: 2.8854e-05
		(Epoch 08/08) Block Loss: 2.8838e-05
	(1/3) Block 5/28, self_attn.v_proj | Tuning Non-Factorized Weights...
		(Epoch 01/08) Block Loss: 2.8899e-05
		(Epoch 02/08) Block Loss: 2.7837e-05
		(Epoch 03/08) Block Loss: 2.7032e-05
		(Epoch 04/08) Block Loss: 2.6459e-05
		(Epoch 05/08) Block Loss: 2.6055e-05
		(Epoch 06/08) Block Loss: 2.5792e-05
		(Epoch 07/08) Block Loss: 2.5644e-05
		(Epoch 08/08) Block Loss: 2.5587e-05
	(2/3) Block 5/28, self_attn.v_proj | Initialization via ADMM...
		ADMM weight recon error: raw=349.8026, norm=0.3721, per_el=3.3360e-04, out_err=0.2076, ADMM time=17.98s
	(3/3) Block 5/28, self_attn.v_proj | Tuning Factorized Weights...
		(Epoch 01/08) Block Loss: 2.9877e-05
		(Epoch 02/08) Block Loss: 2.9323e-05
		(Epoch 03/08) Block Loss: 2.9125e-05
		(Epoch 04/08) Block Loss: 2.9012e-05
		(Epoch 05/08) Block Loss: 2.8960e-05
		(Epoch 06/08) Block Loss: 2.8925e-05
		(Epoch 07/08) Block Loss: 2.8894e-05
		(Epoch 08/08) Block Loss: 2.8845e-05
	(1/3) Block 5/28, self_attn.o_proj | Tuning Non-Factorized Weights...
		(Epoch 01/08) Block Loss: 2.8163e-05
		(Epoch 02/08) Block Loss: 2.7053e-05
		(Epoch 03/08) Block Loss: 2.6427e-05
		(Epoch 04/08) Block Loss: 2.6017e-05
		(Epoch 05/08) Block Loss: 2.5727e-05
		(Epoch 06/08) Block Loss: 2.5516e-05
		(Epoch 07/08) Block Loss: 2.5394e-05
		(Epoch 08/08) Block Loss: 2.5346e-05
	(2/3) Block 5/28, self_attn.o_proj | Initialization via ADMM...
		ADMM weight recon error: raw=534.9056, norm=0.3377, per_el=2.5506e-04, out_err=0.1646, ADMM time=7.94s
	(3/3) Block 5/28, self_attn.o_proj | Tuning Factorized Weights...
		(Epoch 01/08) Block Loss: 2.8652e-05
		(Epoch 02/08) Block Loss: 2.8387e-05
		(Epoch 03/08) Block Loss: 2.8317e-05
		(Epoch 04/08) Block Loss: 2.8380e-05
		(Epoch 05/08) Block Loss: 2.8365e-05
		(Epoch 06/08) Block Loss: 2.8272e-05
		(Epoch 07/08) Block Loss: 2.8264e-05
		(Epoch 08/08) Block Loss: 2.8098e-05
	(1/3) Block 5/28, self_attn.k_proj | Tuning Non-Factorized Weights...
		(Epoch 01/08) Block Loss: 2.7559e-05
		(Epoch 02/08) Block Loss: 2.6717e-05
		(Epoch 03/08) Block Loss: 2.6271e-05
		(Epoch 04/08) Block Loss: 2.5979e-05
		(Epoch 05/08) Block Loss: 2.5754e-05
		(Epoch 06/08) Block Loss: 2.5604e-05
		(Epoch 07/08) Block Loss: 2.5516e-05
		(Epoch 08/08) Block Loss: 2.5478e-05
	(2/3) Block 5/28, self_attn.k_proj | Initialization via ADMM...
		ADMM weight recon error: raw=272.4491, norm=0.3153, per_el=2.5983e-04, out_err=0.0483, ADMM time=17.28s
	(3/3) Block 5/28, self_attn.k_proj | Tuning Factorized Weights...
		(Epoch 01/08) Block Loss: 2.6359e-05
		(Epoch 02/08) Block Loss: 2.6093e-05
		(Epoch 03/08) Block Loss: 2.6020e-05
		(Epoch 04/08) Block Loss: 2.5981e-05
		(Epoch 05/08) Block Loss: 2.5956e-05
		(Epoch 06/08) Block Loss: 2.5942e-05
		(Epoch 07/08) Block Loss: 2.5931e-05
		(Epoch 08/08) Block Loss: 2.5923e-05
	(1/3) Block 5/28, mlp.gate_proj | Tuning Non-Factorized Weights...
		(Epoch 01/08) Block Loss: 2.6083e-05
		(Epoch 02/08) Block Loss: 2.5670e-05
		(Epoch 03/08) Block Loss: 2.5405e-05
		(Epoch 04/08) Block Loss: 2.5223e-05
		(Epoch 05/08) Block Loss: 2.5065e-05
		(Epoch 06/08) Block Loss: 2.4958e-05
		(Epoch 07/08) Block Loss: 2.4891e-05
		(Epoch 08/08) Block Loss: 2.4861e-05
	(2/3) Block 5/28, mlp.gate_proj | Initialization via ADMM...
		ADMM weight recon error: raw=1601.8788, norm=0.3476, per_el=5.0922e-04, out_err=0.0383, ADMM time=10.34s
	(3/3) Block 5/28, mlp.gate_proj | Tuning Factorized Weights...
		(Epoch 01/08) Block Loss: 3.1767e-05
		(Epoch 02/08) Block Loss: 3.0124e-05
		(Epoch 03/08) Block Loss: 2.9688e-05
		(Epoch 04/08) Block Loss: 2.9512e-05
		(Epoch 05/08) Block Loss: 2.9422e-05
		(Epoch 06/08) Block Loss: 2.9351e-05
		(Epoch 07/08) Block Loss: 2.9278e-05
		(Epoch 08/08) Block Loss: 2.9142e-05
	(1/3) Block 5/28, mlp.up_proj | Tuning Non-Factorized Weights...
		(Epoch 01/08) Block Loss: 2.8558e-05
		(Epoch 02/08) Block Loss: 2.7924e-05
		(Epoch 03/08) Block Loss: 2.7606e-05
		(Epoch 04/08) Block Loss: 2.7413e-05
		(Epoch 05/08) Block Loss: 2.7261e-05
		(Epoch 06/08) Block Loss: 2.7164e-05
		(Epoch 07/08) Block Loss: 2.7105e-05
		(Epoch 08/08) Block Loss: 2.7079e-05
	(2/3) Block 5/28, mlp.up_proj | Initialization via ADMM...
		ADMM weight recon error: raw=753.5873, norm=0.3595, per_el=2.3956e-04, out_err=0.1844, ADMM time=10.34s
	(3/3) Block 5/28, mlp.up_proj | Tuning Factorized Weights...
		(Epoch 01/08) Block Loss: 3.7506e-05
		(Epoch 02/08) Block Loss: 3.6138e-05
		(Epoch 03/08) Block Loss: 3.5847e-05
		(Epoch 04/08) Block Loss: 3.5737e-05
		(Epoch 05/08) Block Loss: 3.5659e-05
		(Epoch 06/08) Block Loss: 3.5554e-05
		(Epoch 07/08) Block Loss: 3.5506e-05
		(Epoch 08/08) Block Loss: 3.5034e-05
	(1/3) Block 5/28, mlp.down_proj | Tuning Non-Factorized Weights...
		(Epoch 01/08) Block Loss: 3.3637e-05
		(Epoch 02/08) Block Loss: 3.2718e-05
		(Epoch 03/08) Block Loss: 3.2268e-05
		(Epoch 04/08) Block Loss: 3.2011e-05
		(Epoch 05/08) Block Loss: 3.1842e-05
		(Epoch 06/08) Block Loss: 3.1743e-05
		(Epoch 07/08) Block Loss: 3.1690e-05
		(Epoch 08/08) Block Loss: 3.1670e-05
	(2/3) Block 5/28, mlp.down_proj | Initialization via ADMM...
		ADMM weight recon error: raw=715.6114, norm=0.3550, per_el=2.2749e-04, out_err=0.1908, ADMM time=10.50s
	(3/3) Block 5/28, mlp.down_proj | Tuning Factorized Weights...
Token indices sequence length is longer than the specified maximum sequence length for this model (299078 > 131072). Running this sequence through the model will result in indexing errors
Compressing Layers:  18%|██████████████████▊                                                                                      | 5/28 [20:00<1:31:44, 239.33s/it]Token indices sequence length is longer than the specified maximum sequence length for this model (299078 > 131072). Running this sequence through the model will result in indexing errors
Compressing Layers:  21%|██████████████████████▌                                                                                  | 6/28 [24:28<1:31:17, 248.99s/it]		(Epoch 01/08) Block Loss: 4.5342e-05
		(Epoch 02/08) Block Loss: 4.5300e-05
		(Epoch 03/08) Block Loss: 4.5709e-05
		(Epoch 04/08) Block Loss: 4.6186e-05
		(Epoch 05/08) Block Loss: 4.6231e-05
		(Epoch 06/08) Block Loss: 4.6296e-05
		(Epoch 07/08) Block Loss: 4.6251e-05
		(Epoch 08/08) Block Loss: 4.5785e-05
		Block 4: relative block output error = 0.0016
Using sequence length: 2048 (model max: 2048)
		Block 4: Test Data PPL        = 17.777
	(1/3) Block 6/28, self_attn.q_proj | Tuning Non-Factorized Weights...
		(Epoch 01/08) Block Loss: 3.5466e-05
		(Epoch 02/08) Block Loss: 3.2231e-05
		(Epoch 03/08) Block Loss: 3.0646e-05
		(Epoch 04/08) Block Loss: 2.9693e-05
		(Epoch 05/08) Block Loss: 2.9032e-05
		(Epoch 06/08) Block Loss: 2.8643e-05
		(Epoch 07/08) Block Loss: 2.8436e-05
		(Epoch 08/08) Block Loss: 2.8361e-05
	(2/3) Block 6/28, self_attn.q_proj | Initialization via ADMM...
		ADMM weight recon error: raw=600.8298, norm=0.3004, per_el=2.8650e-04, out_err=0.0523, ADMM time=7.87s
	(3/3) Block 6/28, self_attn.q_proj | Tuning Factorized Weights...
		(Epoch 01/08) Block Loss: 2.9324e-05
		(Epoch 02/08) Block Loss: 2.9039e-05
		(Epoch 03/08) Block Loss: 2.8936e-05
		(Epoch 04/08) Block Loss: 2.8879e-05
		(Epoch 05/08) Block Loss: 2.8838e-05
		(Epoch 06/08) Block Loss: 2.8810e-05
		(Epoch 07/08) Block Loss: 2.8787e-05
		(Epoch 08/08) Block Loss: 2.8769e-05
	(1/3) Block 6/28, self_attn.v_proj | Tuning Non-Factorized Weights...
		(Epoch 01/08) Block Loss: 2.8736e-05
		(Epoch 02/08) Block Loss: 2.7773e-05
		(Epoch 03/08) Block Loss: 2.7134e-05
		(Epoch 04/08) Block Loss: 2.6702e-05
		(Epoch 05/08) Block Loss: 2.6364e-05
		(Epoch 06/08) Block Loss: 2.6153e-05
		(Epoch 07/08) Block Loss: 2.6031e-05
		(Epoch 08/08) Block Loss: 2.5982e-05
	(2/3) Block 6/28, self_attn.v_proj | Initialization via ADMM...
		ADMM weight recon error: raw=314.8571, norm=0.3678, per_el=3.0027e-04, out_err=0.1907, ADMM time=18.36s
	(3/3) Block 6/28, self_attn.v_proj | Tuning Factorized Weights...
		(Epoch 01/08) Block Loss: 2.9696e-05
		(Epoch 02/08) Block Loss: 2.9203e-05
		(Epoch 03/08) Block Loss: 2.9017e-05
		(Epoch 04/08) Block Loss: 2.8917e-05
		(Epoch 05/08) Block Loss: 2.8863e-05
		(Epoch 06/08) Block Loss: 2.8834e-05
		(Epoch 07/08) Block Loss: 2.8821e-05
		(Epoch 08/08) Block Loss: 2.8780e-05
	(1/3) Block 6/28, self_attn.o_proj | Tuning Non-Factorized Weights...
		(Epoch 01/08) Block Loss: 2.8180e-05
		(Epoch 02/08) Block Loss: 2.7258e-05
		(Epoch 03/08) Block Loss: 2.6762e-05
		(Epoch 04/08) Block Loss: 2.6433e-05
		(Epoch 05/08) Block Loss: 2.6178e-05
		(Epoch 06/08) Block Loss: 2.6016e-05
		(Epoch 07/08) Block Loss: 2.5920e-05
		(Epoch 08/08) Block Loss: 2.5880e-05
	(2/3) Block 6/28, self_attn.o_proj | Initialization via ADMM...
		ADMM weight recon error: raw=558.6048, norm=0.3563, per_el=2.6636e-04, out_err=0.1517, ADMM time=8.41s
	(3/3) Block 6/28, self_attn.o_proj | Tuning Factorized Weights...
		(Epoch 01/08) Block Loss: 2.9606e-05
		(Epoch 02/08) Block Loss: 2.9448e-05
		(Epoch 03/08) Block Loss: 2.9526e-05
		(Epoch 04/08) Block Loss: 2.9640e-05
		(Epoch 05/08) Block Loss: 2.9616e-05
		(Epoch 06/08) Block Loss: 2.9727e-05
		(Epoch 07/08) Block Loss: 2.9611e-05
		(Epoch 08/08) Block Loss: 2.9448e-05
	(1/3) Block 6/28, self_attn.k_proj | Tuning Non-Factorized Weights...
		(Epoch 01/08) Block Loss: 2.8546e-05
		(Epoch 02/08) Block Loss: 2.7689e-05
		(Epoch 03/08) Block Loss: 2.7260e-05
		(Epoch 04/08) Block Loss: 2.6989e-05
		(Epoch 05/08) Block Loss: 2.6782e-05
		(Epoch 06/08) Block Loss: 2.6650e-05
		(Epoch 07/08) Block Loss: 2.6571e-05
		(Epoch 08/08) Block Loss: 2.6539e-05
	(2/3) Block 6/28, self_attn.k_proj | Initialization via ADMM...
		ADMM weight recon error: raw=269.7800, norm=0.3181, per_el=2.5728e-04, out_err=0.0556, ADMM time=21.58s
	(3/3) Block 6/28, self_attn.k_proj | Tuning Factorized Weights...
		(Epoch 01/08) Block Loss: 2.7237e-05
		(Epoch 02/08) Block Loss: 2.7059e-05
		(Epoch 03/08) Block Loss: 2.7007e-05
		(Epoch 04/08) Block Loss: 2.6979e-05
		(Epoch 05/08) Block Loss: 2.6960e-05
		(Epoch 06/08) Block Loss: 2.6946e-05
		(Epoch 07/08) Block Loss: 2.6938e-05
		(Epoch 08/08) Block Loss: 2.6928e-05
	(1/3) Block 6/28, mlp.gate_proj | Tuning Non-Factorized Weights...
		(Epoch 01/08) Block Loss: 2.7065e-05
		(Epoch 02/08) Block Loss: 2.6707e-05
		(Epoch 03/08) Block Loss: 2.6476e-05
		(Epoch 04/08) Block Loss: 2.6317e-05
		(Epoch 05/08) Block Loss: 2.6180e-05
		(Epoch 06/08) Block Loss: 2.6088e-05
		(Epoch 07/08) Block Loss: 2.6030e-05
		(Epoch 08/08) Block Loss: 2.6004e-05
	(2/3) Block 6/28, mlp.gate_proj | Initialization via ADMM...
		ADMM weight recon error: raw=1279.9050, norm=0.3404, per_el=4.0687e-04, out_err=0.0572, ADMM time=10.19s
	(3/3) Block 6/28, mlp.gate_proj | Tuning Factorized Weights...
		(Epoch 01/08) Block Loss: 3.1782e-05
		(Epoch 02/08) Block Loss: 3.0939e-05
		(Epoch 03/08) Block Loss: 3.0750e-05
		(Epoch 04/08) Block Loss: 3.0694e-05
		(Epoch 05/08) Block Loss: 3.0671e-05
		(Epoch 06/08) Block Loss: 3.0638e-05
		(Epoch 07/08) Block Loss: 3.0583e-05
		(Epoch 08/08) Block Loss: 3.0390e-05
	(1/3) Block 6/28, mlp.up_proj | Tuning Non-Factorized Weights...
		(Epoch 01/08) Block Loss: 2.9679e-05
		(Epoch 02/08) Block Loss: 2.9084e-05
		(Epoch 03/08) Block Loss: 2.8786e-05
		(Epoch 04/08) Block Loss: 2.8604e-05
		(Epoch 05/08) Block Loss: 2.8464e-05
		(Epoch 06/08) Block Loss: 2.8376e-05
		(Epoch 07/08) Block Loss: 2.8322e-05
		(Epoch 08/08) Block Loss: 2.8300e-05
	(2/3) Block 6/28, mlp.up_proj | Initialization via ADMM...
		ADMM weight recon error: raw=842.4088, norm=0.3557, per_el=2.6779e-04, out_err=0.1871, ADMM time=9.71s
	(3/3) Block 6/28, mlp.up_proj | Tuning Factorized Weights...
		(Epoch 01/08) Block Loss: 3.7418e-05
		(Epoch 02/08) Block Loss: 3.6497e-05
		(Epoch 03/08) Block Loss: 3.6382e-05
		(Epoch 04/08) Block Loss: 3.6314e-05
		(Epoch 05/08) Block Loss: 3.6354e-05
		(Epoch 06/08) Block Loss: 3.6232e-05
		(Epoch 07/08) Block Loss: 3.6202e-05
		(Epoch 08/08) Block Loss: 3.5762e-05
	(1/3) Block 6/28, mlp.down_proj | Tuning Non-Factorized Weights...
		(Epoch 01/08) Block Loss: 3.4418e-05
		(Epoch 02/08) Block Loss: 3.3599e-05
		(Epoch 03/08) Block Loss: 3.3189e-05
		(Epoch 04/08) Block Loss: 3.2949e-05
		(Epoch 05/08) Block Loss: 3.2790e-05
		(Epoch 06/08) Block Loss: 3.2698e-05
		(Epoch 07/08) Block Loss: 3.2648e-05
		(Epoch 08/08) Block Loss: 3.2631e-05
	(2/3) Block 6/28, mlp.down_proj | Initialization via ADMM...
		ADMM weight recon error: raw=806.9089, norm=0.3527, per_el=2.5651e-04, out_err=0.2099, ADMM time=10.36s
	(3/3) Block 6/28, mlp.down_proj | Tuning Factorized Weights...
		(Epoch 01/08) Block Loss: 4.3850e-05
		(Epoch 02/08) Block Loss: 4.3751e-05
		(Epoch 03/08) Block Loss: 4.4060e-05
		(Epoch 04/08) Block Loss: 4.4274e-05
		(Epoch 05/08) Block Loss: 4.4424e-05
		(Epoch 06/08) Block Loss: 4.4437e-05
		(Epoch 07/08) Block Loss: 4.4511e-05
		(Epoch 08/08) Block Loss: 4.3958e-05
		Block 5: relative block output error = 0.0022
Using sequence length: 2048 (model max: 2048)
		Block 5: Test Data PPL        = 17.901
	(1/3) Block 7/28, self_attn.q_proj | Tuning Non-Factorized Weights...
		(Epoch 01/08) Block Loss: 2.9444e-05
		(Epoch 02/08) Block Loss: 2.7263e-05
		(Epoch 03/08) Block Loss: 2.6234e-05
		(Epoch 04/08) Block Loss: 2.5389e-05
		(Epoch 05/08) Block Loss: 2.4849e-05
		(Epoch 06/08) Block Loss: 2.4550e-05
		(Epoch 07/08) Block Loss: 2.4390e-05
		(Epoch 08/08) Block Loss: 2.4333e-05
	(2/3) Block 7/28, self_attn.q_proj | Initialization via ADMM...
		ADMM weight recon error: raw=482.3125, norm=0.2461, per_el=2.2998e-04, out_err=0.0385, ADMM time=9.66s
	(3/3) Block 7/28, self_attn.q_proj | Tuning Factorized Weights...
		(Epoch 01/08) Block Loss: 2.4925e-05
		(Epoch 02/08) Block Loss: 2.4790e-05
		(Epoch 03/08) Block Loss: 2.4741e-05
		(Epoch 04/08) Block Loss: 2.4707e-05
		(Epoch 05/08) Block Loss: 2.4684e-05
		(Epoch 06/08) Block Loss: 2.4668e-05
		(Epoch 07/08) Block Loss: 2.4653e-05
		(Epoch 08/08) Block Loss: 2.4637e-05
	(1/3) Block 7/28, self_attn.v_proj | Tuning Non-Factorized Weights...
		(Epoch 01/08) Block Loss: 2.4665e-05
		(Epoch 02/08) Block Loss: 2.4059e-05
Token indices sequence length is longer than the specified maximum sequence length for this model (299078 > 131072). Running this sequence through the model will result in indexing errors
Compressing Layers:  25%|██████████████████████████▎                                                                              | 7/28 [29:03<1:30:05, 257.42s/it]		(Epoch 03/08) Block Loss: 2.3671e-05
		(Epoch 04/08) Block Loss: 2.3179e-05
		(Epoch 05/08) Block Loss: 2.2901e-05
		(Epoch 06/08) Block Loss: 2.2737e-05
		(Epoch 07/08) Block Loss: 2.2644e-05
		(Epoch 08/08) Block Loss: 2.2608e-05
	(2/3) Block 7/28, self_attn.v_proj | Initialization via ADMM...
		ADMM weight recon error: raw=308.2736, norm=0.3601, per_el=2.9399e-04, out_err=0.2138, ADMM time=17.53s
	(3/3) Block 7/28, self_attn.v_proj | Tuning Factorized Weights...
		(Epoch 01/08) Block Loss: 2.5247e-05
		(Epoch 02/08) Block Loss: 2.4801e-05
		(Epoch 03/08) Block Loss: 2.4661e-05
		(Epoch 04/08) Block Loss: 2.4574e-05
		(Epoch 05/08) Block Loss: 2.4544e-05
		(Epoch 06/08) Block Loss: 2.4510e-05
		(Epoch 07/08) Block Loss: 2.4489e-05
		(Epoch 08/08) Block Loss: 2.4457e-05
	(1/3) Block 7/28, self_attn.o_proj | Tuning Non-Factorized Weights...
		(Epoch 01/08) Block Loss: 2.4118e-05
		(Epoch 02/08) Block Loss: 2.3452e-05
		(Epoch 03/08) Block Loss: 2.3113e-05
		(Epoch 04/08) Block Loss: 2.2808e-05
		(Epoch 05/08) Block Loss: 2.2609e-05
		(Epoch 06/08) Block Loss: 2.2477e-05
		(Epoch 07/08) Block Loss: 2.2402e-05
		(Epoch 08/08) Block Loss: 2.2371e-05
	(2/3) Block 7/28, self_attn.o_proj | Initialization via ADMM...
		ADMM weight recon error: raw=448.3994, norm=0.3297, per_el=2.1381e-04, out_err=0.1103, ADMM time=9.30s
	(3/3) Block 7/28, self_attn.o_proj | Tuning Factorized Weights...
		(Epoch 01/08) Block Loss: 2.4130e-05
		(Epoch 02/08) Block Loss: 2.4035e-05
		(Epoch 03/08) Block Loss: 2.4067e-05
		(Epoch 04/08) Block Loss: 2.4080e-05
		(Epoch 05/08) Block Loss: 2.4139e-05
		(Epoch 06/08) Block Loss: 2.4039e-05
		(Epoch 07/08) Block Loss: 2.4048e-05
		(Epoch 08/08) Block Loss: 2.3914e-05
	(1/3) Block 7/28, self_attn.k_proj | Tuning Non-Factorized Weights...
		(Epoch 01/08) Block Loss: 2.3670e-05
		(Epoch 02/08) Block Loss: 2.3180e-05
		(Epoch 03/08) Block Loss: 2.2912e-05
		(Epoch 04/08) Block Loss: 2.2726e-05
		(Epoch 05/08) Block Loss: 2.2582e-05
		(Epoch 06/08) Block Loss: 2.2486e-05
		(Epoch 07/08) Block Loss: 2.2428e-05
		(Epoch 08/08) Block Loss: 2.2403e-05
	(2/3) Block 7/28, self_attn.k_proj | Initialization via ADMM...
		ADMM weight recon error: raw=229.0318, norm=0.2753, per_el=2.1842e-04, out_err=0.0575, ADMM time=24.46s
	(3/3) Block 7/28, self_attn.k_proj | Tuning Factorized Weights...
		(Epoch 01/08) Block Loss: 2.2864e-05
		(Epoch 02/08) Block Loss: 2.2766e-05
		(Epoch 03/08) Block Loss: 2.2732e-05
		(Epoch 04/08) Block Loss: 2.2715e-05
		(Epoch 05/08) Block Loss: 2.2704e-05
		(Epoch 06/08) Block Loss: 2.2694e-05
		(Epoch 07/08) Block Loss: 2.2688e-05
		(Epoch 08/08) Block Loss: 2.2681e-05
	(1/3) Block 7/28, mlp.gate_proj | Tuning Non-Factorized Weights...
		(Epoch 01/08) Block Loss: 2.2818e-05
		(Epoch 02/08) Block Loss: 2.2560e-05
		(Epoch 03/08) Block Loss: 2.2393e-05
		(Epoch 04/08) Block Loss: 2.2274e-05
		(Epoch 05/08) Block Loss: 2.2172e-05
		(Epoch 06/08) Block Loss: 2.2102e-05
		(Epoch 07/08) Block Loss: 2.2057e-05
		(Epoch 08/08) Block Loss: 2.2037e-05
	(2/3) Block 7/28, mlp.gate_proj | Initialization via ADMM...
		ADMM weight recon error: raw=1231.8990, norm=0.3468, per_el=3.9161e-04, out_err=0.0512, ADMM time=11.41s
	(3/3) Block 7/28, mlp.gate_proj | Tuning Factorized Weights...
		(Epoch 01/08) Block Loss: 2.6308e-05
		(Epoch 02/08) Block Loss: 2.5742e-05
		(Epoch 03/08) Block Loss: 2.5599e-05
		(Epoch 04/08) Block Loss: 2.5568e-05
		(Epoch 05/08) Block Loss: 2.5551e-05
		(Epoch 06/08) Block Loss: 2.5515e-05
		(Epoch 07/08) Block Loss: 2.5480e-05
		(Epoch 08/08) Block Loss: 2.5346e-05
	(1/3) Block 7/28, mlp.up_proj | Tuning Non-Factorized Weights...
		(Epoch 01/08) Block Loss: 2.4853e-05
		(Epoch 02/08) Block Loss: 2.4414e-05
		(Epoch 03/08) Block Loss: 2.4194e-05
		(Epoch 04/08) Block Loss: 2.4060e-05
		(Epoch 05/08) Block Loss: 2.3955e-05
		(Epoch 06/08) Block Loss: 2.3889e-05
		(Epoch 07/08) Block Loss: 2.3848e-05
		(Epoch 08/08) Block Loss: 2.3831e-05
	(2/3) Block 7/28, mlp.up_proj | Initialization via ADMM...
		ADMM weight recon error: raw=847.7140, norm=0.3604, per_el=2.6948e-04, out_err=0.1936, ADMM time=10.51s
	(3/3) Block 7/28, mlp.up_proj | Tuning Factorized Weights...
		(Epoch 01/08) Block Loss: 3.0894e-05
		(Epoch 02/08) Block Loss: 3.0194e-05
		(Epoch 03/08) Block Loss: 3.0084e-05
		(Epoch 04/08) Block Loss: 3.0117e-05
		(Epoch 05/08) Block Loss: 3.0180e-05
		(Epoch 06/08) Block Loss: 2.9959e-05
		(Epoch 07/08) Block Loss: 2.9963e-05
		(Epoch 08/08) Block Loss: 2.9598e-05
	(1/3) Block 7/28, mlp.down_proj | Tuning Non-Factorized Weights...
		(Epoch 01/08) Block Loss: 2.8621e-05
		(Epoch 02/08) Block Loss: 2.8016e-05
		(Epoch 03/08) Block Loss: 2.7710e-05
		(Epoch 04/08) Block Loss: 2.7531e-05
		(Epoch 05/08) Block Loss: 2.7411e-05
		(Epoch 06/08) Block Loss: 2.7341e-05
		(Epoch 07/08) Block Loss: 2.7304e-05
		(Epoch 08/08) Block Loss: 2.7290e-05
	(2/3) Block 7/28, mlp.down_proj | Initialization via ADMM...
		ADMM weight recon error: raw=753.1434, norm=0.3386, per_el=2.3942e-04, out_err=0.2027, ADMM time=9.98s
	(3/3) Block 7/28, mlp.down_proj | Tuning Factorized Weights...
		(Epoch 01/08) Block Loss: 3.5260e-05
		(Epoch 02/08) Block Loss: 3.5213e-05
		(Epoch 03/08) Block Loss: 3.5432e-05
		(Epoch 04/08) Block Loss: 3.5624e-05
		(Epoch 05/08) Block Loss: 3.5779e-05
		(Epoch 06/08) Block Loss: 3.5717e-05
		(Epoch 07/08) Block Loss: 3.5741e-05
		(Epoch 08/08) Block Loss: 3.5326e-05
		Block 6: relative block output error = 0.0026
Using sequence length: 2048 (model max: 2048)
		Block 6: Test Data PPL        = 17.843
	(1/3) Block 8/28, self_attn.q_proj | Tuning Non-Factorized Weights...
		(Epoch 01/08) Block Loss: 3.7823e-05
		(Epoch 02/08) Block Loss: 3.5323e-05
		(Epoch 03/08) Block Loss: 3.4045e-05
		(Epoch 04/08) Block Loss: 3.2957e-05
		(Epoch 05/08) Block Loss: 3.2348e-05
		(Epoch 06/08) Block Loss: 3.1982e-05
		(Epoch 07/08) Block Loss: 3.1785e-05
		(Epoch 08/08) Block Loss: 3.1712e-05
	(2/3) Block 8/28, self_attn.q_proj | Initialization via ADMM...
		ADMM weight recon error: raw=533.2092, norm=0.3002, per_el=2.5425e-04, out_err=0.0519, ADMM time=10.20s
	(3/3) Block 8/28, self_attn.q_proj | Tuning Factorized Weights...
		(Epoch 01/08) Block Loss: 3.2648e-05
		(Epoch 02/08) Block Loss: 3.2355e-05
		(Epoch 03/08) Block Loss: 3.2255e-05
		(Epoch 04/08) Block Loss: 3.2193e-05
		(Epoch 05/08) Block Loss: 3.2146e-05
		(Epoch 06/08) Block Loss: 3.2110e-05
		(Epoch 07/08) Block Loss: 3.2084e-05
		(Epoch 08/08) Block Loss: 3.2062e-05
	(1/3) Block 8/28, self_attn.v_proj | Tuning Non-Factorized Weights...
		(Epoch 01/08) Block Loss: 3.2141e-05
		(Epoch 02/08) Block Loss: 3.1210e-05
		(Epoch 03/08) Block Loss: 3.0630e-05
		(Epoch 04/08) Block Loss: 3.0204e-05
		(Epoch 05/08) Block Loss: 2.9878e-05
		(Epoch 06/08) Block Loss: 2.9654e-05
		(Epoch 07/08) Block Loss: 2.9532e-05
		(Epoch 08/08) Block Loss: 2.9485e-05
	(2/3) Block 8/28, self_attn.v_proj | Initialization via ADMM...
		ADMM weight recon error: raw=294.3264, norm=0.3572, per_el=2.8069e-04, out_err=0.2154, ADMM time=18.12s
	(3/3) Block 8/28, self_attn.v_proj | Tuning Factorized Weights...
		(Epoch 01/08) Block Loss: 3.3258e-05
		(Epoch 02/08) Block Loss: 3.2883e-05
		(Epoch 03/08) Block Loss: 3.2757e-05
		(Epoch 04/08) Block Loss: 3.2688e-05
		(Epoch 05/08) Block Loss: 3.2659e-05
		(Epoch 06/08) Block Loss: 3.2622e-05
		(Epoch 07/08) Block Loss: 3.2606e-05
		(Epoch 08/08) Block Loss: 3.2542e-05
	(1/3) Block 8/28, self_attn.o_proj | Tuning Non-Factorized Weights...
		(Epoch 01/08) Block Loss: 3.1950e-05
		(Epoch 02/08) Block Loss: 3.1009e-05
		(Epoch 03/08) Block Loss: 3.0505e-05
		(Epoch 04/08) Block Loss: 3.0159e-05
		(Epoch 05/08) Block Loss: 2.9907e-05
		(Epoch 06/08) Block Loss: 2.9739e-05
		(Epoch 07/08) Block Loss: 2.9641e-05
		(Epoch 08/08) Block Loss: 2.9602e-05
	(2/3) Block 8/28, self_attn.o_proj | Initialization via ADMM...
		ADMM weight recon error: raw=444.8090, norm=0.3214, per_el=2.1210e-04, out_err=0.1699, ADMM time=11.11s
	(3/3) Block 8/28, self_attn.o_proj | Tuning Factorized Weights...
		(Epoch 01/08) Block Loss: 3.2781e-05
		(Epoch 02/08) Block Loss: 3.2636e-05
		(Epoch 03/08) Block Loss: 3.2695e-05
		(Epoch 04/08) Block Loss: 3.2681e-05Token indices sequence length is longer than the specified maximum sequence length for this model (299078 > 131072). Running this sequence through the model will result in indexing errors
Compressing Layers:  29%|██████████████████████████████                                                                           | 8/28 [33:46<1:28:29, 265.50s/it]
		(Epoch 05/08) Block Loss: 3.2760e-05
		(Epoch 06/08) Block Loss: 3.2618e-05
		(Epoch 07/08) Block Loss: 3.2630e-05
		(Epoch 08/08) Block Loss: 3.2424e-05
	(1/3) Block 8/28, self_attn.k_proj | Tuning Non-Factorized Weights...
		(Epoch 01/08) Block Loss: 3.1897e-05
		(Epoch 02/08) Block Loss: 3.1142e-05
		(Epoch 03/08) Block Loss: 3.0760e-05
		(Epoch 04/08) Block Loss: 3.0506e-05
		(Epoch 05/08) Block Loss: 3.0315e-05
		(Epoch 06/08) Block Loss: 3.0192e-05
		(Epoch 07/08) Block Loss: 3.0117e-05
		(Epoch 08/08) Block Loss: 3.0085e-05
	(2/3) Block 8/28, self_attn.k_proj | Initialization via ADMM...
		ADMM weight recon error: raw=235.4888, norm=0.3132, per_el=2.2458e-04, out_err=0.0588, ADMM time=26.08s
	(3/3) Block 8/28, self_attn.k_proj | Tuning Factorized Weights...
		(Epoch 01/08) Block Loss: 3.0757e-05
		(Epoch 02/08) Block Loss: 3.0594e-05
		(Epoch 03/08) Block Loss: 3.0543e-05
		(Epoch 04/08) Block Loss: 3.0516e-05
		(Epoch 05/08) Block Loss: 3.0497e-05
		(Epoch 06/08) Block Loss: 3.0487e-05
		(Epoch 07/08) Block Loss: 3.0479e-05
		(Epoch 08/08) Block Loss: 3.0472e-05
	(1/3) Block 8/28, mlp.gate_proj | Tuning Non-Factorized Weights...
		(Epoch 01/08) Block Loss: 3.0627e-05
		(Epoch 02/08) Block Loss: 3.0289e-05
		(Epoch 03/08) Block Loss: 3.0079e-05
		(Epoch 04/08) Block Loss: 2.9926e-05
		(Epoch 05/08) Block Loss: 2.9796e-05
		(Epoch 06/08) Block Loss: 2.9709e-05
		(Epoch 07/08) Block Loss: 2.9653e-05
		(Epoch 08/08) Block Loss: 2.9629e-05
	(2/3) Block 8/28, mlp.gate_proj | Initialization via ADMM...
		ADMM weight recon error: raw=1180.0441, norm=0.3337, per_el=3.7513e-04, out_err=0.0515, ADMM time=11.18s
	(3/3) Block 8/28, mlp.gate_proj | Tuning Factorized Weights...
		(Epoch 01/08) Block Loss: 3.4471e-05
		(Epoch 02/08) Block Loss: 3.3866e-05
		(Epoch 03/08) Block Loss: 3.3740e-05
		(Epoch 04/08) Block Loss: 3.3698e-05
		(Epoch 05/08) Block Loss: 3.3677e-05
		(Epoch 06/08) Block Loss: 3.3636e-05
		(Epoch 07/08) Block Loss: 3.3599e-05
		(Epoch 08/08) Block Loss: 3.3417e-05
	(1/3) Block 8/28, mlp.up_proj | Tuning Non-Factorized Weights...
		(Epoch 01/08) Block Loss: 3.2886e-05
		(Epoch 02/08) Block Loss: 3.2385e-05
		(Epoch 03/08) Block Loss: 3.2131e-05
		(Epoch 04/08) Block Loss: 3.1971e-05
		(Epoch 05/08) Block Loss: 3.1847e-05
		(Epoch 06/08) Block Loss: 3.1767e-05
		(Epoch 07/08) Block Loss: 3.1719e-05
		(Epoch 08/08) Block Loss: 3.1698e-05
	(2/3) Block 8/28, mlp.up_proj | Initialization via ADMM...
		ADMM weight recon error: raw=831.0234, norm=0.3557, per_el=2.6418e-04, out_err=0.1863, ADMM time=11.23s
	(3/3) Block 8/28, mlp.up_proj | Tuning Factorized Weights...
		(Epoch 01/08) Block Loss: 4.0011e-05
		(Epoch 02/08) Block Loss: 3.9228e-05
		(Epoch 03/08) Block Loss: 3.9207e-05
		(Epoch 04/08) Block Loss: 3.9354e-05
		(Epoch 05/08) Block Loss: 3.9402e-05
		(Epoch 06/08) Block Loss: 3.9023e-05
		(Epoch 07/08) Block Loss: 3.8983e-05
		(Epoch 08/08) Block Loss: 3.8587e-05
	(1/3) Block 8/28, mlp.down_proj | Tuning Non-Factorized Weights...
		(Epoch 01/08) Block Loss: 3.7460e-05
		(Epoch 02/08) Block Loss: 3.6760e-05
		(Epoch 03/08) Block Loss: 3.6397e-05
		(Epoch 04/08) Block Loss: 3.6182e-05
		(Epoch 05/08) Block Loss: 3.6038e-05
		(Epoch 06/08) Block Loss: 3.5954e-05
		(Epoch 07/08) Block Loss: 3.5909e-05
		(Epoch 08/08) Block Loss: 3.5892e-05
	(2/3) Block 8/28, mlp.down_proj | Initialization via ADMM...
		ADMM weight recon error: raw=731.6368, norm=0.3387, per_el=2.3258e-04, out_err=0.2008, ADMM time=10.39s
	(3/3) Block 8/28, mlp.down_proj | Tuning Factorized Weights...
		(Epoch 01/08) Block Loss: 4.5088e-05
		(Epoch 02/08) Block Loss: 4.5012e-05
		(Epoch 03/08) Block Loss: 4.5513e-05
		(Epoch 04/08) Block Loss: 4.5833e-05
		(Epoch 05/08) Block Loss: 4.6032e-05
		(Epoch 06/08) Block Loss: 4.5656e-05
		(Epoch 07/08) Block Loss: 4.5706e-05
		(Epoch 08/08) Block Loss: 4.5080e-05
		Block 7: relative block output error = 0.0029
Using sequence length: 2048 (model max: 2048)
		Block 7: Test Data PPL        = 17.870
	(1/3) Block 9/28, self_attn.q_proj | Tuning Non-Factorized Weights...
		(Epoch 01/08) Block Loss: 2.4769e-05
		(Epoch 02/08) Block Loss: 2.3150e-05
		(Epoch 03/08) Block Loss: 2.2326e-05
		(Epoch 04/08) Block Loss: 2.1781e-05
		(Epoch 05/08) Block Loss: 2.1417e-05
		(Epoch 06/08) Block Loss: 2.1196e-05
		(Epoch 07/08) Block Loss: 2.1077e-05
		(Epoch 08/08) Block Loss: 2.1033e-05
	(2/3) Block 9/28, self_attn.q_proj | Initialization via ADMM...
		ADMM weight recon error: raw=528.0270, norm=0.2727, per_el=2.5178e-04, out_err=0.0566, ADMM time=10.78s
	(3/3) Block 9/28, self_attn.q_proj | Tuning Factorized Weights...
		(Epoch 01/08) Block Loss: 2.1542e-05
		(Epoch 02/08) Block Loss: 2.1423e-05
		(Epoch 03/08) Block Loss: 2.1380e-05
		(Epoch 04/08) Block Loss: 2.1357e-05
		(Epoch 05/08) Block Loss: 2.1339e-05
		(Epoch 06/08) Block Loss: 2.1325e-05
		(Epoch 07/08) Block Loss: 2.1313e-05
		(Epoch 08/08) Block Loss: 2.1301e-05
	(1/3) Block 9/28, self_attn.v_proj | Tuning Non-Factorized Weights...
		(Epoch 01/08) Block Loss: 2.1328e-05
		(Epoch 02/08) Block Loss: 2.0781e-05
		(Epoch 03/08) Block Loss: 2.0435e-05
		(Epoch 04/08) Block Loss: 2.0169e-05
		(Epoch 05/08) Block Loss: 1.9966e-05
		(Epoch 06/08) Block Loss: 1.9841e-05
		(Epoch 07/08) Block Loss: 1.9769e-05
		(Epoch 08/08) Block Loss: 1.9740e-05
	(2/3) Block 9/28, self_attn.v_proj | Initialization via ADMM...
		ADMM weight recon error: raw=293.8381, norm=0.3583, per_el=2.8023e-04, out_err=0.1731, ADMM time=21.68s
	(3/3) Block 9/28, self_attn.v_proj | Tuning Factorized Weights...
		(Epoch 01/08) Block Loss: 2.1498e-05
		(Epoch 02/08) Block Loss: 2.1284e-05
		(Epoch 03/08) Block Loss: 2.1198e-05
		(Epoch 04/08) Block Loss: 2.1152e-05
		(Epoch 05/08) Block Loss: 2.1131e-05
		(Epoch 06/08) Block Loss: 2.1114e-05
		(Epoch 07/08) Block Loss: 2.1104e-05
		(Epoch 08/08) Block Loss: 2.1088e-05
	(1/3) Block 9/28, self_attn.o_proj | Tuning Non-Factorized Weights...
		(Epoch 01/08) Block Loss: 2.0881e-05
		(Epoch 02/08) Block Loss: 2.0372e-05
		(Epoch 03/08) Block Loss: 2.0088e-05
		(Epoch 04/08) Block Loss: 1.9895e-05
		(Epoch 05/08) Block Loss: 1.9745e-05
		(Epoch 06/08) Block Loss: 1.9648e-05
		(Epoch 07/08) Block Loss: 1.9590e-05
		(Epoch 08/08) Block Loss: 1.9566e-05
	(2/3) Block 9/28, self_attn.o_proj | Initialization via ADMM...
		ADMM weight recon error: raw=423.8130, norm=0.3191, per_el=2.0209e-04, out_err=0.1238, ADMM time=10.69s
	(3/3) Block 9/28, self_attn.o_proj | Tuning Factorized Weights...
		(Epoch 01/08) Block Loss: 2.0975e-05
		(Epoch 02/08) Block Loss: 2.0914e-05
		(Epoch 03/08) Block Loss: 2.0928e-05
		(Epoch 04/08) Block Loss: 2.0947e-05
		(Epoch 05/08) Block Loss: 2.1001e-05
		(Epoch 06/08) Block Loss: 2.0949e-05
		(Epoch 07/08) Block Loss: 2.0929e-05
		(Epoch 08/08) Block Loss: 2.0856e-05
	(1/3) Block 9/28, self_attn.k_proj | Tuning Non-Factorized Weights...
		(Epoch 01/08) Block Loss: 2.0630e-05
		(Epoch 02/08) Block Loss: 2.0257e-05
		(Epoch 03/08) Block Loss: 2.0053e-05
		(Epoch 04/08) Block Loss: 1.9915e-05
		(Epoch 05/08) Block Loss: 1.9805e-05
		(Epoch 06/08) Block Loss: 1.9733e-05
		(Epoch 07/08) Block Loss: 1.9689e-05
		(Epoch 08/08) Block Loss: 1.9670e-05
	(2/3) Block 9/28, self_attn.k_proj | Initialization via ADMM...
		ADMM weight recon error: raw=221.4147, norm=0.2796, per_el=2.1116e-04, out_err=0.0624, ADMM time=28.40s
	(3/3) Block 9/28, self_attn.k_proj | Tuning Factorized Weights...
		(Epoch 01/08) Block Loss: 1.9997e-05
		(Epoch 02/08) Block Loss: 1.9931e-05
		(Epoch 03/08) Block Loss: 1.9911e-05
		(Epoch 04/08) Block Loss: 1.9899e-05
		(Epoch 05/08) Block Loss: 1.9892e-05
		(Epoch 06/08) Block Loss: 1.9887e-05
		(Epoch 07/08) Block Loss: 1.9882e-05
		(Epoch 08/08) Block Loss: 1.9877e-05
	(1/3) Block 9/28, mlp.gate_proj | Tuning Non-Factorized Weights...
		(Epoch 01/08) Block Loss: 1.9986e-05
		(Epoch 02/08) Block Loss: 1.9792e-05
		(Epoch 03/08) Block Loss: 1.9666e-05
		(Epoch 04/08) Block Loss: 1.9575e-05
		(Epoch 05/08) Block Loss: 1.9498e-05
		(Epoch 06/08) Block Loss: 1.9445e-05
		(Epoch 07/08) Block Loss: 1.9410e-05
		(Epoch 08/08) Block Loss: 1.9395e-05
	(2/3) Block 9/28, mlp.gate_proj | Initialization via ADMM...
Token indices sequence length is longer than the specified maximum sequence length for this model (299078 > 131072). Running this sequence through the model will result in indexing errors
Compressing Layers:  32%|█████████████████████████████████▊                                                                       | 9/28 [38:50<1:27:53, 277.56s/it]		ADMM weight recon error: raw=1139.3651, norm=0.3328, per_el=3.6219e-04, out_err=0.0515, ADMM time=11.17s
	(3/3) Block 9/28, mlp.gate_proj | Tuning Factorized Weights...
		(Epoch 01/08) Block Loss: 2.2295e-05
		(Epoch 02/08) Block Loss: 2.1953e-05
		(Epoch 03/08) Block Loss: 2.1892e-05
		(Epoch 04/08) Block Loss: 2.1889e-05
		(Epoch 05/08) Block Loss: 2.1873e-05
		(Epoch 06/08) Block Loss: 2.1849e-05
		(Epoch 07/08) Block Loss: 2.1821e-05
		(Epoch 08/08) Block Loss: 2.1692e-05
	(1/3) Block 9/28, mlp.up_proj | Tuning Non-Factorized Weights...
		(Epoch 01/08) Block Loss: 2.1374e-05
		(Epoch 02/08) Block Loss: 2.1072e-05
		(Epoch 03/08) Block Loss: 2.0917e-05
		(Epoch 04/08) Block Loss: 2.0820e-05
		(Epoch 05/08) Block Loss: 2.0743e-05
		(Epoch 06/08) Block Loss: 2.0694e-05
		(Epoch 07/08) Block Loss: 2.0663e-05
		(Epoch 08/08) Block Loss: 2.0650e-05
	(2/3) Block 9/28, mlp.up_proj | Initialization via ADMM...
		ADMM weight recon error: raw=826.1097, norm=0.3561, per_el=2.6261e-04, out_err=0.1797, ADMM time=10.58s
	(3/3) Block 9/28, mlp.up_proj | Tuning Factorized Weights...
		(Epoch 01/08) Block Loss: 2.5386e-05
		(Epoch 02/08) Block Loss: 2.4970e-05
		(Epoch 03/08) Block Loss: 2.4937e-05
		(Epoch 04/08) Block Loss: 2.4962e-05
		(Epoch 05/08) Block Loss: 2.5017e-05
		(Epoch 06/08) Block Loss: 2.4821e-05
		(Epoch 07/08) Block Loss: 2.4871e-05
		(Epoch 08/08) Block Loss: 2.4576e-05
	(1/3) Block 9/28, mlp.down_proj | Tuning Non-Factorized Weights...
		(Epoch 01/08) Block Loss: 2.3965e-05
		(Epoch 02/08) Block Loss: 2.3581e-05
		(Epoch 03/08) Block Loss: 2.3380e-05
		(Epoch 04/08) Block Loss: 2.3260e-05
		(Epoch 05/08) Block Loss: 2.3178e-05
		(Epoch 06/08) Block Loss: 2.3129e-05
		(Epoch 07/08) Block Loss: 2.3103e-05
		(Epoch 08/08) Block Loss: 2.3093e-05
	(2/3) Block 9/28, mlp.down_proj | Initialization via ADMM...
		ADMM weight recon error: raw=724.4156, norm=0.3305, per_el=2.3029e-04, out_err=0.2032, ADMM time=12.98s
	(3/3) Block 9/28, mlp.down_proj | Tuning Factorized Weights...
		(Epoch 01/08) Block Loss: 2.8343e-05
		(Epoch 02/08) Block Loss: 2.8352e-05
		(Epoch 03/08) Block Loss: 2.8662e-05
		(Epoch 04/08) Block Loss: 2.8716e-05
		(Epoch 05/08) Block Loss: 2.8863e-05
		(Epoch 06/08) Block Loss: 2.8780e-05
		(Epoch 07/08) Block Loss: 2.8783e-05
		(Epoch 08/08) Block Loss: 2.8446e-05
		Block 8: relative block output error = 0.0034
Using sequence length: 2048 (model max: 2048)
		Block 8: Test Data PPL        = 17.937
	(1/3) Block 10/28, self_attn.q_proj | Tuning Non-Factorized Weights...
		(Epoch 01/08) Block Loss: 2.1682e-05
		(Epoch 02/08) Block Loss: 2.0507e-05
		(Epoch 03/08) Block Loss: 2.0026e-05
		(Epoch 04/08) Block Loss: 1.9432e-05
		(Epoch 05/08) Block Loss: 1.9131e-05
		(Epoch 06/08) Block Loss: 1.8954e-05
		(Epoch 07/08) Block Loss: 1.8853e-05
		(Epoch 08/08) Block Loss: 1.8816e-05
	(2/3) Block 10/28, self_attn.q_proj | Initialization via ADMM...
		ADMM weight recon error: raw=535.3599, norm=0.2777, per_el=2.5528e-04, out_err=0.0453, ADMM time=12.95s
	(3/3) Block 10/28, self_attn.q_proj | Tuning Factorized Weights...
		(Epoch 01/08) Block Loss: 1.9318e-05
		(Epoch 02/08) Block Loss: 1.9183e-05
		(Epoch 03/08) Block Loss: 1.9137e-05
		(Epoch 04/08) Block Loss: 1.9112e-05
		(Epoch 05/08) Block Loss: 1.9091e-05
		(Epoch 06/08) Block Loss: 1.9076e-05
		(Epoch 07/08) Block Loss: 1.9063e-05
		(Epoch 08/08) Block Loss: 1.9051e-05
	(1/3) Block 10/28, self_attn.v_proj | Tuning Non-Factorized Weights...
		(Epoch 01/08) Block Loss: 1.9163e-05
		(Epoch 02/08) Block Loss: 1.8754e-05
		(Epoch 03/08) Block Loss: 1.8436e-05
		(Epoch 04/08) Block Loss: 1.8197e-05
		(Epoch 05/08) Block Loss: 1.8027e-05
		(Epoch 06/08) Block Loss: 1.7912e-05
		(Epoch 07/08) Block Loss: 1.7846e-05
		(Epoch 08/08) Block Loss: 1.7820e-05
	(2/3) Block 10/28, self_attn.v_proj | Initialization via ADMM...
		ADMM weight recon error: raw=287.8013, norm=0.3671, per_el=2.7447e-04, out_err=0.2255, ADMM time=19.80s
	(3/3) Block 10/28, self_attn.v_proj | Tuning Factorized Weights...
		(Epoch 01/08) Block Loss: 2.0298e-05
		(Epoch 02/08) Block Loss: 2.0020e-05
		(Epoch 03/08) Block Loss: 1.9921e-05
		(Epoch 04/08) Block Loss: 1.9881e-05
		(Epoch 05/08) Block Loss: 1.9849e-05
		(Epoch 06/08) Block Loss: 1.9831e-05
		(Epoch 07/08) Block Loss: 1.9822e-05
		(Epoch 08/08) Block Loss: 1.9788e-05
	(1/3) Block 10/28, self_attn.o_proj | Tuning Non-Factorized Weights...
		(Epoch 01/08) Block Loss: 1.9379e-05
		(Epoch 02/08) Block Loss: 1.8811e-05
		(Epoch 03/08) Block Loss: 1.8522e-05
		(Epoch 04/08) Block Loss: 1.8326e-05
		(Epoch 05/08) Block Loss: 1.8189e-05
		(Epoch 06/08) Block Loss: 1.8084e-05
		(Epoch 07/08) Block Loss: 1.8026e-05
		(Epoch 08/08) Block Loss: 1.8004e-05
	(2/3) Block 10/28, self_attn.o_proj | Initialization via ADMM...
		ADMM weight recon error: raw=435.7571, norm=0.3204, per_el=2.0779e-04, out_err=0.1380, ADMM time=11.99s
	(3/3) Block 10/28, self_attn.o_proj | Tuning Factorized Weights...
		(Epoch 01/08) Block Loss: 1.9869e-05
		(Epoch 02/08) Block Loss: 1.9779e-05
		(Epoch 03/08) Block Loss: 1.9832e-05
		(Epoch 04/08) Block Loss: 1.9841e-05
		(Epoch 05/08) Block Loss: 1.9905e-05
		(Epoch 06/08) Block Loss: 1.9750e-05
		(Epoch 07/08) Block Loss: 1.9782e-05
		(Epoch 08/08) Block Loss: 1.9673e-05
	(1/3) Block 10/28, self_attn.k_proj | Tuning Non-Factorized Weights...
		(Epoch 01/08) Block Loss: 1.9329e-05
		(Epoch 02/08) Block Loss: 1.8896e-05
		(Epoch 03/08) Block Loss: 1.8679e-05
		(Epoch 04/08) Block Loss: 1.8527e-05
		(Epoch 05/08) Block Loss: 1.8415e-05
		(Epoch 06/08) Block Loss: 1.8342e-05
		(Epoch 07/08) Block Loss: 1.8299e-05
		(Epoch 08/08) Block Loss: 1.8281e-05
	(2/3) Block 10/28, self_attn.k_proj | Initialization via ADMM...
		ADMM weight recon error: raw=228.4533, norm=0.2944, per_el=2.1787e-04, out_err=0.0646, ADMM time=27.31s
	(3/3) Block 10/28, self_attn.k_proj | Tuning Factorized Weights...
		(Epoch 01/08) Block Loss: 1.8541e-05
		(Epoch 02/08) Block Loss: 1.8489e-05
		(Epoch 03/08) Block Loss: 1.8473e-05
		(Epoch 04/08) Block Loss: 1.8463e-05
		(Epoch 05/08) Block Loss: 1.8456e-05
		(Epoch 06/08) Block Loss: 1.8451e-05
		(Epoch 07/08) Block Loss: 1.8447e-05
		(Epoch 08/08) Block Loss: 1.8442e-05
	(1/3) Block 10/28, mlp.gate_proj | Tuning Non-Factorized Weights...
		(Epoch 01/08) Block Loss: 1.8537e-05
		(Epoch 02/08) Block Loss: 1.8348e-05
		(Epoch 03/08) Block Loss: 1.8225e-05
		(Epoch 04/08) Block Loss: 1.8136e-05
		(Epoch 05/08) Block Loss: 1.8061e-05
		(Epoch 06/08) Block Loss: 1.8009e-05
		(Epoch 07/08) Block Loss: 1.7976e-05
		(Epoch 08/08) Block Loss: 1.7961e-05
	(2/3) Block 10/28, mlp.gate_proj | Initialization via ADMM...
		ADMM weight recon error: raw=1166.3669, norm=0.3211, per_el=3.7078e-04, out_err=0.0478, ADMM time=13.40s
	(3/3) Block 10/28, mlp.gate_proj | Tuning Factorized Weights...
		(Epoch 01/08) Block Loss: 2.0301e-05
		(Epoch 02/08) Block Loss: 2.0043e-05
		(Epoch 03/08) Block Loss: 2.0003e-05
		(Epoch 04/08) Block Loss: 2.0016e-05
		(Epoch 05/08) Block Loss: 2.0014e-05
		(Epoch 06/08) Block Loss: 1.9978e-05
		(Epoch 07/08) Block Loss: 1.9944e-05
		(Epoch 08/08) Block Loss: 1.9838e-05
	(1/3) Block 10/28, mlp.up_proj | Tuning Non-Factorized Weights...
		(Epoch 01/08) Block Loss: 1.9563e-05
		(Epoch 02/08) Block Loss: 1.9294e-05
		(Epoch 03/08) Block Loss: 1.9157e-05
		(Epoch 04/08) Block Loss: 1.9069e-05
		(Epoch 05/08) Block Loss: 1.9000e-05
		(Epoch 06/08) Block Loss: 1.8955e-05
		(Epoch 07/08) Block Loss: 1.8927e-05
		(Epoch 08/08) Block Loss: 1.8915e-05
	(2/3) Block 10/28, mlp.up_proj | Initialization via ADMM...
		ADMM weight recon error: raw=847.0068, norm=0.3529, per_el=2.6926e-04, out_err=0.1552, ADMM time=11.55s
	(3/3) Block 10/28, mlp.up_proj | Tuning Factorized Weights...
		(Epoch 01/08) Block Loss: 2.3091e-05
		(Epoch 02/08) Block Loss: 2.2750e-05
		(Epoch 03/08) Block Loss: 2.2725e-05
		(Epoch 04/08) Block Loss: 2.2715e-05
		(Epoch 05/08) Block Loss: 2.2779e-05
		(Epoch 06/08) Block Loss: 2.2638e-05
		(Epoch 07/08) Block Loss: 2.2617e-05
		(Epoch 08/08) Block Loss: 2.2379e-05
	(1/3) Block 10/28, mlp.down_proj | Tuning Non-Factorized Weights...
		(Epoch 01/08) Block Loss: 2.1847e-05
Token indices sequence length is longer than the specified maximum sequence length for this model (299078 > 131072). Running this sequence through the model will result in indexing errors
Compressing Layers:  32%|█████████████████████████████████▊                                                                       | 9/28 [43:53<1:32:38, 292.57s/it]
Token indices sequence length is longer than the specified maximum sequence length for this model (299078 > 131072). Running this sequence through the model will result in indexing errors
		(Epoch 02/08) Block Loss: 2.1485e-05
		(Epoch 03/08) Block Loss: 2.1299e-05
		(Epoch 04/08) Block Loss: 2.1188e-05
		(Epoch 05/08) Block Loss: 2.1113e-05
		(Epoch 06/08) Block Loss: 2.1068e-05
		(Epoch 07/08) Block Loss: 2.1044e-05
		(Epoch 08/08) Block Loss: 2.1034e-05
	(2/3) Block 10/28, mlp.down_proj | Initialization via ADMM...
		ADMM weight recon error: raw=690.5114, norm=0.3320, per_el=2.1951e-04, out_err=0.1908, ADMM time=10.31s
	(3/3) Block 10/28, mlp.down_proj | Tuning Factorized Weights...
		(Epoch 01/08) Block Loss: 2.5709e-05
		(Epoch 02/08) Block Loss: 2.5722e-05
		(Epoch 03/08) Block Loss: 2.5978e-05
		(Epoch 04/08) Block Loss: 2.6087e-05
		(Epoch 05/08) Block Loss: 2.6247e-05
		(Epoch 06/08) Block Loss: 2.6088e-05
		(Epoch 07/08) Block Loss: 2.5984e-05
		(Epoch 08/08) Block Loss: 2.5733e-05
		Block 9: relative block output error = 0.0039
Using sequence length: 2048 (model max: 2048)
		Block 9: Test Data PPL        = 18.130
Stopping after block 9 (block_indices=[0, 1, 2, 3, 4, 5, 6, 7, 8, 9])
mean weight err 0.3316 | mean out err 0.1166
Using sequence length: 2048 (model max: 2048)
Evaluating perplexity on wikitext2 - num_samples=146, seqlen=2048
Evaluating PPL for wikitext2 (PPL: N/A):   0%|                                                                                              | 0/146 [00:00<?, ?it/s]Evaluating PPL for wikitext2 (PPL: 51.2902):   0%|                                                                                          | 0/146 [00:00<?, ?it/s]Evaluating PPL for wikitext2 (PPL: 33.6369):   0%|                                                                                          | 0/146 [00:00<?, ?it/s]Evaluating PPL for wikitext2 (PPL: 33.6369):   1%|█                                                                                 | 2/146 [00:00<00:12, 11.49it/s]Evaluating PPL for wikitext2 (PPL: 31.1091):   1%|█                                                                                 | 2/146 [00:00<00:12, 11.49it/s]Evaluating PPL for wikitext2 (PPL: 28.2147):   1%|█                                                                                 | 2/146 [00:00<00:12, 11.49it/s]Evaluating PPL for wikitext2 (PPL: 28.2147):   3%|██▏                                                                               | 4/146 [00:00<00:13, 10.66it/s]Evaluating PPL for wikitext2 (PPL: 24.7636):   3%|██▏                                                                               | 4/146 [00:00<00:13, 10.66it/s]Evaluating PPL for wikitext2 (PPL: 21.1044):   3%|██▏                                                                               | 4/146 [00:00<00:13, 10.66it/s]Evaluating PPL for wikitext2 (PPL: 21.1044):   4%|███▎                                                                              | 6/146 [00:00<00:13, 10.27it/s]Evaluating PPL for wikitext2 (PPL: 26.0798):   4%|███▎                                                                              | 6/146 [00:00<00:13, 10.27it/s]Evaluating PPL for wikitext2 (PPL: 24.1805):   4%|███▎                                                                              | 6/146 [00:00<00:13, 10.27it/s]Evaluating PPL for wikitext2 (PPL: 24.1805):   5%|████▍                                                                             | 8/146 [00:00<00:13, 10.12it/s]Evaluating PPL for wikitext2 (PPL: 23.4010):   5%|████▍                                                                             | 8/146 [00:00<00:13, 10.12it/s]Evaluating PPL for wikitext2 (PPL: 23.0462):   5%|████▍                                                                             | 8/146 [00:00<00:13, 10.12it/s]Evaluating PPL for wikitext2 (PPL: 23.0462):   7%|█████▌                                                                           | 10/146 [00:00<00:13, 10.01it/s]Evaluating PPL for wikitext2 (PPL: 22.2485):   7%|█████▌                                                                           | 10/146 [00:01<00:13, 10.01it/s]Evaluating PPL for wikitext2 (PPL: 21.6330):   7%|█████▌                                                                           | 10/146 [00:01<00:13, 10.01it/s]Evaluating PPL for wikitext2 (PPL: 21.6330):   8%|██████▋                                                                          | 12/146 [00:01<00:13,  9.96it/s]Evaluating PPL for wikitext2 (PPL: 20.8480):   8%|██████▋                                                                          | 12/146 [00:01<00:13,  9.96it/s]Evaluating PPL for wikitext2 (PPL: 20.8480):   9%|███████▏                                                                         | 13/146 [00:01<00:13,  9.91it/s]Evaluating PPL for wikitext2 (PPL: 20.6769):   9%|███████▏                                                                         | 13/146 [00:01<00:13,  9.91it/s]Evaluating PPL for wikitext2 (PPL: 20.2747):   9%|███████▏                                                                         | 13/146 [00:01<00:13,  9.91it/s]Evaluating PPL for wikitext2 (PPL: 20.2747):  10%|████████▎                                                                        | 15/146 [00:01<00:13,  9.93it/s]Evaluating PPL for wikitext2 (PPL: 20.1248):  10%|████████▎                                                                        | 15/146 [00:01<00:13,  9.93it/s]Evaluating PPL for wikitext2 (PPL: 20.1595):  10%|████████▎                                                                        | 15/146 [00:01<00:13,  9.93it/s]Evaluating PPL for wikitext2 (PPL: 20.1595):  12%|█████████▍                                                                       | 17/146 [00:01<00:12, 10.01it/s]Evaluating PPL for wikitext2 (PPL: 19.9639):  12%|█████████▍                                                                       | 17/146 [00:01<00:12, 10.01it/s]Evaluating PPL for wikitext2 (PPL: 19.9639):  12%|█████████▉                                                                       | 18/146 [00:01<00:12,  9.96it/s]Evaluating PPL for wikitext2 (PPL: 19.5800):  12%|█████████▉                                                                       | 18/146 [00:01<00:12,  9.96it/s]Evaluating PPL for wikitext2 (PPL: 19.1209):  12%|█████████▉                                                                       | 18/146 [00:01<00:12,  9.96it/s]Evaluating PPL for wikitext2 (PPL: 19.1209):  14%|███████████                                                                      | 20/146 [00:01<00:11, 11.12it/s]Evaluating PPL for wikitext2 (PPL: 18.9108):  14%|███████████                                                                      | 20/146 [00:02<00:11, 11.12it/s]Evaluating PPL for wikitext2 (PPL: 19.0572):  14%|███████████                                                                      | 20/146 [00:02<00:11, 11.12it/s]Evaluating PPL for wikitext2 (PPL: 19.0572):  15%|████████████▏                                                                    | 22/146 [00:02<00:10, 11.30it/s]Evaluating PPL for wikitext2 (PPL: 18.9200):  15%|████████████▏                                                                    | 22/146 [00:02<00:10, 11.30it/s]Evaluating PPL for wikitext2 (PPL: 18.9055):  15%|████████████▏                                                                    | 22/146 [00:02<00:10, 11.30it/s]Evaluating PPL for wikitext2 (PPL: 18.9055):  16%|█████████████▎                                                                   | 24/146 [00:02<00:10, 11.46it/s]Evaluating PPL for wikitext2 (PPL: 18.8804):  16%|█████████████▎                                                                   | 24/146 [00:02<00:10, 11.46it/s]Evaluating PPL for wikitext2 (PPL: 18.9027):  16%|█████████████▎                                                                   | 24/146 [00:02<00:10, 11.46it/s]Evaluating PPL for wikitext2 (PPL: 18.9027):  18%|██████████████▍                                                                  | 26/146 [00:02<00:10, 11.59it/s]Evaluating PPL for wikitext2 (PPL: 19.0662):  18%|██████████████▍                                                                  | 26/146 [00:02<00:10, 11.59it/s]Evaluating PPL for wikitext2 (PPL: 19.4567):  18%|██████████████▍                                                                  | 26/146 [00:02<00:10, 11.59it/s]Evaluating PPL for wikitext2 (PPL: 19.4567):  19%|███████████████▌                                                                 | 28/146 [00:02<00:10, 11.74it/s]Evaluating PPL for wikitext2 (PPL: 19.4886):  19%|███████████████▌                                                                 | 28/146 [00:02<00:10, 11.74it/s]Evaluating PPL for wikitext2 (PPL: 19.3866):  19%|███████████████▌                                                                 | 28/146 [00:02<00:10, 11.74it/s]Evaluating PPL for wikitext2 (PPL: 19.3866):  21%|████████████████▋                                                                | 30/146 [00:02<00:09, 12.05it/s]Evaluating PPL for wikitext2 (PPL: 19.1368):  21%|████████████████▋                                                                | 30/146 [00:02<00:09, 12.05it/s]Evaluating PPL for wikitext2 (PPL: 19.2596):  21%|████████████████▋                                                                | 30/146 [00:02<00:09, 12.05it/s]Evaluating PPL for wikitext2 (PPL: 19.2596):  22%|█████████████████▊                                                               | 32/146 [00:02<00:09, 11.87it/s]Evaluating PPL for wikitext2 (PPL: 18.9492):  22%|█████████████████▊                                                               | 32/146 [00:03<00:09, 11.87it/s]Evaluating PPL for wikitext2 (PPL: 18.8946):  22%|█████████████████▊                                                               | 32/146 [00:03<00:09, 11.87it/s]Evaluating PPL for wikitext2 (PPL: 18.8946):  23%|██████████████████▊                                                              | 34/146 [00:03<00:09, 11.87it/s]Evaluating PPL for wikitext2 (PPL: 18.7343):  23%|██████████████████▊                                                              | 34/146 [00:03<00:09, 11.87it/s]Evaluating PPL for wikitext2 (PPL: 18.6326):  23%|██████████████████▊                                                              | 34/146 [00:03<00:09, 11.87it/s]Evaluating PPL for wikitext2 (PPL: 18.6326):  25%|███████████████████▉                                                             | 36/146 [00:03<00:09, 11.84it/s]Evaluating PPL for wikitext2 (PPL: 18.3035):  25%|███████████████████▉                                                             | 36/146 [00:03<00:09, 11.84it/s]Evaluating PPL for wikitext2 (PPL: 17.9602):  25%|███████████████████▉                                                             | 36/146 [00:03<00:09, 11.84it/s]Evaluating PPL for wikitext2 (PPL: 17.9602):  26%|█████████████████████                                                            | 38/146 [00:03<00:08, 12.39it/s]Evaluating PPL for wikitext2 (PPL: 17.7396):  26%|█████████████████████                                                            | 38/146 [00:03<00:08, 12.39it/s]Evaluating PPL for wikitext2 (PPL: 17.4098):  26%|█████████████████████                                                            | 38/146 [00:03<00:08, 12.39it/s]Evaluating PPL for wikitext2 (PPL: 17.4098):  27%|██████████████████████▏                                                          | 40/146 [00:03<00:08, 12.15it/s]Evaluating PPL for wikitext2 (PPL: 17.2260):  27%|██████████████████████▏                                                          | 40/146 [00:03<00:08, 12.15it/s]Evaluating PPL for wikitext2 (PPL: 17.1993):  27%|██████████████████████▏                                                          | 40/146 [00:03<00:08, 12.15it/s]Evaluating PPL for wikitext2 (PPL: 17.1993):  29%|███████████████████████▎                                                         | 42/146 [00:03<00:08, 12.35it/s]Evaluating PPL for wikitext2 (PPL: 17.3873):  29%|███████████████████████▎                                                         | 42/146 [00:03<00:08, 12.35it/s]Evaluating PPL for wikitext2 (PPL: 17.6751):  29%|███████████████████████▎                                                         | 42/146 [00:03<00:08, 12.35it/s]Evaluating PPL for wikitext2 (PPL: 17.6751):  30%|████████████████████████▍                                                        | 44/146 [00:03<00:08, 12.16it/s]Evaluating PPL for wikitext2 (PPL: 17.8427):  30%|████████████████████████▍                                                        | 44/146 [00:03<00:08, 12.16it/s]Evaluating PPL for wikitext2 (PPL: 17.9984):  30%|████████████████████████▍                                                        | 44/146 [00:04<00:08, 12.16it/s]Evaluating PPL for wikitext2 (PPL: 17.9984):  32%|█████████████████████████▌                                                       | 46/146 [00:04<00:08, 12.09it/s]Evaluating PPL for wikitext2 (PPL: 18.0765):  32%|█████████████████████████▌                                                       | 46/146 [00:04<00:08, 12.09it/s]Evaluating PPL for wikitext2 (PPL: 18.2049):  32%|█████████████████████████▌                                                       | 46/146 [00:04<00:08, 12.09it/s]Evaluating PPL for wikitext2 (PPL: 18.2049):  33%|██████████████████████████▋                                                      | 48/146 [00:04<00:08, 12.01it/s]Evaluating PPL for wikitext2 (PPL: 18.2415):  33%|██████████████████████████▋                                                      | 48/146 [00:04<00:08, 12.01it/s]Evaluating PPL for wikitext2 (PPL: 18.1344):  33%|██████████████████████████▋                                                      | 48/146 [00:04<00:08, 12.01it/s]Evaluating PPL for wikitext2 (PPL: 18.1344):  34%|███████████████████████████▋                                                     | 50/146 [00:04<00:08, 11.93it/s]Evaluating PPL for wikitext2 (PPL: 18.2042):  34%|███████████████████████████▋                                                     | 50/146 [00:04<00:08, 11.93it/s]Evaluating PPL for wikitext2 (PPL: 18.1949):  34%|███████████████████████████▋                                                     | 50/146 [00:04<00:08, 11.93it/s]Evaluating PPL for wikitext2 (PPL: 18.1949):  36%|████████████████████████████▊                                                    | 52/146 [00:04<00:07, 11.90it/s]Evaluating PPL for wikitext2 (PPL: 18.0790):  36%|████████████████████████████▊                                                    | 52/146 [00:04<00:07, 11.90it/s]Evaluating PPL for wikitext2 (PPL: 17.8955):  36%|████████████████████████████▊                                                    | 52/146 [00:04<00:07, 11.90it/s]Evaluating PPL for wikitext2 (PPL: 17.8955):  37%|█████████████████████████████▉                                                   | 54/146 [00:04<00:07, 12.04it/s]Evaluating PPL for wikitext2 (PPL: 17.8568):  37%|█████████████████████████████▉                                                   | 54/146 [00:04<00:07, 12.04it/s]Evaluating PPL for wikitext2 (PPL: 17.7007):  37%|█████████████████████████████▉                                                   | 54/146 [00:04<00:07, 12.04it/s]Evaluating PPL for wikitext2 (PPL: 17.7007):  38%|███████████████████████████████                                                  | 56/146 [00:04<00:07, 12.43it/s]Evaluating PPL for wikitext2 (PPL: 17.4937):  38%|███████████████████████████████                                                  | 56/146 [00:04<00:07, 12.43it/s]Evaluating PPL for wikitext2 (PPL: 17.2636):  38%|███████████████████████████████                                                  | 56/146 [00:05<00:07, 12.43it/s]Evaluating PPL for wikitext2 (PPL: 17.2636):  40%|████████████████████████████████▏                                                | 58/146 [00:05<00:07, 12.17it/s]Evaluating PPL for wikitext2 (PPL: 17.1937):  40%|████████████████████████████████▏                                                | 58/146 [00:05<00:07, 12.17it/s]Evaluating PPL for wikitext2 (PPL: 17.2383):  40%|████████████████████████████████▏                                                | 58/146 [00:05<00:07, 12.17it/s]Evaluating PPL for wikitext2 (PPL: 17.2383):  41%|█████████████████████████████████▎                                               | 60/146 [00:05<00:07, 12.08it/s]Evaluating PPL for wikitext2 (PPL: 17.2550):  41%|█████████████████████████████████▎                                               | 60/146 [00:05<00:07, 12.08it/s]Evaluating PPL for wikitext2 (PPL: 17.3323):  41%|█████████████████████████████████▎                                               | 60/146 [00:05<00:07, 12.08it/s]Evaluating PPL for wikitext2 (PPL: 17.3323):  42%|██████████████████████████████████▍                                              | 62/146 [00:05<00:07, 11.97it/s]Evaluating PPL for wikitext2 (PPL: 17.3772):  42%|██████████████████████████████████▍                                              | 62/146 [00:05<00:07, 11.97it/s]Evaluating PPL for wikitext2 (PPL: 17.4975):  42%|██████████████████████████████████▍                                              | 62/146 [00:05<00:07, 11.97it/s]Evaluating PPL for wikitext2 (PPL: 17.4975):  44%|███████████████████████████████████▌                                             | 64/146 [00:05<00:06, 11.93it/s]Evaluating PPL for wikitext2 (PPL: 17.4464):  44%|███████████████████████████████████▌                                             | 64/146 [00:05<00:06, 11.93it/s]Evaluating PPL for wikitext2 (PPL: 17.4094):  44%|███████████████████████████████████▌                                             | 64/146 [00:05<00:06, 11.93it/s]Evaluating PPL for wikitext2 (PPL: 17.4094):  45%|████████████████████████████████████▌                                            | 66/146 [00:05<00:06, 11.89it/s]Evaluating PPL for wikitext2 (PPL: 17.4628):  45%|████████████████████████████████████▌                                            | 66/146 [00:05<00:06, 11.89it/s]Evaluating PPL for wikitext2 (PPL: 17.5270):  45%|████████████████████████████████████▌                                            | 66/146 [00:05<00:06, 11.89it/s]Evaluating PPL for wikitext2 (PPL: 17.5270):  47%|█████████████████████████████████████▋                                           | 68/146 [00:05<00:06, 12.53it/s]Evaluating PPL for wikitext2 (PPL: 17.5140):  47%|█████████████████████████████████████▋                                           | 68/146 [00:05<00:06, 12.53it/s]Evaluating PPL for wikitext2 (PPL: 17.4779):  47%|█████████████████████████████████████▋                                           | 68/146 [00:06<00:06, 12.53it/s]Evaluating PPL for wikitext2 (PPL: 17.4779):  48%|██████████████████████████████████████▊                                          | 70/146 [00:06<00:05, 12.75it/s]Evaluating PPL for wikitext2 (PPL: 17.4238):  48%|██████████████████████████████████████▊                                          | 70/146 [00:06<00:05, 12.75it/s]Evaluating PPL for wikitext2 (PPL: 17.4468):  48%|██████████████████████████████████████▊                                          | 70/146 [00:06<00:05, 12.75it/s]Evaluating PPL for wikitext2 (PPL: 17.4468):  49%|███████████████████████████████████████▉                                         | 72/146 [00:06<00:05, 13.02it/s]Evaluating PPL for wikitext2 (PPL: 17.5180):  49%|███████████████████████████████████████▉                                         | 72/146 [00:06<00:05, 13.02it/s]Evaluating PPL for wikitext2 (PPL: 17.6172):  49%|███████████████████████████████████████▉                                         | 72/146 [00:06<00:05, 13.02it/s]Evaluating PPL for wikitext2 (PPL: 17.6187):  49%|███████████████████████████████████████▉                                         | 72/146 [00:06<00:05, 13.02it/s]Evaluating PPL for wikitext2 (PPL: 17.6187):  51%|█████████████████████████████████████████▌                                       | 75/146 [00:06<00:04, 15.88it/s]Evaluating PPL for wikitext2 (PPL: 17.5766):  51%|█████████████████████████████████████████▌                                       | 75/146 [00:06<00:04, 15.88it/s]Evaluating PPL for wikitext2 (PPL: 17.5429):  51%|█████████████████████████████████████████▌                                       | 75/146 [00:06<00:04, 15.88it/s]Evaluating PPL for wikitext2 (PPL: 17.5429):  53%|██████████████████████████████████████████▋                                      | 77/146 [00:06<00:04, 16.47it/s]Evaluating PPL for wikitext2 (PPL: 17.4961):  53%|██████████████████████████████████████████▋                                      | 77/146 [00:06<00:04, 16.47it/s]Evaluating PPL for wikitext2 (PPL: 17.4921):  53%|██████████████████████████████████████████▋                                      | 77/146 [00:06<00:04, 16.47it/s]Evaluating PPL for wikitext2 (PPL: 17.4921):  54%|███████████████████████████████████████████▊                                     | 79/146 [00:06<00:04, 16.35it/s]Evaluating PPL for wikitext2 (PPL: 17.7150):  54%|███████████████████████████████████████████▊                                     | 79/146 [00:06<00:04, 16.35it/s]Evaluating PPL for wikitext2 (PPL: 17.7049):  54%|███████████████████████████████████████████▊                                     | 79/146 [00:06<00:04, 16.35it/s]Evaluating PPL for wikitext2 (PPL: 17.7049):  55%|████████████████████████████████████████████▉                                    | 81/146 [00:06<00:04, 15.73it/s]Evaluating PPL for wikitext2 (PPL: 17.6883):  55%|████████████████████████████████████████████▉                                    | 81/146 [00:06<00:04, 15.73it/s]Evaluating PPL for wikitext2 (PPL: 17.5494):  55%|████████████████████████████████████████████▉                                    | 81/146 [00:06<00:04, 15.73it/s]Evaluating PPL for wikitext2 (PPL: 17.5494):  57%|██████████████████████████████████████████████                                   | 83/146 [00:06<00:04, 15.33it/s]Evaluating PPL for wikitext2 (PPL: 17.4474):  57%|██████████████████████████████████████████████                                   | 83/146 [00:06<00:04, 15.33it/s]Evaluating PPL for wikitext2 (PPL: 17.3930):  57%|██████████████████████████████████████████████                                   | 83/146 [00:06<00:04, 15.33it/s]Evaluating PPL for wikitext2 (PPL: 17.3930):  58%|███████████████████████████████████████████████▏                                 | 85/146 [00:06<00:04, 15.09it/s]Evaluating PPL for wikitext2 (PPL: 17.4697):  58%|███████████████████████████████████████████████▏                                 | 85/146 [00:07<00:04, 15.09it/s]Evaluating PPL for wikitext2 (PPL: 17.4381):  58%|███████████████████████████████████████████████▏                                 | 85/146 [00:07<00:04, 15.09it/s]Evaluating PPL for wikitext2 (PPL: 17.4381):  60%|████████████████████████████████████████████████▎                                | 87/146 [00:07<00:03, 14.91it/s]Evaluating PPL for wikitext2 (PPL: 17.4382):  60%|████████████████████████████████████████████████▎                                | 87/146 [00:07<00:03, 14.91it/s]Evaluating PPL for wikitext2 (PPL: 17.4659):  60%|████████████████████████████████████████████████▎                                | 87/146 [00:07<00:03, 14.91it/s]Evaluating PPL for wikitext2 (PPL: 17.4659):  61%|█████████████████████████████████████████████████▍                               | 89/146 [00:07<00:03, 14.75it/s]Evaluating PPL for wikitext2 (PPL: 17.4749):  61%|█████████████████████████████████████████████████▍                               | 89/146 [00:07<00:03, 14.75it/s]Evaluating PPL for wikitext2 (PPL: 17.5317):  61%|█████████████████████████████████████████████████▍                               | 89/146 [00:07<00:03, 14.75it/s]Evaluating PPL for wikitext2 (PPL: 17.5317):  62%|██████████████████████████████████████████████████▍                              | 91/146 [00:07<00:03, 15.13it/s]Evaluating PPL for wikitext2 (PPL: 17.6953):  62%|██████████████████████████████████████████████████▍                              | 91/146 [00:07<00:03, 15.13it/s]Evaluating PPL for wikitext2 (PPL: 17.8720):  62%|██████████████████████████████████████████████████▍                              | 91/146 [00:07<00:03, 15.13it/s]Evaluating PPL for wikitext2 (PPL: 17.8720):  64%|███████████████████████████████████████████████████▌                             | 93/146 [00:07<00:03, 15.71it/s]Evaluating PPL for wikitext2 (PPL: 17.9388):  64%|███████████████████████████████████████████████████▌                             | 93/146 [00:07<00:03, 15.71it/s]Evaluating PPL for wikitext2 (PPL: 18.0194):  64%|███████████████████████████████████████████████████▌                             | 93/146 [00:07<00:03, 15.71it/s]Evaluating PPL for wikitext2 (PPL: 18.0194):  65%|████████████████████████████████████████████████████▋                            | 95/146 [00:07<00:03, 15.58it/s]Evaluating PPL for wikitext2 (PPL: 18.1045):  65%|████████████████████████████████████████████████████▋                            | 95/146 [00:07<00:03, 15.58it/s]Evaluating PPL for wikitext2 (PPL: 18.1414):  65%|████████████████████████████████████████████████████▋                            | 95/146 [00:07<00:03, 15.58it/s]Evaluating PPL for wikitext2 (PPL: 18.1414):  66%|█████████████████████████████████████████████████████▊                           | 97/146 [00:07<00:03, 15.21it/s]Evaluating PPL for wikitext2 (PPL: 18.2037):  66%|█████████████████████████████████████████████████████▊                           | 97/146 [00:07<00:03, 15.21it/s]Evaluating PPL for wikitext2 (PPL: 18.1931):  66%|█████████████████████████████████████████████████████▊                           | 97/146 [00:07<00:03, 15.21it/s]Evaluating PPL for wikitext2 (PPL: 18.1931):  68%|██████████████████████████████████████████████████████▉                          | 99/146 [00:07<00:03, 14.98it/s]Evaluating PPL for wikitext2 (PPL: 18.2225):  68%|██████████████████████████████████████████████████████▉                          | 99/146 [00:07<00:03, 14.98it/s]Evaluating PPL for wikitext2 (PPL: 18.2231):  68%|██████████████████████████████████████████████████████▉                          | 99/146 [00:08<00:03, 14.98it/s]Evaluating PPL for wikitext2 (PPL: 18.2231):  69%|███████████████████████████████████████████████████████▎                        | 101/146 [00:08<00:03, 14.81it/s]Evaluating PPL for wikitext2 (PPL: 18.2154):  69%|███████████████████████████████████████████████████████▎                        | 101/146 [00:08<00:03, 14.81it/s]Evaluating PPL for wikitext2 (PPL: 18.2327):  69%|███████████████████████████████████████████████████████▎                        | 101/146 [00:08<00:03, 14.81it/s]Evaluating PPL for wikitext2 (PPL: 18.2327):  71%|████████████████████████████████████████████████████████▍                       | 103/146 [00:08<00:02, 14.68it/s]Evaluating PPL for wikitext2 (PPL: 18.2387):  71%|████████████████████████████████████████████████████████▍                       | 103/146 [00:08<00:02, 14.68it/s]Evaluating PPL for wikitext2 (PPL: 18.2772):  71%|████████████████████████████████████████████████████████▍                       | 103/146 [00:08<00:02, 14.68it/s]Evaluating PPL for wikitext2 (PPL: 18.2772):  72%|█████████████████████████████████████████████████████████▌                      | 105/146 [00:08<00:02, 14.62it/s]Evaluating PPL for wikitext2 (PPL: 18.2935):  72%|█████████████████████████████████████████████████████████▌                      | 105/146 [00:08<00:02, 14.62it/s]Evaluating PPL for wikitext2 (PPL: 18.3443):  72%|█████████████████████████████████████████████████████████▌                      | 105/146 [00:08<00:02, 14.62it/s]Evaluating PPL for wikitext2 (PPL: 18.3443):  73%|██████████████████████████████████████████████████████████▋                     | 107/146 [00:08<00:02, 14.58it/s]Evaluating PPL for wikitext2 (PPL: 18.3517):  73%|██████████████████████████████████████████████████████████▋                     | 107/146 [00:08<00:02, 14.58it/s]Evaluating PPL for wikitext2 (PPL: 18.3064):  73%|██████████████████████████████████████████████████████████▋                     | 107/146 [00:08<00:02, 14.58it/s]Evaluating PPL for wikitext2 (PPL: 18.3064):  75%|███████████████████████████████████████████████████████████▋                    | 109/146 [00:08<00:02, 15.75it/s]Evaluating PPL for wikitext2 (PPL: 18.3063):  75%|███████████████████████████████████████████████████████████▋                    | 109/146 [00:08<00:02, 15.75it/s]Evaluating PPL for wikitext2 (PPL: 18.2855):  75%|███████████████████████████████████████████████████████████▋                    | 109/146 [00:08<00:02, 15.75it/s]Evaluating PPL for wikitext2 (PPL: 18.2855):  76%|████████████████████████████████████████████████████████████▊                   | 111/146 [00:08<00:02, 16.47it/s]Evaluating PPL for wikitext2 (PPL: 18.2499):  76%|████████████████████████████████████████████████████████████▊                   | 111/146 [00:08<00:02, 16.47it/s]Evaluating PPL for wikitext2 (PPL: 18.2426):  76%|████████████████████████████████████████████████████████████▊                   | 111/146 [00:08<00:02, 16.47it/s]Evaluating PPL for wikitext2 (PPL: 18.2426):  77%|█████████████████████████████████████████████████████████████▉                  | 113/146 [00:08<00:02, 15.82it/s]Evaluating PPL for wikitext2 (PPL: 18.2130):  77%|█████████████████████████████████████████████████████████████▉                  | 113/146 [00:08<00:02, 15.82it/s]Evaluating PPL for wikitext2 (PPL: 18.2112):  77%|█████████████████████████████████████████████████████████████▉                  | 113/146 [00:08<00:02, 15.82it/s]Evaluating PPL for wikitext2 (PPL: 18.2112):  79%|███████████████████████████████████████████████████████████████                 | 115/146 [00:08<00:02, 15.37it/s]Evaluating PPL for wikitext2 (PPL: 18.2340):  79%|███████████████████████████████████████████████████████████████                 | 115/146 [00:08<00:02, 15.37it/s]Evaluating PPL for wikitext2 (PPL: 18.2734):  79%|███████████████████████████████████████████████████████████████                 | 115/146 [00:09<00:02, 15.37it/s]Evaluating PPL for wikitext2 (PPL: 18.2734):  80%|████████████████████████████████████████████████████████████████                | 117/146 [00:09<00:01, 15.05it/s]Evaluating PPL for wikitext2 (PPL: 18.2784):  80%|████████████████████████████████████████████████████████████████                | 117/146 [00:09<00:01, 15.05it/s]Evaluating PPL for wikitext2 (PPL: 18.2258):  80%|████████████████████████████████████████████████████████████████                | 117/146 [00:09<00:01, 15.05it/s]Evaluating PPL for wikitext2 (PPL: 18.2258):  82%|█████████████████████████████████████████████████████████████████▏              | 119/146 [00:09<00:01, 14.93it/s]Evaluating PPL for wikitext2 (PPL: 18.2073):  82%|█████████████████████████████████████████████████████████████████▏              | 119/146 [00:09<00:01, 14.93it/s]Evaluating PPL for wikitext2 (PPL: 18.2268):  82%|█████████████████████████████████████████████████████████████████▏              | 119/146 [00:09<00:01, 14.93it/s]Evaluating PPL for wikitext2 (PPL: 18.2268):  83%|██████████████████████████████████████████████████████████████████▎             | 121/146 [00:09<00:01, 14.90it/s]Evaluating PPL for wikitext2 (PPL: 18.1690):  83%|██████████████████████████████████████████████████████████████████▎             | 121/146 [00:09<00:01, 14.90it/s]Evaluating PPL for wikitext2 (PPL: 18.1055):  83%|██████████████████████████████████████████████████████████████████▎             | 121/146 [00:09<00:01, 14.90it/s]Evaluating PPL for wikitext2 (PPL: 18.1055):  84%|███████████████████████████████████████████████████████████████████▍            | 123/146 [00:09<00:01, 14.94it/s]Evaluating PPL for wikitext2 (PPL: 18.0500):  84%|███████████████████████████████████████████████████████████████████▍            | 123/146 [00:09<00:01, 14.94it/s]Evaluating PPL for wikitext2 (PPL: 18.0767):  84%|███████████████████████████████████████████████████████████████████▍            | 123/146 [00:09<00:01, 14.94it/s]Evaluating PPL for wikitext2 (PPL: 18.0767):  86%|████████████████████████████████████████████████████████████████████▍           | 125/146 [00:09<00:01, 15.59it/s]Evaluating PPL for wikitext2 (PPL: 18.0986):  86%|████████████████████████████████████████████████████████████████████▍           | 125/146 [00:09<00:01, 15.59it/s]Evaluating PPL for wikitext2 (PPL: 18.0867):  86%|████████████████████████████████████████████████████████████████████▍           | 125/146 [00:09<00:01, 15.59it/s]Evaluating PPL for wikitext2 (PPL: 18.0662):  86%|████████████████████████████████████████████████████████████████████▍           | 125/146 [00:09<00:01, 15.59it/s]Evaluating PPL for wikitext2 (PPL: 18.0662):  88%|██████████████████████████████████████████████████████████████████████▏         | 128/146 [00:09<00:01, 17.63it/s]Evaluating PPL for wikitext2 (PPL: 18.0046):  88%|██████████████████████████████████████████████████████████████████████▏         | 128/146 [00:09<00:01, 17.63it/s]Evaluating PPL for wikitext2 (PPL: 17.9505):  88%|██████████████████████████████████████████████████████████████████████▏         | 128/146 [00:09<00:01, 17.63it/s]Evaluating PPL for wikitext2 (PPL: 17.9505):  89%|███████████████████████████████████████████████████████████████████████▏        | 130/146 [00:09<00:00, 17.56it/s]Evaluating PPL for wikitext2 (PPL: 17.9103):  89%|███████████████████████████████████████████████████████████████████████▏        | 130/146 [00:09<00:00, 17.56it/s]Evaluating PPL for wikitext2 (PPL: 17.9174):  89%|███████████████████████████████████████████████████████████████████████▏        | 130/146 [00:09<00:00, 17.56it/s]Evaluating PPL for wikitext2 (PPL: 17.9174):  90%|████████████████████████████████████████████████████████████████████████▎       | 132/146 [00:09<00:00, 17.04it/s]Evaluating PPL for wikitext2 (PPL: 17.8886):  90%|████████████████████████████████████████████████████████████████████████▎       | 132/146 [00:10<00:00, 17.04it/s]Evaluating PPL for wikitext2 (PPL: 17.8624):  90%|████████████████████████████████████████████████████████████████████████▎       | 132/146 [00:10<00:00, 17.04it/s]Evaluating PPL for wikitext2 (PPL: 17.8624):  92%|█████████████████████████████████████████████████████████████████████████▍      | 134/146 [00:10<00:00, 16.80it/s]Evaluating PPL for wikitext2 (PPL: 17.8945):  92%|█████████████████████████████████████████████████████████████████████████▍      | 134/146 [00:10<00:00, 16.80it/s]Evaluating PPL for wikitext2 (PPL: 17.8788):  92%|█████████████████████████████████████████████████████████████████████████▍      | 134/146 [00:10<00:00, 16.80it/s]Evaluating PPL for wikitext2 (PPL: 17.8166):  92%|█████████████████████████████████████████████████████████████████████████▍      | 134/146 [00:10<00:00, 16.80it/s]Evaluating PPL for wikitext2 (PPL: 17.8166):  94%|███████████████████████████████████████████████████████████████████████████     | 137/146 [00:10<00:00, 17.69it/s]Evaluating PPL for wikitext2 (PPL: 17.7294):  94%|███████████████████████████████████████████████████████████████████████████     | 137/146 [00:10<00:00, 17.69it/s]Evaluating PPL for wikitext2 (PPL: 17.6598):  94%|███████████████████████████████████████████████████████████████████████████     | 137/146 [00:10<00:00, 17.69it/s]Evaluating PPL for wikitext2 (PPL: 17.6598):  95%|████████████████████████████████████████████████████████████████████████████▏   | 139/146 [00:10<00:00, 17.20it/s]Evaluating PPL for wikitext2 (PPL: 17.7750):  95%|████████████████████████████████████████████████████████████████████████████▏   | 139/146 [00:10<00:00, 17.20it/s]Evaluating PPL for wikitext2 (PPL: 17.8121):  95%|████████████████████████████████████████████████████████████████████████████▏   | 139/146 [00:10<00:00, 17.20it/s]Evaluating PPL for wikitext2 (PPL: 17.8121):  97%|█████████████████████████████████████████████████████████████████████████████▎  | 141/146 [00:10<00:00, 16.80it/s]Evaluating PPL for wikitext2 (PPL: 17.8468):  97%|█████████████████████████████████████████████████████████████████████████████▎  | 141/146 [00:10<00:00, 16.80it/s]Evaluating PPL for wikitext2 (PPL: 18.0656):  97%|█████████████████████████████████████████████████████████████████████████████▎  | 141/146 [00:10<00:00, 16.80it/s]Evaluating PPL for wikitext2 (PPL: 18.0656):  98%|██████████████████████████████████████████████████████████████████████████████▎ | 143/146 [00:10<00:00, 17.55it/s]Evaluating PPL for wikitext2 (PPL: 18.0809):  98%|██████████████████████████████████████████████████████████████████████████████▎ | 143/146 [00:10<00:00, 17.55it/s]Evaluating PPL for wikitext2 (PPL: 18.1096):  98%|██████████████████████████████████████████████████████████████████████████████▎ | 143/146 [00:10<00:00, 17.55it/s]Evaluating PPL for wikitext2 (PPL: 18.1096):  99%|███████████████████████████████████████████████████████████████████████████████▍| 145/146 [00:10<00:00, 17.48it/s]Evaluating PPL for wikitext2 (PPL: 18.1302):  99%|███████████████████████████████████████████████████████████████████████████████▍| 145/146 [00:10<00:00, 17.48it/s]Evaluating PPL for wikitext2 (PPL: 18.1302): 100%|████████████████████████████████████████████████████████████████████████████████| 146/146 [00:10<00:00, 13.57it/s]
Perplexity on wikitext2: 18.1302
{
 "arm": "cov",
 "eval": {
  "wikitext2": {
   "ppl": 18.13024139404297
  }
 },
 "mean_out_err": 0.11660581684652731,
 "mean_weight_err": 0.3316220611520375,
 "total_time": 2676.701161623001
}
