Token indices sequence length is longer than the specified maximum sequence length for this model (2518423 > 131072). Running this sequence through the model will result in indexing errors
Loading model 'Qwen/Qwen3-0.6B-Base'...
Qwen3ForCausalLM(
  (model): Qwen3Model(
    (embed_tokens): Embedding(151936, 1024)
    (layers): ModuleList(
      (0-27): 28 x Qwen3DecoderLayer(
        (self_attn): Qwen3Attention(
          (q_proj): Linear(in_features=1024, out_features=2048, bias=False)
          (k_proj): Linear(in_features=1024, out_features=1024, bias=False)
          (v_proj): Linear(in_features=1024, out_features=1024, bias=False)
          (o_proj): Linear(in_features=2048, out_features=1024, bias=False)
          (q_norm): Qwen3RMSNorm((128,), eps=1e-06)
          (k_norm): Qwen3RMSNorm((128,), eps=1e-06)
        )
        (mlp): Qwen3MLP(
          (gate_proj): Linear(in_features=1024, out_features=3072, bias=False)
          (up_proj): Linear(in_features=1024, out_features=3072, bias=False)
          (down_proj): Linear(in_features=3072, out_features=1024, bias=False)
          (act_fn): SiLUActivation()
        )
        (input_layernorm): Qwen3RMSNorm((1024,), eps=1e-06)
        (post_attention_layernorm): Qwen3RMSNorm((1024,), eps=1e-06)
      )
    )
    (norm): Qwen3RMSNorm((1024,), eps=1e-06)
    (rotary_emb): Qwen3RotaryEmbedding()
  )
  (lm_head): Linear(in_features=1024, out_features=151936, bias=False)
)
Rank calculation: Bits = (1.00), Scales: 2
factorized bpw = 0.9729
Loading model 'Qwen/Qwen3-0.6B-Base'...
Qwen3ForCausalLM(
  (model): Qwen3Model(
    (embed_tokens): Embedding(151936, 1024)
    (layers): ModuleList(
      (0-27): 28 x Qwen3DecoderLayer(
        (self_attn): Qwen3Attention(
          (q_proj): Linear(in_features=1024, out_features=2048, bias=False)
          (k_proj): Linear(in_features=1024, out_features=1024, bias=False)
          (v_proj): Linear(in_features=1024, out_features=1024, bias=False)
          (o_proj): Linear(in_features=2048, out_features=1024, bias=False)
          (q_norm): Qwen3RMSNorm((128,), eps=1e-06)
          (k_norm): Qwen3RMSNorm((128,), eps=1e-06)
        )
        (mlp): Qwen3MLP(
          (gate_proj): Linear(in_features=1024, out_features=3072, bias=False)
          (up_proj): Linear(in_features=1024, out_features=3072, bias=False)
          (down_proj): Linear(in_features=3072, out_features=1024, bias=False)
          (act_fn): SiLUActivation()
        )
        (input_layernorm): Qwen3RMSNorm((1024,), eps=1e-06)
        (post_attention_layernorm): Qwen3RMSNorm((1024,), eps=1e-06)
      )
    )
    (norm): Qwen3RMSNorm((1024,), eps=1e-06)
    (rotary_emb): Qwen3RotaryEmbedding()
  )
  (lm_head): Linear(in_features=1024, out_features=151936, bias=False)
)

Processing dataset: Salesforce/wikitext (config: wikitext-2-raw-v1)
Attempting to generate 128 samples...
Applying special handling for wikitext: concatenating all documents.
Slicing concatenated wikitext:   0%|                                                                                                        | 0/128 [00:00<?, ?it/s]Slicing concatenated wikitext: 100%|████████████████████████████████████████████████████████████████████████████████████████████| 128/128 [00:00<00:00, 1644.15it/s]

Shuffling the final combined dataset (128 samples)...

Creating Hugging Face Dataset...
Calibration dataloader created with shape: torch.Size([128, 2048])
Loading cached calibration statistics from stats_q06.pt
Applying covariance shrinkage (strength: 0.4)...
Attaching statistics to 196 layers...
Registered i_norm and o_norm buffers to 196 layers
Rank calculation: Bits = (1.00), Scales: 2
Caching initial inputs & kwargs using Catcher...
Capturing inputs...
Initial input caching finished.
Compressing Layers:   0%|                                                                                                                    | 0/28 [00:00<?, ?it/s]Token indices sequence length is longer than the specified maximum sequence length for this model (299078 > 131072). Running this sequence through the model will result in indexing errors
Compressing Layers:   4%|███▊                                                                                                     | 1/28 [03:44<1:40:54, 224.23s/it]	(1/3) Block 1/28, self_attn.q_proj | Tuning Non-Factorized Weights...
		(Epoch 01/08) Block Loss: 0.0000e+00
		(Epoch 02/08) Block Loss: 0.0000e+00
		(Epoch 03/08) Block Loss: 0.0000e+00
		(Epoch 04/08) Block Loss: 0.0000e+00
		(Epoch 05/08) Block Loss: 0.0000e+00
		(Epoch 06/08) Block Loss: 0.0000e+00
		(Epoch 07/08) Block Loss: 0.0000e+00
		(Epoch 08/08) Block Loss: 0.0000e+00
	(2/3) Block 1/28, self_attn.q_proj | Initialization via ADMM...
		ADMM weight recon error: raw=679.4387, norm=0.3217, per_el=3.2398e-04, out_err=0.0636, ADMM time=5.79s
	(3/3) Block 1/28, self_attn.q_proj | Tuning Factorized Weights...
		(Epoch 01/08) Block Loss: 3.6133e-06
		(Epoch 02/08) Block Loss: 2.4998e-06
		(Epoch 03/08) Block Loss: 2.0578e-06
		(Epoch 04/08) Block Loss: 1.7959e-06
		(Epoch 05/08) Block Loss: 1.6454e-06
		(Epoch 06/08) Block Loss: 1.5364e-06
		(Epoch 07/08) Block Loss: 1.4616e-06
		(Epoch 08/08) Block Loss: 1.4058e-06
	(1/3) Block 1/28, self_attn.v_proj | Tuning Non-Factorized Weights...
		(Epoch 01/08) Block Loss: 1.7892e-06
		(Epoch 02/08) Block Loss: 1.2800e-06
		(Epoch 03/08) Block Loss: 1.0298e-06
		(Epoch 04/08) Block Loss: 9.1833e-07
		(Epoch 05/08) Block Loss: 8.0543e-07
		(Epoch 06/08) Block Loss: 7.1098e-07
		(Epoch 07/08) Block Loss: 6.7522e-07
		(Epoch 08/08) Block Loss: 6.6270e-07
	(2/3) Block 1/28, self_attn.v_proj | Initialization via ADMM...
		ADMM weight recon error: raw=290.6116, norm=0.3804, per_el=2.7715e-04, out_err=0.3601, ADMM time=3.60s
	(3/3) Block 1/28, self_attn.v_proj | Tuning Factorized Weights...
		(Epoch 01/08) Block Loss: 1.0601e-04
		(Epoch 02/08) Block Loss: 8.2463e-05
		(Epoch 03/08) Block Loss: 7.6117e-05
		(Epoch 04/08) Block Loss: 7.5182e-05
		(Epoch 05/08) Block Loss: 7.5366e-05
		(Epoch 06/08) Block Loss: 7.5832e-05
		(Epoch 07/08) Block Loss: 7.5569e-05
		(Epoch 08/08) Block Loss: 7.3378e-05
	(1/3) Block 1/28, self_attn.o_proj | Tuning Non-Factorized Weights...
		(Epoch 01/08) Block Loss: 5.1783e-05
		(Epoch 02/08) Block Loss: 3.6806e-05
		(Epoch 03/08) Block Loss: 3.0710e-05
		(Epoch 04/08) Block Loss: 2.7478e-05
		(Epoch 05/08) Block Loss: 2.5568e-05
		(Epoch 06/08) Block Loss: 2.4500e-05
		(Epoch 07/08) Block Loss: 2.3970e-05
		(Epoch 08/08) Block Loss: 2.3793e-05
	(2/3) Block 1/28, self_attn.o_proj | Initialization via ADMM...
		ADMM weight recon error: raw=570.4793, norm=0.3984, per_el=2.7203e-04, out_err=0.1738, ADMM time=2.47s
	(3/3) Block 1/28, self_attn.o_proj | Tuning Factorized Weights...
		(Epoch 01/08) Block Loss: 1.0729e-04
		(Epoch 02/08) Block Loss: 9.0869e-05
		(Epoch 03/08) Block Loss: 8.3668e-05
		(Epoch 04/08) Block Loss: 8.0416e-05
		(Epoch 05/08) Block Loss: 7.9248e-05
		(Epoch 06/08) Block Loss: 7.8265e-05
		(Epoch 07/08) Block Loss: 7.7971e-05
		(Epoch 08/08) Block Loss: 7.6765e-05
	(1/3) Block 1/28, self_attn.k_proj | Tuning Non-Factorized Weights...
		(Epoch 01/08) Block Loss: 6.2679e-05
		(Epoch 02/08) Block Loss: 5.0995e-05
		(Epoch 03/08) Block Loss: 4.5356e-05
		(Epoch 04/08) Block Loss: 4.2092e-05
		(Epoch 05/08) Block Loss: 4.0071e-05
		(Epoch 06/08) Block Loss: 3.8923e-05
		(Epoch 07/08) Block Loss: 3.8354e-05
		(Epoch 08/08) Block Loss: 3.8166e-05
	(2/3) Block 1/28, self_attn.k_proj | Initialization via ADMM...
		ADMM weight recon error: raw=307.5760, norm=0.3039, per_el=2.9333e-04, out_err=0.0447, ADMM time=4.45s
	(3/3) Block 1/28, self_attn.k_proj | Tuning Factorized Weights...
		(Epoch 01/08) Block Loss: 4.1122e-05
		(Epoch 02/08) Block Loss: 4.0316e-05
		(Epoch 03/08) Block Loss: 3.9964e-05
		(Epoch 04/08) Block Loss: 3.9748e-05
		(Epoch 05/08) Block Loss: 3.9616e-05
		(Epoch 06/08) Block Loss: 3.9533e-05
		(Epoch 07/08) Block Loss: 3.9484e-05
		(Epoch 08/08) Block Loss: 3.9461e-05
	(1/3) Block 1/28, mlp.gate_proj | Tuning Non-Factorized Weights...
		(Epoch 01/08) Block Loss: 3.8524e-05
		(Epoch 02/08) Block Loss: 3.5813e-05
		(Epoch 03/08) Block Loss: 3.4018e-05
		(Epoch 04/08) Block Loss: 3.2820e-05
		(Epoch 05/08) Block Loss: 3.1980e-05
		(Epoch 06/08) Block Loss: 3.1472e-05
		(Epoch 07/08) Block Loss: 3.1203e-05
		(Epoch 08/08) Block Loss: 3.1104e-05
	(2/3) Block 1/28, mlp.gate_proj | Initialization via ADMM...
		ADMM weight recon error: raw=1426.1370, norm=0.3229, per_el=4.5336e-04, out_err=0.0609, ADMM time=5.95s
	(3/3) Block 1/28, mlp.gate_proj | Tuning Factorized Weights...
		(Epoch 01/08) Block Loss: 4.8368e-05
		(Epoch 02/08) Block Loss: 4.2662e-05
		(Epoch 03/08) Block Loss: 4.1470e-05
		(Epoch 04/08) Block Loss: 4.1051e-05
		(Epoch 05/08) Block Loss: 4.0841e-05
		(Epoch 06/08) Block Loss: 4.0647e-05
		(Epoch 07/08) Block Loss: 4.0426e-05
		(Epoch 08/08) Block Loss: 3.9922e-05
	(1/3) Block 1/28, mlp.up_proj | Tuning Non-Factorized Weights...
		(Epoch 01/08) Block Loss: 3.7390e-05
		(Epoch 02/08) Block Loss: 3.5367e-05
		(Epoch 03/08) Block Loss: 3.4271e-05
		(Epoch 04/08) Block Loss: 3.3568e-05
		(Epoch 05/08) Block Loss: 3.3063e-05
		(Epoch 06/08) Block Loss: 3.2752e-05
		(Epoch 07/08) Block Loss: 3.2582e-05
		(Epoch 08/08) Block Loss: 3.2517e-05
	(2/3) Block 1/28, mlp.up_proj | Initialization via ADMM...
		ADMM weight recon error: raw=816.1894, norm=0.3494, per_el=2.5946e-04, out_err=0.2401, ADMM time=5.64s
	(3/3) Block 1/28, mlp.up_proj | Tuning Factorized Weights...
		(Epoch 01/08) Block Loss: 6.2456e-05
		(Epoch 02/08) Block Loss: 5.3758e-05
		(Epoch 03/08) Block Loss: 5.1710e-05
		(Epoch 04/08) Block Loss: 5.1059e-05
		(Epoch 05/08) Block Loss: 5.0934e-05
		(Epoch 06/08) Block Loss: 5.0459e-05
		(Epoch 07/08) Block Loss: 5.0239e-05
		(Epoch 08/08) Block Loss: 4.9110e-05
	(1/3) Block 1/28, mlp.down_proj | Tuning Non-Factorized Weights...
		(Epoch 01/08) Block Loss: 4.4876e-05
		(Epoch 02/08) Block Loss: 4.2458e-05
		(Epoch 03/08) Block Loss: 4.1271e-05
		(Epoch 04/08) Block Loss: 4.0575e-05
		(Epoch 05/08) Block Loss: 4.0123e-05
		(Epoch 06/08) Block Loss: 3.9860e-05
		(Epoch 07/08) Block Loss: 3.9723e-05
		(Epoch 08/08) Block Loss: 3.9676e-05
	(2/3) Block 1/28, mlp.down_proj | Initialization via ADMM...
		ADMM weight recon error: raw=858.4332, norm=0.3530, per_el=2.7289e-04, out_err=0.2468, ADMM time=3.51s
	(3/3) Block 1/28, mlp.down_proj | Tuning Factorized Weights...
		(Epoch 01/08) Block Loss: 8.5756e-05
		(Epoch 02/08) Block Loss: 8.0945e-05
		(Epoch 03/08) Block Loss: 7.9810e-05
		(Epoch 04/08) Block Loss: 7.9414e-05
		(Epoch 05/08) Block Loss: 7.9318e-05
		(Epoch 06/08) Block Loss: 7.9090e-05
		(Epoch 07/08) Block Loss: 7.8907e-05
		(Epoch 08/08) Block Loss: 7.7667e-05
		Block 0: relative block output error = 0.1240
Using sequence length: 2048 (model max: 2048)
		Block 0: Test Data PPL        = 16.595
	(1/3) Block 2/28, self_attn.q_proj | Tuning Non-Factorized Weights...
		(Epoch 01/08) Block Loss: 3.1155e-05
		(Epoch 02/08) Block Loss: 2.6441e-05
		(Epoch 03/08) Block Loss: 2.4312e-05
		(Epoch 04/08) Block Loss: 2.3132e-05
		(Epoch 05/08) Block Loss: 2.2310e-05
		(Epoch 06/08) Block Loss: 2.1838e-05
		(Epoch 07/08) Block Loss: 2.1598e-05
		(Epoch 08/08) Block Loss: 2.1513e-05
	(2/3) Block 2/28, self_attn.q_proj | Initialization via ADMM...
		ADMM weight recon error: raw=571.0312, norm=0.2810, per_el=2.7229e-04, out_err=0.0780, ADMM time=4.39s
	(3/3) Block 2/28, self_attn.q_proj | Tuning Factorized Weights...
		(Epoch 01/08) Block Loss: 2.2438e-05
		(Epoch 02/08) Block Loss: 2.2071e-05
		(Epoch 03/08) Block Loss: 2.1957e-05
		(Epoch 04/08) Block Loss: 2.1894e-05
		(Epoch 05/08) Block Loss: 2.1852e-05
		(Epoch 06/08) Block Loss: 2.1822e-05
		(Epoch 07/08) Block Loss: 2.1800e-05
		(Epoch 08/08) Block Loss: 2.1782e-05
	(1/3) Block 2/28, self_attn.v_proj | Tuning Non-Factorized Weights...
		(Epoch 01/08) Block Loss: 2.1667e-05
		(Epoch 02/08) Block Loss: 2.0567e-05
		(Epoch 03/08) Block Loss: 1.9884e-05
		(Epoch 04/08) Block Loss: 1.9332e-05
		(Epoch 05/08) Block Loss: 1.8973e-05
		(Epoch 06/08) Block Loss: 1.8739e-05
		(Epoch 07/08) Block Loss: 1.8603e-05
		(Epoch 08/08) Block Loss: 1.8552e-05
	(2/3) Block 2/28, self_attn.v_proj | Initialization via ADMM...
		ADMM weight recon error: raw=308.9434, norm=0.3527, per_el=2.9463e-04, out_err=0.2421, ADMM time=2.27s
	(3/3) Block 2/28, self_attn.v_proj | Tuning Factorized Weights...
Token indices sequence length is longer than the specified maximum sequence length for this model (299078 > 131072). Running this sequence through the model will result in indexing errors
Compressing Layers:   7%|███████▌                                                                                                 | 2/28 [07:21<1:35:18, 219.93s/it]		(Epoch 01/08) Block Loss: 2.1997e-05
		(Epoch 02/08) Block Loss: 2.0984e-05
		(Epoch 03/08) Block Loss: 2.0743e-05
		(Epoch 04/08) Block Loss: 2.0714e-05
		(Epoch 05/08) Block Loss: 2.0660e-05
		(Epoch 06/08) Block Loss: 2.0651e-05
		(Epoch 07/08) Block Loss: 2.0650e-05
		(Epoch 08/08) Block Loss: 2.0518e-05
	(1/3) Block 2/28, self_attn.o_proj | Tuning Non-Factorized Weights...
		(Epoch 01/08) Block Loss: 2.0007e-05
		(Epoch 02/08) Block Loss: 1.9177e-05
		(Epoch 03/08) Block Loss: 1.8708e-05
		(Epoch 04/08) Block Loss: 1.8361e-05
		(Epoch 05/08) Block Loss: 1.8112e-05
		(Epoch 06/08) Block Loss: 1.7938e-05
		(Epoch 07/08) Block Loss: 1.7842e-05
		(Epoch 08/08) Block Loss: 1.7803e-05
	(2/3) Block 2/28, self_attn.o_proj | Initialization via ADMM...
		ADMM weight recon error: raw=471.8802, norm=0.3009, per_el=2.2501e-04, out_err=0.1678, ADMM time=4.54s
	(3/3) Block 2/28, self_attn.o_proj | Tuning Factorized Weights...
		(Epoch 01/08) Block Loss: 2.1593e-05
		(Epoch 02/08) Block Loss: 2.0667e-05
		(Epoch 03/08) Block Loss: 2.0526e-05
		(Epoch 04/08) Block Loss: 2.0516e-05
		(Epoch 05/08) Block Loss: 2.0523e-05
		(Epoch 06/08) Block Loss: 2.0425e-05
		(Epoch 07/08) Block Loss: 2.0415e-05
		(Epoch 08/08) Block Loss: 2.0221e-05
	(1/3) Block 2/28, self_attn.k_proj | Tuning Non-Factorized Weights...
		(Epoch 01/08) Block Loss: 1.9496e-05
		(Epoch 02/08) Block Loss: 1.8758e-05
		(Epoch 03/08) Block Loss: 1.8379e-05
		(Epoch 04/08) Block Loss: 1.8131e-05
		(Epoch 05/08) Block Loss: 1.7936e-05
		(Epoch 06/08) Block Loss: 1.7810e-05
		(Epoch 07/08) Block Loss: 1.7736e-05
		(Epoch 08/08) Block Loss: 1.7704e-05
	(2/3) Block 2/28, self_attn.k_proj | Initialization via ADMM...
		ADMM weight recon error: raw=273.2755, norm=0.3010, per_el=2.6062e-04, out_err=0.0633, ADMM time=4.16s
	(3/3) Block 2/28, self_attn.k_proj | Tuning Factorized Weights...
		(Epoch 01/08) Block Loss: 1.8470e-05
		(Epoch 02/08) Block Loss: 1.8221e-05
		(Epoch 03/08) Block Loss: 1.8141e-05
		(Epoch 04/08) Block Loss: 1.8101e-05
		(Epoch 05/08) Block Loss: 1.8077e-05
		(Epoch 06/08) Block Loss: 1.8060e-05
		(Epoch 07/08) Block Loss: 1.8047e-05
		(Epoch 08/08) Block Loss: 1.8034e-05
	(1/3) Block 2/28, mlp.gate_proj | Tuning Non-Factorized Weights...
		(Epoch 01/08) Block Loss: 1.8157e-05
		(Epoch 02/08) Block Loss: 1.7812e-05
		(Epoch 03/08) Block Loss: 1.7579e-05
		(Epoch 04/08) Block Loss: 1.7416e-05
		(Epoch 05/08) Block Loss: 1.7279e-05
		(Epoch 06/08) Block Loss: 1.7185e-05
		(Epoch 07/08) Block Loss: 1.7128e-05
		(Epoch 08/08) Block Loss: 1.7101e-05
	(2/3) Block 2/28, mlp.gate_proj | Initialization via ADMM...
		ADMM weight recon error: raw=2129.9790, norm=0.3467, per_el=6.7710e-04, out_err=0.0264, ADMM time=4.39s
	(3/3) Block 2/28, mlp.gate_proj | Tuning Factorized Weights...
		(Epoch 01/08) Block Loss: 2.6848e-05
		(Epoch 02/08) Block Loss: 2.3989e-05
		(Epoch 03/08) Block Loss: 2.3199e-05
		(Epoch 04/08) Block Loss: 2.2873e-05
		(Epoch 05/08) Block Loss: 2.2696e-05
		(Epoch 06/08) Block Loss: 2.2602e-05
		(Epoch 07/08) Block Loss: 2.2518e-05
		(Epoch 08/08) Block Loss: 2.2325e-05
	(1/3) Block 2/28, mlp.up_proj | Tuning Non-Factorized Weights...
		(Epoch 01/08) Block Loss: 2.1303e-05
		(Epoch 02/08) Block Loss: 2.0472e-05
		(Epoch 03/08) Block Loss: 2.0097e-05
		(Epoch 04/08) Block Loss: 1.9876e-05
		(Epoch 05/08) Block Loss: 1.9712e-05
		(Epoch 06/08) Block Loss: 1.9609e-05
		(Epoch 07/08) Block Loss: 1.9548e-05
		(Epoch 08/08) Block Loss: 1.9523e-05
	(2/3) Block 2/28, mlp.up_proj | Initialization via ADMM...
		ADMM weight recon error: raw=669.4329, norm=0.3531, per_el=2.1281e-04, out_err=0.2413, ADMM time=3.99s
	(3/3) Block 2/28, mlp.up_proj | Tuning Factorized Weights...
		(Epoch 01/08) Block Loss: 3.2229e-05
		(Epoch 02/08) Block Loss: 2.9194e-05
		(Epoch 03/08) Block Loss: 2.8382e-05
		(Epoch 04/08) Block Loss: 2.8080e-05
		(Epoch 05/08) Block Loss: 2.7939e-05
		(Epoch 06/08) Block Loss: 2.7805e-05
		(Epoch 07/08) Block Loss: 2.7636e-05
		(Epoch 08/08) Block Loss: 2.7284e-05
	(1/3) Block 2/28, mlp.down_proj | Tuning Non-Factorized Weights...
		(Epoch 01/08) Block Loss: 2.5660e-05
		(Epoch 02/08) Block Loss: 2.4655e-05
		(Epoch 03/08) Block Loss: 2.4186e-05
		(Epoch 04/08) Block Loss: 2.3921e-05
		(Epoch 05/08) Block Loss: 2.3749e-05
		(Epoch 06/08) Block Loss: 2.3649e-05
		(Epoch 07/08) Block Loss: 2.3595e-05
		(Epoch 08/08) Block Loss: 2.3576e-05
	(2/3) Block 2/28, mlp.down_proj | Initialization via ADMM...
		ADMM weight recon error: raw=647.2982, norm=0.3518, per_el=2.0577e-04, out_err=0.2333, ADMM time=4.18s
	(3/3) Block 2/28, mlp.down_proj | Tuning Factorized Weights...
		(Epoch 01/08) Block Loss: 3.9835e-05
		(Epoch 02/08) Block Loss: 3.8332e-05
		(Epoch 03/08) Block Loss: 3.8147e-05
		(Epoch 04/08) Block Loss: 3.8138e-05
		(Epoch 05/08) Block Loss: 3.8145e-05
		(Epoch 06/08) Block Loss: 3.8094e-05
		(Epoch 07/08) Block Loss: 3.7992e-05
		(Epoch 08/08) Block Loss: 3.7506e-05
		Block 1: relative block output error = 0.0953
Using sequence length: 2048 (model max: 2048)
		Block 1: Test Data PPL        = 14.403
	(1/3) Block 3/28, self_attn.q_proj | Tuning Non-Factorized Weights...
		(Epoch 01/08) Block Loss: 5.9598e-05
		(Epoch 02/08) Block Loss: 3.4166e-05
		(Epoch 03/08) Block Loss: 2.8142e-05
		(Epoch 04/08) Block Loss: 2.5199e-05
		(Epoch 05/08) Block Loss: 2.3722e-05
		(Epoch 06/08) Block Loss: 2.3191e-05
		(Epoch 07/08) Block Loss: 2.2996e-05
		(Epoch 08/08) Block Loss: 2.2738e-05
	(2/3) Block 3/28, self_attn.q_proj | Initialization via ADMM...
		ADMM weight recon error: raw=531.9764, norm=0.2737, per_el=2.5367e-04, out_err=0.0767, ADMM time=5.15s
	(3/3) Block 3/28, self_attn.q_proj | Tuning Factorized Weights...
		(Epoch 01/08) Block Loss: 2.3608e-05
		(Epoch 02/08) Block Loss: 2.3328e-05
		(Epoch 03/08) Block Loss: 2.3240e-05
		(Epoch 04/08) Block Loss: 2.3189e-05
		(Epoch 05/08) Block Loss: 2.3154e-05
		(Epoch 06/08) Block Loss: 2.3128e-05
		(Epoch 07/08) Block Loss: 2.3106e-05
		(Epoch 08/08) Block Loss: 2.3085e-05
	(1/3) Block 3/28, self_attn.v_proj | Tuning Non-Factorized Weights...
		(Epoch 01/08) Block Loss: 2.9066e-05
		(Epoch 02/08) Block Loss: 2.7096e-05
		(Epoch 03/08) Block Loss: 2.4688e-05
		(Epoch 04/08) Block Loss: 2.2892e-05
		(Epoch 05/08) Block Loss: 2.1014e-05
		(Epoch 06/08) Block Loss: 2.0590e-05
		(Epoch 07/08) Block Loss: 2.0382e-05
		(Epoch 08/08) Block Loss: 2.0253e-05
	(2/3) Block 3/28, self_attn.v_proj | Initialization via ADMM...
		ADMM weight recon error: raw=287.2766, norm=0.3453, per_el=2.7397e-04, out_err=0.2364, ADMM time=3.35s
	(3/3) Block 3/28, self_attn.v_proj | Tuning Factorized Weights...
		(Epoch 01/08) Block Loss: 4.9558e-05
		(Epoch 02/08) Block Loss: 2.5831e-05
		(Epoch 03/08) Block Loss: 2.4671e-05
		(Epoch 04/08) Block Loss: 2.3988e-05
		(Epoch 05/08) Block Loss: 2.3870e-05
		(Epoch 06/08) Block Loss: 2.3552e-05
		(Epoch 07/08) Block Loss: 2.3521e-05
		(Epoch 08/08) Block Loss: 2.3445e-05
	(1/3) Block 3/28, self_attn.o_proj | Tuning Non-Factorized Weights...
		(Epoch 01/08) Block Loss: 2.5413e-05
		(Epoch 02/08) Block Loss: 2.3289e-05
		(Epoch 03/08) Block Loss: 2.1642e-05
		(Epoch 04/08) Block Loss: 2.1217e-05
		(Epoch 05/08) Block Loss: 2.0776e-05
		(Epoch 06/08) Block Loss: 2.0383e-05
		(Epoch 07/08) Block Loss: 2.0145e-05
		(Epoch 08/08) Block Loss: 1.9959e-05
	(2/3) Block 3/28, self_attn.o_proj | Initialization via ADMM...
		ADMM weight recon error: raw=421.6246, norm=0.2978, per_el=2.0105e-04, out_err=0.1822, ADMM time=4.81s
	(3/3) Block 3/28, self_attn.o_proj | Tuning Factorized Weights...
		(Epoch 01/08) Block Loss: 2.7733e-05
		(Epoch 02/08) Block Loss: 2.5066e-05
		(Epoch 03/08) Block Loss: 2.4316e-05
		(Epoch 04/08) Block Loss: 2.3935e-05
		(Epoch 05/08) Block Loss: 2.3709e-05
		(Epoch 06/08) Block Loss: 2.3594e-05
		(Epoch 07/08) Block Loss: 2.3447e-05
		(Epoch 08/08) Block Loss: 2.3406e-05
	(1/3) Block 3/28, self_attn.k_proj | Tuning Non-Factorized Weights...
		(Epoch 01/08) Block Loss: 2.2254e-05
		(Epoch 02/08) Block Loss: 2.1079e-05
		(Epoch 03/08) Block Loss: 2.0670e-05
		(Epoch 04/08) Block Loss: 2.0312e-05
		(Epoch 05/08) Block Loss: 2.0133e-05
		(Epoch 06/08) Block Loss: 1.9962e-05
Token indices sequence length is longer than the specified maximum sequence length for this model (299078 > 131072). Running this sequence through the model will result in indexing errors
Compressing Layers:  11%|███████████▎                                                                                             | 3/28 [11:10<1:33:20, 224.01s/it]		(Epoch 07/08) Block Loss: 1.9877e-05
		(Epoch 08/08) Block Loss: 1.9818e-05
	(2/3) Block 3/28, self_attn.k_proj | Initialization via ADMM...
		ADMM weight recon error: raw=256.3358, norm=0.2981, per_el=2.4446e-04, out_err=0.0617, ADMM time=4.10s
	(3/3) Block 3/28, self_attn.k_proj | Tuning Factorized Weights...
		(Epoch 01/08) Block Loss: 2.0532e-05
		(Epoch 02/08) Block Loss: 2.0336e-05
		(Epoch 03/08) Block Loss: 2.0266e-05
		(Epoch 04/08) Block Loss: 2.0229e-05
		(Epoch 05/08) Block Loss: 2.0206e-05
		(Epoch 06/08) Block Loss: 2.0191e-05
		(Epoch 07/08) Block Loss: 2.0181e-05
		(Epoch 08/08) Block Loss: 2.0171e-05
	(1/3) Block 3/28, mlp.gate_proj | Tuning Non-Factorized Weights...
		(Epoch 01/08) Block Loss: 2.0624e-05
		(Epoch 02/08) Block Loss: 2.0021e-05
		(Epoch 03/08) Block Loss: 1.9821e-05
		(Epoch 04/08) Block Loss: 1.9571e-05
		(Epoch 05/08) Block Loss: 1.9413e-05
		(Epoch 06/08) Block Loss: 1.9333e-05
		(Epoch 07/08) Block Loss: 1.9239e-05
		(Epoch 08/08) Block Loss: 1.9227e-05
	(2/3) Block 3/28, mlp.gate_proj | Initialization via ADMM...
		ADMM weight recon error: raw=1676.0466, norm=0.3294, per_el=5.3280e-04, out_err=0.0390, ADMM time=3.37s
	(3/3) Block 3/28, mlp.gate_proj | Tuning Factorized Weights...
		(Epoch 01/08) Block Loss: 1.0339e-04
		(Epoch 02/08) Block Loss: 2.7790e-05
		(Epoch 03/08) Block Loss: 2.6734e-05
		(Epoch 04/08) Block Loss: 2.6263e-05
		(Epoch 05/08) Block Loss: 2.5925e-05
		(Epoch 06/08) Block Loss: 2.5752e-05
		(Epoch 07/08) Block Loss: 2.5630e-05
		(Epoch 08/08) Block Loss: 2.5412e-05
	(1/3) Block 3/28, mlp.up_proj | Tuning Non-Factorized Weights...
		(Epoch 01/08) Block Loss: 2.4649e-05
		(Epoch 02/08) Block Loss: 2.3474e-05
		(Epoch 03/08) Block Loss: 2.3132e-05
		(Epoch 04/08) Block Loss: 2.2785e-05
		(Epoch 05/08) Block Loss: 2.2609e-05
		(Epoch 06/08) Block Loss: 2.2444e-05
		(Epoch 07/08) Block Loss: 2.2352e-05
		(Epoch 08/08) Block Loss: 2.2304e-05
	(2/3) Block 3/28, mlp.up_proj | Initialization via ADMM...
		ADMM weight recon error: raw=664.3092, norm=0.3460, per_el=2.1118e-04, out_err=0.2538, ADMM time=4.78s
	(3/3) Block 3/28, mlp.up_proj | Tuning Factorized Weights...
		(Epoch 01/08) Block Loss: 5.4359e-05
		(Epoch 02/08) Block Loss: 3.3305e-05
		(Epoch 03/08) Block Loss: 3.2102e-05
		(Epoch 04/08) Block Loss: 3.1730e-05
		(Epoch 05/08) Block Loss: 3.1408e-05
		(Epoch 06/08) Block Loss: 3.1256e-05
		(Epoch 07/08) Block Loss: 3.1085e-05
		(Epoch 08/08) Block Loss: 3.0747e-05
	(1/3) Block 3/28, mlp.down_proj | Tuning Non-Factorized Weights...
		(Epoch 01/08) Block Loss: 2.9503e-05
		(Epoch 02/08) Block Loss: 2.8343e-05
		(Epoch 03/08) Block Loss: 2.7831e-05
		(Epoch 04/08) Block Loss: 2.7525e-05
		(Epoch 05/08) Block Loss: 2.7329e-05
		(Epoch 06/08) Block Loss: 2.7213e-05
		(Epoch 07/08) Block Loss: 2.7142e-05
		(Epoch 08/08) Block Loss: 2.7117e-05
	(2/3) Block 3/28, mlp.down_proj | Initialization via ADMM...
		ADMM weight recon error: raw=683.0895, norm=0.3429, per_el=2.1715e-04, out_err=0.2723, ADMM time=5.86s
	(3/3) Block 3/28, mlp.down_proj | Tuning Factorized Weights...
		(Epoch 01/08) Block Loss: 1.2190e-03
		(Epoch 02/08) Block Loss: 1.1170e-03
		(Epoch 03/08) Block Loss: 1.0152e-03
		(Epoch 04/08) Block Loss: 9.2170e-04
		(Epoch 05/08) Block Loss: 8.6035e-04
		(Epoch 06/08) Block Loss: 8.2643e-04
		(Epoch 07/08) Block Loss: 8.0064e-04
		(Epoch 08/08) Block Loss: 7.9272e-04
		Block 2: relative block output error = 0.0148
Using sequence length: 2048 (model max: 2048)
		Block 2: Test Data PPL        = 18.883
	(1/3) Block 4/28, self_attn.q_proj | Tuning Non-Factorized Weights...
		(Epoch 01/08) Block Loss: 5.2726e-04
		(Epoch 02/08) Block Loss: 5.0828e-04
		(Epoch 03/08) Block Loss: 4.5484e-04
		(Epoch 04/08) Block Loss: 3.8645e-04
		(Epoch 05/08) Block Loss: 3.3843e-04
		(Epoch 06/08) Block Loss: 3.0525e-04
		(Epoch 07/08) Block Loss: 2.8838e-04
		(Epoch 08/08) Block Loss: 2.8329e-04
	(2/3) Block 4/28, self_attn.q_proj | Initialization via ADMM...
		ADMM weight recon error: raw=556.6465, norm=0.2840, per_el=2.6543e-04, out_err=0.0587, ADMM time=4.58s
	(3/3) Block 4/28, self_attn.q_proj | Tuning Factorized Weights...
		(Epoch 01/08) Block Loss: 2.8446e-04
		(Epoch 02/08) Block Loss: 2.8378e-04
		(Epoch 03/08) Block Loss: 2.8341e-04
		(Epoch 04/08) Block Loss: 2.8317e-04
		(Epoch 05/08) Block Loss: 2.8301e-04
		(Epoch 06/08) Block Loss: 2.8291e-04
		(Epoch 07/08) Block Loss: 2.8284e-04
		(Epoch 08/08) Block Loss: 2.8280e-04
	(1/3) Block 4/28, self_attn.v_proj | Tuning Non-Factorized Weights...
		(Epoch 01/08) Block Loss: 2.4476e-04
		(Epoch 02/08) Block Loss: 1.7014e-04
		(Epoch 03/08) Block Loss: 1.1922e-04
		(Epoch 04/08) Block Loss: 8.8907e-05
		(Epoch 05/08) Block Loss: 7.2760e-05
		(Epoch 06/08) Block Loss: 6.3270e-05
		(Epoch 07/08) Block Loss: 6.0537e-05
		(Epoch 08/08) Block Loss: 5.9772e-05
	(2/3) Block 4/28, self_attn.v_proj | Initialization via ADMM...
		ADMM weight recon error: raw=338.4197, norm=0.3331, per_el=3.2274e-04, out_err=0.2485, ADMM time=4.27s
	(3/3) Block 4/28, self_attn.v_proj | Tuning Factorized Weights...
		(Epoch 01/08) Block Loss: 6.4613e-05
		(Epoch 02/08) Block Loss: 6.2207e-05
		(Epoch 03/08) Block Loss: 6.1533e-05
		(Epoch 04/08) Block Loss: 6.1156e-05
		(Epoch 05/08) Block Loss: 6.0923e-05
		(Epoch 06/08) Block Loss: 6.0808e-05
		(Epoch 07/08) Block Loss: 6.0761e-05
		(Epoch 08/08) Block Loss: 6.0678e-05
	(1/3) Block 4/28, self_attn.o_proj | Tuning Non-Factorized Weights...
		(Epoch 01/08) Block Loss: 5.3126e-05
		(Epoch 02/08) Block Loss: 4.2518e-05
		(Epoch 03/08) Block Loss: 3.8523e-05
		(Epoch 04/08) Block Loss: 3.6413e-05
		(Epoch 05/08) Block Loss: 3.3741e-05
		(Epoch 06/08) Block Loss: 3.2564e-05
		(Epoch 07/08) Block Loss: 3.2185e-05
		(Epoch 08/08) Block Loss: 3.2010e-05
	(2/3) Block 4/28, self_attn.o_proj | Initialization via ADMM...
		ADMM weight recon error: raw=517.1480, norm=0.2965, per_el=2.4660e-04, out_err=0.1674, ADMM time=5.65s
	(3/3) Block 4/28, self_attn.o_proj | Tuning Factorized Weights...
		(Epoch 01/08) Block Loss: 4.0086e-05
		(Epoch 02/08) Block Loss: 3.4787e-05
		(Epoch 03/08) Block Loss: 3.3922e-05
		(Epoch 04/08) Block Loss: 3.3744e-05
		(Epoch 05/08) Block Loss: 3.3466e-05
		(Epoch 06/08) Block Loss: 3.3368e-05
		(Epoch 07/08) Block Loss: 3.3200e-05
		(Epoch 08/08) Block Loss: 3.3023e-05
	(1/3) Block 4/28, self_attn.k_proj | Tuning Non-Factorized Weights...
		(Epoch 01/08) Block Loss: 3.2048e-05
		(Epoch 02/08) Block Loss: 3.0799e-05
		(Epoch 03/08) Block Loss: 2.9995e-05
		(Epoch 04/08) Block Loss: 2.9543e-05
		(Epoch 05/08) Block Loss: 2.9179e-05
		(Epoch 06/08) Block Loss: 2.8961e-05
		(Epoch 07/08) Block Loss: 2.8792e-05
		(Epoch 08/08) Block Loss: 2.8739e-05
	(2/3) Block 4/28, self_attn.k_proj | Initialization via ADMM...
		ADMM weight recon error: raw=269.9072, norm=0.3012, per_el=2.5740e-04, out_err=0.0944, ADMM time=3.85s
	(3/3) Block 4/28, self_attn.k_proj | Tuning Factorized Weights...
		(Epoch 01/08) Block Loss: 2.9976e-05
		(Epoch 02/08) Block Loss: 2.9574e-05
		(Epoch 03/08) Block Loss: 2.9439e-05
		(Epoch 04/08) Block Loss: 2.9376e-05
		(Epoch 05/08) Block Loss: 2.9331e-05
		(Epoch 06/08) Block Loss: 2.9304e-05
		(Epoch 07/08) Block Loss: 2.9284e-05
		(Epoch 08/08) Block Loss: 2.9278e-05
	(1/3) Block 4/28, mlp.gate_proj | Tuning Non-Factorized Weights...
		(Epoch 01/08) Block Loss: 2.9578e-05
		(Epoch 02/08) Block Loss: 2.9027e-05
		(Epoch 03/08) Block Loss: 2.8591e-05
		(Epoch 04/08) Block Loss: 2.8341e-05
		(Epoch 05/08) Block Loss: 2.8129e-05
		(Epoch 06/08) Block Loss: 2.7991e-05
		(Epoch 07/08) Block Loss: 2.7866e-05
		(Epoch 08/08) Block Loss: 2.7828e-05
	(2/3) Block 4/28, mlp.gate_proj | Initialization via ADMM...
		ADMM weight recon error: raw=1803.5000, norm=0.3296, per_el=5.7332e-04, out_err=0.0414, ADMM time=2.69s
	(3/3) Block 4/28, mlp.gate_proj | Tuning Factorized Weights...
		(Epoch 01/08) Block Loss: 3.7616e-05
		(Epoch 02/08) Block Loss: 3.4575e-05
		(Epoch 03/08) Block Loss: 3.3712e-05
		(Epoch 04/08) Block Loss: 3.3338e-05
		(Epoch 05/08) Block Loss: 3.3150e-05
		(Epoch 06/08) Block Loss: 3.3047e-05
		(Epoch 07/08) Block Loss: 3.2907e-05
		(Epoch 08/08) Block Loss: 3.2732e-05
Token indices sequence length is longer than the specified maximum sequence length for this model (299078 > 131072). Running this sequence through the model will result in indexing errors
Compressing Layers:  14%|███████████████                                                                                          | 4/28 [14:21<1:24:32, 211.34s/it]	(1/3) Block 4/28, mlp.up_proj | Tuning Non-Factorized Weights...
		(Epoch 01/08) Block Loss: 3.2240e-05
		(Epoch 02/08) Block Loss: 3.1482e-05
		(Epoch 03/08) Block Loss: 3.1005e-05
		(Epoch 04/08) Block Loss: 3.0756e-05
		(Epoch 05/08) Block Loss: 3.0557e-05
		(Epoch 06/08) Block Loss: 3.0428e-05
		(Epoch 07/08) Block Loss: 3.0333e-05
		(Epoch 08/08) Block Loss: 3.0301e-05
	(2/3) Block 4/28, mlp.up_proj | Initialization via ADMM...
		ADMM weight recon error: raw=741.1004, norm=0.3239, per_el=2.3559e-04, out_err=0.2062, ADMM time=3.21s
	(3/3) Block 4/28, mlp.up_proj | Tuning Factorized Weights...
		(Epoch 01/08) Block Loss: 4.3408e-05
		(Epoch 02/08) Block Loss: 4.0813e-05
		(Epoch 03/08) Block Loss: 4.0035e-05
		(Epoch 04/08) Block Loss: 3.9692e-05
		(Epoch 05/08) Block Loss: 3.9552e-05
		(Epoch 06/08) Block Loss: 3.9428e-05
		(Epoch 07/08) Block Loss: 3.9209e-05
		(Epoch 08/08) Block Loss: 3.8799e-05
	(1/3) Block 4/28, mlp.down_proj | Tuning Non-Factorized Weights...
		(Epoch 01/08) Block Loss: 3.7296e-05
		(Epoch 02/08) Block Loss: 3.6246e-05
		(Epoch 03/08) Block Loss: 3.5723e-05
		(Epoch 04/08) Block Loss: 3.5410e-05
		(Epoch 05/08) Block Loss: 3.5199e-05
		(Epoch 06/08) Block Loss: 3.5066e-05
		(Epoch 07/08) Block Loss: 3.4996e-05
		(Epoch 08/08) Block Loss: 3.4971e-05
	(2/3) Block 4/28, mlp.down_proj | Initialization via ADMM...
		ADMM weight recon error: raw=711.6534, norm=0.3319, per_el=2.2623e-04, out_err=0.2275, ADMM time=3.07s
	(3/3) Block 4/28, mlp.down_proj | Tuning Factorized Weights...
		(Epoch 01/08) Block Loss: 5.2338e-05
		(Epoch 02/08) Block Loss: 4.9991e-05
		(Epoch 03/08) Block Loss: 4.9679e-05
		(Epoch 04/08) Block Loss: 5.0066e-05
		(Epoch 05/08) Block Loss: 5.0205e-05
		(Epoch 06/08) Block Loss: 4.9905e-05
		(Epoch 07/08) Block Loss: 5.0000e-05
		(Epoch 08/08) Block Loss: 4.9219e-05
		Block 3: relative block output error = 0.0014
Using sequence length: 2048 (model max: 2048)
		Block 3: Test Data PPL        = 17.871
	(1/3) Block 5/28, self_attn.q_proj | Tuning Non-Factorized Weights...
		(Epoch 01/08) Block Loss: 3.6446e-05
		(Epoch 02/08) Block Loss: 3.2691e-05
		(Epoch 03/08) Block Loss: 3.0671e-05
		(Epoch 04/08) Block Loss: 2.9514e-05
		(Epoch 05/08) Block Loss: 2.8736e-05
		(Epoch 06/08) Block Loss: 2.8269e-05
		(Epoch 07/08) Block Loss: 2.8026e-05
		(Epoch 08/08) Block Loss: 2.7936e-05
	(2/3) Block 5/28, self_attn.q_proj | Initialization via ADMM...
		ADMM weight recon error: raw=578.6791, norm=0.3118, per_el=2.7594e-04, out_err=0.0700, ADMM time=1.77s
	(3/3) Block 5/28, self_attn.q_proj | Tuning Factorized Weights...
		(Epoch 01/08) Block Loss: 2.9554e-05
		(Epoch 02/08) Block Loss: 2.8908e-05
		(Epoch 03/08) Block Loss: 2.8746e-05
		(Epoch 04/08) Block Loss: 2.8654e-05
		(Epoch 05/08) Block Loss: 2.8589e-05
		(Epoch 06/08) Block Loss: 2.8552e-05
		(Epoch 07/08) Block Loss: 2.8522e-05
		(Epoch 08/08) Block Loss: 2.8502e-05
	(1/3) Block 5/28, self_attn.v_proj | Tuning Non-Factorized Weights...
		(Epoch 01/08) Block Loss: 2.8503e-05
		(Epoch 02/08) Block Loss: 2.7448e-05
		(Epoch 03/08) Block Loss: 2.6644e-05
		(Epoch 04/08) Block Loss: 2.6103e-05
		(Epoch 05/08) Block Loss: 2.5710e-05
		(Epoch 06/08) Block Loss: 2.5454e-05
		(Epoch 07/08) Block Loss: 2.5313e-05
		(Epoch 08/08) Block Loss: 2.5257e-05
	(2/3) Block 5/28, self_attn.v_proj | Initialization via ADMM...
		ADMM weight recon error: raw=346.2410, norm=0.3683, per_el=3.3020e-04, out_err=0.2925, ADMM time=1.90s
	(3/3) Block 5/28, self_attn.v_proj | Tuning Factorized Weights...
		(Epoch 01/08) Block Loss: 3.1705e-05
		(Epoch 02/08) Block Loss: 3.0356e-05
		(Epoch 03/08) Block Loss: 2.9812e-05
		(Epoch 04/08) Block Loss: 2.9526e-05
		(Epoch 05/08) Block Loss: 2.9379e-05
		(Epoch 06/08) Block Loss: 2.9281e-05
		(Epoch 07/08) Block Loss: 2.9229e-05
		(Epoch 08/08) Block Loss: 2.9174e-05
	(1/3) Block 5/28, self_attn.o_proj | Tuning Non-Factorized Weights...
		(Epoch 01/08) Block Loss: 2.8182e-05
		(Epoch 02/08) Block Loss: 2.6949e-05
		(Epoch 03/08) Block Loss: 2.6310e-05
		(Epoch 04/08) Block Loss: 2.5893e-05
		(Epoch 05/08) Block Loss: 2.5589e-05
		(Epoch 06/08) Block Loss: 2.5391e-05
		(Epoch 07/08) Block Loss: 2.5276e-05
		(Epoch 08/08) Block Loss: 2.5230e-05
	(2/3) Block 5/28, self_attn.o_proj | Initialization via ADMM...
		ADMM weight recon error: raw=526.0800, norm=0.3321, per_el=2.5085e-04, out_err=0.2806, ADMM time=2.63s
	(3/3) Block 5/28, self_attn.o_proj | Tuning Factorized Weights...
		(Epoch 01/08) Block Loss: 3.0092e-05
		(Epoch 02/08) Block Loss: 2.9203e-05
		(Epoch 03/08) Block Loss: 2.8896e-05
		(Epoch 04/08) Block Loss: 2.8796e-05
		(Epoch 05/08) Block Loss: 2.8794e-05
		(Epoch 06/08) Block Loss: 2.8642e-05
		(Epoch 07/08) Block Loss: 2.8630e-05
		(Epoch 08/08) Block Loss: 2.8419e-05
	(1/3) Block 5/28, self_attn.k_proj | Tuning Non-Factorized Weights...
		(Epoch 01/08) Block Loss: 2.7663e-05
		(Epoch 02/08) Block Loss: 2.6753e-05
		(Epoch 03/08) Block Loss: 2.6291e-05
		(Epoch 04/08) Block Loss: 2.5995e-05
		(Epoch 05/08) Block Loss: 2.5767e-05
		(Epoch 06/08) Block Loss: 2.5619e-05
		(Epoch 07/08) Block Loss: 2.5530e-05
		(Epoch 08/08) Block Loss: 2.5493e-05
	(2/3) Block 5/28, self_attn.k_proj | Initialization via ADMM...
		ADMM weight recon error: raw=268.1213, norm=0.3103, per_el=2.5570e-04, out_err=0.0671, ADMM time=1.78s
	(3/3) Block 5/28, self_attn.k_proj | Tuning Factorized Weights...
		(Epoch 01/08) Block Loss: 2.6622e-05
		(Epoch 02/08) Block Loss: 2.6202e-05
		(Epoch 03/08) Block Loss: 2.6106e-05
		(Epoch 04/08) Block Loss: 2.6052e-05
		(Epoch 05/08) Block Loss: 2.6019e-05
		(Epoch 06/08) Block Loss: 2.5999e-05
		(Epoch 07/08) Block Loss: 2.5986e-05
		(Epoch 08/08) Block Loss: 2.5976e-05
	(1/3) Block 5/28, mlp.gate_proj | Tuning Non-Factorized Weights...
		(Epoch 01/08) Block Loss: 2.6123e-05
		(Epoch 02/08) Block Loss: 2.5707e-05
		(Epoch 03/08) Block Loss: 2.5441e-05
		(Epoch 04/08) Block Loss: 2.5259e-05
		(Epoch 05/08) Block Loss: 2.5102e-05
		(Epoch 06/08) Block Loss: 2.4997e-05
		(Epoch 07/08) Block Loss: 2.4930e-05
		(Epoch 08/08) Block Loss: 2.4901e-05
	(2/3) Block 5/28, mlp.gate_proj | Initialization via ADMM...
		ADMM weight recon error: raw=1572.0413, norm=0.3412, per_el=4.9974e-04, out_err=0.0509, ADMM time=1.63s
	(3/3) Block 5/28, mlp.gate_proj | Tuning Factorized Weights...
		(Epoch 01/08) Block Loss: 3.3946e-05
		(Epoch 02/08) Block Loss: 3.1301e-05
		(Epoch 03/08) Block Loss: 3.0577e-05
		(Epoch 04/08) Block Loss: 3.0276e-05
		(Epoch 05/08) Block Loss: 3.0131e-05
		(Epoch 06/08) Block Loss: 3.0032e-05
		(Epoch 07/08) Block Loss: 2.9924e-05
		(Epoch 08/08) Block Loss: 2.9736e-05
	(1/3) Block 5/28, mlp.up_proj | Tuning Non-Factorized Weights...
		(Epoch 01/08) Block Loss: 2.9003e-05
		(Epoch 02/08) Block Loss: 2.8295e-05
		(Epoch 03/08) Block Loss: 2.7950e-05
		(Epoch 04/08) Block Loss: 2.7742e-05
		(Epoch 05/08) Block Loss: 2.7583e-05
		(Epoch 06/08) Block Loss: 2.7482e-05
		(Epoch 07/08) Block Loss: 2.7421e-05
		(Epoch 08/08) Block Loss: 2.7395e-05
	(2/3) Block 5/28, mlp.up_proj | Initialization via ADMM...
		ADMM weight recon error: raw=746.3945, norm=0.3561, per_el=2.3727e-04, out_err=0.2531, ADMM time=1.30s
	(3/3) Block 5/28, mlp.up_proj | Tuning Factorized Weights...
		(Epoch 01/08) Block Loss: 4.0586e-05
		(Epoch 02/08) Block Loss: 3.7726e-05
		(Epoch 03/08) Block Loss: 3.7028e-05
		(Epoch 04/08) Block Loss: 3.6726e-05
		(Epoch 05/08) Block Loss: 3.6638e-05
		(Epoch 06/08) Block Loss: 3.6463e-05
		(Epoch 07/08) Block Loss: 3.6305e-05
		(Epoch 08/08) Block Loss: 3.5900e-05
	(1/3) Block 5/28, mlp.down_proj | Tuning Non-Factorized Weights...
		(Epoch 01/08) Block Loss: 3.4342e-05
		(Epoch 02/08) Block Loss: 3.3316e-05
		(Epoch 03/08) Block Loss: 3.2819e-05
		(Epoch 04/08) Block Loss: 3.2538e-05
		(Epoch 05/08) Block Loss: 3.2355e-05
		(Epoch 06/08) Block Loss: 3.2249e-05
		(Epoch 07/08) Block Loss: 3.2193e-05
		(Epoch 08/08) Block Loss: 3.2172e-05
	(2/3) Block 5/28, mlp.down_proj | Initialization via ADMM...
		ADMM weight recon error: raw=700.4707, norm=0.3475, per_el=2.2267e-04, out_err=0.2716, ADMM time=2.01s
	(3/3) Block 5/28, mlp.down_proj | Tuning Factorized Weights...
Token indices sequence length is longer than the specified maximum sequence length for this model (299078 > 131072). Running this sequence through the model will result in indexing errors
Compressing Layers:  18%|██████████████████▊                                                                                      | 5/28 [16:15<1:07:33, 176.23s/it]Token indices sequence length is longer than the specified maximum sequence length for this model (299078 > 131072). Running this sequence through the model will result in indexing errors
Compressing Layers:  21%|██████████████████████▉                                                                                    | 6/28 [18:11<57:05, 155.69s/it]		(Epoch 01/08) Block Loss: 4.9933e-05
		(Epoch 02/08) Block Loss: 4.8607e-05
		(Epoch 03/08) Block Loss: 4.8478e-05
		(Epoch 04/08) Block Loss: 4.8586e-05
		(Epoch 05/08) Block Loss: 4.8678e-05
		(Epoch 06/08) Block Loss: 4.8612e-05
		(Epoch 07/08) Block Loss: 4.8532e-05
		(Epoch 08/08) Block Loss: 4.7953e-05
		Block 4: relative block output error = 0.0017
Using sequence length: 2048 (model max: 2048)
		Block 4: Test Data PPL        = 18.284
	(1/3) Block 6/28, self_attn.q_proj | Tuning Non-Factorized Weights...
		(Epoch 01/08) Block Loss: 3.6478e-05
		(Epoch 02/08) Block Loss: 3.2908e-05
		(Epoch 03/08) Block Loss: 3.1209e-05
		(Epoch 04/08) Block Loss: 3.0185e-05
		(Epoch 05/08) Block Loss: 2.9505e-05
		(Epoch 06/08) Block Loss: 2.9097e-05
		(Epoch 07/08) Block Loss: 2.8882e-05
		(Epoch 08/08) Block Loss: 2.8804e-05
	(2/3) Block 6/28, self_attn.q_proj | Initialization via ADMM...
		ADMM weight recon error: raw=593.0812, norm=0.2965, per_el=2.8280e-04, out_err=0.0716, ADMM time=1.36s
	(3/3) Block 6/28, self_attn.q_proj | Tuning Factorized Weights...
		(Epoch 01/08) Block Loss: 3.0198e-05
		(Epoch 02/08) Block Loss: 2.9678e-05
		(Epoch 03/08) Block Loss: 2.9535e-05
		(Epoch 04/08) Block Loss: 2.9456e-05
		(Epoch 05/08) Block Loss: 2.9403e-05
		(Epoch 06/08) Block Loss: 2.9366e-05
		(Epoch 07/08) Block Loss: 2.9340e-05
		(Epoch 08/08) Block Loss: 2.9318e-05
	(1/3) Block 6/28, self_attn.v_proj | Tuning Non-Factorized Weights...
		(Epoch 01/08) Block Loss: 2.9248e-05
		(Epoch 02/08) Block Loss: 2.8235e-05
		(Epoch 03/08) Block Loss: 2.7569e-05
		(Epoch 04/08) Block Loss: 2.7120e-05
		(Epoch 05/08) Block Loss: 2.6773e-05
		(Epoch 06/08) Block Loss: 2.6553e-05
		(Epoch 07/08) Block Loss: 2.6428e-05
		(Epoch 08/08) Block Loss: 2.6379e-05
	(2/3) Block 6/28, self_attn.v_proj | Initialization via ADMM...
		ADMM weight recon error: raw=311.4609, norm=0.3656, per_el=2.9703e-04, out_err=0.2652, ADMM time=1.70s
	(3/3) Block 6/28, self_attn.v_proj | Tuning Factorized Weights...
		(Epoch 01/08) Block Loss: 3.1663e-05
		(Epoch 02/08) Block Loss: 3.0647e-05
		(Epoch 03/08) Block Loss: 3.0196e-05
		(Epoch 04/08) Block Loss: 2.9959e-05
		(Epoch 05/08) Block Loss: 2.9834e-05
		(Epoch 06/08) Block Loss: 2.9769e-05
		(Epoch 07/08) Block Loss: 2.9731e-05
		(Epoch 08/08) Block Loss: 2.9684e-05
	(1/3) Block 6/28, self_attn.o_proj | Tuning Non-Factorized Weights...
		(Epoch 01/08) Block Loss: 2.8851e-05
		(Epoch 02/08) Block Loss: 2.7817e-05
		(Epoch 03/08) Block Loss: 2.7283e-05
		(Epoch 04/08) Block Loss: 2.6934e-05
		(Epoch 05/08) Block Loss: 2.6668e-05
		(Epoch 06/08) Block Loss: 2.6499e-05
		(Epoch 07/08) Block Loss: 2.6400e-05
		(Epoch 08/08) Block Loss: 2.6359e-05
	(2/3) Block 6/28, self_attn.o_proj | Initialization via ADMM...
		ADMM weight recon error: raw=545.8577, norm=0.3481, per_el=2.6029e-04, out_err=0.2424, ADMM time=1.81s
	(3/3) Block 6/28, self_attn.o_proj | Tuning Factorized Weights...
		(Epoch 01/08) Block Loss: 3.1644e-05
		(Epoch 02/08) Block Loss: 3.0853e-05
		(Epoch 03/08) Block Loss: 3.0699e-05
		(Epoch 04/08) Block Loss: 3.0661e-05
		(Epoch 05/08) Block Loss: 3.0621e-05
		(Epoch 06/08) Block Loss: 3.0664e-05
		(Epoch 07/08) Block Loss: 3.0546e-05
		(Epoch 08/08) Block Loss: 3.0358e-05
	(1/3) Block 6/28, self_attn.k_proj | Tuning Non-Factorized Weights...
		(Epoch 01/08) Block Loss: 2.9250e-05
		(Epoch 02/08) Block Loss: 2.8309e-05
		(Epoch 03/08) Block Loss: 2.7850e-05
		(Epoch 04/08) Block Loss: 2.7562e-05
		(Epoch 05/08) Block Loss: 2.7345e-05
		(Epoch 06/08) Block Loss: 2.7207e-05
		(Epoch 07/08) Block Loss: 2.7126e-05
		(Epoch 08/08) Block Loss: 2.7093e-05
	(2/3) Block 6/28, self_attn.k_proj | Initialization via ADMM...
		ADMM weight recon error: raw=266.6227, norm=0.3144, per_el=2.5427e-04, out_err=0.0773, ADMM time=1.41s
	(3/3) Block 6/28, self_attn.k_proj | Tuning Factorized Weights...
		(Epoch 01/08) Block Loss: 2.7935e-05
		(Epoch 02/08) Block Loss: 2.7686e-05
		(Epoch 03/08) Block Loss: 2.7614e-05
		(Epoch 04/08) Block Loss: 2.7575e-05
		(Epoch 05/08) Block Loss: 2.7549e-05
		(Epoch 06/08) Block Loss: 2.7532e-05
		(Epoch 07/08) Block Loss: 2.7521e-05
		(Epoch 08/08) Block Loss: 2.7512e-05
	(1/3) Block 6/28, mlp.gate_proj | Tuning Non-Factorized Weights...
		(Epoch 01/08) Block Loss: 2.7639e-05
		(Epoch 02/08) Block Loss: 2.7265e-05
		(Epoch 03/08) Block Loss: 2.7024e-05
		(Epoch 04/08) Block Loss: 2.6858e-05
		(Epoch 05/08) Block Loss: 2.6716e-05
		(Epoch 06/08) Block Loss: 2.6621e-05
		(Epoch 07/08) Block Loss: 2.6561e-05
		(Epoch 08/08) Block Loss: 2.6534e-05
	(2/3) Block 6/28, mlp.gate_proj | Initialization via ADMM...
		ADMM weight recon error: raw=1253.3728, norm=0.3348, per_el=3.9844e-04, out_err=0.0770, ADMM time=2.03s
	(3/3) Block 6/28, mlp.gate_proj | Tuning Factorized Weights...
		(Epoch 01/08) Block Loss: 3.4105e-05
		(Epoch 02/08) Block Loss: 3.2507e-05
		(Epoch 03/08) Block Loss: 3.2072e-05
		(Epoch 04/08) Block Loss: 3.1925e-05
		(Epoch 05/08) Block Loss: 3.1832e-05
		(Epoch 06/08) Block Loss: 3.1762e-05
		(Epoch 07/08) Block Loss: 3.1677e-05
		(Epoch 08/08) Block Loss: 3.1449e-05
	(1/3) Block 6/28, mlp.up_proj | Tuning Non-Factorized Weights...
		(Epoch 01/08) Block Loss: 3.0595e-05
		(Epoch 02/08) Block Loss: 2.9930e-05
		(Epoch 03/08) Block Loss: 2.9602e-05
		(Epoch 04/08) Block Loss: 2.9403e-05
		(Epoch 05/08) Block Loss: 2.9252e-05
		(Epoch 06/08) Block Loss: 2.9158e-05
		(Epoch 07/08) Block Loss: 2.9101e-05
		(Epoch 08/08) Block Loss: 2.9078e-05
	(2/3) Block 6/28, mlp.up_proj | Initialization via ADMM...
		ADMM weight recon error: raw=832.9726, norm=0.3518, per_el=2.6479e-04, out_err=0.2582, ADMM time=2.60s
	(3/3) Block 6/28, mlp.up_proj | Tuning Factorized Weights...
		(Epoch 01/08) Block Loss: 4.0959e-05
		(Epoch 02/08) Block Loss: 3.8643e-05
		(Epoch 03/08) Block Loss: 3.8037e-05
		(Epoch 04/08) Block Loss: 3.7854e-05
		(Epoch 05/08) Block Loss: 3.7893e-05
		(Epoch 06/08) Block Loss: 3.7630e-05
		(Epoch 07/08) Block Loss: 3.7609e-05
		(Epoch 08/08) Block Loss: 3.7126e-05
	(1/3) Block 6/28, mlp.down_proj | Tuning Non-Factorized Weights...
		(Epoch 01/08) Block Loss: 3.5681e-05
		(Epoch 02/08) Block Loss: 3.4754e-05
		(Epoch 03/08) Block Loss: 3.4290e-05
		(Epoch 04/08) Block Loss: 3.4021e-05
		(Epoch 05/08) Block Loss: 3.3844e-05
		(Epoch 06/08) Block Loss: 3.3742e-05
		(Epoch 07/08) Block Loss: 3.3688e-05
		(Epoch 08/08) Block Loss: 3.3669e-05
	(2/3) Block 6/28, mlp.down_proj | Initialization via ADMM...
		ADMM weight recon error: raw=788.9285, norm=0.3448, per_el=2.5079e-04, out_err=0.2974, ADMM time=2.03s
	(3/3) Block 6/28, mlp.down_proj | Tuning Factorized Weights...
		(Epoch 01/08) Block Loss: 4.8306e-05
		(Epoch 02/08) Block Loss: 4.7081e-05
		(Epoch 03/08) Block Loss: 4.6910e-05
		(Epoch 04/08) Block Loss: 4.6933e-05
		(Epoch 05/08) Block Loss: 4.6962e-05
		(Epoch 06/08) Block Loss: 4.6864e-05
		(Epoch 07/08) Block Loss: 4.6806e-05
		(Epoch 08/08) Block Loss: 4.6257e-05
		Block 5: relative block output error = 0.0023
Using sequence length: 2048 (model max: 2048)
		Block 5: Test Data PPL        = 18.524
	(1/3) Block 7/28, self_attn.q_proj | Tuning Non-Factorized Weights...
		(Epoch 01/08) Block Loss: 3.0598e-05
		(Epoch 02/08) Block Loss: 2.8192e-05
		(Epoch 03/08) Block Loss: 2.7076e-05
		(Epoch 04/08) Block Loss: 2.6143e-05
		(Epoch 05/08) Block Loss: 2.5580e-05
		(Epoch 06/08) Block Loss: 2.5269e-05
		(Epoch 07/08) Block Loss: 2.5105e-05
		(Epoch 08/08) Block Loss: 2.5044e-05
	(2/3) Block 7/28, self_attn.q_proj | Initialization via ADMM...
		ADMM weight recon error: raw=475.3661, norm=0.2425, per_el=2.2667e-04, out_err=0.0517, ADMM time=1.48s
	(3/3) Block 7/28, self_attn.q_proj | Tuning Factorized Weights...
		(Epoch 01/08) Block Loss: 2.5888e-05
		(Epoch 02/08) Block Loss: 2.5631e-05
		(Epoch 03/08) Block Loss: 2.5561e-05
		(Epoch 04/08) Block Loss: 2.5520e-05
		(Epoch 05/08) Block Loss: 2.5495e-05
		(Epoch 06/08) Block Loss: 2.5467e-05
		(Epoch 07/08) Block Loss: 2.5449e-05
		(Epoch 08/08) Block Loss: 2.5431e-05
	(1/3) Block 7/28, self_attn.v_proj | Tuning Non-Factorized Weights...
		(Epoch 01/08) Block Loss: 2.5425e-05
		(Epoch 02/08) Block Loss: 2.4788e-05
Token indices sequence length is longer than the specified maximum sequence length for this model (299078 > 131072). Running this sequence through the model will result in indexing errors
Compressing Layers:  25%|██████████████████████████▊                                                                                | 7/28 [19:58<48:50, 139.55s/it]		(Epoch 03/08) Block Loss: 2.4347e-05
		(Epoch 04/08) Block Loss: 2.3843e-05
		(Epoch 05/08) Block Loss: 2.3557e-05
		(Epoch 06/08) Block Loss: 2.3385e-05
		(Epoch 07/08) Block Loss: 2.3288e-05
		(Epoch 08/08) Block Loss: 2.3249e-05
	(2/3) Block 7/28, self_attn.v_proj | Initialization via ADMM...
		ADMM weight recon error: raw=305.3485, norm=0.3567, per_el=2.9120e-04, out_err=0.2882, ADMM time=1.29s
	(3/3) Block 7/28, self_attn.v_proj | Tuning Factorized Weights...
		(Epoch 01/08) Block Loss: 2.7177e-05
		(Epoch 02/08) Block Loss: 2.6213e-05
		(Epoch 03/08) Block Loss: 2.5849e-05
		(Epoch 04/08) Block Loss: 2.5669e-05
		(Epoch 05/08) Block Loss: 2.5563e-05
		(Epoch 06/08) Block Loss: 2.5520e-05
		(Epoch 07/08) Block Loss: 2.5481e-05
		(Epoch 08/08) Block Loss: 2.5441e-05
	(1/3) Block 7/28, self_attn.o_proj | Tuning Non-Factorized Weights...
		(Epoch 01/08) Block Loss: 2.4968e-05
		(Epoch 02/08) Block Loss: 2.4219e-05
		(Epoch 03/08) Block Loss: 2.3847e-05
		(Epoch 04/08) Block Loss: 2.3528e-05
		(Epoch 05/08) Block Loss: 2.3315e-05
		(Epoch 06/08) Block Loss: 2.3176e-05
		(Epoch 07/08) Block Loss: 2.3098e-05
		(Epoch 08/08) Block Loss: 2.3065e-05
	(2/3) Block 7/28, self_attn.o_proj | Initialization via ADMM...
		ADMM weight recon error: raw=437.5840, norm=0.3218, per_el=2.0866e-04, out_err=0.1956, ADMM time=1.51s
	(3/3) Block 7/28, self_attn.o_proj | Tuning Factorized Weights...
		(Epoch 01/08) Block Loss: 2.5833e-05
		(Epoch 02/08) Block Loss: 2.5320e-05
		(Epoch 03/08) Block Loss: 2.5222e-05
		(Epoch 04/08) Block Loss: 2.5199e-05
		(Epoch 05/08) Block Loss: 2.5192e-05
		(Epoch 06/08) Block Loss: 2.5049e-05
		(Epoch 07/08) Block Loss: 2.5014e-05
		(Epoch 08/08) Block Loss: 2.4921e-05
	(1/3) Block 7/28, self_attn.k_proj | Tuning Non-Factorized Weights...
		(Epoch 01/08) Block Loss: 2.4531e-05
		(Epoch 02/08) Block Loss: 2.3977e-05
		(Epoch 03/08) Block Loss: 2.3682e-05
		(Epoch 04/08) Block Loss: 2.3481e-05
		(Epoch 05/08) Block Loss: 2.3326e-05
		(Epoch 06/08) Block Loss: 2.3225e-05
		(Epoch 07/08) Block Loss: 2.3164e-05
		(Epoch 08/08) Block Loss: 2.3138e-05
	(2/3) Block 7/28, self_attn.k_proj | Initialization via ADMM...
		ADMM weight recon error: raw=226.3103, norm=0.2733, per_el=2.1583e-04, out_err=0.0780, ADMM time=1.86s
	(3/3) Block 7/28, self_attn.k_proj | Tuning Factorized Weights...
		(Epoch 01/08) Block Loss: 2.3633e-05
		(Epoch 02/08) Block Loss: 2.3535e-05
		(Epoch 03/08) Block Loss: 2.3494e-05
		(Epoch 04/08) Block Loss: 2.3473e-05
		(Epoch 05/08) Block Loss: 2.3461e-05
		(Epoch 06/08) Block Loss: 2.3451e-05
		(Epoch 07/08) Block Loss: 2.3444e-05
		(Epoch 08/08) Block Loss: 2.3435e-05
	(1/3) Block 7/28, mlp.gate_proj | Tuning Non-Factorized Weights...
		(Epoch 01/08) Block Loss: 2.3564e-05
		(Epoch 02/08) Block Loss: 2.3292e-05
		(Epoch 03/08) Block Loss: 2.3114e-05
		(Epoch 04/08) Block Loss: 2.2988e-05
		(Epoch 05/08) Block Loss: 2.2880e-05
		(Epoch 06/08) Block Loss: 2.2806e-05
		(Epoch 07/08) Block Loss: 2.2759e-05
		(Epoch 08/08) Block Loss: 2.2738e-05
	(2/3) Block 7/28, mlp.gate_proj | Initialization via ADMM...
		ADMM weight recon error: raw=1205.8655, norm=0.3410, per_el=3.8333e-04, out_err=0.0684, ADMM time=2.57s
	(3/3) Block 7/28, mlp.gate_proj | Tuning Factorized Weights...
		(Epoch 01/08) Block Loss: 2.8335e-05
		(Epoch 02/08) Block Loss: 2.7224e-05
		(Epoch 03/08) Block Loss: 2.6917e-05
		(Epoch 04/08) Block Loss: 2.6793e-05
		(Epoch 05/08) Block Loss: 2.6735e-05
		(Epoch 06/08) Block Loss: 2.6679e-05
		(Epoch 07/08) Block Loss: 2.6615e-05
		(Epoch 08/08) Block Loss: 2.6438e-05
	(1/3) Block 7/28, mlp.up_proj | Tuning Non-Factorized Weights...
		(Epoch 01/08) Block Loss: 2.5847e-05
		(Epoch 02/08) Block Loss: 2.5354e-05
		(Epoch 03/08) Block Loss: 2.5111e-05
		(Epoch 04/08) Block Loss: 2.4963e-05
		(Epoch 05/08) Block Loss: 2.4850e-05
		(Epoch 06/08) Block Loss: 2.4778e-05
		(Epoch 07/08) Block Loss: 2.4735e-05
		(Epoch 08/08) Block Loss: 2.4716e-05
	(2/3) Block 7/28, mlp.up_proj | Initialization via ADMM...
		ADMM weight recon error: raw=840.9626, norm=0.3551, per_el=2.6733e-04, out_err=0.2639, ADMM time=1.45s
	(3/3) Block 7/28, mlp.up_proj | Tuning Factorized Weights...
		(Epoch 01/08) Block Loss: 3.3680e-05
		(Epoch 02/08) Block Loss: 3.2064e-05
		(Epoch 03/08) Block Loss: 3.1708e-05
		(Epoch 04/08) Block Loss: 3.1563e-05
		(Epoch 05/08) Block Loss: 3.1503e-05
		(Epoch 06/08) Block Loss: 3.1430e-05
		(Epoch 07/08) Block Loss: 3.1313e-05
		(Epoch 08/08) Block Loss: 3.0919e-05
	(1/3) Block 7/28, mlp.down_proj | Tuning Non-Factorized Weights...
		(Epoch 01/08) Block Loss: 2.9858e-05
		(Epoch 02/08) Block Loss: 2.9179e-05
		(Epoch 03/08) Block Loss: 2.8836e-05
		(Epoch 04/08) Block Loss: 2.8635e-05
		(Epoch 05/08) Block Loss: 2.8503e-05
		(Epoch 06/08) Block Loss: 2.8426e-05
		(Epoch 07/08) Block Loss: 2.8385e-05
		(Epoch 08/08) Block Loss: 2.8370e-05
	(2/3) Block 7/28, mlp.down_proj | Initialization via ADMM...
		ADMM weight recon error: raw=736.7676, norm=0.3313, per_el=2.3421e-04, out_err=0.2845, ADMM time=1.83s
	(3/3) Block 7/28, mlp.down_proj | Tuning Factorized Weights...
		(Epoch 01/08) Block Loss: 3.8655e-05
		(Epoch 02/08) Block Loss: 3.7888e-05
		(Epoch 03/08) Block Loss: 3.7793e-05
		(Epoch 04/08) Block Loss: 3.7791e-05
		(Epoch 05/08) Block Loss: 3.7818e-05
		(Epoch 06/08) Block Loss: 3.7792e-05
		(Epoch 07/08) Block Loss: 3.7710e-05
		(Epoch 08/08) Block Loss: 3.7300e-05
		Block 6: relative block output error = 0.0027
Using sequence length: 2048 (model max: 2048)
		Block 6: Test Data PPL        = 18.485
	(1/3) Block 8/28, self_attn.q_proj | Tuning Non-Factorized Weights...
		(Epoch 01/08) Block Loss: 3.9388e-05
		(Epoch 02/08) Block Loss: 3.6457e-05
		(Epoch 03/08) Block Loss: 3.5184e-05
		(Epoch 04/08) Block Loss: 3.4074e-05
		(Epoch 05/08) Block Loss: 3.3435e-05
		(Epoch 06/08) Block Loss: 3.3029e-05
		(Epoch 07/08) Block Loss: 3.2823e-05
		(Epoch 08/08) Block Loss: 3.2747e-05
	(2/3) Block 8/28, self_attn.q_proj | Initialization via ADMM...
		ADMM weight recon error: raw=527.2620, norm=0.2969, per_el=2.5142e-04, out_err=0.0697, ADMM time=1.60s
	(3/3) Block 8/28, self_attn.q_proj | Tuning Factorized Weights...
		(Epoch 01/08) Block Loss: 3.4112e-05
		(Epoch 02/08) Block Loss: 3.3595e-05
		(Epoch 03/08) Block Loss: 3.3463e-05
		(Epoch 04/08) Block Loss: 3.3374e-05
		(Epoch 05/08) Block Loss: 3.3320e-05
		(Epoch 06/08) Block Loss: 3.3279e-05
		(Epoch 07/08) Block Loss: 3.3247e-05
		(Epoch 08/08) Block Loss: 3.3222e-05
	(1/3) Block 8/28, self_attn.v_proj | Tuning Non-Factorized Weights...
		(Epoch 01/08) Block Loss: 3.3282e-05
		(Epoch 02/08) Block Loss: 3.2383e-05
		(Epoch 03/08) Block Loss: 3.1734e-05
		(Epoch 04/08) Block Loss: 3.1258e-05
		(Epoch 05/08) Block Loss: 3.0926e-05
		(Epoch 06/08) Block Loss: 3.0706e-05
		(Epoch 07/08) Block Loss: 3.0582e-05
		(Epoch 08/08) Block Loss: 3.0532e-05
	(2/3) Block 8/28, self_attn.v_proj | Initialization via ADMM...
		ADMM weight recon error: raw=290.6851, norm=0.3528, per_el=2.7722e-04, out_err=0.2899, ADMM time=2.75s
	(3/3) Block 8/28, self_attn.v_proj | Tuning Factorized Weights...
		(Epoch 01/08) Block Loss: 3.6457e-05
		(Epoch 02/08) Block Loss: 3.5265e-05
		(Epoch 03/08) Block Loss: 3.4816e-05
		(Epoch 04/08) Block Loss: 3.4572e-05
		(Epoch 05/08) Block Loss: 3.4451e-05
		(Epoch 06/08) Block Loss: 3.4374e-05
		(Epoch 07/08) Block Loss: 3.4328e-05
		(Epoch 08/08) Block Loss: 3.4258e-05
	(1/3) Block 8/28, self_attn.o_proj | Tuning Non-Factorized Weights...
		(Epoch 01/08) Block Loss: 3.3372e-05
		(Epoch 02/08) Block Loss: 3.2254e-05
		(Epoch 03/08) Block Loss: 3.1711e-05
		(Epoch 04/08) Block Loss: 3.1335e-05
		(Epoch 05/08) Block Loss: 3.1058e-05
		(Epoch 06/08) Block Loss: 3.0878e-05
		(Epoch 07/08) Block Loss: 3.0775e-05
		(Epoch 08/08) Block Loss: 3.0732e-05
	(2/3) Block 8/28, self_attn.o_proj | Initialization via ADMM...
		ADMM weight recon error: raw=431.6802, norm=0.3119, per_el=2.0584e-04, out_err=0.2881, ADMM time=3.18s
	(3/3) Block 8/28, self_attn.o_proj | Tuning Factorized Weights...
		(Epoch 01/08) Block Loss: 3.5539e-05
		(Epoch 02/08) Block Loss: 3.4742e-05
		(Epoch 03/08) Block Loss: 3.4543e-05
		(Epoch 04/08) Block Loss: 3.4503e-05
Token indices sequence length is longer than the specified maximum sequence length for this model (299078 > 131072). Running this sequence through the model will result in indexing errors
Compressing Layers:  29%|██████████████████████████████▌                                                                            | 8/28 [22:23<47:08, 141.42s/it]		(Epoch 05/08) Block Loss: 3.4341e-05
		(Epoch 06/08) Block Loss: 3.4287e-05
		(Epoch 07/08) Block Loss: 3.4257e-05
		(Epoch 08/08) Block Loss: 3.3996e-05
	(1/3) Block 8/28, self_attn.k_proj | Tuning Non-Factorized Weights...
		(Epoch 01/08) Block Loss: 3.3293e-05
		(Epoch 02/08) Block Loss: 3.2437e-05
		(Epoch 03/08) Block Loss: 3.2020e-05
		(Epoch 04/08) Block Loss: 3.1739e-05
		(Epoch 05/08) Block Loss: 3.1531e-05
		(Epoch 06/08) Block Loss: 3.1398e-05
		(Epoch 07/08) Block Loss: 3.1319e-05
		(Epoch 08/08) Block Loss: 3.1286e-05
	(2/3) Block 8/28, self_attn.k_proj | Initialization via ADMM...
		ADMM weight recon error: raw=232.1826, norm=0.3088, per_el=2.2143e-04, out_err=0.0791, ADMM time=3.17s
	(3/3) Block 8/28, self_attn.k_proj | Tuning Factorized Weights...
		(Epoch 01/08) Block Loss: 3.2222e-05
		(Epoch 02/08) Block Loss: 3.1898e-05
		(Epoch 03/08) Block Loss: 3.1824e-05
		(Epoch 04/08) Block Loss: 3.1784e-05
		(Epoch 05/08) Block Loss: 3.1758e-05
		(Epoch 06/08) Block Loss: 3.1743e-05
		(Epoch 07/08) Block Loss: 3.1731e-05
		(Epoch 08/08) Block Loss: 3.1724e-05
	(1/3) Block 8/28, mlp.gate_proj | Tuning Non-Factorized Weights...
		(Epoch 01/08) Block Loss: 3.1871e-05
		(Epoch 02/08) Block Loss: 3.1507e-05
		(Epoch 03/08) Block Loss: 3.1280e-05
		(Epoch 04/08) Block Loss: 3.1114e-05
		(Epoch 05/08) Block Loss: 3.0976e-05
		(Epoch 06/08) Block Loss: 3.0883e-05
		(Epoch 07/08) Block Loss: 3.0824e-05
		(Epoch 08/08) Block Loss: 3.0798e-05
	(2/3) Block 8/28, mlp.gate_proj | Initialization via ADMM...
		ADMM weight recon error: raw=1153.9595, norm=0.3278, per_el=3.6683e-04, out_err=0.0681, ADMM time=3.78s
	(3/3) Block 8/28, mlp.gate_proj | Tuning Factorized Weights...
		(Epoch 01/08) Block Loss: 3.7032e-05
		(Epoch 02/08) Block Loss: 3.5921e-05
		(Epoch 03/08) Block Loss: 3.5604e-05
		(Epoch 04/08) Block Loss: 3.5484e-05
		(Epoch 05/08) Block Loss: 3.5437e-05
		(Epoch 06/08) Block Loss: 3.5338e-05
		(Epoch 07/08) Block Loss: 3.5266e-05
		(Epoch 08/08) Block Loss: 3.5025e-05
	(1/3) Block 8/28, mlp.up_proj | Tuning Non-Factorized Weights...
		(Epoch 01/08) Block Loss: 3.4393e-05
		(Epoch 02/08) Block Loss: 3.3834e-05
		(Epoch 03/08) Block Loss: 3.3552e-05
		(Epoch 04/08) Block Loss: 3.3377e-05
		(Epoch 05/08) Block Loss: 3.3242e-05
		(Epoch 06/08) Block Loss: 3.3155e-05
		(Epoch 07/08) Block Loss: 3.3103e-05
		(Epoch 08/08) Block Loss: 3.3081e-05
	(2/3) Block 8/28, mlp.up_proj | Initialization via ADMM...
		ADMM weight recon error: raw=825.6241, norm=0.3510, per_el=2.6246e-04, out_err=0.2518, ADMM time=2.43s
	(3/3) Block 8/28, mlp.up_proj | Tuning Factorized Weights...
		(Epoch 01/08) Block Loss: 4.3631e-05
		(Epoch 02/08) Block Loss: 4.1804e-05
		(Epoch 03/08) Block Loss: 4.1424e-05
		(Epoch 04/08) Block Loss: 4.1307e-05
		(Epoch 05/08) Block Loss: 4.1409e-05
		(Epoch 06/08) Block Loss: 4.1004e-05
		(Epoch 07/08) Block Loss: 4.0938e-05
		(Epoch 08/08) Block Loss: 4.0450e-05
	(1/3) Block 8/28, mlp.down_proj | Tuning Non-Factorized Weights...
		(Epoch 01/08) Block Loss: 3.9302e-05
		(Epoch 02/08) Block Loss: 3.8506e-05
		(Epoch 03/08) Block Loss: 3.8095e-05
		(Epoch 04/08) Block Loss: 3.7853e-05
		(Epoch 05/08) Block Loss: 3.7692e-05
		(Epoch 06/08) Block Loss: 3.7599e-05
		(Epoch 07/08) Block Loss: 3.7549e-05
		(Epoch 08/08) Block Loss: 3.7531e-05
	(2/3) Block 8/28, mlp.down_proj | Initialization via ADMM...
		ADMM weight recon error: raw=718.6307, norm=0.3327, per_el=2.2845e-04, out_err=0.2755, ADMM time=2.65s
	(3/3) Block 8/28, mlp.down_proj | Tuning Factorized Weights...
		(Epoch 01/08) Block Loss: 4.9363e-05
		(Epoch 02/08) Block Loss: 4.8433e-05
		(Epoch 03/08) Block Loss: 4.8572e-05
		(Epoch 04/08) Block Loss: 4.8571e-05
		(Epoch 05/08) Block Loss: 4.8600e-05
		(Epoch 06/08) Block Loss: 4.8285e-05
		(Epoch 07/08) Block Loss: 4.8298e-05
		(Epoch 08/08) Block Loss: 4.7752e-05
		Block 7: relative block output error = 0.0031
Using sequence length: 2048 (model max: 2048)
		Block 7: Test Data PPL        = 18.616
	(1/3) Block 9/28, self_attn.q_proj | Tuning Non-Factorized Weights...
		(Epoch 01/08) Block Loss: 2.5988e-05
		(Epoch 02/08) Block Loss: 2.4189e-05
		(Epoch 03/08) Block Loss: 2.3286e-05
		(Epoch 04/08) Block Loss: 2.2704e-05
		(Epoch 05/08) Block Loss: 2.2316e-05
		(Epoch 06/08) Block Loss: 2.2081e-05
		(Epoch 07/08) Block Loss: 2.1953e-05
		(Epoch 08/08) Block Loss: 2.1907e-05
	(2/3) Block 9/28, self_attn.q_proj | Initialization via ADMM...
		ADMM weight recon error: raw=521.0354, norm=0.2691, per_el=2.4845e-04, out_err=0.0746, ADMM time=2.74s
	(3/3) Block 9/28, self_attn.q_proj | Tuning Factorized Weights...
		(Epoch 01/08) Block Loss: 2.2672e-05
		(Epoch 02/08) Block Loss: 2.2400e-05
		(Epoch 03/08) Block Loss: 2.2340e-05
		(Epoch 04/08) Block Loss: 2.2307e-05
		(Epoch 05/08) Block Loss: 2.2286e-05
		(Epoch 06/08) Block Loss: 2.2266e-05
		(Epoch 07/08) Block Loss: 2.2253e-05
		(Epoch 08/08) Block Loss: 2.2235e-05
	(1/3) Block 9/28, self_attn.v_proj | Tuning Non-Factorized Weights...
		(Epoch 01/08) Block Loss: 2.2230e-05
		(Epoch 02/08) Block Loss: 2.1642e-05
		(Epoch 03/08) Block Loss: 2.1268e-05
		(Epoch 04/08) Block Loss: 2.0980e-05
		(Epoch 05/08) Block Loss: 2.0770e-05
		(Epoch 06/08) Block Loss: 2.0636e-05
		(Epoch 07/08) Block Loss: 2.0560e-05
		(Epoch 08/08) Block Loss: 2.0530e-05
	(2/3) Block 9/28, self_attn.v_proj | Initialization via ADMM...
		ADMM weight recon error: raw=290.4261, norm=0.3542, per_el=2.7697e-04, out_err=0.2324, ADMM time=1.74s
	(3/3) Block 9/28, self_attn.v_proj | Tuning Factorized Weights...
		(Epoch 01/08) Block Loss: 2.3027e-05
		(Epoch 02/08) Block Loss: 2.2595e-05
		(Epoch 03/08) Block Loss: 2.2411e-05
		(Epoch 04/08) Block Loss: 2.2308e-05
		(Epoch 05/08) Block Loss: 2.2252e-05
		(Epoch 06/08) Block Loss: 2.2216e-05
		(Epoch 07/08) Block Loss: 2.2194e-05
		(Epoch 08/08) Block Loss: 2.2170e-05
	(1/3) Block 9/28, self_attn.o_proj | Tuning Non-Factorized Weights...
		(Epoch 01/08) Block Loss: 2.1838e-05
		(Epoch 02/08) Block Loss: 2.1259e-05
		(Epoch 03/08) Block Loss: 2.0947e-05
		(Epoch 04/08) Block Loss: 2.0739e-05
		(Epoch 05/08) Block Loss: 2.0580e-05
		(Epoch 06/08) Block Loss: 2.0475e-05
		(Epoch 07/08) Block Loss: 2.0413e-05
		(Epoch 08/08) Block Loss: 2.0388e-05
	(2/3) Block 9/28, self_attn.o_proj | Initialization via ADMM...
		ADMM weight recon error: raw=418.5478, norm=0.3152, per_el=1.9958e-04, out_err=0.2181, ADMM time=1.89s
	(3/3) Block 9/28, self_attn.o_proj | Tuning Factorized Weights...
		(Epoch 01/08) Block Loss: 2.2528e-05
		(Epoch 02/08) Block Loss: 2.2157e-05
		(Epoch 03/08) Block Loss: 2.2056e-05
		(Epoch 04/08) Block Loss: 2.2030e-05
		(Epoch 05/08) Block Loss: 2.2032e-05
		(Epoch 06/08) Block Loss: 2.1984e-05
		(Epoch 07/08) Block Loss: 2.1932e-05
		(Epoch 08/08) Block Loss: 2.1846e-05
	(1/3) Block 9/28, self_attn.k_proj | Tuning Non-Factorized Weights...
		(Epoch 01/08) Block Loss: 2.1559e-05
		(Epoch 02/08) Block Loss: 2.1139e-05
		(Epoch 03/08) Block Loss: 2.0916e-05
		(Epoch 04/08) Block Loss: 2.0766e-05
		(Epoch 05/08) Block Loss: 2.0649e-05
		(Epoch 06/08) Block Loss: 2.0572e-05
		(Epoch 07/08) Block Loss: 2.0525e-05
		(Epoch 08/08) Block Loss: 2.0505e-05
	(2/3) Block 9/28, self_attn.k_proj | Initialization via ADMM...
		ADMM weight recon error: raw=218.4831, norm=0.2759, per_el=2.0836e-04, out_err=0.0840, ADMM time=2.40s
	(3/3) Block 9/28, self_attn.k_proj | Tuning Factorized Weights...
		(Epoch 01/08) Block Loss: 2.0882e-05
		(Epoch 02/08) Block Loss: 2.0805e-05
		(Epoch 03/08) Block Loss: 2.0776e-05
		(Epoch 04/08) Block Loss: 2.0760e-05
		(Epoch 05/08) Block Loss: 2.0749e-05
		(Epoch 06/08) Block Loss: 2.0742e-05
		(Epoch 07/08) Block Loss: 2.0736e-05
		(Epoch 08/08) Block Loss: 2.0729e-05
	(1/3) Block 9/28, mlp.gate_proj | Tuning Non-Factorized Weights...
		(Epoch 01/08) Block Loss: 2.0839e-05
		(Epoch 02/08) Block Loss: 2.0630e-05
		(Epoch 03/08) Block Loss: 2.0497e-05
		(Epoch 04/08) Block Loss: 2.0400e-05
		(Epoch 05/08) Block Loss: 2.0318e-05
		(Epoch 06/08) Block Loss: 2.0261e-05
		(Epoch 07/08) Block Loss: 2.0225e-05
		(Epoch 08/08) Block Loss: 2.0209e-05
	(2/3) Block 9/28, mlp.gate_proj | Initialization via ADMM...
Token indices sequence length is longer than the specified maximum sequence length for this model (299078 > 131072). Running this sequence through the model will result in indexing errors
Compressing Layers:  32%|██████████████████████████████████▍                                                                        | 9/28 [24:31<43:26, 137.19s/it]		ADMM weight recon error: raw=1114.3306, norm=0.3270, per_el=3.5424e-04, out_err=0.0689, ADMM time=1.76s
	(3/3) Block 9/28, mlp.gate_proj | Tuning Factorized Weights...
		(Epoch 01/08) Block Loss: 2.4042e-05
		(Epoch 02/08) Block Loss: 2.3320e-05
		(Epoch 03/08) Block Loss: 2.3137e-05
		(Epoch 04/08) Block Loss: 2.3084e-05
		(Epoch 05/08) Block Loss: 2.3022e-05
		(Epoch 06/08) Block Loss: 2.2965e-05
		(Epoch 07/08) Block Loss: 2.2917e-05
		(Epoch 08/08) Block Loss: 2.2777e-05
	(1/3) Block 9/28, mlp.up_proj | Tuning Non-Factorized Weights...
		(Epoch 01/08) Block Loss: 2.2394e-05
		(Epoch 02/08) Block Loss: 2.2058e-05
		(Epoch 03/08) Block Loss: 2.1886e-05
		(Epoch 04/08) Block Loss: 2.1779e-05
		(Epoch 05/08) Block Loss: 2.1696e-05
		(Epoch 06/08) Block Loss: 2.1643e-05
		(Epoch 07/08) Block Loss: 2.1610e-05
		(Epoch 08/08) Block Loss: 2.1596e-05
	(2/3) Block 9/28, mlp.up_proj | Initialization via ADMM...
		ADMM weight recon error: raw=816.8820, norm=0.3497, per_el=2.5968e-04, out_err=0.2454, ADMM time=3.07s
	(3/3) Block 9/28, mlp.up_proj | Tuning Factorized Weights...
		(Epoch 01/08) Block Loss: 2.7606e-05
		(Epoch 02/08) Block Loss: 2.6596e-05
		(Epoch 03/08) Block Loss: 2.6415e-05
		(Epoch 04/08) Block Loss: 2.6392e-05
		(Epoch 05/08) Block Loss: 2.6355e-05
		(Epoch 06/08) Block Loss: 2.6109e-05
		(Epoch 07/08) Block Loss: 2.6164e-05
		(Epoch 08/08) Block Loss: 2.5816e-05
	(1/3) Block 9/28, mlp.down_proj | Tuning Non-Factorized Weights...
		(Epoch 01/08) Block Loss: 2.5178e-05
		(Epoch 02/08) Block Loss: 2.4742e-05
		(Epoch 03/08) Block Loss: 2.4514e-05
		(Epoch 04/08) Block Loss: 2.4379e-05
		(Epoch 05/08) Block Loss: 2.4288e-05
		(Epoch 06/08) Block Loss: 2.4234e-05
		(Epoch 07/08) Block Loss: 2.4205e-05
		(Epoch 08/08) Block Loss: 2.4194e-05
	(2/3) Block 9/28, mlp.down_proj | Initialization via ADMM...
		ADMM weight recon error: raw=709.3201, norm=0.3236, per_el=2.2549e-04, out_err=0.2793, ADMM time=2.96s
	(3/3) Block 9/28, mlp.down_proj | Tuning Factorized Weights...
		(Epoch 01/08) Block Loss: 3.0872e-05
		(Epoch 02/08) Block Loss: 3.0403e-05
		(Epoch 03/08) Block Loss: 3.0470e-05
		(Epoch 04/08) Block Loss: 3.0592e-05
		(Epoch 05/08) Block Loss: 3.0537e-05
		(Epoch 06/08) Block Loss: 3.0396e-05
		(Epoch 07/08) Block Loss: 3.0394e-05
		(Epoch 08/08) Block Loss: 3.0058e-05
		Block 8: relative block output error = 0.0036
Using sequence length: 2048 (model max: 2048)
		Block 8: Test Data PPL        = 18.620
	(1/3) Block 10/28, self_attn.q_proj | Tuning Non-Factorized Weights...
		(Epoch 01/08) Block Loss: 2.2799e-05
		(Epoch 02/08) Block Loss: 2.1437e-05
		(Epoch 03/08) Block Loss: 2.0760e-05
		(Epoch 04/08) Block Loss: 2.0257e-05
		(Epoch 05/08) Block Loss: 1.9944e-05
		(Epoch 06/08) Block Loss: 1.9742e-05
		(Epoch 07/08) Block Loss: 1.9635e-05
		(Epoch 08/08) Block Loss: 1.9596e-05
	(2/3) Block 10/28, self_attn.q_proj | Initialization via ADMM...
		ADMM weight recon error: raw=530.1994, norm=0.2750, per_el=2.5282e-04, out_err=0.0607, ADMM time=3.25s
	(3/3) Block 10/28, self_attn.q_proj | Tuning Factorized Weights...
		(Epoch 01/08) Block Loss: 2.0322e-05
		(Epoch 02/08) Block Loss: 2.0066e-05
		(Epoch 03/08) Block Loss: 2.0002e-05
		(Epoch 04/08) Block Loss: 1.9965e-05
		(Epoch 05/08) Block Loss: 1.9942e-05
		(Epoch 06/08) Block Loss: 1.9918e-05
		(Epoch 07/08) Block Loss: 1.9903e-05
		(Epoch 08/08) Block Loss: 1.9887e-05
	(1/3) Block 10/28, self_attn.v_proj | Tuning Non-Factorized Weights...
		(Epoch 01/08) Block Loss: 2.0012e-05
		(Epoch 02/08) Block Loss: 1.9633e-05
		(Epoch 03/08) Block Loss: 1.9230e-05
		(Epoch 04/08) Block Loss: 1.8978e-05
		(Epoch 05/08) Block Loss: 1.8803e-05
		(Epoch 06/08) Block Loss: 1.8690e-05
		(Epoch 07/08) Block Loss: 1.8622e-05
		(Epoch 08/08) Block Loss: 1.8595e-05
	(2/3) Block 10/28, self_attn.v_proj | Initialization via ADMM...
		ADMM weight recon error: raw=284.3238, norm=0.3627, per_el=2.7115e-04, out_err=0.3027, ADMM time=2.60s
	(3/3) Block 10/28, self_attn.v_proj | Tuning Factorized Weights...
		(Epoch 01/08) Block Loss: 2.2062e-05
		(Epoch 02/08) Block Loss: 2.1511e-05
		(Epoch 03/08) Block Loss: 2.1270e-05
		(Epoch 04/08) Block Loss: 2.1136e-05
		(Epoch 05/08) Block Loss: 2.1059e-05
		(Epoch 06/08) Block Loss: 2.1015e-05
		(Epoch 07/08) Block Loss: 2.0986e-05
		(Epoch 08/08) Block Loss: 2.0945e-05
	(1/3) Block 10/28, self_attn.o_proj | Tuning Non-Factorized Weights...
		(Epoch 01/08) Block Loss: 2.0386e-05
		(Epoch 02/08) Block Loss: 1.9719e-05
		(Epoch 03/08) Block Loss: 1.9396e-05
		(Epoch 04/08) Block Loss: 1.9180e-05
		(Epoch 05/08) Block Loss: 1.9023e-05
		(Epoch 06/08) Block Loss: 1.8918e-05
		(Epoch 07/08) Block Loss: 1.8858e-05
		(Epoch 08/08) Block Loss: 1.8834e-05
	(2/3) Block 10/28, self_attn.o_proj | Initialization via ADMM...
		ADMM weight recon error: raw=431.4620, norm=0.3173, per_el=2.0574e-04, out_err=0.2484, ADMM time=2.71s
	(3/3) Block 10/28, self_attn.o_proj | Tuning Factorized Weights...
		(Epoch 01/08) Block Loss: 2.1723e-05
		(Epoch 02/08) Block Loss: 2.1210e-05
		(Epoch 03/08) Block Loss: 2.1061e-05
		(Epoch 04/08) Block Loss: 2.1015e-05
		(Epoch 05/08) Block Loss: 2.1021e-05
		(Epoch 06/08) Block Loss: 2.0896e-05
		(Epoch 07/08) Block Loss: 2.0852e-05
		(Epoch 08/08) Block Loss: 2.0753e-05
	(1/3) Block 10/28, self_attn.k_proj | Tuning Non-Factorized Weights...
		(Epoch 01/08) Block Loss: 2.0310e-05
		(Epoch 02/08) Block Loss: 1.9811e-05
		(Epoch 03/08) Block Loss: 1.9563e-05
		(Epoch 04/08) Block Loss: 1.9400e-05
		(Epoch 05/08) Block Loss: 1.9279e-05
		(Epoch 06/08) Block Loss: 1.9200e-05
		(Epoch 07/08) Block Loss: 1.9154e-05
		(Epoch 08/08) Block Loss: 1.9134e-05
	(2/3) Block 10/28, self_attn.k_proj | Initialization via ADMM...
		ADMM weight recon error: raw=226.3235, norm=0.2932, per_el=2.1584e-04, out_err=0.0878, ADMM time=1.76s
	(3/3) Block 10/28, self_attn.k_proj | Tuning Factorized Weights...
		(Epoch 01/08) Block Loss: 1.9447e-05
		(Epoch 02/08) Block Loss: 1.9377e-05
		(Epoch 03/08) Block Loss: 1.9353e-05
		(Epoch 04/08) Block Loss: 1.9338e-05
		(Epoch 05/08) Block Loss: 1.9328e-05
		(Epoch 06/08) Block Loss: 1.9322e-05
		(Epoch 07/08) Block Loss: 1.9317e-05
		(Epoch 08/08) Block Loss: 1.9312e-05
	(1/3) Block 10/28, mlp.gate_proj | Tuning Non-Factorized Weights...
		(Epoch 01/08) Block Loss: 1.9408e-05
		(Epoch 02/08) Block Loss: 1.9204e-05
		(Epoch 03/08) Block Loss: 1.9071e-05
		(Epoch 04/08) Block Loss: 1.8973e-05
		(Epoch 05/08) Block Loss: 1.8893e-05
		(Epoch 06/08) Block Loss: 1.8838e-05
		(Epoch 07/08) Block Loss: 1.8804e-05
		(Epoch 08/08) Block Loss: 1.8788e-05
	(2/3) Block 10/28, mlp.gate_proj | Initialization via ADMM...
		ADMM weight recon error: raw=1143.1959, norm=0.3161, per_el=3.6341e-04, out_err=0.0641, ADMM time=3.21s
	(3/3) Block 10/28, mlp.gate_proj | Tuning Factorized Weights...
		(Epoch 01/08) Block Loss: 2.1828e-05
		(Epoch 02/08) Block Loss: 2.1277e-05
		(Epoch 03/08) Block Loss: 2.1152e-05
		(Epoch 04/08) Block Loss: 2.1118e-05
		(Epoch 05/08) Block Loss: 2.1092e-05
		(Epoch 06/08) Block Loss: 2.1033e-05
		(Epoch 07/08) Block Loss: 2.1002e-05
		(Epoch 08/08) Block Loss: 2.0852e-05
	(1/3) Block 10/28, mlp.up_proj | Tuning Non-Factorized Weights...
		(Epoch 01/08) Block Loss: 2.0540e-05
		(Epoch 02/08) Block Loss: 2.0244e-05
		(Epoch 03/08) Block Loss: 2.0092e-05
		(Epoch 04/08) Block Loss: 1.9997e-05
		(Epoch 05/08) Block Loss: 1.9922e-05
		(Epoch 06/08) Block Loss: 1.9873e-05
		(Epoch 07/08) Block Loss: 1.9844e-05
		(Epoch 08/08) Block Loss: 1.9831e-05
	(2/3) Block 10/28, mlp.up_proj | Initialization via ADMM...
		ADMM weight recon error: raw=841.5377, norm=0.3506, per_el=2.6752e-04, out_err=0.2137, ADMM time=3.20s
	(3/3) Block 10/28, mlp.up_proj | Tuning Factorized Weights...
		(Epoch 01/08) Block Loss: 2.5078e-05
		(Epoch 02/08) Block Loss: 2.4237e-05
		(Epoch 03/08) Block Loss: 2.4053e-05
		(Epoch 04/08) Block Loss: 2.4022e-05
		(Epoch 05/08) Block Loss: 2.4066e-05
		(Epoch 06/08) Block Loss: 2.3833e-05
		(Epoch 07/08) Block Loss: 2.3861e-05
		(Epoch 08/08) Block Loss: 2.3583e-05
	(1/3) Block 10/28, mlp.down_proj | Tuning Non-Factorized Weights...
		(Epoch 01/08) Block Loss: 2.2969e-05
		(Epoch 02/08) Block Loss: 2.2567e-05
Token indices sequence length is longer than the specified maximum sequence length for this model (299078 > 131072). Running this sequence through the model will result in indexing errors
Compressing Layers:  32%|██████████████████████████████████▍                                                                        | 9/28 [26:43<56:25, 178.16s/it]
Token indices sequence length is longer than the specified maximum sequence length for this model (299078 > 131072). Running this sequence through the model will result in indexing errors
		(Epoch 03/08) Block Loss: 2.2361e-05
		(Epoch 04/08) Block Loss: 2.2238e-05
		(Epoch 05/08) Block Loss: 2.2155e-05
		(Epoch 06/08) Block Loss: 2.2106e-05
		(Epoch 07/08) Block Loss: 2.2079e-05
		(Epoch 08/08) Block Loss: 2.2069e-05
	(2/3) Block 10/28, mlp.down_proj | Initialization via ADMM...
		ADMM weight recon error: raw=677.5212, norm=0.3257, per_el=2.1538e-04, out_err=0.2768, ADMM time=1.92s
	(3/3) Block 10/28, mlp.down_proj | Tuning Factorized Weights...
		(Epoch 01/08) Block Loss: 2.8226e-05
		(Epoch 02/08) Block Loss: 2.7718e-05
		(Epoch 03/08) Block Loss: 2.7752e-05
		(Epoch 04/08) Block Loss: 2.7822e-05
		(Epoch 05/08) Block Loss: 2.7709e-05
		(Epoch 06/08) Block Loss: 2.7654e-05
		(Epoch 07/08) Block Loss: 2.7618e-05
		(Epoch 08/08) Block Loss: 2.7288e-05
		Block 9: relative block output error = 0.0041
Using sequence length: 2048 (model max: 2048)
		Block 9: Test Data PPL        = 18.901
Stopping after block 9 (block_indices=[0, 1, 2, 3, 4, 5, 6, 7, 8, 9])
mean weight err 0.3262 | mean out err 0.1713
Using sequence length: 2048 (model max: 2048)
Evaluating perplexity on wikitext2 - num_samples=146, seqlen=2048
Evaluating PPL for wikitext2 (PPL: N/A):   0%|                                                                                              | 0/146 [00:00<?, ?it/s]Evaluating PPL for wikitext2 (PPL: 11.4444):   0%|                                                                                          | 0/146 [00:00<?, ?it/s]Evaluating PPL for wikitext2 (PPL: 14.6949):   0%|                                                                                          | 0/146 [00:00<?, ?it/s]Evaluating PPL for wikitext2 (PPL: 18.7706):   0%|                                                                                          | 0/146 [00:00<?, ?it/s]Evaluating PPL for wikitext2 (PPL: 18.7706):   2%|█▋                                                                                | 3/146 [00:00<00:06, 23.31it/s]Evaluating PPL for wikitext2 (PPL: 21.0495):   2%|█▋                                                                                | 3/146 [00:00<00:06, 23.31it/s]Evaluating PPL for wikitext2 (PPL: 19.5285):   2%|█▋                                                                                | 3/146 [00:00<00:06, 23.31it/s]Evaluating PPL for wikitext2 (PPL: 17.8180):   2%|█▋                                                                                | 3/146 [00:00<00:06, 23.31it/s]Evaluating PPL for wikitext2 (PPL: 17.8180):   4%|███▎                                                                              | 6/146 [00:00<00:06, 20.48it/s]Evaluating PPL for wikitext2 (PPL: 19.8183):   4%|███▎                                                                              | 6/146 [00:00<00:06, 20.48it/s]Evaluating PPL for wikitext2 (PPL: 19.0166):   4%|███▎                                                                              | 6/146 [00:00<00:06, 20.48it/s]Evaluating PPL for wikitext2 (PPL: 19.8085):   4%|███▎                                                                              | 6/146 [00:00<00:06, 20.48it/s]Evaluating PPL for wikitext2 (PPL: 19.8085):   6%|█████                                                                             | 9/146 [00:00<00:06, 19.66it/s]Evaluating PPL for wikitext2 (PPL: 19.8671):   6%|█████                                                                             | 9/146 [00:00<00:06, 19.66it/s]Evaluating PPL for wikitext2 (PPL: 19.4676):   6%|█████                                                                             | 9/146 [00:00<00:06, 19.66it/s]Evaluating PPL for wikitext2 (PPL: 19.4676):   8%|██████                                                                           | 11/146 [00:00<00:06, 19.41it/s]Evaluating PPL for wikitext2 (PPL: 19.2157):   8%|██████                                                                           | 11/146 [00:00<00:06, 19.41it/s]Evaluating PPL for wikitext2 (PPL: 18.7105):   8%|██████                                                                           | 11/146 [00:00<00:06, 19.41it/s]Evaluating PPL for wikitext2 (PPL: 18.7105):   9%|███████▏                                                                         | 13/146 [00:00<00:06, 19.26it/s]Evaluating PPL for wikitext2 (PPL: 18.7846):   9%|███████▏                                                                         | 13/146 [00:00<00:06, 19.26it/s]Evaluating PPL for wikitext2 (PPL: 18.6537):   9%|███████▏                                                                         | 13/146 [00:00<00:06, 19.26it/s]Evaluating PPL for wikitext2 (PPL: 18.6306):   9%|███████▏                                                                         | 13/146 [00:00<00:06, 19.26it/s]Evaluating PPL for wikitext2 (PPL: 18.6306):  11%|████████▉                                                                        | 16/146 [00:00<00:06, 20.56it/s]Evaluating PPL for wikitext2 (PPL: 18.7821):  11%|████████▉                                                                        | 16/146 [00:00<00:06, 20.56it/s]Evaluating PPL for wikitext2 (PPL: 18.6893):  11%|████████▉                                                                        | 16/146 [00:00<00:06, 20.56it/s]Evaluating PPL for wikitext2 (PPL: 18.3786):  11%|████████▉                                                                        | 16/146 [00:00<00:06, 20.56it/s]Evaluating PPL for wikitext2 (PPL: 18.3786):  13%|██████████▌                                                                      | 19/146 [00:00<00:06, 20.70it/s]Evaluating PPL for wikitext2 (PPL: 17.9484):  13%|██████████▌                                                                      | 19/146 [00:00<00:06, 20.70it/s]Evaluating PPL for wikitext2 (PPL: 17.8578):  13%|██████████▌                                                                      | 19/146 [00:01<00:06, 20.70it/s]Evaluating PPL for wikitext2 (PPL: 18.0558):  13%|██████████▌                                                                      | 19/146 [00:01<00:06, 20.70it/s]Evaluating PPL for wikitext2 (PPL: 18.0558):  15%|████████████▏                                                                    | 22/146 [00:01<00:06, 19.97it/s]Evaluating PPL for wikitext2 (PPL: 17.9923):  15%|████████████▏                                                                    | 22/146 [00:01<00:06, 19.97it/s]Evaluating PPL for wikitext2 (PPL: 18.0515):  15%|████████████▏                                                                    | 22/146 [00:01<00:06, 19.97it/s]Evaluating PPL for wikitext2 (PPL: 18.0722):  15%|████████████▏                                                                    | 22/146 [00:01<00:06, 19.97it/s]Evaluating PPL for wikitext2 (PPL: 18.0722):  17%|█████████████▊                                                                   | 25/146 [00:01<00:06, 19.61it/s]Evaluating PPL for wikitext2 (PPL: 18.2991):  17%|█████████████▊                                                                   | 25/146 [00:01<00:06, 19.61it/s]Evaluating PPL for wikitext2 (PPL: 18.3942):  17%|█████████████▊                                                                   | 25/146 [00:01<00:06, 19.61it/s]Evaluating PPL for wikitext2 (PPL: 18.3942):  18%|██████████████▉                                                                  | 27/146 [00:01<00:06, 19.29it/s]Evaluating PPL for wikitext2 (PPL: 18.6384):  18%|██████████████▉                                                                  | 27/146 [00:01<00:06, 19.29it/s]Evaluating PPL for wikitext2 (PPL: 18.7875):  18%|██████████████▉                                                                  | 27/146 [00:01<00:06, 19.29it/s]Evaluating PPL for wikitext2 (PPL: 18.6051):  18%|██████████████▉                                                                  | 27/146 [00:01<00:06, 19.29it/s]Evaluating PPL for wikitext2 (PPL: 18.6051):  21%|████████████████▋                                                                | 30/146 [00:01<00:05, 20.15it/s]Evaluating PPL for wikitext2 (PPL: 18.4362):  21%|████████████████▋                                                                | 30/146 [00:01<00:05, 20.15it/s]Evaluating PPL for wikitext2 (PPL: 18.2792):  21%|████████████████▋                                                                | 30/146 [00:01<00:05, 20.15it/s]Evaluating PPL for wikitext2 (PPL: 17.9875):  21%|████████████████▋                                                                | 30/146 [00:01<00:05, 20.15it/s]Evaluating PPL for wikitext2 (PPL: 17.9875):  23%|██████████████████▎                                                              | 33/146 [00:01<00:05, 20.15it/s]Evaluating PPL for wikitext2 (PPL: 17.9632):  23%|██████████████████▎                                                              | 33/146 [00:01<00:05, 20.15it/s]Evaluating PPL for wikitext2 (PPL: 17.8366):  23%|██████████████████▎                                                              | 33/146 [00:01<00:05, 20.15it/s]Evaluating PPL for wikitext2 (PPL: 17.7716):  23%|██████████████████▎                                                              | 33/146 [00:01<00:05, 20.15it/s]Evaluating PPL for wikitext2 (PPL: 17.7716):  25%|███████████████████▉                                                             | 36/146 [00:01<00:05, 19.79it/s]Evaluating PPL for wikitext2 (PPL: 17.4654):  25%|███████████████████▉                                                             | 36/146 [00:01<00:05, 19.79it/s]Evaluating PPL for wikitext2 (PPL: 17.1659):  25%|███████████████████▉                                                             | 36/146 [00:01<00:05, 19.79it/s]Evaluating PPL for wikitext2 (PPL: 17.1659):  26%|█████████████████████                                                            | 38/146 [00:01<00:05, 19.53it/s]Evaluating PPL for wikitext2 (PPL: 17.0498):  26%|█████████████████████                                                            | 38/146 [00:01<00:05, 19.53it/s]Evaluating PPL for wikitext2 (PPL: 16.7559):  26%|█████████████████████                                                            | 38/146 [00:02<00:05, 19.53it/s]Evaluating PPL for wikitext2 (PPL: 16.7559):  27%|██████████████████████▏                                                          | 40/146 [00:02<00:05, 19.32it/s]Evaluating PPL for wikitext2 (PPL: 16.6008):  27%|██████████████████████▏                                                          | 40/146 [00:02<00:05, 19.32it/s]Evaluating PPL for wikitext2 (PPL: 16.5897):  27%|██████████████████████▏                                                          | 40/146 [00:02<00:05, 19.32it/s]Evaluating PPL for wikitext2 (PPL: 16.7669):  27%|██████████████████████▏                                                          | 40/146 [00:02<00:05, 19.32it/s]Evaluating PPL for wikitext2 (PPL: 16.7669):  29%|███████████████████████▊                                                         | 43/146 [00:02<00:04, 20.89it/s]Evaluating PPL for wikitext2 (PPL: 16.9859):  29%|███████████████████████▊                                                         | 43/146 [00:02<00:04, 20.89it/s]Evaluating PPL for wikitext2 (PPL: 17.1681):  29%|███████████████████████▊                                                         | 43/146 [00:02<00:04, 20.89it/s]Evaluating PPL for wikitext2 (PPL: 17.3442):  29%|███████████████████████▊                                                         | 43/146 [00:02<00:04, 20.89it/s]Evaluating PPL for wikitext2 (PPL: 17.3442):  32%|█████████████████████████▌                                                       | 46/146 [00:02<00:04, 21.61it/s]Evaluating PPL for wikitext2 (PPL: 17.4506):  32%|█████████████████████████▌                                                       | 46/146 [00:02<00:04, 21.61it/s]Evaluating PPL for wikitext2 (PPL: 17.5132):  32%|█████████████████████████▌                                                       | 46/146 [00:02<00:04, 21.61it/s]Evaluating PPL for wikitext2 (PPL: 17.5623):  32%|█████████████████████████▌                                                       | 46/146 [00:02<00:04, 21.61it/s]Evaluating PPL for wikitext2 (PPL: 17.5623):  34%|███████████████████████████▏                                                     | 49/146 [00:02<00:04, 23.12it/s]Evaluating PPL for wikitext2 (PPL: 17.4888):  34%|███████████████████████████▏                                                     | 49/146 [00:02<00:04, 23.12it/s]Evaluating PPL for wikitext2 (PPL: 17.5310):  34%|███████████████████████████▏                                                     | 49/146 [00:02<00:04, 23.12it/s]Evaluating PPL for wikitext2 (PPL: 17.4349):  34%|███████████████████████████▏                                                     | 49/146 [00:02<00:04, 23.12it/s]Evaluating PPL for wikitext2 (PPL: 17.4349):  36%|████████████████████████████▊                                                    | 52/146 [00:02<00:04, 22.98it/s]Evaluating PPL for wikitext2 (PPL: 17.3839):  36%|████████████████████████████▊                                                    | 52/146 [00:02<00:04, 22.98it/s]Evaluating PPL for wikitext2 (PPL: 17.2199):  36%|████████████████████████████▊                                                    | 52/146 [00:02<00:04, 22.98it/s]Evaluating PPL for wikitext2 (PPL: 17.0488):  36%|████████████████████████████▊                                                    | 52/146 [00:02<00:04, 22.98it/s]Evaluating PPL for wikitext2 (PPL: 17.0488):  38%|██████████████████████████████▌                                                  | 55/146 [00:02<00:03, 22.80it/s]Evaluating PPL for wikitext2 (PPL: 16.9090):  38%|██████████████████████████████▌                                                  | 55/146 [00:02<00:03, 22.80it/s]Evaluating PPL for wikitext2 (PPL: 16.7339):  38%|██████████████████████████████▌                                                  | 55/146 [00:02<00:03, 22.80it/s]Evaluating PPL for wikitext2 (PPL: 16.5264):  38%|██████████████████████████████▌                                                  | 55/146 [00:02<00:03, 22.80it/s]Evaluating PPL for wikitext2 (PPL: 16.5264):  40%|████████████████████████████████▏                                                | 58/146 [00:02<00:03, 22.61it/s]Evaluating PPL for wikitext2 (PPL: 16.4412):  40%|████████████████████████████████▏                                                | 58/146 [00:02<00:03, 22.61it/s]Evaluating PPL for wikitext2 (PPL: 16.3891):  40%|████████████████████████████████▏                                                | 58/146 [00:02<00:03, 22.61it/s]Evaluating PPL for wikitext2 (PPL: 16.4860):  40%|████████████████████████████████▏                                                | 58/146 [00:02<00:03, 22.61it/s]Evaluating PPL for wikitext2 (PPL: 16.4860):  42%|█████████████████████████████████▊                                               | 61/146 [00:02<00:03, 22.53it/s]Evaluating PPL for wikitext2 (PPL: 16.5720):  42%|█████████████████████████████████▊                                               | 61/146 [00:02<00:03, 22.53it/s]Evaluating PPL for wikitext2 (PPL: 16.6350):  42%|█████████████████████████████████▊                                               | 61/146 [00:02<00:03, 22.53it/s]Evaluating PPL for wikitext2 (PPL: 16.7780):  42%|█████████████████████████████████▊                                               | 61/146 [00:03<00:03, 22.53it/s]Evaluating PPL for wikitext2 (PPL: 16.7780):  44%|███████████████████████████████████▌                                             | 64/146 [00:03<00:03, 23.44it/s]Evaluating PPL for wikitext2 (PPL: 16.7760):  44%|███████████████████████████████████▌                                             | 64/146 [00:03<00:03, 23.44it/s]Evaluating PPL for wikitext2 (PPL: 16.7543):  44%|███████████████████████████████████▌                                             | 64/146 [00:03<00:03, 23.44it/s]Evaluating PPL for wikitext2 (PPL: 16.8193):  44%|███████████████████████████████████▌                                             | 64/146 [00:03<00:03, 23.44it/s]Evaluating PPL for wikitext2 (PPL: 16.8193):  46%|█████████████████████████████████████▏                                           | 67/146 [00:03<00:03, 23.53it/s]Evaluating PPL for wikitext2 (PPL: 16.9215):  46%|█████████████████████████████████████▏                                           | 67/146 [00:03<00:03, 23.53it/s]Evaluating PPL for wikitext2 (PPL: 16.9252):  46%|█████████████████████████████████████▏                                           | 67/146 [00:03<00:03, 23.53it/s]Evaluating PPL for wikitext2 (PPL: 16.9402):  46%|█████████████████████████████████████▏                                           | 67/146 [00:03<00:03, 23.53it/s]Evaluating PPL for wikitext2 (PPL: 16.9402):  48%|██████████████████████████████████████▊                                          | 70/146 [00:03<00:03, 22.94it/s]Evaluating PPL for wikitext2 (PPL: 16.8914):  48%|██████████████████████████████████████▊                                          | 70/146 [00:03<00:03, 22.94it/s]Evaluating PPL for wikitext2 (PPL: 16.9211):  48%|██████████████████████████████████████▊                                          | 70/146 [00:03<00:03, 22.94it/s]Evaluating PPL for wikitext2 (PPL: 17.0482):  48%|██████████████████████████████████████▊                                          | 70/146 [00:03<00:03, 22.94it/s]Evaluating PPL for wikitext2 (PPL: 17.0482):  50%|████████████████████████████████████████▌                                        | 73/146 [00:03<00:03, 22.75it/s]Evaluating PPL for wikitext2 (PPL: 17.1475):  50%|████████████████████████████████████████▌                                        | 73/146 [00:03<00:03, 22.75it/s]Evaluating PPL for wikitext2 (PPL: 17.1622):  50%|████████████████████████████████████████▌                                        | 73/146 [00:03<00:03, 22.75it/s]Evaluating PPL for wikitext2 (PPL: 17.1131):  50%|████████████████████████████████████████▌                                        | 73/146 [00:03<00:03, 22.75it/s]Evaluating PPL for wikitext2 (PPL: 17.1131):  52%|██████████████████████████████████████████▏                                      | 76/146 [00:03<00:03, 22.60it/s]Evaluating PPL for wikitext2 (PPL: 17.0862):  52%|██████████████████████████████████████████▏                                      | 76/146 [00:03<00:03, 22.60it/s]Evaluating PPL for wikitext2 (PPL: 17.0430):  52%|██████████████████████████████████████████▏                                      | 76/146 [00:03<00:03, 22.60it/s]Evaluating PPL for wikitext2 (PPL: 17.0413):  52%|██████████████████████████████████████████▏                                      | 76/146 [00:03<00:03, 22.60it/s]Evaluating PPL for wikitext2 (PPL: 17.0413):  54%|███████████████████████████████████████████▊                                     | 79/146 [00:03<00:02, 23.23it/s]Evaluating PPL for wikitext2 (PPL: 17.0797):  54%|███████████████████████████████████████████▊                                     | 79/146 [00:03<00:02, 23.23it/s]Evaluating PPL for wikitext2 (PPL: 17.0776):  54%|███████████████████████████████████████████▊                                     | 79/146 [00:03<00:02, 23.23it/s]Evaluating PPL for wikitext2 (PPL: 17.0594):  54%|███████████████████████████████████████████▊                                     | 79/146 [00:03<00:02, 23.23it/s]Evaluating PPL for wikitext2 (PPL: 17.0594):  56%|█████████████████████████████████████████████▍                                   | 82/146 [00:03<00:02, 23.53it/s]Evaluating PPL for wikitext2 (PPL: 16.9360):  56%|█████████████████████████████████████████████▍                                   | 82/146 [00:03<00:02, 23.53it/s]Evaluating PPL for wikitext2 (PPL: 16.8415):  56%|█████████████████████████████████████████████▍                                   | 82/146 [00:03<00:02, 23.53it/s]Evaluating PPL for wikitext2 (PPL: 16.7898):  56%|█████████████████████████████████████████████▍                                   | 82/146 [00:03<00:02, 23.53it/s]Evaluating PPL for wikitext2 (PPL: 16.7898):  58%|███████████████████████████████████████████████▏                                 | 85/146 [00:03<00:02, 23.15it/s]Evaluating PPL for wikitext2 (PPL: 16.8892):  58%|███████████████████████████████████████████████▏                                 | 85/146 [00:03<00:02, 23.15it/s]Evaluating PPL for wikitext2 (PPL: 16.8803):  58%|███████████████████████████████████████████████▏                                 | 85/146 [00:04<00:02, 23.15it/s]Evaluating PPL for wikitext2 (PPL: 16.8867):  58%|███████████████████████████████████████████████▏                                 | 85/146 [00:04<00:02, 23.15it/s]Evaluating PPL for wikitext2 (PPL: 16.8867):  60%|████████████████████████████████████████████████▊                                | 88/146 [00:04<00:02, 22.88it/s]Evaluating PPL for wikitext2 (PPL: 16.9137):  60%|████████████████████████████████████████████████▊                                | 88/146 [00:04<00:02, 22.88it/s]Evaluating PPL for wikitext2 (PPL: 16.9255):  60%|████████████████████████████████████████████████▊                                | 88/146 [00:04<00:02, 22.88it/s]Evaluating PPL for wikitext2 (PPL: 16.9894):  60%|████████████████████████████████████████████████▊                                | 88/146 [00:04<00:02, 22.88it/s]Evaluating PPL for wikitext2 (PPL: 16.9894):  62%|██████████████████████████████████████████████████▍                              | 91/146 [00:04<00:02, 22.70it/s]Evaluating PPL for wikitext2 (PPL: 17.1480):  62%|██████████████████████████████████████████████████▍                              | 91/146 [00:04<00:02, 22.70it/s]Evaluating PPL for wikitext2 (PPL: 17.2814):  62%|██████████████████████████████████████████████████▍                              | 91/146 [00:04<00:02, 22.70it/s]Evaluating PPL for wikitext2 (PPL: 17.3494):  62%|██████████████████████████████████████████████████▍                              | 91/146 [00:04<00:02, 22.70it/s]Evaluating PPL for wikitext2 (PPL: 17.3494):  64%|████████████████████████████████████████████████████▏                            | 94/146 [00:04<00:02, 23.15it/s]Evaluating PPL for wikitext2 (PPL: 17.4506):  64%|████████████████████████████████████████████████████▏                            | 94/146 [00:04<00:02, 23.15it/s]Evaluating PPL for wikitext2 (PPL: 17.5417):  64%|████████████████████████████████████████████████████▏                            | 94/146 [00:04<00:02, 23.15it/s]Evaluating PPL for wikitext2 (PPL: 17.5436):  64%|████████████████████████████████████████████████████▏                            | 94/146 [00:04<00:02, 23.15it/s]Evaluating PPL for wikitext2 (PPL: 17.5436):  66%|█████████████████████████████████████████████████████▊                           | 97/146 [00:04<00:02, 23.99it/s]Evaluating PPL for wikitext2 (PPL: 17.6043):  66%|█████████████████████████████████████████████████████▊                           | 97/146 [00:04<00:02, 23.99it/s]Evaluating PPL for wikitext2 (PPL: 17.5972):  66%|█████████████████████████████████████████████████████▊                           | 97/146 [00:04<00:02, 23.99it/s]Evaluating PPL for wikitext2 (PPL: 17.6288):  66%|█████████████████████████████████████████████████████▊                           | 97/146 [00:04<00:02, 23.99it/s]Evaluating PPL for wikitext2 (PPL: 17.6288):  68%|██████████████████████████████████████████████████████▊                         | 100/146 [00:04<00:01, 24.37it/s]Evaluating PPL for wikitext2 (PPL: 17.6297):  68%|██████████████████████████████████████████████████████▊                         | 100/146 [00:04<00:01, 24.37it/s]Evaluating PPL for wikitext2 (PPL: 17.6279):  68%|██████████████████████████████████████████████████████▊                         | 100/146 [00:04<00:01, 24.37it/s]Evaluating PPL for wikitext2 (PPL: 17.6530):  68%|██████████████████████████████████████████████████████▊                         | 100/146 [00:04<00:01, 24.37it/s]Evaluating PPL for wikitext2 (PPL: 17.6530):  71%|████████████████████████████████████████████████████████▍                       | 103/146 [00:04<00:01, 23.45it/s]Evaluating PPL for wikitext2 (PPL: 17.6643):  71%|████████████████████████████████████████████████████████▍                       | 103/146 [00:04<00:01, 23.45it/s]Evaluating PPL for wikitext2 (PPL: 17.7017):  71%|████████████████████████████████████████████████████████▍                       | 103/146 [00:04<00:01, 23.45it/s]Evaluating PPL for wikitext2 (PPL: 17.7254):  71%|████████████████████████████████████████████████████████▍                       | 103/146 [00:04<00:01, 23.45it/s]Evaluating PPL for wikitext2 (PPL: 17.7254):  73%|██████████████████████████████████████████████████████████                      | 106/146 [00:04<00:01, 21.98it/s]Evaluating PPL for wikitext2 (PPL: 17.7825):  73%|██████████████████████████████████████████████████████████                      | 106/146 [00:04<00:01, 21.98it/s]Evaluating PPL for wikitext2 (PPL: 17.7871):  73%|██████████████████████████████████████████████████████████                      | 106/146 [00:04<00:01, 21.98it/s]Evaluating PPL for wikitext2 (PPL: 17.7483):  73%|██████████████████████████████████████████████████████████                      | 106/146 [00:05<00:01, 21.98it/s]Evaluating PPL for wikitext2 (PPL: 17.7483):  75%|███████████████████████████████████████████████████████████▋                    | 109/146 [00:05<00:01, 21.08it/s]Evaluating PPL for wikitext2 (PPL: 17.7531):  75%|███████████████████████████████████████████████████████████▋                    | 109/146 [00:05<00:01, 21.08it/s]Evaluating PPL for wikitext2 (PPL: 17.7379):  75%|███████████████████████████████████████████████████████████▋                    | 109/146 [00:05<00:01, 21.08it/s]Evaluating PPL for wikitext2 (PPL: 17.7057):  75%|███████████████████████████████████████████████████████████▋                    | 109/146 [00:05<00:01, 21.08it/s]Evaluating PPL for wikitext2 (PPL: 17.7057):  77%|█████████████████████████████████████████████████████████████▎                  | 112/146 [00:05<00:01, 21.22it/s]Evaluating PPL for wikitext2 (PPL: 17.7181):  77%|█████████████████████████████████████████████████████████████▎                  | 112/146 [00:05<00:01, 21.22it/s]Evaluating PPL for wikitext2 (PPL: 17.6939):  77%|█████████████████████████████████████████████████████████████▎                  | 112/146 [00:05<00:01, 21.22it/s]Evaluating PPL for wikitext2 (PPL: 17.6990):  77%|█████████████████████████████████████████████████████████████▎                  | 112/146 [00:05<00:01, 21.22it/s]Evaluating PPL for wikitext2 (PPL: 17.6990):  79%|███████████████████████████████████████████████████████████████                 | 115/146 [00:05<00:01, 21.12it/s]Evaluating PPL for wikitext2 (PPL: 17.7278):  79%|███████████████████████████████████████████████████████████████                 | 115/146 [00:05<00:01, 21.12it/s]Evaluating PPL for wikitext2 (PPL: 17.7681):  79%|███████████████████████████████████████████████████████████████                 | 115/146 [00:05<00:01, 21.12it/s]Evaluating PPL for wikitext2 (PPL: 17.7795):  79%|███████████████████████████████████████████████████████████████                 | 115/146 [00:05<00:01, 21.12it/s]Evaluating PPL for wikitext2 (PPL: 17.7795):  81%|████████████████████████████████████████████████████████████████▋               | 118/146 [00:05<00:01, 20.91it/s]Evaluating PPL for wikitext2 (PPL: 17.7347):  81%|████████████████████████████████████████████████████████████████▋               | 118/146 [00:05<00:01, 20.91it/s]Evaluating PPL for wikitext2 (PPL: 17.6931):  81%|████████████████████████████████████████████████████████████████▋               | 118/146 [00:05<00:01, 20.91it/s]Evaluating PPL for wikitext2 (PPL: 17.7163):  81%|████████████████████████████████████████████████████████████████▋               | 118/146 [00:05<00:01, 20.91it/s]Evaluating PPL for wikitext2 (PPL: 17.7163):  83%|██████████████████████████████████████████████████████████████████▎             | 121/146 [00:05<00:01, 20.42it/s]Evaluating PPL for wikitext2 (PPL: 17.6665):  83%|██████████████████████████████████████████████████████████████████▎             | 121/146 [00:05<00:01, 20.42it/s]Evaluating PPL for wikitext2 (PPL: 17.6087):  83%|██████████████████████████████████████████████████████████████████▎             | 121/146 [00:05<00:01, 20.42it/s]Evaluating PPL for wikitext2 (PPL: 17.5587):  83%|██████████████████████████████████████████████████████████████████▎             | 121/146 [00:05<00:01, 20.42it/s]Evaluating PPL for wikitext2 (PPL: 17.5587):  85%|███████████████████████████████████████████████████████████████████▉            | 124/146 [00:05<00:01, 20.06it/s]Evaluating PPL for wikitext2 (PPL: 17.5534):  85%|███████████████████████████████████████████████████████████████████▉            | 124/146 [00:05<00:01, 20.06it/s]Evaluating PPL for wikitext2 (PPL: 17.5788):  85%|███████████████████████████████████████████████████████████████████▉            | 124/146 [00:05<00:01, 20.06it/s]Evaluating PPL for wikitext2 (PPL: 17.5713):  85%|███████████████████████████████████████████████████████████████████▉            | 124/146 [00:05<00:01, 20.06it/s]Evaluating PPL for wikitext2 (PPL: 17.5713):  87%|█████████████████████████████████████████████████████████████████████▌          | 127/146 [00:05<00:00, 20.78it/s]Evaluating PPL for wikitext2 (PPL: 17.5532):  87%|█████████████████████████████████████████████████████████████████████▌          | 127/146 [00:05<00:00, 20.78it/s]Evaluating PPL for wikitext2 (PPL: 17.4993):  87%|█████████████████████████████████████████████████████████████████████▌          | 127/146 [00:05<00:00, 20.78it/s]Evaluating PPL for wikitext2 (PPL: 17.4569):  87%|█████████████████████████████████████████████████████████████████████▌          | 127/146 [00:05<00:00, 20.78it/s]Evaluating PPL for wikitext2 (PPL: 17.4569):  89%|███████████████████████████████████████████████████████████████████████▏        | 130/146 [00:05<00:00, 22.73it/s]Evaluating PPL for wikitext2 (PPL: 17.4236):  89%|███████████████████████████████████████████████████████████████████████▏        | 130/146 [00:06<00:00, 22.73it/s]Evaluating PPL for wikitext2 (PPL: 17.4197):  89%|███████████████████████████████████████████████████████████████████████▏        | 130/146 [00:06<00:00, 22.73it/s]Evaluating PPL for wikitext2 (PPL: 17.4445):  89%|███████████████████████████████████████████████████████████████████████▏        | 130/146 [00:06<00:00, 22.73it/s]Evaluating PPL for wikitext2 (PPL: 17.4445):  91%|████████████████████████████████████████████████████████████████████████▉       | 133/146 [00:06<00:00, 22.45it/s]Evaluating PPL for wikitext2 (PPL: 17.4181):  91%|████████████████████████████████████████████████████████████████████████▉       | 133/146 [00:06<00:00, 22.45it/s]Evaluating PPL for wikitext2 (PPL: 17.4526):  91%|████████████████████████████████████████████████████████████████████████▉       | 133/146 [00:06<00:00, 22.45it/s]Evaluating PPL for wikitext2 (PPL: 17.4406):  91%|████████████████████████████████████████████████████████████████████████▉       | 133/146 [00:06<00:00, 22.45it/s]Evaluating PPL for wikitext2 (PPL: 17.4406):  93%|██████████████████████████████████████████████████████████████████████████▌     | 136/146 [00:06<00:00, 21.22it/s]Evaluating PPL for wikitext2 (PPL: 17.3851):  93%|██████████████████████████████████████████████████████████████████████████▌     | 136/146 [00:06<00:00, 21.22it/s]Evaluating PPL for wikitext2 (PPL: 17.3050):  93%|██████████████████████████████████████████████████████████████████████████▌     | 136/146 [00:06<00:00, 21.22it/s]Evaluating PPL for wikitext2 (PPL: 17.2497):  93%|██████████████████████████████████████████████████████████████████████████▌     | 136/146 [00:06<00:00, 21.22it/s]Evaluating PPL for wikitext2 (PPL: 17.2497):  95%|████████████████████████████████████████████████████████████████████████████▏   | 139/146 [00:06<00:00, 20.35it/s]Evaluating PPL for wikitext2 (PPL: 18.7385):  95%|████████████████████████████████████████████████████████████████████████████▏   | 139/146 [00:06<00:00, 20.35it/s]Evaluating PPL for wikitext2 (PPL: 18.7706):  95%|████████████████████████████████████████████████████████████████████████████▏   | 139/146 [00:06<00:00, 20.35it/s]Evaluating PPL for wikitext2 (PPL: 18.8085):  95%|████████████████████████████████████████████████████████████████████████████▏   | 139/146 [00:06<00:00, 20.35it/s]Evaluating PPL for wikitext2 (PPL: 18.8085):  97%|█████████████████████████████████████████████████████████████████████████████▊  | 142/146 [00:06<00:00, 19.83it/s]Evaluating PPL for wikitext2 (PPL: 18.8460):  97%|█████████████████████████████████████████████████████████████████████████████▊  | 142/146 [00:06<00:00, 19.83it/s]Evaluating PPL for wikitext2 (PPL: 18.8584):  97%|█████████████████████████████████████████████████████████████████████████████▊  | 142/146 [00:06<00:00, 19.83it/s]Evaluating PPL for wikitext2 (PPL: 18.8849):  97%|█████████████████████████████████████████████████████████████████████████████▊  | 142/146 [00:06<00:00, 19.83it/s]Evaluating PPL for wikitext2 (PPL: 18.8849):  99%|███████████████████████████████████████████████████████████████████████████████▍| 145/146 [00:06<00:00, 20.82it/s]Evaluating PPL for wikitext2 (PPL: 18.9010):  99%|███████████████████████████████████████████████████████████████████████████████▍| 145/146 [00:06<00:00, 20.82it/s]Evaluating PPL for wikitext2 (PPL: 18.9010): 100%|████████████████████████████████████████████████████████████████████████████████| 146/146 [00:06<00:00, 21.54it/s]
Perplexity on wikitext2: 18.9010
{
 "arm": "nanoquant",
 "eval": {
  "wikitext2": {
   "ppl": 18.900951385498047
  }
 },
 "mean_out_err": 0.17131884860732682,
 "mean_weight_err": 0.32617625002735773,
 "total_time": 1635.4487845897675
}
